[
    {
        "user": "U0339GHD8",
        "type": "message",
        "subtype": "channel_join",
        "text": "<@U0339GHD8> has joined the channel",
        "ts": "1455872332.000079"
    },
    {
        "user": "U033H6AM1",
        "type": "message",
        "subtype": "channel_join",
        "text": "<@U033H6AM1> has joined the channel",
        "ts": "1455872685.000080"
    },
    {
        "user": "U064HEB7Y",
        "type": "message",
        "subtype": "channel_join",
        "text": "<@U064HEB7Y> has joined the channel",
        "ts": "1455887272.000081"
    },
    {
        "user": "U04J61Z84",
        "type": "message",
        "subtype": "channel_join",
        "text": "<@U04J61Z84> has joined the channel",
        "ts": "1455887905.000082"
    },
    {
        "user": "U034NE1PF",
        "type": "message",
        "subtype": "channel_join",
        "text": "<@U034NE1PF> has joined the channel",
        "ts": "1455888393.000083"
    }
]