[
    {
        "type": "message",
        "user": "U03SKEFEL",
        "text": "I think blocktrail API key settings are not available for new account sign ups",
        "ts": "1494681053.010858"
    },
    {
        "type": "message",
        "user": "U03SKEFEL",
        "text": "<https:\/\/blog.blocktrail.com\/2016\/07\/blocktrail-is-now-a-part-of-the-bitmain-family\/>",
        "ts": "1494681071.011818"
    },
    {
        "type": "message",
        "text": "",
        "files": [
            {
                "id": "F5D5L4EP6",
                "created": 1494681121,
                "timestamp": 1494681121,
                "name": "Screen Shot 2017-05-14 at 1.11.44 AM.png",
                "title": "Screen Shot 2017-05-14 at 1.11.44 AM.png",
                "mimetype": "image\/png",
                "filetype": "png",
                "pretty_type": "PNG",
                "user": "U03SKEFEL",
                "editable": false,
                "size": 156880,
                "mode": "hosted",
                "is_external": false,
                "external_type": "",
                "is_public": true,
                "public_url_shared": false,
                "display_as_bot": false,
                "username": "",
                "url_private": "https:\/\/files.slack.com\/files-pri\/T02LAJBUW-F5D5L4EP6\/screen_shot_2017-05-14_at_1.11.44_am.png?t=xoxe-2690623982-420508393732-420508393844-55126cc98091fbe0399fac3c66f6ed8e",
                "url_private_download": "https:\/\/files.slack.com\/files-pri\/T02LAJBUW-F5D5L4EP6\/download\/screen_shot_2017-05-14_at_1.11.44_am.png?t=xoxe-2690623982-420508393732-420508393844-55126cc98091fbe0399fac3c66f6ed8e",
                "thumb_64": "https:\/\/files.slack.com\/files-tmb\/T02LAJBUW-F5D5L4EP6-ee75a8909f\/screen_shot_2017-05-14_at_1.11.44_am_64.png?t=xoxe-2690623982-420508393732-420508393844-55126cc98091fbe0399fac3c66f6ed8e",
                "thumb_80": "https:\/\/files.slack.com\/files-tmb\/T02LAJBUW-F5D5L4EP6-ee75a8909f\/screen_shot_2017-05-14_at_1.11.44_am_80.png?t=xoxe-2690623982-420508393732-420508393844-55126cc98091fbe0399fac3c66f6ed8e",
                "thumb_360": "https:\/\/files.slack.com\/files-tmb\/T02LAJBUW-F5D5L4EP6-ee75a8909f\/screen_shot_2017-05-14_at_1.11.44_am_360.png?t=xoxe-2690623982-420508393732-420508393844-55126cc98091fbe0399fac3c66f6ed8e",
                "thumb_360_w": 360,
                "thumb_360_h": 228,
                "thumb_480": "https:\/\/files.slack.com\/files-tmb\/T02LAJBUW-F5D5L4EP6-ee75a8909f\/screen_shot_2017-05-14_at_1.11.44_am_480.png?t=xoxe-2690623982-420508393732-420508393844-55126cc98091fbe0399fac3c66f6ed8e",
                "thumb_480_w": 480,
                "thumb_480_h": 305,
                "thumb_160": "https:\/\/files.slack.com\/files-tmb\/T02LAJBUW-F5D5L4EP6-ee75a8909f\/screen_shot_2017-05-14_at_1.11.44_am_160.png?t=xoxe-2690623982-420508393732-420508393844-55126cc98091fbe0399fac3c66f6ed8e",
                "thumb_720": "https:\/\/files.slack.com\/files-tmb\/T02LAJBUW-F5D5L4EP6-ee75a8909f\/screen_shot_2017-05-14_at_1.11.44_am_720.png?t=xoxe-2690623982-420508393732-420508393844-55126cc98091fbe0399fac3c66f6ed8e",
                "thumb_720_w": 720,
                "thumb_720_h": 457,
                "thumb_800": "https:\/\/files.slack.com\/files-tmb\/T02LAJBUW-F5D5L4EP6-ee75a8909f\/screen_shot_2017-05-14_at_1.11.44_am_800.png?t=xoxe-2690623982-420508393732-420508393844-55126cc98091fbe0399fac3c66f6ed8e",
                "thumb_800_w": 800,
                "thumb_800_h": 508,
                "thumb_960": "https:\/\/files.slack.com\/files-tmb\/T02LAJBUW-F5D5L4EP6-ee75a8909f\/screen_shot_2017-05-14_at_1.11.44_am_960.png?t=xoxe-2690623982-420508393732-420508393844-55126cc98091fbe0399fac3c66f6ed8e",
                "thumb_960_w": 960,
                "thumb_960_h": 609,
                "thumb_1024": "https:\/\/files.slack.com\/files-tmb\/T02LAJBUW-F5D5L4EP6-ee75a8909f\/screen_shot_2017-05-14_at_1.11.44_am_1024.png?t=xoxe-2690623982-420508393732-420508393844-55126cc98091fbe0399fac3c66f6ed8e",
                "thumb_1024_w": 1024,
                "thumb_1024_h": 650,
                "image_exif_rotation": 1,
                "original_w": 1552,
                "original_h": 985,
                "permalink": "https:\/\/komodo-platform.slack.com\/files\/U03SKEFEL\/F5D5L4EP6\/screen_shot_2017-05-14_at_1.11.44_am.png",
                "permalink_public": "https:\/\/slack-files.com\/T02LAJBUW-F5D5L4EP6-334e3b8798"
            }
        ],
        "upload": true,
        "user": "U03SKEFEL",
        "display_as_bot": false,
        "ts": "1494681126.015275"
    },
    {
        "type": "message",
        "user": "U03SKEFEL",
        "text": "<@U02LQ1WHQ> do I need blocktrail API?",
        "ts": "1494681135.015844"
    },
    {
        "type": "message",
        "user": "U03SKEFEL",
        "text": "being LP node",
        "ts": "1494681139.016066"
    },
    {
        "type": "message",
        "user": "U03SKEFEL",
        "text": "<@U03UJ5TP3> how did you get blocktrail API?",
        "ts": "1494681159.017230"
    },
    {
        "type": "message",
        "user": "U03SKEFEL",
        "text": "blocktrail signup forwards to <http:\/\/btc.com|btc.com>",
        "ts": "1494681171.017939"
    },
    {
        "type": "message",
        "user": "U03UJ5TP3",
        "text": "Yes you do grewal",
        "ts": "1494681183.018631"
    },
    {
        "type": "message",
        "user": "U03UJ5TP3",
        "text": "I just went to <http:\/\/blocktrail.com|blocktrail.com> and made an account ",
        "ts": "1494681196.019274"
    },
    {
        "type": "message",
        "user": "U03UJ5TP3",
        "text": "Use that link and not the <http:\/\/btc.com|btc.com>. The registration email comes from a <http:\/\/btc.com|btc.com> email though. ",
        "ts": "1494681256.022460"
    },
    {
        "type": "message",
        "user": "U03SKEFEL",
        "text": "<https:\/\/wallet.btc.com\/#\/setup\/rebrand?goto=app.setup.register>",
        "ts": "1494681285.023899"
    },
    {
        "type": "message",
        "user": "U03SKEFEL",
        "text": "and it forwards to this",
        "ts": "1494681291.024237"
    },
    {
        "type": "message",
        "user": "U03SKEFEL",
        "text": "on register\/signup\/create wallet",
        "edited": {
            "user": "U03SKEFEL",
            "ts": "1494681325.000000"
        },
        "ts": "1494681316.025745"
    },
    {
        "type": "message",
        "user": "U03UJ5TP3",
        "text": "Give me one sec, about to jump on my computer ",
        "ts": "1494681324.026163"
    },
    {
        "type": "message",
        "user": "U03UJ5TP3",
        "text": "hmmm so yes, this appears to be a problem grewalsatinder",
        "ts": "1494681532.038290"
    },
    {
        "type": "message",
        "user": "U03UJ5TP3",
        "text": "it forwards me too when trying to login",
        "ts": "1494681540.038741"
    },
    {
        "type": "message",
        "user": "U03SKEFEL",
        "text": ":disappointed:",
        "ts": "1494681544.038979"
    },
    {
        "type": "message",
        "user": "U03UJ5TP3",
        "text": "not sure how you want to approach this james",
        "ts": "1494681574.040590"
    },
    {
        "type": "message",
        "user": "U03UJ5TP3",
        "text": "maybe another service has an API we can use",
        "ts": "1494681586.041305"
    },
    {
        "type": "message",
        "user": "U03UJ5TP3",
        "text": "none of the normal blocktrail services are available on <http:\/\/wallet.btc.com|wallet.btc.com>, theres gotta be a way to use it still",
        "ts": "1494681719.049018"
    },
    {
        "type": "message",
        "user": "U03UJ5TP3",
        "text": "why acquire a company and dump all the tools\/services",
        "ts": "1494681730.049632"
    },
    {
        "type": "message",
        "user": "U03UJ5TP3",
        "text": "try this grewalsatinder: <https:\/\/www.blocktrail.com\/dev\/login>",
        "attachments": [
            {
                "title": "BLOCKTRAIL | Bitcoin API and Block Explorer",
                "title_link": "https:\/\/www.blocktrail.com\/dev\/login",
                "text": "BlockTrail provides a secure bitcoin platform and API for developers and enterprises, enabling advanced transaction functionality and access to refined economic data sets",
                "fallback": "BLOCKTRAIL | Bitcoin API and Block Explorer",
                "from_url": "https:\/\/www.blocktrail.com\/dev\/login",
                "service_icon": "https:\/\/static0.blocktrail.com\/static\/v9cb0fe3545\/img\/favicon.ico",
                "service_name": "blocktrail.com",
                "id": 1
            }
        ],
        "ts": "1494681756.051065"
    },
    {
        "type": "message",
        "user": "U03SKEFEL",
        "text": "great!",
        "ts": "1494682032.067031"
    },
    {
        "type": "message",
        "user": "U03SKEFEL",
        "text": "that worked to login in blocktrail",
        "ts": "1494682040.067462"
    },
    {
        "type": "message",
        "user": "U03SKEFEL",
        "text": "what do I make there? webhook?",
        "ts": "1494682049.067896"
    },
    {
        "type": "message",
        "text": "",
        "files": [
            {
                "id": "F5DTRATHC",
                "created": 1494682066,
                "timestamp": 1494682066,
                "name": "Screen Shot 2017-05-14 at 1.27.34 AM.png",
                "title": "Screen Shot 2017-05-14 at 1.27.34 AM.png",
                "mimetype": "image\/png",
                "filetype": "png",
                "pretty_type": "PNG",
                "user": "U03SKEFEL",
                "editable": false,
                "size": 152422,
                "mode": "hosted",
                "is_external": false,
                "external_type": "",
                "is_public": true,
                "public_url_shared": false,
                "display_as_bot": false,
                "username": "",
                "url_private": "https:\/\/files.slack.com\/files-pri\/T02LAJBUW-F5DTRATHC\/screen_shot_2017-05-14_at_1.27.34_am.png?t=xoxe-2690623982-420508393732-420508393844-55126cc98091fbe0399fac3c66f6ed8e",
                "url_private_download": "https:\/\/files.slack.com\/files-pri\/T02LAJBUW-F5DTRATHC\/download\/screen_shot_2017-05-14_at_1.27.34_am.png?t=xoxe-2690623982-420508393732-420508393844-55126cc98091fbe0399fac3c66f6ed8e",
                "thumb_64": "https:\/\/files.slack.com\/files-tmb\/T02LAJBUW-F5DTRATHC-1392a0aa52\/screen_shot_2017-05-14_at_1.27.34_am_64.png?t=xoxe-2690623982-420508393732-420508393844-55126cc98091fbe0399fac3c66f6ed8e",
                "thumb_80": "https:\/\/files.slack.com\/files-tmb\/T02LAJBUW-F5DTRATHC-1392a0aa52\/screen_shot_2017-05-14_at_1.27.34_am_80.png?t=xoxe-2690623982-420508393732-420508393844-55126cc98091fbe0399fac3c66f6ed8e",
                "thumb_360": "https:\/\/files.slack.com\/files-tmb\/T02LAJBUW-F5DTRATHC-1392a0aa52\/screen_shot_2017-05-14_at_1.27.34_am_360.png?t=xoxe-2690623982-420508393732-420508393844-55126cc98091fbe0399fac3c66f6ed8e",
                "thumb_360_w": 360,
                "thumb_360_h": 228,
                "thumb_480": "https:\/\/files.slack.com\/files-tmb\/T02LAJBUW-F5DTRATHC-1392a0aa52\/screen_shot_2017-05-14_at_1.27.34_am_480.png?t=xoxe-2690623982-420508393732-420508393844-55126cc98091fbe0399fac3c66f6ed8e",
                "thumb_480_w": 480,
                "thumb_480_h": 305,
                "thumb_160": "https:\/\/files.slack.com\/files-tmb\/T02LAJBUW-F5DTRATHC-1392a0aa52\/screen_shot_2017-05-14_at_1.27.34_am_160.png?t=xoxe-2690623982-420508393732-420508393844-55126cc98091fbe0399fac3c66f6ed8e",
                "thumb_720": "https:\/\/files.slack.com\/files-tmb\/T02LAJBUW-F5DTRATHC-1392a0aa52\/screen_shot_2017-05-14_at_1.27.34_am_720.png?t=xoxe-2690623982-420508393732-420508393844-55126cc98091fbe0399fac3c66f6ed8e",
                "thumb_720_w": 720,
                "thumb_720_h": 457,
                "thumb_800": "https:\/\/files.slack.com\/files-tmb\/T02LAJBUW-F5DTRATHC-1392a0aa52\/screen_shot_2017-05-14_at_1.27.34_am_800.png?t=xoxe-2690623982-420508393732-420508393844-55126cc98091fbe0399fac3c66f6ed8e",
                "thumb_800_w": 800,
                "thumb_800_h": 508,
                "thumb_960": "https:\/\/files.slack.com\/files-tmb\/T02LAJBUW-F5DTRATHC-1392a0aa52\/screen_shot_2017-05-14_at_1.27.34_am_960.png?t=xoxe-2690623982-420508393732-420508393844-55126cc98091fbe0399fac3c66f6ed8e",
                "thumb_960_w": 960,
                "thumb_960_h": 609,
                "thumb_1024": "https:\/\/files.slack.com\/files-tmb\/T02LAJBUW-F5DTRATHC-1392a0aa52\/screen_shot_2017-05-14_at_1.27.34_am_1024.png?t=xoxe-2690623982-420508393732-420508393844-55126cc98091fbe0399fac3c66f6ed8e",
                "thumb_1024_w": 1024,
                "thumb_1024_h": 650,
                "image_exif_rotation": 1,
                "original_w": 1552,
                "original_h": 985,
                "permalink": "https:\/\/komodo-platform.slack.com\/files\/U03SKEFEL\/F5DTRATHC\/screen_shot_2017-05-14_at_1.27.34_am.png",
                "permalink_public": "https:\/\/slack-files.com\/T02LAJBUW-F5DTRATHC-e5ad87f3ec"
            }
        ],
        "upload": true,
        "user": "U03SKEFEL",
        "display_as_bot": false,
        "ts": "1494682072.069100"
    },
    {
        "type": "message",
        "user": "U03UJ5TP3",
        "text": "go to settings i think, then it says api key",
        "ts": "1494682132.072310"
    },
    {
        "type": "message",
        "user": "U03UJ5TP3",
        "text": "yes thats it",
        "ts": "1494682156.073732"
    },
    {
        "type": "message",
        "user": "U03UJ5TP3",
        "text": "Settings -&gt; API keys",
        "ts": "1494682169.074479"
    },
    {
        "type": "message",
        "user": "U03SKEFEL",
        "text": "yep found it :slightly_smiling_face: :+1:",
        "ts": "1494682179.074989"
    },
    {
        "type": "message",
        "user": "U03SKEFEL",
        "text": "thanks <@U03UJ5TP3>",
        "ts": "1494682183.075190"
    },
    {
        "type": "message",
        "user": "U03UJ5TP3",
        "text": "no problem man!",
        "ts": "1494682189.075502"
    },
    {
        "type": "message",
        "user": "U02LQ1WHQ",
        "text": "the acquisition was over a year ago, hopefully it will keep working long term the API",
        "ts": "1494682252.079228"
    },
    {
        "type": "message",
        "user": "U03UJ5TP3",
        "text": "we just need to direct people to the <http:\/\/blocktrail.com\/dev|blocktrail.com\/dev> and not use the normal login\/register links for the time being",
        "edited": {
            "user": "U03UJ5TP3",
            "ts": "1494682396.000000"
        },
        "ts": "1494682374.086627"
    },
    {
        "type": "message",
        "user": "U03SKEFEL",
        "text": "for blocktrail I just need API key in marketmaker command? no secret for blocktrail ?",
        "ts": "1494682883.115574"
    },
    {
        "type": "message",
        "user": "U03UJ5TP3",
        "text": "no secret necessary",
        "ts": "1494682903.116547"
    },
    {
        "type": "message",
        "user": "U03SKEFEL",
        "text": "ok",
        "ts": "1494682995.121716"
    },
    {
        "type": "message",
        "user": "U03SKEFEL",
        "text": "How much should I start with having BTC in my LP node?",
        "ts": "1494683446.147787"
    },
    {
        "type": "message",
        "user": "U03SKEFEL",
        "text": "can put 1 btc",
        "ts": "1494683467.148904"
    },
    {
        "type": "message",
        "user": "U03UJ5TP3",
        "text": "i put .2 btc in .02 inputs.",
        "ts": "1494683504.150984"
    },
    {
        "type": "message",
        "user": "U03SKEFEL",
        "text": "I think after sending tx to btc wallet we can do splitfunds api",
        "ts": "1494683531.152818"
    },
    {
        "type": "message",
        "user": "U03SKEFEL",
        "text": "so don’t need to send small tx…. right?",
        "ts": "1494683546.153628"
    },
    {
        "type": "message",
        "user": "U03SKEFEL",
        "text": "<@U02LQ1WHQ>",
        "ts": "1494683548.153729"
    },
    {
        "type": "message",
        "user": "U03UJ5TP3",
        "text": "Metaphilibert helped me with funding.  In the MarketMaker paramaters it says lotratio and start_rel",
        "ts": "1494683613.157359"
    },
    {
        "type": "message",
        "user": "U03UJ5TP3",
        "text": "i think these values determain what size inputs you need",
        "ts": "1494683630.158289"
    },
    {
        "type": "message",
        "user": "U03UJ5TP3",
        "text": "but i don't completely understand",
        "ts": "1494683634.158526"
    },
    {
        "user": "U5CE6KPA4",
        "text": "<@U5CE6KPA4> has joined the channel",
        "type": "message",
        "subtype": "channel_join",
        "ts": "1494685889.297817"
    },
    {
        "type": "message",
        "user": "U02LQ1WHQ",
        "text": "DEX just uses the utxo that are there",
        "ts": "1494688752.491344"
    },
    {
        "type": "message",
        "user": "U02LQ1WHQ",
        "text": "if there are .02 utxo, however they get there is fine",
        "ts": "1494688763.492131"
    },
    {
        "type": "message",
        "user": "U03SKEFEL",
        "text": "if the utxo is bigger then?",
        "ts": "1494689368.530819"
    },
    {
        "type": "message",
        "user": "U03SKEFEL",
        "text": "I have two utxo",
        "ts": "1494689566.544165"
    },
    {
        "type": "message",
        "user": "U03SKEFEL",
        "text": "for btc",
        "ts": "1494689568.544258"
    },
    {
        "type": "message",
        "text": "",
        "files": [
            {
                "id": "F5DU88TB8",
                "created": 1494689600,
                "timestamp": 1494689600,
                "name": "btc_utxo.js",
                "title": "btc utxo",
                "mimetype": "text\/plain",
                "filetype": "javascript",
                "pretty_type": "JavaScript\/JSON",
                "user": "U03SKEFEL",
                "editable": true,
                "size": 657,
                "mode": "snippet",
                "is_external": false,
                "external_type": "",
                "is_public": true,
                "public_url_shared": false,
                "display_as_bot": false,
                "username": "",
                "url_private": "https:\/\/files.slack.com\/files-pri\/T02LAJBUW-F5DU88TB8\/btc_utxo.js?t=xoxe-2690623982-420508393732-420508393844-55126cc98091fbe0399fac3c66f6ed8e",
                "url_private_download": "https:\/\/files.slack.com\/files-pri\/T02LAJBUW-F5DU88TB8\/download\/btc_utxo.js?t=xoxe-2690623982-420508393732-420508393844-55126cc98091fbe0399fac3c66f6ed8e",
                "permalink": "https:\/\/komodo-platform.slack.com\/files\/U03SKEFEL\/F5DU88TB8\/btc_utxo.js",
                "permalink_public": "https:\/\/slack-files.com\/T02LAJBUW-F5DU88TB8-bd0ab56662",
                "edit_link": "https:\/\/komodo-platform.slack.com\/files\/U03SKEFEL\/F5DU88TB8\/btc_utxo.js\/edit",
                "preview": "{\r\n    \"txid\": \"55760c5fe090dd7701d0a79fe790ed3dc5b19e15a38b2bd3fc03712661f1861c\",\r\n    \"vout\": 1,\r\n    \"address\": \"19ej8reprxJkSuWTM6REW8DnJUApNfRbRf\",\r\n    \"account\": \"\",\r",
                "preview_highlight": "<div class=\"CodeMirror cm-s-default CodeMirrorServer\" oncopy=\"if(event.clipboardData){event.clipboardData.setData('text\/plain',window.getSelection().toString().replace(\/\\u200b\/g,''));event.preventDefault();event.stopPropagation();}\">\n<div class=\"CodeMirror-code\">\n<div><pre>{<\/pre><\/div>\n<div><pre>    <span class=\"cm-string\">&quot;txid&quot;<\/span>: <span class=\"cm-string\">&quot;55760c5fe090dd7701d0a79fe790ed3dc5b19e15a38b2bd3fc03712661f1861c&quot;<\/span>,<\/pre><\/div>\n<div><pre>    <span class=\"cm-string\">&quot;vout&quot;<\/span>: <span class=\"cm-number\">1<\/span>,<\/pre><\/div>\n<div><pre>    <span class=\"cm-string\">&quot;address&quot;<\/span>: <span class=\"cm-string\">&quot;19ej8reprxJkSuWTM6REW8DnJUApNfRbRf&quot;<\/span>,<\/pre><\/div>\n<div><pre>    <span class=\"cm-string\">&quot;account&quot;<\/span>: <span class=\"cm-string\">&quot;&quot;<\/span>,<\/pre><\/div>\n<\/div>\n<\/div>\n",
                "lines": 19,
                "lines_more": 14,
                "preview_is_truncated": false
            }
        ],
        "upload": true,
        "user": "U03SKEFEL",
        "display_as_bot": false,
        "ts": "1494689604.546477"
    },
    {
        "type": "message",
        "user": "U02LQ1WHQ",
        "text": ".02 is good when the price is 0.00015",
        "ts": "1494700946.274245"
    },
    {
        "type": "message",
        "user": "U02LQ1WHQ",
        "text": "25% larger than 100x the price is good",
        "ts": "1494700958.274985"
    },
    {
        "type": "message",
        "user": "U02LQ1WHQ",
        "text": "also might want to have some txfee utxo, but what that is changes all the time",
        "ts": "1494700971.275717"
    }
]