[
    {
        "user": "U41JPDUSG",
        "text": "<@U41JPDUSG> has joined the channel",
        "type": "message",
        "subtype": "channel_join",
        "ts": "1492245750.048775"
    },
    {
        "user": "U0A6XAZ98",
        "text": "<@U0A6XAZ98> has joined the channel",
        "type": "message",
        "subtype": "channel_join",
        "ts": "1492245839.051699"
    },
    {
        "user": "U4KPNBSM6",
        "text": "<@U4KPNBSM6> has joined the channel",
        "type": "message",
        "subtype": "channel_join",
        "ts": "1492248733.153225"
    },
    {
        "user": "U02RENS0B",
        "text": "<@U02RENS0B> has joined the channel",
        "type": "message",
        "subtype": "channel_join",
        "ts": "1492253619.327848"
    },
    {
        "user": "U37CPU0CA",
        "text": "<@U37CPU0CA> has joined the channel",
        "type": "message",
        "subtype": "channel_join",
        "ts": "1492254285.351953"
    },
    {
        "user": "U2MLGTSE7",
        "text": "<@U2MLGTSE7> has joined the channel",
        "type": "message",
        "subtype": "channel_join",
        "ts": "1492258172.491279"
    },
    {
        "user": "U2KQU7Y3G",
        "text": "<@U2KQU7Y3G> has joined the channel",
        "type": "message",
        "subtype": "channel_join",
        "ts": "1492258363.498937"
    },
    {
        "user": "U34N4U0JZ",
        "text": "<@U34N4U0JZ> has joined the channel",
        "type": "message",
        "subtype": "channel_join",
        "ts": "1492261781.635878"
    },
    {
        "type": "message",
        "user": "U2KQU7Y3G",
        "text": "Any guide to setup LP_node? I didnt find <https:\/\/github.com\/SuperNETorg\/komodo\/wiki>                     I created bittrex account",
        "ts": "1492264368.751680"
    },
    {
        "type": "message",
        "user": "U2KQU7Y3G",
        "text": "thanks",
        "ts": "1492264373.751893"
    },
    {
        "user": "U3R7RRVCG",
        "text": "<@U3R7RRVCG> has joined the channel",
        "type": "message",
        "subtype": "channel_join",
        "ts": "1492267999.933332"
    },
    {
        "type": "message",
        "text": "",
        "files": [
            {
                "id": "F4VQPEDSL",
                "created": 1491659888,
                "timestamp": 1491659955,
                "name": "-",
                "title": "Untitled",
                "mimetype": "text\/plain",
                "filetype": "space",
                "pretty_type": "Post",
                "user": "U074H2L1H",
                "editable": true,
                "size": 3080,
                "mode": "space",
                "is_external": false,
                "external_type": "",
                "is_public": true,
                "public_url_shared": false,
                "display_as_bot": false,
                "username": "",
                "url_private": "https:\/\/files.slack.com\/files-pri\/T02LAJBUW-F4VQPEDSL\/-?t=xoxe-2690623982-420508393732-420508393844-55126cc98091fbe0399fac3c66f6ed8e",
                "url_private_download": "https:\/\/files.slack.com\/files-pri\/T02LAJBUW-F4VQPEDSL\/download\/-?t=xoxe-2690623982-420508393732-420508393844-55126cc98091fbe0399fac3c66f6ed8e",
                "permalink": "https:\/\/komodo-platform.slack.com\/files\/U074H2L1H\/F4VQPEDSL\/-",
                "permalink_public": "https:\/\/slack-files.com\/T02LAJBUW-F4VQPEDSL-6a3d0f01df",
                "preview": "<document><p>the current iguana dev branch has support for a bittrex KMD\/BTC marketmaker<\/p><p><\/p><p>git pull; .\/m_mm;.\/kmd;coins\/btc;.\/marketmaker<\/p><p><\/p><p>the above will get a market maker running (assuming iguana is already running)<\/p><p><\/p><p>it cant be on a notary node<\/p><\/document>",
                "updated": 1491659955,
                "editor": "U074H2L1H",
                "last_editor": "U074H2L1H",
                "state": "locked"
            }
        ],
        "upload": false,
        "user": "U03SKEFEL",
        "display_as_bot": false,
        "ts": "1492278566.518425"
    },
    {
        "type": "message",
        "user": "U03SKEFEL",
        "text": "<@U2KQU7Y3G>",
        "ts": "1492278572.518755"
    },
    {
        "type": "message",
        "user": "U2KQU7Y3G",
        "text": "thanks <@U03SKEFEL>",
        "ts": "1492286084.915179"
    },
    {
        "type": "message",
        "user": "U34N4U0JZ",
        "text": "Thanks for the ubfo",
        "ts": "1492306985.776225"
    },
    {
        "type": "message",
        "user": "U34N4U0JZ",
        "text": "Info*",
        "ts": "1492306990.776420"
    }
]