[
    {
        "type": "message",
        "user": "U5A5K40HK",
        "text": "I've changed to a hired remote server from a crappy PC and trying to set up an LP test node. I've got iguana compiled and komodod synced, still waiting for bitcoind sync to finish. Thanks for everyone helped me: jl777 for the specs links, xrobesx for answering my noob questions and metaphilbert for the \"** PROPOSAL OF UPDATE\" part of the LP node docs, it is quite good at least up to 6-7 where I'm currently at.",
        "edited": {
            "user": "U5A5K40HK",
            "ts": "1494574101.000000"
        },
        "ts": "1494573862.294849",
        "reactions": [
            {
                "name": "+1",
                "users": [
                    "U4SBWEXUY"
                ],
                "count": 1
            }
        ]
    },
    {
        "type": "message",
        "user": "U03SKEFEL",
        "text": "I’ll have to get a new server to setup LP node",
        "ts": "1494576266.778867"
    },
    {
        "type": "message",
        "user": "U03SKEFEL",
        "text": "I think my NZ server VM’s network speed and server resources being already busy with notary node is issue",
        "ts": "1494576289.783723"
    },
    {
        "type": "message",
        "user": "U03SKEFEL",
        "text": "mainly the network speed I guess",
        "ts": "1494576294.784737"
    },
    {
        "type": "message",
        "user": "U03SKEFEL",
        "text": "any recommendation on other hosting service provider for making LP node?",
        "ts": "1494576311.788518"
    },
    {
        "type": "message",
        "user": "U03SKEFEL",
        "text": "<@U02PH4RHZ> do you have a good server to lend?",
        "ts": "1494576329.792351"
    },
    {
        "type": "message",
        "user": "U02PH4RHZ",
        "text": "Mine are full too. Let me see what capacity I have on the 3rd server",
        "ts": "1494576481.824500"
    },
    {
        "type": "message",
        "user": "U03SKEFEL",
        "text": "I’m buying OVH server :disappointed:",
        "ts": "1494577403.028723"
    },
    {
        "type": "message",
        "user": "U02LQ1WHQ",
        "text": "now that we have LP nodes, anybody can test smartaddress dex",
        "ts": "1494580727.829301"
    },
    {
        "type": "message",
        "user": "U02LQ1WHQ",
        "text": "tests\/smartaddresses will list the smartaddresses for your main address",
        "ts": "1494580741.832549"
    },
    {
        "type": "message",
        "user": "U02LQ1WHQ",
        "text": "send BTC to the BTC smartaddress for the \"kmd\" type and it should start a DEX swap, use 100 KMD size",
        "ts": "1494580776.840475"
    },
    {
        "type": "message",
        "user": "U02LQ1WHQ",
        "text": "send KMD to the KMD smartaddress for the \"btc\" type and it should start a DEX swap, use a bit more than 100 KMD equivalent",
        "ts": "1494580804.847404"
    },
    {
        "type": "message",
        "user": "U02LQ1WHQ",
        "text": "plz report results",
        "ts": "1494580808.848291"
    },
    {
        "type": "message",
        "user": "U02LQ1WHQ",
        "text": "be very careful to track how much you sent, how much you got",
        "ts": "1494580822.851639"
    },
    {
        "type": "message",
        "user": "U02LQ1WHQ",
        "text": "tests\/swaplist will do an update of all pending swaps and even collect on any that are pending if possible",
        "ts": "1494580846.857223"
    },
    {
        "type": "message",
        "user": "U2N405TRT",
        "text": "here is what I did, I sent 100KMD to the deposit address\n\n .\/smartaddresses\n[{\"type\":\"deposit\",\"coins\":[{\"coin\":\"KMD\",\"address\":\"RUAwRP7QLpqG25U1AT6rGEMFein2CnXZ52\",\"maxbid\":0,\"minask\":0}, {\"coin\":\"BTC\",\"address\":\"1KtkLsE7k12gx56ohH7jAi23tTKRXmvJwc\",\"maxbid\":0,\"minask\":0}]}, {\"type\":\"jumblr\",\"coins\":[{\"coin\":\"KMD\",\"address\":\"RRfLWd7oeFForHWgTv2MTvGKhyZHdMQbFV\",\"maxbid\":0,\"minask\":0}, {\"coin\":\"BTC\",\"address\":\"1HP9S7EX3RTEnH9Uzk3ENPw7wi6gx8yDtD\",\"maxbid\":0,\"minask\":0}]}, {\"type\":\"kmd\",\"coins\":[{\"coin\":\"BTC\",\"address\":\"16ee4o2wAuriHYf24diWkaX5rZwRk3keeG\",\"maxbid\":0,\"minask\":0}]}, {\"type\":\"btc\",\"coins\":[{\"coin\":\"KMD\",\"address\":\"REvq9JvDmjfHMZ2DXohdr6rHcqQ2Nkd1UC\",\"maxbid\":0,\"minask\":0}]}]\n\n .\/komodo-cli sendtoaddress RUAwRP7QLpqG25U1AT6rGEMFein2CnXZ52 100\n8eb159b5de09e7a344590aafac31cd42c4c8fd1925e15218405efc4efd175fe8",
        "ts": "1494596951.684857"
    },
    {
        "type": "message",
        "user": "U02LQ1WHQ",
        "text": "the deposit address will start JUMBLR process with the 100 KMD",
        "ts": "1494597018.708314"
    },
    {
        "type": "message",
        "user": "U02LQ1WHQ",
        "text": "REvq9JvDmjfHMZ2DXohdr6rHcqQ2Nkd1UC is where you want to send KMD to DEX to btc, the type:btc",
        "ts": "1494597044.717552"
    },
    {
        "type": "message",
        "user": "U2N405TRT",
        "text": "REvq9JvDmjfHMZ2DXohdr6rHcqQ2Nkd1UC is the normal wallet address I have",
        "ts": "1494597607.927798"
    },
    {
        "type": "message",
        "user": "U02LQ1WHQ",
        "text": "that is a bug then, if you are running latest iguana",
        "ts": "1494597669.953225"
    },
    {
        "type": "message",
        "user": "U2N405TRT",
        "text": "I think I run latest iguana, let me check",
        "ts": "1494597697.964214"
    },
    {
        "type": "message",
        "user": "U2N405TRT",
        "text": "~\/SuperNET\/iguana$ git checkout\nYour branch is up-to-date with 'origin\/dev'.",
        "ts": "1494597731.977440"
    },
    {
        "type": "message",
        "user": "U2N405TRT",
        "text": "~\/SuperNET\/iguana$ git rev-parse HEAD\nce6bfff1bbb9dbe430abc8f57c974a7b1e90cfa3",
        "ts": "1494597809.007795"
    },
    {
        "type": "message",
        "user": "U02LQ1WHQ",
        "text": "i think i know the reason",
        "ts": "1494597849.023087"
    },
    {
        "type": "message",
        "user": "U02LQ1WHQ",
        "text": "you need to issue a jumblr\/setpassphrase command that is using \"jumblr \" + &lt;passphrase&gt;",
        "ts": "1494597870.030960"
    },
    {
        "type": "message",
        "user": "U02LQ1WHQ",
        "text": "look at the tests\/walletpassphrase script",
        "ts": "1494597907.044906"
    },
    {
        "type": "message",
        "user": "U2N405TRT",
        "text": "I will check it out, haven't yet digged into jumblr",
        "ts": "1494597943.058082"
    },
    {
        "type": "message",
        "user": "U02LQ1WHQ",
        "text": "the smartaddresses and jumblr got a bit intertwined",
        "ts": "1494598011.083601"
    },
    {
        "type": "message",
        "user": "U2N405TRT",
        "text": ".\/jumblrstatus\n{\"KMDdeposit\":\"RUAwRP7QLpqG25U1AT6rGEMFein2CnXZ52\",\"BTCdeposit\":\"1KtkLsE7k12gx56ohH7jAi23tTKRXmvJwc\",\"BTCdeposits\":0,\"KMDjumblr\":\"RRfLWd7oeFForHWgTv2MTvGKhyZHdMQbFV\",\"BTCjumblr\":\"1HP9S7EX3RTEnH9Uzk3ENPw7wi6gx8yDtD\",\"BTCjumbled\":0,\"result\":\"success\",\"deposits\":0,\"t_to_z\":99.86900105,\"z_to_z\":0,\"z_to_t\":0,\"pending\":99.86900105,\"jumbled\":0,\"received\":100,\"finished\":0,\"tag\":\"3797076498932971649\"}",
        "ts": "1494598487.262587"
    },
    {
        "type": "message",
        "user": "U2N405TRT",
        "text": "I haven't running fiat\/jumblr on that server yet. I guess fiat\/jumblr setpassphrase is the command",
        "ts": "1494598697.343160"
    },
    {
        "type": "message",
        "user": "U02LQ1WHQ",
        "text": "yes, what is result of smartaddresses now? maybe it changed?",
        "ts": "1494598738.358764"
    },
    {
        "type": "message",
        "user": "U02LQ1WHQ",
        "text": "also you need a blocktrail api set via amlp command followed by notlp to get it out of LP mode if doing a client node",
        "ts": "1494598760.367204"
    },
    {
        "type": "message",
        "user": "U2N405TRT",
        "text": "it is unchanged. Also it didn't pull last commit, though I restarted market maker only two hours or so ago",
        "ts": "1494598821.391119"
    },
    {
        "type": "message",
        "user": "U2N405TRT",
        "text": ".\/smartaddresses\n[{\"type\":\"deposit\",\"coins\":[{\"coin\":\"KMD\",\"address\":\"RUAwRP7QLpqG25U1AT6rGEMFein2CnXZ52\",\"maxbid\":0,\"minask\":0}, {\"coin\":\"BTC\",\"address\":\"1KtkLsE7k12gx56ohH7jAi23tTKRXmvJwc\",\"maxbid\":0,\"minask\":0}]}, {\"type\":\"jumblr\",\"coins\":[{\"coin\":\"KMD\",\"address\":\"RRfLWd7oeFForHWgTv2MTvGKhyZHdMQbFV\",\"maxbid\":0,\"minask\":0}, {\"coin\":\"BTC\",\"address\":\"1HP9S7EX3RTEnH9Uzk3ENPw7wi6gx8yDtD\",\"maxbid\":0,\"minask\":0}]}, {\"type\":\"kmd\",\"coins\":[{\"coin\":\"BTC\",\"address\":\"16ee4o2wAuriHYf24diWkaX5rZwRk3keeG\",\"maxbid\":0,\"minask\":0}]}, {\"type\":\"btc\",\"coins\":[{\"coin\":\"KMD\",\"address\":\"REvq9JvDmjfHMZ2DXohdr6rHcqQ2Nkd1UC\",\"maxbid\":0,\"minask\":0}]}]",
        "ts": "1494598823.392005"
    },
    {
        "type": "message",
        "user": "U02LQ1WHQ",
        "text": "ok, it is a bug, but if you deposit to the REvq9JvDmjfHMZ2DXohdr6rHcqQ2Nkd1UC it should try to start a DEX",
        "ts": "1494598905.423428"
    },
    {
        "type": "message",
        "user": "U02LQ1WHQ",
        "text": "i will see why it is the same as the main address, but that is independent from whether it will DEX or no",
        "ts": "1494598928.432219"
    },
    {
        "type": "message",
        "user": "U2N405TRT",
        "text": "REvq9JvDmjfHMZ2DXohdr6rHcqQ2Nkd1UC  is the normal wallet address, so I don't understand what sending to that address has to do with smart addresses. Actually I created a few 100kmd utxo a few hours ago by sending from address to same address 100",
        "ts": "1494599004.461619"
    },
    {
        "type": "message",
        "user": "U02LQ1WHQ",
        "text": "maybe better to try the 16ee4o2wAuriHYf24diWkaX5rZwRk3keeG BTC address and see if it DEX'es to KMD",
        "ts": "1494599131.512589"
    },
    {
        "type": "message",
        "user": "U2N405TRT",
        "text": "that is same address for btc in btc wallet",
        "ts": "1494599173.529348"
    },
    {
        "type": "message",
        "user": "U02LQ1WHQ",
        "text": "when you started it, you should have seen printouts like:",
        "ts": "1494599253.560879"
    },
    {
        "type": "message",
        "user": "U02LQ1WHQ",
        "text": "FOUND PERSISTENT.RVkwK3v2h9tTq7r1EFWMUsicLDHXJ8fkdC in default\nsymboladd.1 (deposit) &lt;- (KMD 0.000000 0.000000)\nsymboladd.2 (deposit) &lt;- (BTC 0.000000 0.000000)\n86d56342a62cc2d18043d6f5fec68c6d3936f439, 86d56342a62cc2d18043d6f5fec68c6d3936f439 &lt;- rmd160 for 0 1DHwB9R3rh7a2nbMmQS4j2jNLq1SNoj11P\nsymboladd.1 (jumblr) &lt;- (KMD 0.000000 0.000000)\nsymboladd.2 (jumblr) &lt;- (BTC 0.000000 0.000000)\n82758a272d9f88f71d411aa01cd06f7dc27bf914, 82758a272d9f88f71d411aa01cd06f7dc27bf914 &lt;- rmd160 for 1 1CtoejjMD4pprXpdcQhm7X4Mv5hzkNASmD\nsymboladd.1 (btc) &lt;- (KMD 0.000000 0.000000)\n3304c2c218087a30239c13240a15aec2e508cea9, 3304c2c218087a30239c13240a15aec2e508cea9 &lt;- rmd160 for 2 15emAZvsQN9VqASZj9gcWfY9w1TgZYXoEH",
        "ts": "1494599254.561124"
    },
    {
        "type": "message",
        "user": "U2N405TRT",
        "text": "that is from starting iguana:\n\nset_coinconfname.(\/home\/fullmoon\/.komodo\/komodo.conf) &lt;- (komodo.conf)[880\/1943]\nPATH.(home\/fullmoon\/.komodo) CONF.(komodo.conf)\nMINCONFIRMS.2 addrtypes.(3c 55 bc) (60 85 188)\nNETMAGIC -&gt; 8de4eef9 unitval.1e ((null)) -&gt; tmp.00393736 nBits.1e00ffff\nCOIN.KMD serverport.(127.0.0.1:7771) RPCport.7771 P2P.7770 magic.8de4eef9\nstart.1494598242\nADD ALLCOINS.(KMD) name.(Komodo) size 4100792 numvirts.0\nKMD allcoins\npend.(8 -&gt; :sunglasses: MAXMEM.4.00GB enablecache.0 VALIDATEDIR.(DB\/purgeable) VALIDATE.0\nRELAY.-1\n&gt;&gt; addcoin.BTC seedipaddr.\nlaunchcoin.BTC name.Bitcoin\nuserhome.() coindir.(home\/fullmoon\/.bitcoin) confname.(bitcoin.conf)\nset_coinconfname.(\/home\/fullmoon\/.bitcoin\/bitcoin.conf) &lt;- (bitcoin.conf)\nPATH.(home\/fullmoon\/.bitcoin) CONF.(bitcoin.conf)\nMINCONFIRMS.1 addrtypes.(00 05 80) (0 5 128)\nNETMAGIC -&gt; d9b4bef9 unitval.1e ((null)) -&gt; tmp.00393335 nBits.1e00ffff\nCOIN.BTC serverport.(127.0.0.1:8332) RPCport.8332 P2P.8333 magic.d9b4bef9\nwait for coinadd to complete, OK if rare\nstart.1494598243\nADD ALLCOINS.(BTC) name.(Bitcoin) size 4100792 numvirts.0\nKMD BTC allcoins\npend.(64 -&gt; 64) MAXMEM.4.00GB enablecache.0 VALIDATEDIR.(DB\/purgeable) VALIDATE.\n0 RELAY.-1\nMYNFOadd[0] &lt;- 3afa2cfdcb045467ec429a06667ce14db283e513ed21ed33975ae5e2c4493c4e\n(RLBAN41ZmKwHURwf1fbcSQfnhBEb6kW6jw) (REvq9JvDmjfHMZ2DXohdr6rHcqQ2Nkd1UC) accoun\nt.(default)\nFOUND PERSISTENT.REvq9JvDmjfHMZ2DXohdr6rHcqQ2Nkd1UC in default\nsymboladd (deposit) &lt;- (KMD 0.000000 0.000000)\nsymboladd (deposit) &lt;- (BTC 0.000000 0.000000)\ncf3ba89e9b47e862592f8d1d7a48411a734fe38a, cf3ba89e9b47e862592f8d1d7a48411a734fe3\n8a &lt;- rmd160 for 0 1KtkLsE7k12gx56ohH7jAi23tTKRXmvJwc\nsymboladd (jumblr) &lt;- (KMD 0.000000 0.000000)\nsymboladd (jumblr) &lt;- (BTC 0.000000 0.000000)\nb3b233ffa68dc723cccaaf63c49f44551358e7c3, b3b233ffa68dc723cccaaf63c49f44551358e7\nc3 &lt;- rmd160 for 1 1HP9S7EX3RTEnH9Uzk3ENPw7wi6gx8yDtD\nsymboladd (kmd) &lt;- (BTC 0.000000 0.000000)\n3df6f5cc5f83e079b60ba7110cbb95714cb7785a, 3df6f5cc5f83e079b60ba7110cbb95714cb778\n5a &lt;- rmd160 for 2 16ee4o2wAuriHYf24diWkaX5rZwRk3keeG\nsymboladd (btc) &lt;- (KMD 0.000000 0.000000)\n3df6f5cc5f83e079b60ba7110cbb95714cb7785a, 3df6f5cc5f83e079b60ba7110cbb95714cb778\n5a &lt;- rmd160 for 3 16ee4o2wAuriHYf24diWkaX5rZwRk3keeG\nDB\/SWAPS\/4090706936-3806573261",
        "ts": "1494599374.608453"
    },
    {
        "type": "message",
        "user": "U02LQ1WHQ",
        "text": "can you try it with a different passphrase?",
        "ts": "1494600124.906738"
    },
    {
        "type": "message",
        "user": "U02LQ1WHQ",
        "text": "maybe there is a bug depending on the type of passphrase, ie spaces before or after",
        "ts": "1494600141.913470"
    },
    {
        "type": "message",
        "user": "U2N405TRT",
        "text": "the iguana passphrase consists of letters and one @ within it,  it is not a bip phrase...",
        "ts": "1494600340.993199"
    },
    {
        "type": "message",
        "user": "U2N405TRT",
        "text": "but no spaces before or after",
        "ts": "1494600360.001628"
    },
    {
        "type": "message",
        "user": "U2N405TRT",
        "text": "if preferred I can change iguana passphrase to something different",
        "edited": {
            "user": "U2N405TRT",
            "ts": "1494600441.000000"
        },
        "ts": "1494600422.026297"
    },
    {
        "type": "message",
        "user": "U02LQ1WHQ",
        "text": "yes, please change it to text only (with or without spaces), it seems there is a parsing error with the @ passphrase",
        "ts": "1494600494.055099"
    },
    {
        "type": "message",
        "user": "U02LQ1WHQ",
        "text": "the btc and kmd type smartaddresses should be different from the main address",
        "ts": "1494600510.061634"
    },
    {
        "type": "message",
        "user": "U2N405TRT",
        "text": "I remember @ is not allowed by some specification while #,! are",
        "ts": "1494600528.069160"
    },
    {
        "type": "message",
        "user": "U2N405TRT",
        "text": "I will change",
        "ts": "1494600542.074572"
    },
    {
        "type": "message",
        "user": "U02LQ1WHQ",
        "text": "if there is little funds in it, you can DM me the passphrase and I will try to reproduce. but to test smartaddresses, we need it so it is a different address for DEX than the main one",
        "ts": "1494600579.088994"
    },
    {
        "type": "message",
        "user": "U2N405TRT",
        "text": "I can send you the address. You can do with it what you want. There is like 1900kmd and 0.178btc in it, if you empty it you can send back later",
        "ts": "1494600745.156201"
    },
    {
        "type": "message",
        "user": "U03SKEFEL",
        "text": "finally my ovh LP node is setup, kmd synced, btc will finish sync by morning, iguana started, mm compiled",
        "ts": "1494602236.768524"
    },
    {
        "type": "message",
        "user": "U03UJ5TP3",
        "text": "Nice updates james. I'm going to setup a new node from the guide tonight, and then start testing smartaddress",
        "ts": "1494606913.551700"
    }
]