[
    {
        "type": "message",
        "user": "U02LQ1WHQ",
        "text": "dev branch for iguana now has most of the initial LP node code active\nit currently generates realtime raw features in the SVM folder and there is an API command to generate an SVM\nthe SVM will then make predictions as to the future price direction\nthere are currently 8 SVM's for different timeframes, from 10 minutes to 12 hours in the future\nyou can configure things to track a large number of trading pairs and it even detects arbitrages that are possible if two or more exchanges are active. see tests\/arbinit script\nthe realtime predictors are not yet active, but SVM generation is averaging 85%+ accuracy for today's BTC price action. A very very small sample and as we get more and more different type of days this accuracy will reduce, however the more data there is the more accurate the overall realtime forward predictions will be",
        "ts": "1483661650.000006"
    },
    {
        "type": "message",
        "user": "U02LQ1WHQ",
        "text": "it calculates prices for all BTC pairs into USD and CNY",
        "ts": "1483663467.000007"
    },
    {
        "type": "message",
        "user": "U02LQ1WHQ",
        "text": "it also monitors the NXT blockchain for the various asset prices and maps them to BTC prices, so things are all setup for automated LP node quotes for all the assetchains, plus any supported BTC trading pair",
        "ts": "1483663520.000008"
    },
    {
        "type": "message",
        "user": "U02LQ1WHQ",
        "text": "it really is quite a lot of new code and some pretty fancy AI level predictor generation as SVM have much better performance than neural networks for large scale datasets",
        "ts": "1483663562.000009",
        "reactions": [
            {
                "name": "sunglasses",
                "users": [
                    "U03SKEFEL",
                    "U02LAJBUY",
                    "U0EVBU5GC",
                    "U030L14Q0",
                    "U047X3GAM",
                    "U06LEAJBZ",
                    "U1554KDBJ"
                ],
                "count": 7
            }
        ]
    },
    {
        "user": "U0JUJF8RX",
        "text": "<@U0JUJF8RX> has joined the channel",
        "type": "message",
        "subtype": "channel_join",
        "ts": "1483663869.000010"
    },
    {
        "user": "U03UJ5TP3",
        "text": "<@U03UJ5TP3> has joined the channel",
        "type": "message",
        "subtype": "channel_join",
        "ts": "1483664553.000011"
    },
    {
        "user": "U034PLSCK",
        "text": "<@U034PLSCK> has joined the channel",
        "type": "message",
        "subtype": "channel_join",
        "ts": "1483674285.000012"
    },
    {
        "type": "message",
        "user": "U0EVBU5GC",
        "text": "Thanks for info\/update :+1::skin-tone-2::+1::skin-tone-2:",
        "ts": "1483674432.000013"
    },
    {
        "user": "U02PH4RHZ",
        "text": "<@U02PH4RHZ> has joined the channel",
        "type": "message",
        "subtype": "channel_join",
        "ts": "1483683054.000014"
    },
    {
        "type": "message",
        "user": "U04RUMPNK",
        "text": "do you use the Kernel Trick? - is the Kernel Trick something that is used regularly in SVMs? I could imagine that linear will only do toy examples ..",
        "edited": {
            "user": "U04RUMPNK",
            "ts": "1483684278.000000"
        },
        "ts": "1483684170.000015"
    },
    {
        "type": "message",
        "user": "U04RUMPNK",
        "text": "well ok here is a bit of an intro -\n<http:\/\/www.eric-kim.net\/eric-kim-net\/posts\/1\/kernel_trick.html>\nBut something I always wanted to ask :barber: : \nHow to you generate the features? :microscope: \nI'd really like to know, this is stuff that is not written in the textbooks!",
        "edited": {
            "user": "U04RUMPNK",
            "ts": "1483684970.000000"
        },
        "ts": "1483684914.000017"
    },
    {
        "user": "U031GP8MY",
        "text": "<@U031GP8MY> has joined the channel",
        "type": "message",
        "subtype": "channel_join",
        "ts": "1483689306.000019"
    }
]