[
    {
        "type": "message",
        "user": "U0394QTC7",
        "text": "yes, i lost the bobdeposit twice :sweat_smile: , so 1124.99956 * 2. didn't come back after waiting 4 hours",
        "edited": {
            "user": "U0394QTC7",
            "ts": "1505552038.000000"
        },
        "ts": "1505552005.000019"
    },
    {
        "type": "message",
        "user": "U02LQ1WHQ",
        "text": "send me your chips address",
        "ts": "1505554150.000067"
    },
    {
        "type": "message",
        "user": "U02LQ1WHQ",
        "text": "<@U2Q1DP6EQ> thanks for backtrace, was obvious sillybug. pushed fix",
        "ts": "1505554241.000027"
    },
    {
        "type": "message",
        "user": "U0394QTC7",
        "text": "you can send it here: RL6nHZFYaMKs3Qre1CjoNQLRfJfgVx7dA9",
        "ts": "1505554411.000018"
    },
    {
        "type": "message",
        "user": "U0394QTC7",
        "text": "do you need the DB for the second failed trade?",
        "ts": "1505554432.000035"
    },
    {
        "type": "message",
        "user": "U02LQ1WHQ",
        "text": "when did the second trade fail?",
        "ts": "1505554595.000029"
    },
    {
        "type": "message",
        "user": "U0394QTC7",
        "text": "12 hours ago",
        "ts": "1505554617.000030"
    },
    {
        "type": "message",
        "user": "U02LQ1WHQ",
        "text": "i plan to change methods and hope it wont have these issues. if it does then i will investigate",
        "ts": "1505554625.000040"
    },
    {
        "type": "message",
        "user": "U02LQ1WHQ",
        "text": "sent f5b0940f84809ab25a8e9b19fcdeb1daa378489cdc8991a4c5e197ae6cdf7953",
        "ts": "1505554658.000003"
    },
    {
        "type": "message",
        "user": "U0394QTC7",
        "text": "but.. but.. that's way more than i lost.. thanks :smile:",
        "ts": "1505555214.000037"
    },
    {
        "type": "message",
        "user": "U02LQ1WHQ",
        "text": "no problem. thanks for all the testing!",
        "ts": "1505555316.000058"
    },
    {
        "type": "message",
        "user": "U41M5AAJW",
        "text": "I want chips!!",
        "ts": "1505557230.000025"
    },
    {
        "type": "message",
        "user": "U6PPCCQ00",
        "text": ":grinning:",
        "ts": "1505557593.000030"
    },
    {
        "type": "message",
        "user": "U0394QTC7",
        "text": "siu, now you sound like a little baby wanting this: <http:\/\/www.3ders.org\/images2015\/pepsico-helps-lead-future-food-innovation-3d-printed-potato-chips-00002.jpg>",
        "attachments": [
            {
                "fallback": "600x346px image",
                "image_url": "http:\/\/www.3ders.org\/images2015\/pepsico-helps-lead-future-food-innovation-3d-printed-potato-chips-00002.jpg",
                "image_width": 600,
                "image_height": 346,
                "image_bytes": 25693,
                "from_url": "http:\/\/www.3ders.org\/images2015\/pepsico-helps-lead-future-food-innovation-3d-printed-potato-chips-00002.jpg",
                "id": 1
            }
        ],
        "ts": "1505558056.000030",
        "reactions": [
            {
                "name": "joy",
                "users": [
                    "U047X3GAM"
                ],
                "count": 1
            }
        ]
    },
    {
        "type": "message",
        "user": "U0394QTC7",
        "text": ":troll:",
        "ts": "1505558069.000051"
    },
    {
        "type": "message",
        "user": "U41M5AAJW",
        "text": ":troll:",
        "ts": "1505563950.000060"
    },
    {
        "type": "message",
        "user": "U41M5AAJW",
        "text": "muuhhh chips!!!",
        "ts": "1505563985.000079"
    },
    {
        "type": "message",
        "user": "U66SWTM47",
        "text": "Muh kidneys! ... whatever, me too, I want chips.",
        "ts": "1505567372.000016"
    },
    {
        "type": "message",
        "user": "U02LQ1WHQ",
        "text": "<@U2Q1DP6EQ> spvdex branch now has utxo propagation removed so orderbooks are empty. however it should be synchronising the listunspent data for each node across the network. probably not 100%, but i will make the orderbook process tolerate a bit of inconsistency. so stability testing and you can do listunspent api call if you are interested to see the local results",
        "ts": "1505573186.000026"
    },
    {
        "type": "message",
        "user": "U2Q1DP6EQ",
        "text": "curl --url \"<http:\/\/127.0.0.1:7783>\" --data \"{\\\"userpass\\\":\\\"$userpass\\\",\\\"method\\\":\\\"listunspent\\\",\\\"coin\\\":\\\"BTC\\\",\\\"address\\\":\\\"1NdwJoQVLxj5kCHXKcaLxWrByddbgyHofb\\\"}\" | json_pp works but only for an local address. If i do this with an address from another node (spvdex branch), the output is empty",
        "ts": "1505575026.000021"
    },
    {
        "type": "message",
        "user": "U2Q1DP6EQ",
        "text": "i have collected some errors\/warnings, which could be interesting",
        "ts": "1505575190.000054"
    },
    {
        "type": "message",
        "text": "",
        "files": [
            {
                "id": "F748BMBUL",
                "created": 1505575207,
                "timestamp": 1505575207,
                "name": "warnings.txt",
                "title": "warnings",
                "mimetype": "text\/plain",
                "filetype": "text",
                "pretty_type": "Plain Text",
                "user": "U2Q1DP6EQ",
                "editable": true,
                "size": 493,
                "mode": "snippet",
                "is_external": false,
                "external_type": "",
                "is_public": true,
                "public_url_shared": false,
                "display_as_bot": false,
                "username": "",
                "url_private": "https:\/\/files.slack.com\/files-pri\/T02LAJBUW-F748BMBUL\/warnings.txt?t=xoxe-2690623982-420508393732-420508393844-55126cc98091fbe0399fac3c66f6ed8e",
                "url_private_download": "https:\/\/files.slack.com\/files-pri\/T02LAJBUW-F748BMBUL\/download\/warnings.txt?t=xoxe-2690623982-420508393732-420508393844-55126cc98091fbe0399fac3c66f6ed8e",
                "permalink": "https:\/\/komodo-platform.slack.com\/files\/U2Q1DP6EQ\/F748BMBUL\/warnings.txt",
                "permalink_public": "https:\/\/slack-files.com\/T02LAJBUW-F748BMBUL-6f530d3514",
                "edit_link": "https:\/\/komodo-platform.slack.com\/files\/U2Q1DP6EQ\/F748BMBUL\/warnings.txt\/edit",
                "preview": "deprecated utxo received\r\n\r\nnon-hex tx.({\"error\":\"timeout\"})\r\n\r\nunexpected timeout with null retjson: blockchain.headers.subscribe []\r",
                "preview_highlight": "<div class=\"CodeMirror cm-s-default CodeMirrorServer\" oncopy=\"if(event.clipboardData){event.clipboardData.setData('text\/plain',window.getSelection().toString().replace(\/\\u200b\/g,''));event.preventDefault();event.stopPropagation();}\">\n<div class=\"CodeMirror-code\">\n<div><pre>deprecated utxo received<\/pre><\/div>\n<div><pre><\/pre><\/div>\n<div><pre>non-hex tx.({&quot;error&quot;:&quot;timeout&quot;})<\/pre><\/div>\n<div><pre><\/pre><\/div>\n<div><pre>unexpected timeout with null retjson: blockchain.headers.subscribe []<\/pre><\/div>\n<div><pre><\/pre><\/div>\n<\/div>\n<\/div>\n",
                "lines": 12,
                "lines_more": 7,
                "preview_is_truncated": false
            }
        ],
        "upload": true,
        "user": "U2Q1DP6EQ",
        "display_as_bot": false,
        "ts": "1505575208.000016"
    },
    {
        "type": "message",
        "user": "U2Q1DP6EQ",
        "text": "btw, i do not use pruned mode",
        "ts": "1505575240.000054"
    },
    {
        "type": "message",
        "user": "U2Q1DP6EQ",
        "text": "oh, when i do listunspent with a non-spv coin like KMD it hangs and when i cancel (Ctrl+C) curl and try again with a spv-coin that worked before it also hangs... have to restart mm afterwards to get it working again (no errors where shown during the hang)",
        "ts": "1505575708.000047"
    },
    {
        "type": "message",
        "user": "U2Q1DP6EQ",
        "text": "forget about the problem with the propagation, i have done listunspent with the address from the other node and it worked now...",
        "ts": "1505575802.000093"
    },
    {
        "type": "message",
        "user": "U2Q1DP6EQ",
        "text": "the warning about pruned mode has a greater context. Don't know if it is important, but here is the bigger output about it",
        "ts": "1505576326.000062"
    },
    {
        "type": "message",
        "user": "U2Q1DP6EQ",
        "text": "unexpected timeout with null retjson: blockchain.transaction.get [\"bec0598d20066eb015436afc21cd9ab6f592ccd0b0962f2fba157083df30e571\"]\nnon-hex tx.({\"error\":\"timeout\"})\nexpired ({ \"jsonrpc\":\"2.0\", \"id\": 5, \"method\":\"blockchain.transaction.get\", \"params\": [\"bec0598d20066eb015436afc21cd9ab6f592ccd0b0962f2fba157083df30e571\"] }\nexpired ({ \"jsonrpc\":\"2.0\", \"id\": 13, \"method\":\"blockchain.transaction.get\", \"params\": [\"bec0598d20066eb015436afc21cd9ab6f592ccd0b0962f2fba157083df30e571\"] }\nnon-hex tx.({\"id\":13,\"error\":\"timeout\"})\nELECTRUM &gt;&gt;&gt;&gt;&gt;&gt;&gt;&gt;&gt; set height.5209252\nunexpected timeout with null retjson: blockchain.transaction.get [\"bec0598d20066eb015436afc21cd9ab6f592ccd0b0962f2fba157083df30e571\"]\npruned node? LP_txvalue couldnt find BTC tx bec0598d20066eb015436afc21cd9ab6f592ccd0b0962f2fba157083df30e571\nunexpected privkey_init value mismatch 0.00000000 vs 0.00903241 ({\"tx_hash\":\"bec0598d20066eb015436afc21cd9ab6f592ccd0b0962f2fba157083df30e571\",\"height\":476146,\"tx_pos\":705,\"value\":903241}) 0.00000000 0.00000000\n0.13386210 0.00241697 1NdwJoQVLxj5kCHXKcaLxWrByddbgyHofb iambob.0 BTC utxoadd.(0.13386210 0.00241697) 171594a3cc89bf23033c3672fc0f942ddf464c60e2ff4a11f641bb4bf698adba ff226ef9a1fb34a970f33aa21deef73ee6f5ddecf4bf98f18af871e696533e87\nexpired ({ \"jsonrpc\":\"2.0\", \"id\": 14, \"method\":\"blockchain.transaction.get\", \"params\": [\"bec0598d20066eb015436afc21cd9ab6f592ccd0b0962f2fba157083df30e571\"] }\nexpired ({ \"jsonrpc\":\"2.0\", \"id\": 15, \"method\":\"blockchain.transaction.get\", \"params\": [\"bec0598d20066eb015436afc21cd9ab6f592ccd0b0962f2fba157083df30e571\"] }\nU.-1 BTC 0.13386210 0.00241697 addutxo.1 pubkey.792646432656025fde4911d3703a6f25f429dc62a2561ba4bba54c471c70fe47 session.1505575560",
        "ts": "1505576327.000047"
    },
    {
        "type": "message",
        "user": "U2Q1DP6EQ",
        "text": "i see the tx bec0598d20066eb015436afc21cd9ab6f592ccd0b0962f2fba157083df30e571 is the one with the hundreds of outputs, could be related to that",
        "ts": "1505576565.000014"
    },
    {
        "user": "U5K03CYRX",
        "text": "<@U5K03CYRX> has left the channel",
        "type": "message",
        "subtype": "channel_leave",
        "ts": "1505576633.000039"
    },
    {
        "type": "message",
        "user": "U2Q1DP6EQ",
        "text": "2 more things: the timeouts are only on the node which connects to electrum through the internet. The node who runs electrum locally and connects through 127.0.0.1 to this servers does not show any timeouts",
        "ts": "1505579209.000070"
    },
    {
        "type": "message",
        "user": "U2Q1DP6EQ",
        "text": "and the second thing: listunspent appears to work only with BTC. CRW, DGB and ZEC don't show me anything",
        "ts": "1505579347.000070"
    },
    {
        "type": "message",
        "user": "U2Q1DP6EQ",
        "text": "i disabled BTC electrum on the node which showed the timeouts and they are all gone, so it is not related to network but to transactions with many outputs",
        "ts": "1505581290.000027"
    },
    {
        "type": "message",
        "user": "U02LQ1WHQ",
        "text": "ok, so at least no crashes, but some strangeness with very large tx",
        "ts": "1505583965.000061"
    },
    {
        "type": "message",
        "user": "U2Q1DP6EQ",
        "text": "yes, no crashes at all",
        "ts": "1505584298.000092"
    },
    {
        "type": "message",
        "user": "U02LQ1WHQ",
        "text": "some of the error messages are not quite right",
        "ts": "1505584450.000072"
    },
    {
        "type": "message",
        "user": "U02LQ1WHQ",
        "text": "LP_txvalue couldnt find BTC could just mean it was spent",
        "ts": "1505584497.000028"
    },
    {
        "type": "message",
        "user": "U41M5AAJW",
        "text": "i changed to the spvdex branch",
        "ts": "1505584503.000045"
    },
    {
        "type": "message",
        "user": "U41M5AAJW",
        "text": "i run client as usual?",
        "ts": "1505584507.000068"
    },
    {
        "type": "message",
        "user": "U02LQ1WHQ",
        "text": "everything as usual, but no orderbooks yet. i need to optimize that in a different axis",
        "ts": "1505584631.000065"
    },
    {
        "type": "message",
        "user": "U2Q1DP6EQ",
        "text": "<@U41M5AAJW> yes, just enable the spv-coins with the method \"electrum\" instead of \"enable\"",
        "ts": "1505584646.000048"
    },
    {
        "type": "message",
        "user": "U41M5AAJW",
        "text": ".\/electrum\n{\"ipaddr\":\"46.4.125.2\",\"port\":50001,\"result\":\"success\"}",
        "ts": "1505584869.000081"
    },
    {
        "type": "message",
        "user": "U41M5AAJW",
        "text": "addpeer (46.4.125.2:50001)\naddpeer (46.4.125.2:50001)\ncall connect sock.45\ncalled connect result.0\nlaunched.(46.4.125.2:50001)\nunexpected timeout with null retjson: blockchain.headers.subscribe []\nLP_dedicatedloop ep.0x7f74397fe010 sock.45 for 46.4.125.2:50001 num.1 0x74a100 BTC ht.0\nELECTRUM &gt;&gt;&gt;&gt;&gt;&gt;&gt;&gt;&gt; set height.485600",
        "ts": "1505584887.000010"
    },
    {
        "type": "message",
        "user": "U02LQ1WHQ",
        "text": "it seems to get a timeout on the first call, but all works",
        "ts": "1505585043.000033"
    },
    {
        "type": "message",
        "user": "U2Q1DP6EQ",
        "text": "<@U41M5AAJW> try curl --url \"<http:\/\/127.0.0.1:7783>\" --data \"{\\\"userpass\\\":\\\"$userpass\\\",\\\"method\\\":\\\"listunspent\\\",\\\"coin\\\":\\\"BTC\\\",\\\"address\\\":\\\"12rnqA2kwds4vYRkWuqTHGT2DWohY8reoj\\\"}\" | json_pp but with your own BTC address",
        "ts": "1505585209.000089"
    },
    {
        "type": "message",
        "user": "U02LQ1WHQ",
        "text": "so the listunspent is working now?",
        "ts": "1505585371.000098"
    },
    {
        "type": "message",
        "user": "U2Q1DP6EQ",
        "text": "strange, it worked a while ago for BTC, but now both nodes show me an empty list when i do listunspent",
        "ts": "1505585416.000062"
    },
    {
        "type": "message",
        "user": "U2Q1DP6EQ",
        "text": "i will restart them",
        "ts": "1505585447.000065"
    },
    {
        "type": "message",
        "user": "U02LQ1WHQ",
        "text": "i dont have them actively syncing listunspent now, just passively, so it would be surprising it was always in sync",
        "ts": "1505585650.000014"
    },
    {
        "type": "message",
        "user": "U2Q1DP6EQ",
        "text": "ok, restarted both and now listunspent shows me entries, at least for the local address",
        "ts": "1505585718.000108"
    },
    {
        "type": "message",
        "user": "U41M5AAJW",
        "text": "wait, i should need the electrum btc wallet right?",
        "ts": "1505586198.000065"
    },
    {
        "type": "message",
        "user": "U41M5AAJW",
        "text": "im running a pruned node",
        "ts": "1505586206.000107"
    },
    {
        "type": "message",
        "user": "U41M5AAJW",
        "text": "did an inventory and the client hanged",
        "ts": "1505586363.000039"
    },
    {
        "type": "message",
        "user": "U2Q1DP6EQ",
        "text": "i also thought it was hanging, but it just takes longer, sometimes much longer",
        "ts": "1505586537.000021"
    },
    {
        "type": "message",
        "user": "U2Q1DP6EQ",
        "text": "and it lacks entries, BTC seems ok, but DGB shows me only alice and CRW and ZEC shows me empty inventory, also i know they should not be empty",
        "ts": "1505586689.000002"
    },
    {
        "type": "message",
        "user": "U41M5AAJW",
        "text": "but all those are local daemons right?",
        "ts": "1505586724.000028"
    },
    {
        "type": "message",
        "user": "U2Q1DP6EQ",
        "text": "i have BTC, DGB, CRW and ZEC running through electrum on 2 nodes, one of them also has the wallets running locally, the other node not, not for all 4 coins",
        "ts": "1505586814.000071"
    },
    {
        "type": "message",
        "user": "U02LQ1WHQ",
        "text": "can you characterize the bug?",
        "ts": "1505587201.000022"
    },
    {
        "type": "message",
        "user": "U2Q1DP6EQ",
        "text": "on the node running spv-branch inventory is showing only alice-entries, even for the coins without electrum",
        "ts": "1505587634.000092"
    },
    {
        "type": "message",
        "user": "U2Q1DP6EQ",
        "text": "for the electrum coins it is sometimes completely empty, also BTC and DGB are showing entries, but only alice-ones",
        "ts": "1505587713.000040"
    },
    {
        "type": "message",
        "user": "U02LQ1WHQ",
        "text": "for now there is no bob inventory",
        "ts": "1505588025.000064"
    },
    {
        "type": "message",
        "user": "U02LQ1WHQ",
        "text": "that is expected",
        "ts": "1505588029.000033"
    },
    {
        "type": "message",
        "user": "U02LQ1WHQ",
        "text": "so alice only is what is expected",
        "ts": "1505588041.000062"
    },
    {
        "type": "message",
        "user": "U2Q1DP6EQ",
        "text": "ok",
        "ts": "1505588049.000008"
    },
    {
        "type": "message",
        "user": "U02LQ1WHQ",
        "text": "if you do an inventory, it should kick the electrum again and hopefully show the alice inventory",
        "ts": "1505588065.000041"
    },
    {
        "type": "message",
        "user": "U2Q1DP6EQ",
        "text": "oh, inventory for KMD is really hanging... running since 4 minutes",
        "ts": "1505588167.000014"
    },
    {
        "type": "message",
        "user": "U02LQ1WHQ",
        "text": "KMD is native coin, strange. i did notice some problems with inventory let me see if i can duplicate that",
        "ts": "1505588234.000104"
    },
    {
        "type": "message",
        "user": "U02LQ1WHQ",
        "text": "i think there could be an issue with electrum server disconneting the client.",
        "ts": "1505588272.000062"
    },
    {
        "type": "message",
        "user": "U02LQ1WHQ",
        "text": "it that happens, maybe things just hang, not sure",
        "ts": "1505588293.000013"
    },
    {
        "type": "message",
        "user": "U02LQ1WHQ",
        "text": "investigating",
        "ts": "1505588297.000036"
    },
    {
        "type": "message",
        "user": "U02LQ1WHQ",
        "text": "cant reproduce the hang",
        "ts": "1505588546.000069"
    },
    {
        "type": "message",
        "user": "U02LQ1WHQ",
        "text": "i do occasionally see strange behavior",
        "ts": "1505588557.000040"
    },
    {
        "type": "message",
        "user": "U2Q1DP6EQ",
        "text": "restarted my home node, done inventory for KMD right after start and it worked, but then i enabled BTC through electrum and done inventory for KMD and it hangs... strange relation, enabling electrum for BTC hangs KMD inventory...",
        "ts": "1505588845.000013"
    },
    {
        "type": "message",
        "user": "U2Q1DP6EQ",
        "text": "will do the same with the server node to see if it is reproducible",
        "ts": "1505588904.000046"
    },
    {
        "type": "message",
        "user": "U2Q1DP6EQ",
        "text": "yes, the same... inventory for KMD works right after start of mm, but hangs after enabling electrum for BTC (i only enabled BTC, no other coins involved)",
        "ts": "1505589174.000052"
    },
    {
        "type": "message",
        "user": "U41M5AAJW",
        "text": "thats the inventory that is hanging for me",
        "ts": "1505589571.000043"
    },
    {
        "type": "message",
        "user": "U41M5AAJW",
        "text": "tried again and the same is happening",
        "ts": "1505589578.000059"
    },
    {
        "type": "message",
        "user": "U2Q1DP6EQ",
        "text": "done another test... restarted mm, called inventory for KMD and it worked... waited 1 minute, called inventory again and it worked... waited another couple of minutes and now it hangs... i did not enabled any coin in the meantime... so it is not related to enabling electrum coins",
        "ts": "1505589862.000010"
    },
    {
        "type": "message",
        "user": "U41M5AAJW",
        "text": "Mine is still hanging",
        "ts": "1505590636.000069"
    },
    {
        "type": "message",
        "user": "U2Q1DP6EQ",
        "text": "i stopped it after 5-6 minutes or so...",
        "ts": "1505590690.000038"
    },
    {
        "type": "message",
        "user": "U41M5AAJW",
        "text": "Ok, restarted mm and worked inmediately",
        "ts": "1505590785.000075"
    },
    {
        "type": "message",
        "user": "U41M5AAJW",
        "text": "Repeat it again, it hangs",
        "edited": {
            "user": "U41M5AAJW",
            "ts": "1505590810.000000"
        },
        "ts": "1505590801.000058"
    },
    {
        "type": "message",
        "user": "U41M5AAJW",
        "text": "It only works right after starting.",
        "ts": "1505590886.000057"
    },
    {
        "type": "message",
        "user": "U41M5AAJW",
        "text": "Console says: deprecated utxo received",
        "ts": "1505591030.000089"
    },
    {
        "type": "message",
        "user": "U2Q1DP6EQ",
        "text": "same here, also tried on another node... i am sure jl is already looking into this...",
        "ts": "1505591067.000065"
    },
    {
        "type": "message",
        "user": "U02LQ1WHQ",
        "text": "ah, so inventory itself is hanging, nothing to do with electrum",
        "ts": "1505592309.000015"
    },
    {
        "type": "message",
        "user": "U2Q1DP6EQ",
        "text": "yes",
        "ts": "1505592437.000097"
    },
    {
        "type": "message",
        "user": "U02LQ1WHQ",
        "text": "sure enough, reproduced",
        "ts": "1505592667.000010"
    },
    {
        "type": "message",
        "user": "U02LQ1WHQ",
        "text": "pushed a workaround for the hang. it might prevent propagation, but want to stabilize it first",
        "ts": "1505592922.000089"
    },
    {
        "type": "message",
        "user": "U02LQ1WHQ",
        "text": "still hangs for me after waiting some minutes",
        "ts": "1505593066.000037"
    },
    {
        "type": "message",
        "user": "U02LQ1WHQ",
        "text": "pushed a version with printouts, i think i know where it is hanging, but not why",
        "ts": "1505596706.000012"
    },
    {
        "type": "message",
        "user": "U2Q1DP6EQ",
        "text": "tried it out on one node... i see the output",
        "ts": "1505597291.000036"
    },
    {
        "type": "message",
        "user": "U2Q1DP6EQ",
        "text": "stats_JSON({\"userpass\":\"xx\",\"method\":\"inventory\",\"coin\":\"KMD\"})\nstats_JSON({\"userpass\":\"xx\",\"method\":\"inventory\",\"coin\":\"KMD\"})",
        "edited": {
            "user": "U2Q1DP6EQ",
            "ts": "1505597784.000000"
        },
        "ts": "1505597293.000003"
    },
    {
        "type": "message",
        "user": "U2Q1DP6EQ",
        "text": "after issuing inventory... which hangs... but mm continues with normal output like",
        "ts": "1505597331.000016"
    },
    {
        "type": "message",
        "user": "U2Q1DP6EQ",
        "text": "stats_JSON({\"pubkey\":\"eaac321f0a0f078b9dfb172e0bf8e9436ba972230ef0d8ec763a39bb434cc237\",\"base\":\"BTC\",\"rel\":\"DASH\",\"price\":13.31550390,\"method2\":\"postprice\",\"method\":\"postprice\"})\nstats_JSON({\"pubkey\":\"eaac321f0a0f078b9dfb172e0bf8e9436ba972230ef0d8ec763a39bb434cc237\",\"base\":\"DASH\",\"rel\":\"BTC\",\"price\":0.08640587,\"method2\":\"postprice\",\"method\":\"postprice\"})\ns",
        "ts": "1505597334.000049"
    },
    {
        "type": "message",
        "user": "U2Q1DP6EQ",
        "text": "nothing related to the hang",
        "ts": "1505597352.000069"
    },
    {
        "type": "message",
        "user": "U41M5AAJW",
        "text": "inv hanged for me after updates",
        "ts": "1505597459.000029"
    },
    {
        "type": "message",
        "user": "U41M5AAJW",
        "text": "got repeated print of what cipi posted",
        "ts": "1505597524.000040"
    },
    {
        "type": "message",
        "user": "U02LQ1WHQ",
        "text": "verifying better fix",
        "ts": "1505597645.000048"
    },
    {
        "type": "message",
        "user": "U02LQ1WHQ",
        "text": "it was a \"simple\" deadlock, i think i fixed it, but need to wait a few minutes to verify",
        "ts": "1505597703.000045"
    },
    {
        "type": "message",
        "user": "U02LQ1WHQ",
        "text": "still working!",
        "ts": "1505597835.000044"
    },
    {
        "type": "message",
        "user": "U02LQ1WHQ",
        "text": "try latest, i think the hang is gone",
        "ts": "1505597846.000043"
    },
    {
        "type": "message",
        "user": "U2Q1DP6EQ",
        "text": "tried on 2 nodes... still working",
        "ts": "1505598253.000019"
    },
    {
        "type": "message",
        "user": "U02LQ1WHQ",
        "text": "should work with electrum too",
        "ts": "1505598261.000017"
    },
    {
        "type": "message",
        "user": "U02LQ1WHQ",
        "text": "that was a latent bug that would have enventually surfaced, it just moved into a high usage path and became reproducible",
        "ts": "1505598307.000040"
    },
    {
        "type": "message",
        "user": "U41M5AAJW",
        "text": "working here too",
        "ts": "1505598343.000005"
    },
    {
        "type": "message",
        "user": "U02LQ1WHQ",
        "text": "ok, so as far as I know, there are no reproducible bugs with the new method and listunspent works most of the time",
        "ts": "1505598350.000072"
    },
    {
        "type": "message",
        "user": "U02LQ1WHQ",
        "text": "if so, i can make the new orderbook and then ordermatch, etc.",
        "ts": "1505598370.000082"
    },
    {
        "type": "message",
        "user": "U02LQ1WHQ",
        "text": "will need to think a bit how to properly dynamically create a bob utxopair...",
        "ts": "1505598390.000073"
    },
    {
        "type": "message",
        "user": "U02LQ1WHQ",
        "text": "but first need to get some breakfast",
        "ts": "1505598398.000044"
    },
    {
        "type": "message",
        "user": "U41M5AAJW",
        "text": "go eat",
        "ts": "1505598413.000008"
    },
    {
        "type": "message",
        "user": "U02LQ1WHQ",
        "text": "breakfast is the most important meal of the day!",
        "ts": "1505598429.000049"
    },
    {
        "type": "message",
        "user": "U02LQ1WHQ",
        "text": "I try to have two or three of them",
        "ts": "1505598435.000044"
    },
    {
        "type": "message",
        "user": "U41M5AAJW",
        "text": "lol",
        "ts": "1505598441.000017"
    },
    {
        "type": "message",
        "user": "U02LQ1WHQ",
        "text": "one important test is to verify that listunspent does propagate to other nodes",
        "ts": "1505598494.000035"
    },
    {
        "type": "message",
        "user": "U02LQ1WHQ",
        "text": "electrum and native are totally, completely different and not even close to the same internally",
        "ts": "1505598521.000020"
    },
    {
        "type": "message",
        "user": "U02LQ1WHQ",
        "text": "so just because one type works, means nothing about the other type",
        "ts": "1505598531.000057"
    },
    {
        "type": "message",
        "user": "U02LQ1WHQ",
        "text": "so do a listunspent with the other node's smart address and see if it shows uo",
        "ts": "1505598559.000001"
    },
    {
        "type": "message",
        "user": "U41M5AAJW",
        "text": "i hope that working version is still intact :smile:",
        "ts": "1505598563.000028"
    },
    {
        "type": "message",
        "user": "U02LQ1WHQ",
        "text": "it wont always, but hopefully it does most of the time",
        "ts": "1505598575.000013"
    },
    {
        "type": "message",
        "user": "U02LQ1WHQ",
        "text": "the working version is in the dev branch",
        "ts": "1505598582.000014"
    },
    {
        "type": "message",
        "user": "U02LQ1WHQ",
        "text": "once we get spvdex working as well as the old one, i will merge back into dev",
        "ts": "1505598598.000007"
    },
    {
        "type": "message",
        "user": "U02LQ1WHQ",
        "text": "i really want to make the ordermatch much smoother",
        "ts": "1505598609.000056"
    },
    {
        "type": "message",
        "user": "U41M5AAJW",
        "text": "but last time i tried the dev branch the swap didnt complete :disappointed:",
        "ts": "1505598629.000004"
    },
    {
        "type": "message",
        "user": "U02LQ1WHQ",
        "text": "yes, might need to revert a few commits in the dev branch",
        "ts": "1505598645.000048"
    },
    {
        "type": "message",
        "user": "U02LQ1WHQ",
        "text": "beta branch should be still ok",
        "ts": "1505598651.000045"
    },
    {
        "type": "message",
        "user": "U41M5AAJW",
        "text": "ohh ok",
        "ts": "1505598674.000063"
    },
    {
        "type": "message",
        "user": "U02LQ1WHQ",
        "text": "but we will get spvdex working soon enough. the hardest part is pretty much done, if listunspent is indeed propagating",
        "ts": "1505598695.000049"
    },
    {
        "type": "message",
        "user": "U02LQ1WHQ",
        "text": "the dataset is a lot more granular now, easier to sync",
        "ts": "1505598718.000044"
    },
    {
        "type": "message",
        "user": "U2Q1DP6EQ",
        "text": "oh, listunspent with DGB is hanging on one node",
        "ts": "1505598733.000035"
    },
    {
        "type": "message",
        "user": "U2Q1DP6EQ",
        "text": "DGB is electrum",
        "ts": "1505598741.000055"
    },
    {
        "type": "message",
        "user": "U02LQ1WHQ",
        "text": "and i will put in a utxo negotiation phase to the ordermatch",
        "ts": "1505598763.000010"
    },
    {
        "type": "message",
        "user": "U02LQ1WHQ",
        "text": "hmm... actually listunspent from command line might have some deadlock issues",
        "ts": "1505598800.000004"
    },
    {
        "type": "message",
        "user": "U02LQ1WHQ",
        "text": "is it everytime for electrum path?",
        "ts": "1505598811.000072"
    },
    {
        "type": "message",
        "user": "U2Q1DP6EQ",
        "text": "no, not every time",
        "ts": "1505598827.000070"
    },
    {
        "type": "message",
        "user": "U02LQ1WHQ",
        "text": "but once it hangs, you need to restart?",
        "ts": "1505598852.000005"
    },
    {
        "type": "message",
        "user": "U2Q1DP6EQ",
        "text": "yes, exactly, every subsequent listunspent after that hangs too :_)",
        "ts": "1505598891.000045"
    },
    {
        "type": "message",
        "user": "U02LQ1WHQ",
        "text": "i think any command line should hang after one does",
        "ts": "1505598937.000010"
    },
    {
        "type": "message",
        "user": "U02LQ1WHQ",
        "text": "pushed test version",
        "ts": "1505598952.000039"
    },
    {
        "type": "message",
        "user": "U2Q1DP6EQ",
        "text": "yes, tried inventory with another coin and it hangs too",
        "ts": "1505598969.000007"
    },
    {
        "type": "message",
        "user": "U41M5AAJW",
        "text": "what commands are you executing cipi?",
        "ts": "1505598973.000002"
    },
    {
        "type": "message",
        "user": "U02LQ1WHQ",
        "text": "the commands processor is serialized, so if any command hangs, no other command is ever actually sent. they all wait for the previous command to finish",
        "ts": "1505599005.000002"
    },
    {
        "type": "message",
        "user": "U2Q1DP6EQ",
        "text": "i see, a queue",
        "ts": "1505599032.000067"
    },
    {
        "type": "message",
        "user": "U02LQ1WHQ",
        "text": "exactly",
        "ts": "1505599040.000069"
    },
    {
        "type": "message",
        "user": "U02LQ1WHQ",
        "text": "even though it isnt implemented as one, it acts as one",
        "ts": "1505599058.000001"
    },
    {
        "type": "message",
        "user": "U2Q1DP6EQ",
        "text": "<@U41M5AAJW> i am doing listunspent for the electrum coins",
        "ts": "1505599106.000008"
    },
    {
        "type": "message",
        "user": "U2Q1DP6EQ",
        "text": "for example: curl --url \"<http:\/\/127.0.0.1:7783>\" --data \"{\\\"userpass\\\":\\\"$userpass\\\",\\\"method\\\":\\\"listunspent\\\",\\\"coin\\\":\\\"CRW\\\",\\\"address\\\":\\\"1NdwJoQVLxj5kCHXKcaLxWrByddbgyHofb\\\"}\" | json_pp",
        "ts": "1505599127.000050"
    },
    {
        "type": "message",
        "user": "U41M5AAJW",
        "text": "ok",
        "ts": "1505599167.000012"
    },
    {
        "type": "message",
        "user": "U41M5AAJW",
        "text": "i guess ill have to install bitcoin electrum again",
        "ts": "1505599183.000039"
    },
    {
        "type": "message",
        "user": "U02LQ1WHQ",
        "text": "install? just need to run electrum script",
        "ts": "1505599218.000012"
    },
    {
        "type": "message",
        "user": "U2Q1DP6EQ",
        "text": "you just have to tell mm to use electrum, no need to install anything",
        "ts": "1505599223.000046"
    },
    {
        "type": "message",
        "user": "U41M5AAJW",
        "text": "oh",
        "ts": "1505599235.000035"
    },
    {
        "type": "message",
        "user": "U2Q1DP6EQ",
        "text": "i have 4 electrum servers running, which you can use. Use this instead of .\/enable to use them",
        "ts": "1505599314.000015"
    },
    {
        "type": "message",
        "user": "U2Q1DP6EQ",
        "text": "curl --url \"<http:\/\/127.0.0.1:7783>\" --data \"{\\\"userpass\\\":\\\"$userpass\\\",\\\"method\\\":\\\"electrum\\\",\\\"coin\\\":\\\"BTC\\\",\\\"ipaddr\\\":\\\"173.212.225.176\\\",\\\"port\\\":50001}\"\ncurl --url \"<http:\/\/127.0.0.1:7783>\" --data \"{\\\"userpass\\\":\\\"$userpass\\\",\\\"method\\\":\\\"electrum\\\",\\\"coin\\\":\\\"CRW\\\",\\\"ipaddr\\\":\\\"173.212.225.176\\\",\\\"port\\\":50041}\"\ncurl --url \"<http:\/\/127.0.0.1:7783>\" --data \"{\\\"userpass\\\":\\\"$userpass\\\",\\\"method\\\":\\\"electrum\\\",\\\"coin\\\":\\\"DGB\\\",\\\"ipaddr\\\":\\\"173.212.225.176\\\",\\\"port\\\":50022}\"\ncurl --url \"<http:\/\/127.0.0.1:7783>\" --data \"{\\\"userpass\\\":\\\"$userpass\\\",\\\"method\\\":\\\"electrum\\\",\\\"coin\\\":\\\"ZEC\\\",\\\"ipaddr\\\":\\\"173.212.225.176\\\",\\\"port\\\":50032}\"",
        "ts": "1505599316.000064"
    },
    {
        "type": "message",
        "user": "U02LQ1WHQ",
        "text": "with spvdex, you wont need to install any coin daemon or electrum or anything",
        "ts": "1505599325.000053"
    },
    {
        "type": "message",
        "user": "U02LQ1WHQ",
        "text": "just run the marketmaker",
        "ts": "1505599331.000057"
    },
    {
        "type": "message",
        "user": "U41M5AAJW",
        "text": "i get authentication error when i run the btc curl command",
        "ts": "1505599388.000068"
    },
    {
        "type": "message",
        "user": "U41M5AAJW",
        "text": "but whre will the coins be stored?",
        "ts": "1505599416.000017"
    },
    {
        "type": "message",
        "user": "U02LQ1WHQ",
        "text": "you know that coins dont actually exist, right?",
        "ts": "1505599438.000075"
    },
    {
        "type": "message",
        "user": "U41M5AAJW",
        "text": ":troll:",
        "ts": "1505599457.000004"
    },
    {
        "type": "message",
        "user": "U02LQ1WHQ",
        "text": "its just a utxo on the blockchain that you have the privkey for",
        "ts": "1505599459.000011"
    },
    {
        "type": "message",
        "user": "U41M5AAJW",
        "text": "but you could just send a utxo to the smartaddress from whatever wallet?",
        "ts": "1505599491.000019"
    },
    {
        "type": "message",
        "user": "U02LQ1WHQ",
        "text": "why would only the electrum script get authentication error?",
        "ts": "1505599493.000030"
    },
    {
        "type": "message",
        "user": "U02LQ1WHQ",
        "text": "yes",
        "ts": "1505599498.000080"
    },
    {
        "type": "message",
        "user": "U02LQ1WHQ",
        "text": "so it would work just like a normal exchange",
        "ts": "1505599511.000014"
    },
    {
        "type": "message",
        "user": "U02LQ1WHQ",
        "text": "send funds, start trading",
        "ts": "1505599515.000040"
    },
    {
        "type": "message",
        "user": "U41M5AAJW",
        "text": "so it would be its own built in wallet",
        "ts": "1505599563.000076"
    },
    {
        "type": "message",
        "user": "U02LQ1WHQ",
        "text": "yes it is",
        "ts": "1505599600.000050"
    },
    {
        "type": "message",
        "user": "U02LQ1WHQ",
        "text": "it always was",
        "ts": "1505599606.000027"
    },
    {
        "type": "message",
        "user": "U02LQ1WHQ",
        "text": "i just used the coin daemons for listunspent, gettxout and other such things",
        "ts": "1505599627.000012"
    },
    {
        "type": "message",
        "user": "U2Q1DP6EQ",
        "text": "@ siu auth error is because you did copy&amp;paste of my commands but wihtout setting the environment variable \"userpass\"",
        "ts": "1505599637.000061"
    },
    {
        "type": "message",
        "user": "U41M5AAJW",
        "text": "so i change $userpass for my actual userpass then?",
        "ts": "1505599782.000022"
    },
    {
        "type": "message",
        "user": "U2Q1DP6EQ",
        "text": "listunspent does not hang any more and the nodes print their own unspent outputs, but not the ones of the other node, will wait a bit",
        "ts": "1505599792.000029"
    },
    {
        "type": "message",
        "user": "U02LQ1WHQ",
        "text": "pushed fix for listunspent propagation",
        "ts": "1505599819.000065"
    },
    {
        "type": "message",
        "user": "U41M5AAJW",
        "text": "ok, already added the line to the electrum file",
        "ts": "1505599825.000002"
    },
    {
        "type": "message",
        "user": "U41M5AAJW",
        "text": "it worked now",
        "ts": "1505599828.000003"
    },
    {
        "type": "message",
        "user": "U02LQ1WHQ",
        "text": "not perfect yet, but i have seen listunspent from an electrum node propagate to the LP node",
        "ts": "1505600250.000029"
    },
    {
        "type": "message",
        "user": "U02LQ1WHQ",
        "text": "hopefully we can get confirmation that client node to client node listunspent propagation works too",
        "ts": "1505600271.000038"
    },
    {
        "type": "message",
        "user": "U02LQ1WHQ",
        "text": "if it does, then the ordermatch will go smoothly",
        "ts": "1505600282.000047"
    },
    {
        "type": "message",
        "user": "U02LQ1WHQ",
        "text": "if not, we will get mysterious ordermatch problems",
        "ts": "1505600292.000027"
    },
    {
        "type": "message",
        "user": "U02LQ1WHQ",
        "text": "so finding reproducible bugs with listunspent propagation will really help",
        "ts": "1505600318.000017"
    },
    {
        "type": "message",
        "user": "U2Q1DP6EQ",
        "text": "till now, both nodes can only see their own \"listunspents\", but i just restarted them couple of minutes ago",
        "ts": "1505600374.000012"
    },
    {
        "type": "message",
        "user": "U2Q1DP6EQ",
        "text": "hmmm, still no propagation, looks like is does not work",
        "ts": "1505600713.000013"
    },
    {
        "type": "message",
        "user": "U02LQ1WHQ",
        "text": "electrum side should print out something like:",
        "ts": "1505600727.000040"
    },
    {
        "type": "message",
        "user": "U02LQ1WHQ",
        "text": "v.1 numvouts.2 0.00727691 ({\"tx_pos\":1,\"value\":727691,\"tx_hash\":\"d28ee74915e71c2f2db53449002c6ad166c98eece3235f99e81ee2996dda0c7c\",\"height\":485232})\nv.0 numvouts.1 0.00416929 ({\"tx_pos\":0,\"value\":416929,\"tx_hash\":\"83a8baea6a5741c2c96ac346aef905c0f694acf6beeb764508969271b8fe6db0\",\"height\":485264})\nv.1 numvouts.2 0.00980000 ({\"tx_pos\":1,\"value\":980000,\"tx_hash\":\"e85478826d74936168197a655bc81bb918a31c278295a5f68d0eaff32b1a3900\",\"height\":485278})",
        "ts": "1505600728.000020"
    },
    {
        "type": "message",
        "user": "U02LQ1WHQ",
        "text": "hopefully you are note getting REJECT messages",
        "ts": "1505600752.000036"
    },
    {
        "type": "message",
        "user": "U2Q1DP6EQ",
        "text": "there are a lot of these numvouts... like this one",
        "ts": "1505600837.000001"
    },
    {
        "type": "message",
        "user": "U2Q1DP6EQ",
        "text": "v.0 numvouts.2 0.00568800 ({\"tx_hash\":\"c6bc61a8349357da494fe72067551a869a1245df58ad91adcc8212c0b57fb1e8\",\"tx_pos\":0,\"value\":568800,\"height\":165382})",
        "ts": "1505600838.000008"
    },
    {
        "type": "message",
        "user": "U02LQ1WHQ",
        "text": "i think the problem could be that I dont have your coins activated on the LP nodes and the listunspent might be ignored",
        "ts": "1505600841.000051"
    },
    {
        "type": "message",
        "user": "U2Q1DP6EQ",
        "text": "but only for non-BTC coins",
        "ts": "1505600857.000061"
    },
    {
        "type": "message",
        "user": "U02LQ1WHQ",
        "text": "yes, that must be it",
        "ts": "1505600860.000005"
    },
    {
        "type": "message",
        "user": "U02LQ1WHQ",
        "text": "pushed possible fix",
        "ts": "1505600922.000019"
    },
    {
        "type": "message",
        "user": "U02LQ1WHQ",
        "text": "restarting LP nodes",
        "ts": "1505601034.000022"
    },
    {
        "type": "message",
        "user": "U41M5AAJW",
        "text": "i dont get it... i execute .\/electrum",
        "ts": "1505601517.000042"
    },
    {
        "type": "message",
        "user": "U41M5AAJW",
        "text": "but my btc smart address keep saying inactive",
        "ts": "1505601529.000073"
    },
    {
        "type": "message",
        "user": "U41M5AAJW",
        "text": "if the wallet is build in now, how do i do the basic commands for wallet management and activation?",
        "ts": "1505601551.000039"
    },
    {
        "type": "message",
        "user": "U2Q1DP6EQ",
        "text": "the first command you execute after mm restart is not getting executed, try .\/electrum again and look if it gets activated",
        "ts": "1505601683.000031"
    },
    {
        "type": "message",
        "user": "U41M5AAJW",
        "text": "ok, now its active",
        "ts": "1505601805.000023"
    },
    {
        "type": "message",
        "user": "U2Q1DP6EQ",
        "text": "hmmm, listunspent works for non-electrum coins, at least KMD, but electrum-coins are not propagated",
        "ts": "1505603813.000054"
    },
    {
        "type": "message",
        "user": "U2Q1DP6EQ",
        "text": "yeah, some BTC listunspents got propagated to another node",
        "ts": "1505613336.000010"
    },
    {
        "type": "message",
        "user": "U2Q1DP6EQ",
        "text": "there are some problems which all seem related to big outputs, i have collected some",
        "ts": "1505613381.000060"
    },
    {
        "type": "message",
        "text": "",
        "files": [
            {
                "id": "F755XFRC6",
                "created": 1505613399,
                "timestamp": 1505613399,
                "name": "big_output.txt",
                "title": "big output",
                "mimetype": "text\/plain",
                "filetype": "text",
                "pretty_type": "Plain Text",
                "user": "U2Q1DP6EQ",
                "editable": true,
                "size": 727,
                "mode": "snippet",
                "is_external": false,
                "external_type": "",
                "is_public": true,
                "public_url_shared": false,
                "display_as_bot": false,
                "username": "",
                "url_private": "https:\/\/files.slack.com\/files-pri\/T02LAJBUW-F755XFRC6\/big_output.txt?t=xoxe-2690623982-420508393732-420508393844-55126cc98091fbe0399fac3c66f6ed8e",
                "url_private_download": "https:\/\/files.slack.com\/files-pri\/T02LAJBUW-F755XFRC6\/download\/big_output.txt?t=xoxe-2690623982-420508393732-420508393844-55126cc98091fbe0399fac3c66f6ed8e",
                "permalink": "https:\/\/komodo-platform.slack.com\/files\/U2Q1DP6EQ\/F755XFRC6\/big_output.txt",
                "permalink_public": "https:\/\/slack-files.com\/T02LAJBUW-F755XFRC6-d078660e45",
                "edit_link": "https:\/\/komodo-platform.slack.com\/files\/U2Q1DP6EQ\/F755XFRC6\/big_output.txt\/edit",
                "preview": "v.0 numvouts.1 0.13386210 ({\"tx_hash\":\"171594a3cc89bf23033c3672fc0f942ddf464c60e2ff4a11f641bb4bf698adba\",\"height\":474255,\"tx_pos\":0,\"value\":13386210})\r\niguana_vinparse illegal scriptlen.65535\r\n\r\nv.0 numvouts.1 0.13386210 ({\"tx_hash\":\"171594a3cc89bf23033c3672fc0f942ddf464c60e2ff4a11f641bb4bf698adba\",\"height\":474255,\"tx_pos\":0,\"value\":13386210})\r\ninvalidC tx_out.185 of 908 len.11443 vs maxsize.11333 n.140\r",
                "preview_highlight": "<div class=\"CodeMirror cm-s-default CodeMirrorServer\" oncopy=\"if(event.clipboardData){event.clipboardData.setData('text\/plain',window.getSelection().toString().replace(\/\\u200b\/g,''));event.preventDefault();event.stopPropagation();}\">\n<div class=\"CodeMirror-code\">\n<div><pre>v.0 numvouts.1 0.13386210 ({&quot;tx_hash&quot;:&quot;171594a3cc89bf23033c3672fc0f942ddf464c60e2ff4a11f641bb4bf698adba&quot;,&quot;height&quot;:474255,&quot;tx_pos&quot;:0,&quot;value&quot;:13386210})<\/pre><\/div>\n<div><pre>iguana_vinparse illegal scriptlen.65535<\/pre><\/div>\n<div><pre><\/pre><\/div>\n<div><pre>v.0 numvouts.1 0.13386210 ({&quot;tx_hash&quot;:&quot;171594a3cc89bf23033c3672fc0f942ddf464c60e2ff4a11f641bb4bf698adba&quot;,&quot;height&quot;:474255,&quot;tx_pos&quot;:0,&quot;value&quot;:13386210})<\/pre><\/div>\n<div><pre>invalidC tx_out.185 of 908 len.11443 vs maxsize.11333 n.140<\/pre><\/div>\n<div><pre><\/pre><\/div>\n<\/div>\n<\/div>\n",
                "lines": 10,
                "lines_more": 5,
                "preview_is_truncated": false
            }
        ],
        "upload": true,
        "user": "U2Q1DP6EQ",
        "display_as_bot": false,
        "ts": "1505613400.000018"
    },
    {
        "type": "message",
        "user": "U2Q1DP6EQ",
        "text": "171594a3cc89bf23033c3672fc0f942ddf464c60e2ff4a11f641bb4bf698adba is a transaction with 28 inputs and 1 output (the smartaddress of this node)",
        "ts": "1505614072.000039"
    }
]