[
    {
        "type": "message",
        "user": "U02LQ1WHQ",
        "text": "bobdeposit: HUSH a77410356809191dfc3dd67505cc54c7cebae59a4f30bda1efd2a1989dae7ab9\n\nalicepayment: KMD aaecfa5db040a11a5891954ef4a013e7a3d18686e3fd729500d64fdcbf0ce895\nbobspend: KMD de853487b05a1c03105371c1a5ad8e5b31640c8604f5ef185362ba24b97411db\n\nbobpayment: HUSH 5b48190ff25613f8319adb5a2b2d8314991de715bacffd337b3fa175f53e4dfa\nalicespend: HUSH 20e480a3e1e600b7832ef35dcfec099045721278140c2977d2a171664bdb84d2\n\nbobrefund: HUSH db9557e40866b22bf85f58d28053cabc5d8ca1a97ab3a4a3f07ec6a9462d8a77\n\nAbove is what I believe to be the first atomic cross chain swap between two zcash forks. I initiated it with a single autotrade command on the alice side. The bob side required to deposit some HUSH into the smartaddress derived from passphrase and to post a price for HUSH\/KMD",
        "ts": "1498207496.185632",
        "reactions": [
            {
                "name": "tada",
                "users": [
                    "U1GLCHPA8"
                ],
                "count": 1
            }
        ]
    },
    {
        "type": "message",
        "user": "U02LQ1WHQ",
        "text": "the bob side is in client mode, but using a hardcoded atomic swap port using \"canbind\":portnum",
        "ts": "1498207532.193608"
    },
    {
        "type": "message",
        "user": "U02LQ1WHQ",
        "text": "I forgot about the firewall on that node and of course if firewall is enabled and you are generating random ports to use, it will most likely fail, so I made a special bypass of the random port selection for canbind",
        "ts": "1498207574.202935"
    },
    {
        "type": "message",
        "user": "U02LQ1WHQ",
        "text": "by default it is assumed that non-unix systems wont be able to bind a port that external nodes can connect to. However, some unix nodes also wont be able to, so you might need to set the \"cantbind\":0 in the command line to tell the DEX that you need to be in the forwarding required client mode",
        "ts": "1498207639.217519"
    },
    {
        "type": "message",
        "user": "U02LQ1WHQ",
        "text": "so, now I have successfully done atomic swaps between client node (alice) and LPnode (bob), and client node (alice) and client node (bob: canbind:port)",
        "ts": "1498207699.230660"
    },
    {
        "type": "message",
        "user": "U02LQ1WHQ",
        "text": "the most difficult combination of client node (alice) to client node (bob: cantbind:0) is the final test case which I think once solved will mean almost all combinations should work",
        "ts": "1498207753.242504"
    },
    {
        "type": "message",
        "user": "U02LQ1WHQ",
        "text": "there is also the client node (bob: canbind:1) which is the same mode the LPnodes are in, so I havent tested that directly, but short of a blatant logic error (its possible) it should also work",
        "ts": "1498207795.251814"
    },
    {
        "type": "message",
        "user": "U02LQ1WHQ",
        "text": "I guess having the alice side being able to bind is also some additional test cases, but if it works with canbind:0, it shouldnt have much problems with canbind:1",
        "ts": "1498207849.264213",
        "reactions": [
            {
                "name": "rocket",
                "users": [
                    "U1GLCHPA8"
                ],
                "count": 1
            }
        ]
    },
    {
        "user": "U5WECLQE8",
        "text": "<@U5WECLQE8> has joined the channel",
        "type": "message",
        "subtype": "channel_join",
        "ts": "1498209006.528462"
    },
    {
        "type": "message",
        "text": "",
        "files": [
            {
                "id": "F5Y0B3XC1",
                "created": 1498221717,
                "timestamp": 1498221717,
                "name": "Screen Shot 2017-06-24 at 12.41.34 AM.png",
                "title": "EasyDEX - Ugly GUI updated June 24",
                "mimetype": "image\/png",
                "filetype": "png",
                "pretty_type": "PNG",
                "user": "U03SKEFEL",
                "editable": false,
                "size": 647155,
                "mode": "hosted",
                "is_external": false,
                "external_type": "",
                "is_public": true,
                "public_url_shared": false,
                "display_as_bot": false,
                "username": "",
                "url_private": "https:\/\/files.slack.com\/files-pri\/T02LAJBUW-F5Y0B3XC1\/screen_shot_2017-06-24_at_12.41.34_am.png?t=xoxe-2690623982-420508393732-420508393844-55126cc98091fbe0399fac3c66f6ed8e",
                "url_private_download": "https:\/\/files.slack.com\/files-pri\/T02LAJBUW-F5Y0B3XC1\/download\/screen_shot_2017-06-24_at_12.41.34_am.png?t=xoxe-2690623982-420508393732-420508393844-55126cc98091fbe0399fac3c66f6ed8e",
                "thumb_64": "https:\/\/files.slack.com\/files-tmb\/T02LAJBUW-F5Y0B3XC1-bf28b5f1ac\/screen_shot_2017-06-24_at_12.41.34_am_64.png?t=xoxe-2690623982-420508393732-420508393844-55126cc98091fbe0399fac3c66f6ed8e",
                "thumb_80": "https:\/\/files.slack.com\/files-tmb\/T02LAJBUW-F5Y0B3XC1-bf28b5f1ac\/screen_shot_2017-06-24_at_12.41.34_am_80.png?t=xoxe-2690623982-420508393732-420508393844-55126cc98091fbe0399fac3c66f6ed8e",
                "thumb_360": "https:\/\/files.slack.com\/files-tmb\/T02LAJBUW-F5Y0B3XC1-bf28b5f1ac\/screen_shot_2017-06-24_at_12.41.34_am_360.png?t=xoxe-2690623982-420508393732-420508393844-55126cc98091fbe0399fac3c66f6ed8e",
                "thumb_360_w": 360,
                "thumb_360_h": 228,
                "thumb_480": "https:\/\/files.slack.com\/files-tmb\/T02LAJBUW-F5Y0B3XC1-bf28b5f1ac\/screen_shot_2017-06-24_at_12.41.34_am_480.png?t=xoxe-2690623982-420508393732-420508393844-55126cc98091fbe0399fac3c66f6ed8e",
                "thumb_480_w": 480,
                "thumb_480_h": 304,
                "thumb_160": "https:\/\/files.slack.com\/files-tmb\/T02LAJBUW-F5Y0B3XC1-bf28b5f1ac\/screen_shot_2017-06-24_at_12.41.34_am_160.png?t=xoxe-2690623982-420508393732-420508393844-55126cc98091fbe0399fac3c66f6ed8e",
                "thumb_720": "https:\/\/files.slack.com\/files-tmb\/T02LAJBUW-F5Y0B3XC1-bf28b5f1ac\/screen_shot_2017-06-24_at_12.41.34_am_720.png?t=xoxe-2690623982-420508393732-420508393844-55126cc98091fbe0399fac3c66f6ed8e",
                "thumb_720_w": 720,
                "thumb_720_h": 456,
                "thumb_800": "https:\/\/files.slack.com\/files-tmb\/T02LAJBUW-F5Y0B3XC1-bf28b5f1ac\/screen_shot_2017-06-24_at_12.41.34_am_800.png?t=xoxe-2690623982-420508393732-420508393844-55126cc98091fbe0399fac3c66f6ed8e",
                "thumb_800_w": 800,
                "thumb_800_h": 507,
                "thumb_960": "https:\/\/files.slack.com\/files-tmb\/T02LAJBUW-F5Y0B3XC1-bf28b5f1ac\/screen_shot_2017-06-24_at_12.41.34_am_960.png?t=xoxe-2690623982-420508393732-420508393844-55126cc98091fbe0399fac3c66f6ed8e",
                "thumb_960_w": 960,
                "thumb_960_h": 608,
                "thumb_1024": "https:\/\/files.slack.com\/files-tmb\/T02LAJBUW-F5Y0B3XC1-bf28b5f1ac\/screen_shot_2017-06-24_at_12.41.34_am_1024.png?t=xoxe-2690623982-420508393732-420508393844-55126cc98091fbe0399fac3c66f6ed8e",
                "thumb_1024_w": 1024,
                "thumb_1024_h": 649,
                "image_exif_rotation": 1,
                "original_w": 3584,
                "original_h": 2270,
                "permalink": "https:\/\/komodo-platform.slack.com\/files\/U03SKEFEL\/F5Y0B3XC1\/screen_shot_2017-06-24_at_12.41.34_am.png",
                "permalink_public": "https:\/\/slack-files.com\/T02LAJBUW-F5Y0B3XC1-7300338327",
                "reactions": [
                    {
                        "name": "clap",
                        "users": [
                            "U149LRJDR",
                            "U5W1HD2B0",
                            "U0EGQUAPJ",
                            "U2KQU7Y3G",
                            "U047X3GAM",
                            "U41JPDUSG",
                            "U034A5DJC"
                        ],
                        "count": 7
                    },
                    {
                        "name": "dex_logo",
                        "users": [
                            "U37CPU0CA",
                            "U0EGQUAPJ",
                            "U047X3GAM",
                            "U41JPDUSG",
                            "U034A5DJC"
                        ],
                        "count": 5
                    },
                    {
                        "name": "komodo_logo",
                        "users": [
                            "U37CPU0CA",
                            "U5W1HD2B0",
                            "U0EGQUAPJ",
                            "U047X3GAM",
                            "U41JPDUSG",
                            "U034A5DJC"
                        ],
                        "count": 6
                    },
                    {
                        "name": "wave",
                        "users": [
                            "U37CPU0CA",
                            "U0EGQUAPJ",
                            "U047X3GAM",
                            "U41JPDUSG"
                        ],
                        "count": 4
                    },
                    {
                        "name": "yassinkomodo",
                        "users": [
                            "U047X3GAM",
                            "U41JPDUSG"
                        ],
                        "count": 2
                    }
                ]
            }
        ],
        "upload": true,
        "user": "U03SKEFEL",
        "display_as_bot": false,
        "reactions": [
            {
                "name": "clap",
                "users": [
                    "U149LRJDR",
                    "U5W1HD2B0",
                    "U0EGQUAPJ",
                    "U2KQU7Y3G",
                    "U047X3GAM",
                    "U41JPDUSG",
                    "U034A5DJC"
                ],
                "count": 7
            },
            {
                "name": "dex_logo",
                "users": [
                    "U37CPU0CA",
                    "U0EGQUAPJ",
                    "U047X3GAM",
                    "U41JPDUSG",
                    "U034A5DJC"
                ],
                "count": 5
            },
            {
                "name": "komodo_logo",
                "users": [
                    "U37CPU0CA",
                    "U5W1HD2B0",
                    "U0EGQUAPJ",
                    "U047X3GAM",
                    "U41JPDUSG",
                    "U034A5DJC"
                ],
                "count": 6
            },
            {
                "name": "wave",
                "users": [
                    "U37CPU0CA",
                    "U0EGQUAPJ",
                    "U047X3GAM",
                    "U41JPDUSG"
                ],
                "count": 4
            },
            {
                "name": "yassinkomodo",
                "users": [
                    "U047X3GAM",
                    "U41JPDUSG"
                ],
                "count": 2
            }
        ],
        "edited": {
            "user": "U03SKEFEL",
            "ts": "1498222292.000000"
        },
        "ts": "1498221722.059537"
    },
    {
        "type": "message",
        "user": "U03SKEFEL",
        "text": "latest ugly gui code for EasyDEX is updated on github",
        "ts": "1498221738.063210",
        "reactions": [
            {
                "name": "+1",
                "users": [
                    "U2GC2GXTP",
                    "U047X3GAM"
                ],
                "count": 2
            },
            {
                "name": "iguana",
                "users": [
                    "U2GC2GXTP",
                    "U047X3GAM"
                ],
                "count": 2
            }
        ]
    },
    {
        "type": "message",
        "user": "U03SKEFEL",
        "text": "Same LP setup guide in this channel's purpose applies to this GUI",
        "ts": "1498221937.113731"
    },
    {
        "type": "message",
        "user": "U03SKEFEL",
        "text": "<@U1SJT84KS> we are close to port this gui to react.js",
        "ts": "1498221988.127103",
        "reactions": [
            {
                "name": "+1",
                "users": [
                    "U2GC2GXTP"
                ],
                "count": 1
            }
        ]
    },
    {
        "user": "U5Y4YA799",
        "text": "<@U5Y4YA799> has joined the channel",
        "type": "message",
        "subtype": "channel_join",
        "ts": "1498253376.135001"
    },
    {
        "type": "message",
        "user": "U5WU93QUQ",
        "text": "hello all",
        "ts": "1498285176.553612"
    },
    {
        "type": "message",
        "user": "U5WU93QUQ",
        "text": "my buddy is trying to set his rig up to mine but it keeps killing his miners with errors in EWBF cuda miner which is meant for zcash, but is supposed to work here as well. is that a correct assumption?",
        "ts": "1498285248.558477"
    },
    {
        "type": "message",
        "user": "U5WU93QUQ",
        "text": "is there any documentation that he can look at?",
        "ts": "1498285314.562693"
    },
    {
        "type": "message",
        "user": "U5WU93QUQ",
        "text": "thanks",
        "ts": "1498285329.563643"
    },
    {
        "type": "message",
        "user": "U5WU93QUQ",
        "text": "it's kind of working under EWBF now, geting 2615 Sol\/s but it seems real unstable -- I will try one of the other equihash miners\"",
        "ts": "1498285440.570998"
    },
    {
        "type": "message",
        "user": "U03SKEFEL",
        "text": "<@U5WU93QUQ> ask in <#C4B1KPGSU|mining-room>",
        "ts": "1498286083.612743"
    },
    {
        "type": "message",
        "user": "U5WU93QUQ",
        "text": "thank you <@U03SKEFEL>! im on it",
        "ts": "1498286111.614605"
    },
    {
        "type": "message",
        "user": "U03SKEFEL",
        "text": ":+1:",
        "ts": "1498286138.616542"
    }
]