[
    {
        "type": "message",
        "user": "U6PPCCQ00",
        "text": "any one help me on how to set order on barterdex  ?",
        "ts": "1505212224.000117"
    },
    {
        "type": "message",
        "user": "U0M7T1B7E",
        "text": "someone will get to you but this should help\n<http:\/\/pad.supernet.org\/barterdex-readme>",
        "ts": "1505214878.000173"
    },
    {
        "type": "message",
        "user": "U6PPCCQ00",
        "text": "I am in halfway though, i followed the same",
        "ts": "1505215930.000124"
    },
    {
        "type": "message",
        "user": "U41M5AAJW",
        "text": "<@U6PPCCQ00>",
        "ts": "1505229106.000483"
    },
    {
        "type": "message",
        "user": "U41M5AAJW",
        "text": "we should discuss this in public",
        "ts": "1505229112.000846"
    },
    {
        "type": "message",
        "user": "U41M5AAJW",
        "text": "nabob is trying to see his chips inventory but it doesnt show",
        "ts": "1505229150.000839"
    },
    {
        "type": "message",
        "user": "U6PPCCQ00",
        "text": "ok, what i  see is all asset chains have same smart address ?",
        "ts": "1505229153.000151"
    },
    {
        "type": "message",
        "user": "U41M5AAJW",
        "text": "i already fixed his code so that he is sure the coin is active",
        "ts": "1505229167.000508"
    },
    {
        "type": "message",
        "user": "U6PPCCQ00",
        "text": "is this expected  ?",
        "ts": "1505229168.000293"
    },
    {
        "type": "message",
        "user": "U41M5AAJW",
        "text": "yes, assetchains should have the same address as kmd",
        "ts": "1505229198.000374"
    },
    {
        "type": "message",
        "user": "U41M5AAJW",
        "text": "chips is not an assetchain though",
        "ts": "1505229217.000329"
    },
    {
        "type": "message",
        "user": "U6PPCCQ00",
        "text": "```root@Ubuntu-1604-xenial-64-nextcloud ~\/SuperNET\/iguana\/dexscripts # .\/inv\n{\"result\":\"success\",\"coin\":\"CHIPS\",\"timestamp\":1505229215,\"alice\":[],\"bob\":[]}```",
        "ts": "1505229233.000280"
    },
    {
        "type": "message",
        "user": "U02LQ1WHQ",
        "text": "but CHIPS has same address format as KMD -&gt; same smartaddress",
        "ts": "1505229255.000087"
    },
    {
        "type": "message",
        "user": "U41M5AAJW",
        "text": "hmm ok, then it should be the same",
        "edited": {
            "user": "U41M5AAJW",
            "ts": "1505229303.000000"
        },
        "ts": "1505229293.000521"
    },
    {
        "type": "message",
        "user": "U6PPCCQ00",
        "text": "ok",
        "ts": "1505229299.000266"
    },
    {
        "type": "message",
        "user": "U6PPCCQ00",
        "text": "when i enabled chips, i crosschecked  its active. But, after depositing crypto to  smart address. I cant see balance",
        "ts": "1505229378.000315"
    },
    {
        "type": "message",
        "text": "",
        "files": [
            {
                "id": "F71TQ8T52",
                "created": 1505229421,
                "timestamp": 1505229421,
                "name": "-.txt",
                "title": "Untitled",
                "mimetype": "text\/plain",
                "filetype": "text",
                "pretty_type": "Plain Text",
                "user": "U6PPCCQ00",
                "editable": true,
                "size": 1727,
                "mode": "snippet",
                "is_external": false,
                "external_type": "",
                "is_public": true,
                "public_url_shared": false,
                "display_as_bot": false,
                "username": "",
                "url_private": "https:\/\/files.slack.com\/files-pri\/T02LAJBUW-F71TQ8T52\/-.txt?t=xoxe-2690623982-420508393732-420508393844-55126cc98091fbe0399fac3c66f6ed8e",
                "url_private_download": "https:\/\/files.slack.com\/files-pri\/T02LAJBUW-F71TQ8T52\/download\/-.txt?t=xoxe-2690623982-420508393732-420508393844-55126cc98091fbe0399fac3c66f6ed8e",
                "permalink": "https:\/\/komodo-platform.slack.com\/files\/U6PPCCQ00\/F71TQ8T52\/-.txt",
                "permalink_public": "https:\/\/slack-files.com\/T02LAJBUW-F71TQ8T52-c11d8dac80",
                "edit_link": "https:\/\/komodo-platform.slack.com\/files\/U6PPCCQ00\/F71TQ8T52\/-.txt\/edit",
                "preview": "  {\r\n    \"account\": \"\",\r\n    \"address\": \"RSHdqEDXBzkiesqqx1pcVuYfuwh1XiMBEi\",\r\n    \"category\": \"send\",\r\n    \"amount\": -10.00000000,\r",
                "preview_highlight": "<div class=\"CodeMirror cm-s-default CodeMirrorServer\" oncopy=\"if(event.clipboardData){event.clipboardData.setData('text\/plain',window.getSelection().toString().replace(\/\\u200b\/g,''));event.preventDefault();event.stopPropagation();}\">\n<div class=\"CodeMirror-code\">\n<div><pre>  {<\/pre><\/div>\n<div><pre>    &quot;account&quot;: &quot;&quot;,<\/pre><\/div>\n<div><pre>    &quot;address&quot;: &quot;RSHdqEDXBzkiesqqx1pcVuYfuwh1XiMBEi&quot;,<\/pre><\/div>\n<div><pre>    &quot;category&quot;: &quot;send&quot;,<\/pre><\/div>\n<div><pre>    &quot;amount&quot;: -10.00000000,<\/pre><\/div>\n<div><pre><\/pre><\/div>\n<\/div>\n<\/div>\n",
                "lines": 58,
                "lines_more": 53,
                "preview_is_truncated": true
            }
        ],
        "upload": true,
        "user": "U6PPCCQ00",
        "display_as_bot": false,
        "ts": "1505229422.000227"
    },
    {
        "type": "message",
        "user": "U0394QTC7",
        "text": "i did a chips trade real smoothly, so it shouldn't be that difficult",
        "ts": "1505229706.000023"
    },
    {
        "type": "message",
        "user": "U0394QTC7",
        "text": "as in: the normal procedure should be ok",
        "ts": "1505229713.000488"
    },
    {
        "type": "message",
        "user": "U6PPCCQ00",
        "text": "i enable the coins\n`curl --url \"<http:\/\/127.0.0.1:7779>\" --data \"{\\\"userpass\\\":\\\"$userpass\\\",\\\"method\\\":\\\"enable\\\",\\\"coin\\\":\\\"CHIPS\\\"}\"`\n\nany parameter is missing here  ?",
        "ts": "1505229848.000279"
    },
    {
        "type": "message",
        "user": "U0394QTC7",
        "text": "looks fine to me. is it in the coins file too?",
        "ts": "1505229880.000771"
    },
    {
        "type": "message",
        "user": "U6PPCCQ00",
        "text": "also added chips active in coins file",
        "ts": "1505229889.000364"
    },
    {
        "type": "message",
        "user": "U6PPCCQ00",
        "text": "its been 6 hours i deposited",
        "ts": "1505229926.000038"
    },
    {
        "type": "message",
        "user": "U0394QTC7",
        "text": "then you don't have to enable the coin",
        "ts": "1505229932.000046"
    },
    {
        "type": "message",
        "user": "U0394QTC7",
        "text": "to the smart address?",
        "ts": "1505229945.000435"
    },
    {
        "type": "message",
        "user": "U6PPCCQ00",
        "text": "yes",
        "ts": "1505229956.000116"
    },
    {
        "type": "message",
        "user": "U0394QTC7",
        "text": "which address?",
        "ts": "1505229973.000251"
    },
    {
        "type": "message",
        "user": "U41M5AAJW",
        "text": "yes, i helped him add it to the coins file as active",
        "ts": "1505229978.000823"
    },
    {
        "type": "message",
        "user": "U0394QTC7",
        "text": "and does it have at least 2 utxo's?",
        "ts": "1505229983.000363"
    },
    {
        "type": "message",
        "user": "U6PPCCQ00",
        "text": "i  attached code snippet ^^^^",
        "ts": "1505230004.000593"
    },
    {
        "type": "message",
        "user": "U6PPCCQ00",
        "text": "any pointers ?",
        "ts": "1505230408.000411"
    },
    {
        "type": "message",
        "user": "U0394QTC7",
        "text": "mmh",
        "ts": "1505230409.000747"
    },
    {
        "type": "message",
        "user": "U0394QTC7",
        "text": "rerun .\/client after you did `pkill -15 marketmaker`",
        "ts": "1505230487.000452"
    },
    {
        "type": "message",
        "user": "U0394QTC7",
        "text": "and watch the output for any strange messages",
        "ts": "1505230639.000458"
    },
    {
        "type": "message",
        "user": "U6PPCCQ00",
        "text": "```&lt;&lt;&lt;&lt;&lt;&lt;&lt;&lt;&lt;&lt;&lt; bitcoind_RPC: CHIPS post_process_bitcoind_RPC.getinfo.[]\nerror getting info.CHIPS\n&lt;&lt;&lt;&lt;&lt;&lt;&lt;&lt;&lt;&lt;&lt; bitcoind_RPC: CHIPS post_process_bitcoind_RPC.listunspent.[]\n```",
        "ts": "1505230693.000400"
    },
    {
        "type": "message",
        "user": "U02LQ1WHQ",
        "text": "what is in your chips.conf file and where is it",
        "ts": "1505230725.000462"
    },
    {
        "type": "message",
        "user": "U41M5AAJW",
        "text": "aha!",
        "ts": "1505230749.000732"
    },
    {
        "type": "message",
        "user": "U41M5AAJW",
        "text": "i didnt ask about conf file",
        "ts": "1505230756.000240"
    },
    {
        "type": "message",
        "user": "U41M5AAJW",
        "text": "that must be it",
        "ts": "1505230759.000527"
    },
    {
        "type": "message",
        "user": "U02LQ1WHQ",
        "text": "&lt;&lt;&lt;&lt;&lt;&lt;&lt;&lt;&lt;&lt;&lt; bitcoind_RPC: CHIPS post_process_bitcoind_RPC.getinfo.[] null returns usually mean rpc problem",
        "ts": "1505230769.000709"
    },
    {
        "type": "message",
        "text": "",
        "files": [
            {
                "id": "F72V5RW31",
                "created": 1505230768,
                "timestamp": 1505230768,
                "name": "image.png",
                "title": "image.png",
                "mimetype": "image\/png",
                "filetype": "png",
                "pretty_type": "PNG",
                "user": "U6PPCCQ00",
                "editable": false,
                "size": 14463,
                "mode": "hosted",
                "is_external": false,
                "external_type": "",
                "is_public": true,
                "public_url_shared": false,
                "display_as_bot": false,
                "username": "",
                "url_private": "https:\/\/files.slack.com\/files-pri\/T02LAJBUW-F72V5RW31\/image.png?t=xoxe-2690623982-420508393732-420508393844-55126cc98091fbe0399fac3c66f6ed8e",
                "url_private_download": "https:\/\/files.slack.com\/files-pri\/T02LAJBUW-F72V5RW31\/download\/image.png?t=xoxe-2690623982-420508393732-420508393844-55126cc98091fbe0399fac3c66f6ed8e",
                "thumb_64": "https:\/\/files.slack.com\/files-tmb\/T02LAJBUW-F72V5RW31-01299b2bed\/image_64.png?t=xoxe-2690623982-420508393732-420508393844-55126cc98091fbe0399fac3c66f6ed8e",
                "thumb_80": "https:\/\/files.slack.com\/files-tmb\/T02LAJBUW-F72V5RW31-01299b2bed\/image_80.png?t=xoxe-2690623982-420508393732-420508393844-55126cc98091fbe0399fac3c66f6ed8e",
                "thumb_360": "https:\/\/files.slack.com\/files-tmb\/T02LAJBUW-F72V5RW31-01299b2bed\/image_360.png?t=xoxe-2690623982-420508393732-420508393844-55126cc98091fbe0399fac3c66f6ed8e",
                "thumb_360_w": 360,
                "thumb_360_h": 35,
                "thumb_480": "https:\/\/files.slack.com\/files-tmb\/T02LAJBUW-F72V5RW31-01299b2bed\/image_480.png?t=xoxe-2690623982-420508393732-420508393844-55126cc98091fbe0399fac3c66f6ed8e",
                "thumb_480_w": 480,
                "thumb_480_h": 47,
                "thumb_160": "https:\/\/files.slack.com\/files-tmb\/T02LAJBUW-F72V5RW31-01299b2bed\/image_160.png?t=xoxe-2690623982-420508393732-420508393844-55126cc98091fbe0399fac3c66f6ed8e",
                "thumb_720": "https:\/\/files.slack.com\/files-tmb\/T02LAJBUW-F72V5RW31-01299b2bed\/image_720.png?t=xoxe-2690623982-420508393732-420508393844-55126cc98091fbe0399fac3c66f6ed8e",
                "thumb_720_w": 720,
                "thumb_720_h": 71,
                "thumb_800": "https:\/\/files.slack.com\/files-tmb\/T02LAJBUW-F72V5RW31-01299b2bed\/image_800.png?t=xoxe-2690623982-420508393732-420508393844-55126cc98091fbe0399fac3c66f6ed8e",
                "thumb_800_w": 800,
                "thumb_800_h": 79,
                "image_exif_rotation": 1,
                "original_w": 845,
                "original_h": 83,
                "permalink": "https:\/\/komodo-platform.slack.com\/files\/U6PPCCQ00\/F72V5RW31\/image.png",
                "permalink_public": "https:\/\/slack-files.com\/T02LAJBUW-F72V5RW31-7efaf8b0cd"
            }
        ],
        "upload": true,
        "user": "U6PPCCQ00",
        "display_as_bot": false,
        "ts": "1505230771.000220"
    },
    {
        "type": "message",
        "user": "U6PPCCQ00",
        "text": "port listening fine which i mentioned in conf and coins file",
        "ts": "1505230800.000313"
    },
    {
        "type": "message",
        "user": "U02LQ1WHQ",
        "text": "jl777 [5:38 PM] \nwhat is in your chips.conf file and where is it",
        "ts": "1505230831.000103"
    },
    {
        "type": "message",
        "user": "U41M5AAJW",
        "text": "did you add rpcuser and rpcpassword?",
        "ts": "1505230836.000234"
    },
    {
        "type": "message",
        "user": "U41M5AAJW",
        "text": "also server=1?",
        "ts": "1505230846.000282"
    },
    {
        "type": "message",
        "user": "U6PPCCQ00",
        "text": "no chips.conf from day one for me",
        "ts": "1505230857.000063"
    },
    {
        "type": "message",
        "user": "U02LQ1WHQ",
        "text": "how is marketmaker supposed to communicate with daemon if it cant find the .conf file",
        "ts": "1505230888.000483"
    },
    {
        "type": "message",
        "user": "U6PPCCQ00",
        "text": "ok. i suspected if we mention explictly only it goes to conf file like arctic coin",
        "ts": "1505230962.000067"
    },
    {
        "type": "message",
        "user": "U0394QTC7",
        "text": "this is actually not in the readme",
        "ts": "1505230979.000449"
    },
    {
        "type": "message",
        "user": "U41M5AAJW",
        "text": "hhmm",
        "ts": "1505230993.000368"
    },
    {
        "type": "message",
        "user": "U0394QTC7",
        "text": "but it is on <http:\/\/support.supernet.org|support.supernet.org>",
        "ts": "1505230998.000407"
    },
    {
        "type": "message",
        "user": "U41M5AAJW",
        "text": "we should do a section explaining the importance of conf files for barterdex",
        "ts": "1505231014.000458"
    },
    {
        "type": "message",
        "user": "U41M5AAJW",
        "text": "and a guide for the most common requirements",
        "ts": "1505231034.000519"
    },
    {
        "type": "message",
        "user": "U6PPCCQ00",
        "text": "even if we mention rpc port also in coins file, it goes to conf file ?",
        "edited": {
            "user": "U6PPCCQ00",
            "ts": "1505231166.000000"
        },
        "ts": "1505231133.000266"
    },
    {
        "type": "message",
        "user": "U6PPCCQ00",
        "text": "do we need to mention rpc port in  chips.conf",
        "ts": "1505231460.000521"
    },
    {
        "type": "message",
        "user": "U41M5AAJW",
        "text": "yes",
        "ts": "1505231483.000409"
    },
    {
        "type": "message",
        "user": "U41M5AAJW",
        "text": "preferably",
        "ts": "1505231491.000646"
    },
    {
        "type": "message",
        "user": "U02LQ1WHQ",
        "text": "actually better to not have rpcport in the conf file",
        "ts": "1505231504.000688"
    },
    {
        "type": "message",
        "user": "U41M5AAJW",
        "text": "really?",
        "ts": "1505231567.000361"
    },
    {
        "type": "message",
        "user": "U41M5AAJW",
        "text": "i though it was something important for everything appart of btc",
        "ts": "1505231581.000097"
    },
    {
        "type": "message",
        "user": "U02LQ1WHQ",
        "text": "it is in coins file",
        "ts": "1505231584.000141"
    },
    {
        "type": "message",
        "user": "U41M5AAJW",
        "text": "ok.",
        "ts": "1505231595.000313"
    },
    {
        "type": "message",
        "user": "U02LQ1WHQ",
        "text": "i guess for things like BCH, it is the exception",
        "ts": "1505231602.000438"
    },
    {
        "type": "message",
        "user": "U6PPCCQ00",
        "text": "Its there in Coins file, am confused here marketmaker how it verifies the rpc connection ?",
        "ts": "1505231697.000430"
    },
    {
        "type": "message",
        "user": "U02LQ1WHQ",
        "text": "by issuing calls",
        "ts": "1505231772.000002"
    },
    {
        "type": "message",
        "user": "U6PPCCQ00",
        "text": "so, it refers to conf file",
        "ts": "1505231931.000119"
    },
    {
        "type": "message",
        "user": "U6PPCCQ00",
        "text": "i restarted chips daemon, it fails normal start asks for reindex, is this ignorable",
        "ts": "1505231977.000162"
    },
    {
        "type": "message",
        "user": "U02LQ1WHQ",
        "text": "seems you changed to txindex=1 in the conf, you can set it to 0 and it wont reindex",
        "ts": "1505232037.000137"
    },
    {
        "type": "message",
        "user": "U6PPCCQ00",
        "text": "Noted",
        "ts": "1505232053.000617"
    },
    {
        "type": "message",
        "user": "U6PPCCQ00",
        "text": "If i compare with komodo, there is dependency for conf file during initial start, not for chips (may be this is not impt)",
        "ts": "1505232257.000051"
    },
    {
        "type": "message",
        "user": "U6PPCCQ00",
        "text": "Thanks all i can see utxo for chips:+1:",
        "ts": "1505232479.000036"
    },
    {
        "type": "message",
        "user": "U41M5AAJW",
        "text": "Did inv work?",
        "ts": "1505233287.000410"
    },
    {
        "type": "message",
        "user": "U6PPCCQ00",
        "text": "yes",
        "ts": "1505233505.000114"
    },
    {
        "type": "message",
        "user": "U41M5AAJW",
        "text": "Woot woot!",
        "ts": "1505234031.000286"
    },
    {
        "type": "message",
        "user": "U41M5AAJW",
        "text": ":champagne: ",
        "ts": "1505234038.000005"
    },
    {
        "type": "message",
        "user": "U41M5AAJW",
        "text": "Now see if you have chips orders listed",
        "ts": "1505234056.000042"
    },
    {
        "type": "message",
        "user": "U41M5AAJW",
        "text": "With .\/orderbook",
        "ts": "1505234068.000477"
    },
    {
        "type": "message",
        "user": "U41M5AAJW",
        "text": "Edit the script to have chips listed",
        "ts": "1505234082.000545"
    },
    {
        "type": "message",
        "user": "U6PPCCQ00",
        "text": "in coins file i cant see btc is enabled or any entry",
        "ts": "1505234206.000222"
    },
    {
        "type": "message",
        "user": "U41M5AAJW",
        "text": "Btc is activated through the enable script",
        "ts": "1505234234.000347"
    },
    {
        "type": "message",
        "user": "U41M5AAJW",
        "text": "But you can place your asks for kmd :p",
        "edited": {
            "user": "U41M5AAJW",
            "ts": "1505237506.000000"
        },
        "ts": "1505234251.000124"
    },
    {
        "type": "message",
        "user": "U41M5AAJW",
        "text": "So i can buy them later",
        "ts": "1505234258.000066"
    },
    {
        "type": "message",
        "user": "U6PPCCQ00",
        "text": "make me rich :stuck_out_tongue:",
        "ts": "1505234423.000263"
    },
    {
        "user": "U5L1NSR5E",
        "text": "<@U5L1NSR5E> has left the channel",
        "type": "message",
        "subtype": "channel_leave",
        "ts": "1505238806.000348"
    }
]