[
    {
        "type": "message",
        "user": "U37CPU0CA",
        "text": "Do we have maid coin in BarterDex?",
        "ts": "1505075830.000020"
    },
    {
        "type": "message",
        "user": "U02LQ1WHQ",
        "text": "it isnt bitcoin protocol",
        "ts": "1505075953.000048"
    },
    {
        "type": "message",
        "user": "U37CPU0CA",
        "text": "And is not possible? I don't know what protocol they use I just need info it's same protocol like USDT?",
        "ts": "1505076366.000126"
    },
    {
        "type": "message",
        "user": "U33CGLNNR",
        "text": "Maidcoin was on the list ",
        "ts": "1505076367.000062"
    },
    {
        "type": "message",
        "user": "U33CGLNNR",
        "text": "Let me check",
        "edited": {
            "user": "U33CGLNNR",
            "ts": "1505076376.000000"
        },
        "ts": "1505076370.000041"
    },
    {
        "type": "message",
        "user": "U02LQ1WHQ",
        "text": "i think it is a counterparty coin, not directly compatible",
        "ts": "1505076402.000064"
    },
    {
        "type": "message",
        "user": "U66SWTM47",
        "text": "If that's the case, could you buy XCP through BarterDEX?",
        "ts": "1505076466.000022"
    },
    {
        "type": "message",
        "user": "U37CPU0CA",
        "text": "Its not directly compatible but with work it can be done?",
        "ts": "1505076541.000012"
    },
    {
        "type": "message",
        "user": "U02LQ1WHQ",
        "text": "theoretically it should be possible, I just dont have it on my todo list and I dont want to add it",
        "ts": "1505076675.000076"
    },
    {
        "type": "message",
        "user": "U02LQ1WHQ",
        "text": "so somebody else will need to step up to do it",
        "ts": "1505076684.000067"
    },
    {
        "type": "message",
        "user": "U37CPU0CA",
        "text": "Ok thanks, it's Omini protocol ",
        "ts": "1505077040.000008"
    },
    {
        "type": "message",
        "user": "U37CPU0CA",
        "text": "Are they same sorry jl",
        "ts": "1505077070.000048"
    },
    {
        "type": "message",
        "user": "U02LQ1WHQ",
        "text": "not at all, omni is not bitcoin protocol",
        "ts": "1505077334.000062"
    },
    {
        "type": "message",
        "user": "U66SWTM47",
        "text": "He meant that Maid coin is the same as Omni.",
        "ts": "1505077578.000050"
    },
    {
        "type": "message",
        "user": "U02LQ1WHQ",
        "text": "i know",
        "ts": "1505077611.000071"
    },
    {
        "type": "message",
        "user": "U66SWTM47",
        "text": "I was asking about XCP because David Mercer is planning implementing Counterparty on top of Hush.",
        "ts": "1505077695.000006"
    },
    {
        "type": "message",
        "user": "U66SWTM47",
        "text": "It would be nice, having those assets too. But I understand the limitations.",
        "ts": "1505077741.000067"
    },
    {
        "type": "message",
        "user": "U41M5AAJW",
        "text": "i notice that when i first do utxos to trade with a coin it doesnt show in the barterdex... i need to restart it for them to show",
        "ts": "1505082618.000047"
    },
    {
        "type": "message",
        "user": "U02LQ1WHQ",
        "text": "do you wait for some confirmations?",
        "ts": "1505082733.000057"
    },
    {
        "type": "message",
        "user": "U02LQ1WHQ",
        "text": "doing inventory can also help propagate",
        "ts": "1505082758.000005"
    },
    {
        "type": "message",
        "user": "U41M5AAJW",
        "text": "im using the gui",
        "ts": "1505082912.000096"
    },
    {
        "type": "message",
        "user": "U41M5AAJW",
        "text": "yes, i wait for confirmations",
        "ts": "1505082978.000043"
    },
    {
        "type": "message",
        "user": "U41M5AAJW",
        "text": "sometimes just the alice appears not the bob",
        "ts": "1505082992.000066"
    },
    {
        "type": "message",
        "user": "U02LQ1WHQ",
        "text": "i will revisit that area of code this week",
        "ts": "1505083033.000012"
    },
    {
        "type": "message",
        "user": "U41M5AAJW",
        "text": "in overall what needs some tweaking is the orders from offline servers  that keep appearing in the network. And the inventory propagation. Although i think the gui might already have some outdated code",
        "ts": "1505083170.000111"
    },
    {
        "type": "message",
        "user": "U41M5AAJW",
        "text": "<@U02LQ1WHQ> what was the minimum buy order you could do with a deposit utxo? 10%?",
        "edited": {
            "user": "U41M5AAJW",
            "ts": "1505084626.000000"
        },
        "ts": "1505084615.000041"
    },
    {
        "type": "message",
        "user": "U41M5AAJW",
        "text": "{\n  \"base\": \"KMD\",\n  \"rel\": \"LTC\",\n  \"address\": \"RB8yufv3YTfdzYnwz5paNnnDynGJG6WsqD\",\n  \"timestamp\": 1505093601,\n  \"txid\": \"6c5ba683de65a876a4be055f3330e6a91521b4e4f0ef33d0f1ce6f7b994a305e\",\n  \"vout\": 0,\n  \"srchash\": \"80b043b810e151e04063b577608c69838caca53621409406868ed2b29b55927a\",\n  \"txfee\": \"10000\",\n  \"satoshis\": \"504730065\",\n  \"desthash\": \"f2a44cb2cc5f2e95cfbc6754f6e786a796930749d85aa2d8ddf01215e9b37640\",\n  \"txid2\": \"9c6eaa878c48a7d9400b02af1e446c71daccfde0713608de1e4d1bc9037c3e07\",\n  \"vout2\": 0,\n  \"destaddr\": \"LLu4kQ61GodaDjp6KWZLnvo9TsNW19im5R\",\n  \"desttxid\": \"7e9764ac9cbfc82fb0bb7bc69fa82d593e6017eb560f507690b93af900ffa194\",\n  \"destvout\": 1,\n  \"feetxid\": \"63b73a54b3f19a766ce6eef09063ac1565acd250a8f0071b065cb9bd76c30673\",\n  \"feevout\": 1,\n  \"desttxfee\": \"100000\",\n  \"destsatoshis\": \"16992897\",\n  \"price\": 0.0336673,\n  \"status\": \"connected\",\n  \"quotedprice\": 0.0336673,\n  \"maxprice\": 0.036,\n  \"requestid\": 764587825,\n  \"quoteid\": 3279520936\n}",
        "ts": "1505093880.000023"
    },
    {
        "type": "message",
        "user": "U41M5AAJW",
        "text": "did a litecoin to komodo trade... had to leave the client running for some time and do lots of tried before i could get a successful trade",
        "ts": "1505093918.000112"
    },
    {
        "type": "message",
        "user": "U41M5AAJW",
        "text": "weird thing <http:\/\/i.imgur.com\/RuRJjHi.png>",
        "attachments": [
            {
                "fallback": "1280x825px image",
                "image_url": "http:\/\/i.imgur.com\/RuRJjHi.png",
                "image_width": 1280,
                "image_height": 825,
                "image_bytes": 100704,
                "from_url": "http:\/\/i.imgur.com\/RuRJjHi.png",
                "id": 1
            }
        ],
        "ts": "1505093963.000056"
    },
    {
        "type": "message",
        "user": "U41M5AAJW",
        "text": "my order was of 0.23 litecoins",
        "ts": "1505093978.000009"
    },
    {
        "type": "message",
        "user": "U41M5AAJW",
        "text": "although my deposit utxos where 3, 3.6, 0.03",
        "ts": "1505093999.000089"
    },
    {
        "type": "message",
        "user": "U41M5AAJW",
        "text": "BUT, i had this quantity in my wallet before the trade",
        "ts": "1505094027.000051"
    },
    {
        "type": "message",
        "user": "U41M5AAJW",
        "text": "\"version\": 149900,\n  \"protocolversion\": 70015,\n  \"walletversion\": 130000,\n  \"balance\": 4.20562687,\n  \"blocks\": 1275062,\n  \"timeoffset\": -2,\n  \"connections\": 8,\n  \"proxy\": \"\",\n  \"difficulty\": 776322.066473815,\n  \"testnet\": false,\n  \"keypoololdest\": 1503849316,\n  \"keypoolsize\": 100,\n  \"paytxfee\": 0.00000000,\n  \"relayfee\": 0.00100000,\n  \"errors\": \"This is a pre-release test build - use at your own risk - do not use for mining or merchant applications\"",
        "ts": "1505094029.000034"
    },
    {
        "type": "message",
        "user": "U41M5AAJW",
        "text": "and now i have this:",
        "ts": "1505094047.000049"
    },
    {
        "type": "message",
        "user": "U41M5AAJW",
        "text": "litecoin-cli getinfo\n{\n  \"version\": 149900,\n  \"protocolversion\": 70015,\n  \"walletversion\": 130000,\n  \"balance\": 3.69025047,\n  \"blocks\": 1275065,\n  \"timeoffset\": -2,\n  \"connections\": 8,\n  \"proxy\": \"\",\n  \"difficulty\": 776322.066473815,\n  \"testnet\": false,\n  \"keypoololdest\": 1503849316,\n  \"keypoolsize\": 100,\n  \"paytxfee\": 0.00000000,\n  \"relayfee\": 0.00100000,\n  \"errors\": \"This is a pre-release test build - use at your own risk - do not use for mining or merchant applications\"",
        "ts": "1505094048.000158"
    },
    {
        "type": "message",
        "user": "U41M5AAJW",
        "text": "the trade was of 0.51 litecoins, almost double the coins i specified in my order",
        "ts": "1505094087.000002"
    },
    {
        "type": "message",
        "user": "U41M5AAJW",
        "text": "this can be a problem for traders",
        "ts": "1505094100.000180"
    },
    {
        "type": "message",
        "user": "U33CGLNNR",
        "text": "What happened? ",
        "ts": "1505094150.000083"
    },
    {
        "type": "message",
        "user": "U33CGLNNR",
        "text": "Oh OK, the executed order was almost doubke",
        "ts": "1505094171.000039"
    },
    {
        "type": "message",
        "user": "U41M5AAJW",
        "text": "yes",
        "ts": "1505094209.000103"
    },
    {
        "type": "message",
        "user": "U41M5AAJW",
        "text": "shouldnt be",
        "ts": "1505094216.000014"
    },
    {
        "type": "message",
        "user": "U41M5AAJW",
        "text": "it can be less, but its not acceptable that i can be more",
        "ts": "1505094230.000118"
    },
    {
        "type": "message",
        "user": "U41M5AAJW",
        "text": "less acceptable that it can be double the quantity of the order",
        "edited": {
            "user": "U41M5AAJW",
            "ts": "1505094273.000000"
        },
        "ts": "1505094249.000046"
    },
    {
        "type": "message",
        "user": "U41M5AAJW",
        "text": "hhmm... it seems i had done a previous trade that i didnt notice in one of my many attempts...",
        "ts": "1505095206.000212"
    },
    {
        "type": "message",
        "user": "U41M5AAJW",
        "text": "forget what i said.",
        "ts": "1505095212.000105"
    },
    {
        "type": "message",
        "user": "U02LQ1WHQ",
        "text": "you had me going! thought there was an actual bug",
        "ts": "1505105257.000010"
    },
    {
        "type": "message",
        "user": "U02LQ1WHQ",
        "text": "there have to be some bugs though... we just have seem to found any but connection issues and utxo propagation",
        "ts": "1505105290.000132"
    },
    {
        "type": "message",
        "user": "U33CGLNNR",
        "text": "<@U41M5AAJW>:face_palm: ",
        "ts": "1505105316.000080"
    },
    {
        "type": "message",
        "user": "U33CGLNNR",
        "text": "Lol",
        "ts": "1505105326.000113"
    },
    {
        "type": "message",
        "user": "U66SWTM47",
        "text": "Does komodo have a testnet?",
        "ts": "1505105707.000169"
    },
    {
        "type": "message",
        "user": "U02LQ1WHQ",
        "text": ".\/komodod -ac_name=TESTNET -ac_supply=100000000",
        "ts": "1505105869.000028",
        "reactions": [
            {
                "name": "+1",
                "users": [
                    "U66SWTM47"
                ],
                "count": 1
            }
        ]
    },
    {
        "type": "message",
        "user": "U02LQ1WHQ",
        "text": "you can launch a coin called TESTNET",
        "ts": "1505105879.000019"
    },
    {
        "type": "message",
        "user": "U66SWTM47",
        "text": "But that's for an assetchain, right? I mean, a komodo komodo test chain.",
        "ts": "1505106000.000083"
    },
    {
        "type": "message",
        "user": "U02LQ1WHQ",
        "text": "there are very few differences between and assetchain and how KMD itself works",
        "ts": "1505106387.000037"
    },
    {
        "type": "message",
        "user": "U02LQ1WHQ",
        "text": "what do you want to test?",
        "ts": "1505106392.000090"
    },
    {
        "type": "message",
        "user": "U02LQ1WHQ",
        "text": "testnets dont work like mainnet due to many factors, so some tests are best on mainnet",
        "ts": "1505106425.000041"
    },
    {
        "type": "message",
        "user": "U66SWTM47",
        "text": "I only want to know how hard is to get a testnet from a zcash fork. There is a bounty for Hush, and I'm wondering if getting one is even possible.",
        "ts": "1505106460.000099"
    },
    {
        "type": "message",
        "user": "U66SWTM47",
        "text": "I believe that you already solved that charade.",
        "ts": "1505106490.000097"
    },
    {
        "type": "message",
        "user": "U66SWTM47",
        "text": "for komodo.",
        "ts": "1505106507.000059"
    },
    {
        "type": "message",
        "user": "U02LQ1WHQ",
        "text": "it wont be a pure zcash fork though, i made a few changes",
        "ts": "1505106830.000041"
    },
    {
        "type": "message",
        "user": "U66SWTM47",
        "text": "mmmmmmmmmmmm.... I see, so it's not feasible",
        "ts": "1505106950.000056"
    },
    {
        "type": "message",
        "user": "U66SWTM47",
        "text": "Zcash forks can't have a testnet then.",
        "ts": "1505106980.000123"
    },
    {
        "type": "message",
        "user": "U02LQ1WHQ",
        "text": "sure they can",
        "ts": "1505106990.000018"
    },
    {
        "type": "message",
        "user": "U02LQ1WHQ",
        "text": "you just cant use a KMD assetchain as a zcash fork testnet",
        "ts": "1505107009.000113"
    },
    {
        "type": "message",
        "user": "U02LQ1WHQ",
        "text": "assuming you want the testnet to be as close to the mainchain as possible",
        "ts": "1505107024.000047"
    },
    {
        "type": "message",
        "user": "U66SWTM47",
        "text": "yes",
        "ts": "1505107030.000008"
    },
    {
        "type": "message",
        "user": "U66SWTM47",
        "text": "that's what I want.",
        "ts": "1505107034.000089"
    },
    {
        "type": "message",
        "user": "U02LQ1WHQ",
        "text": "if you just want to be able to do z-transactions and other things, then depending on the specifics it would be ok",
        "ts": "1505107048.000083"
    },
    {
        "type": "message",
        "user": "U02LQ1WHQ",
        "text": "but I doubt launching an assetchain would be what the bounty for HUSH testnet is wanting",
        "ts": "1505107071.000158"
    },
    {
        "type": "message",
        "user": "U66SWTM47",
        "text": "No, forget about assetchains. I mean, I'd like to do that as well :smile: but my question was because I was wondering, why is it so hard to get a testnet running?",
        "ts": "1505107125.000047"
    },
    {
        "type": "message",
        "user": "U66SWTM47",
        "text": "If it's not that hard, could I get the bounty?",
        "ts": "1505107138.000016"
    },
    {
        "type": "message",
        "user": "U66SWTM47",
        "text": "Or somebody else?",
        "ts": "1505107145.000062"
    },
    {
        "type": "message",
        "user": "U02LQ1WHQ",
        "text": "i think there is a bounty since it is hard",
        "ts": "1505107151.000168"
    },
    {
        "type": "message",
        "user": "U02LQ1WHQ",
        "text": "you need to generate a valid genesis block",
        "ts": "1505107164.000075"
    },
    {
        "type": "message",
        "user": "U02LQ1WHQ",
        "text": "and that is a pain",
        "ts": "1505107168.000128"
    },
    {
        "type": "message",
        "user": "U66SWTM47",
        "text": "but you managed to do that for Komodo, right?",
        "ts": "1505107180.000124"
    },
    {
        "type": "message",
        "user": "U66SWTM47",
        "text": "I guess there isn't a cake recipe for that...",
        "ts": "1505107208.000115"
    },
    {
        "type": "message",
        "user": "U66SWTM47",
        "text": "but I believe that you guys have more experience on that.",
        "ts": "1505107231.000134"
    },
    {
        "type": "message",
        "user": "U02LQ1WHQ",
        "text": "how big is the bounty?",
        "ts": "1505107348.000010"
    },
    {
        "type": "message",
        "user": "U66SWTM47",
        "text": "not big :smile:",
        "ts": "1505107361.000009"
    },
    {
        "type": "message",
        "user": "U66SWTM47",
        "text": "But if that saves the currency, then it will worth much more.",
        "ts": "1505107375.000021"
    },
    {
        "type": "message",
        "user": "U66SWTM47",
        "text": "if getting the testnet, helps.",
        "ts": "1505107386.000047"
    }
]