[
    {
        "type": "message",
        "user": "U0EGQUAPJ",
        "text": "Thanks Dan, I’ll dig deeper, just don’t get a lot of uninterrupted time to work on these things.",
        "ts": "1514188977.000016"
    },
    {
        "type": "message",
        "user": "U42RD3BB6",
        "text": "lol, can someone help me execute an atomic swap LOL keeps taking my fees and canceling it on me i thin",
        "ts": "1514192724.000014"
    },
    {
        "type": "message",
        "user": "U42RD3BB6",
        "text": "think*",
        "ts": "1514192726.000116"
    },
    {
        "type": "message",
        "user": "U42RD3BB6",
        "text": "trying to sell an asset. electrum mode. I click a ask order on the sell wall and it populates it, i press sell, then not sure",
        "ts": "1514192830.000136"
    },
    {
        "type": "message",
        "user": "U02LQ1WHQ",
        "text": "what are you selling and at what price?",
        "ts": "1514192846.000114"
    },
    {
        "type": "message",
        "user": "U42RD3BB6",
        "text": "trying to sell &lt;1 supernet for a test purpose",
        "ts": "1514193020.000022"
    },
    {
        "type": "message",
        "user": "U42RD3BB6",
        "text": "on the GUI i click on a buy offer and then press sell.",
        "ts": "1514193051.000033"
    },
    {
        "type": "message",
        "user": "U42RD3BB6",
        "text": "i just did it again and lowered my asking kmd price, thinking that was the issue, i think it was placed",
        "ts": "1514193074.000038"
    },
    {
        "type": "message",
        "user": "U42RD3BB6",
        "text": "waiting for refresh",
        "ts": "1514193079.000098"
    },
    {
        "type": "message",
        "user": "U42RD3BB6",
        "text": "hm not too sure",
        "ts": "1514193274.000044"
    },
    {
        "type": "message",
        "user": "U5Z26MP60",
        "text": "Make sure you have one UTXO of nearly all the supernet you want to sell and one UTXO that is very small. You wont be able to sell all of it, there will be a small amount left over.",
        "ts": "1514194560.000100"
    },
    {
        "type": "message",
        "user": "U02LQ1WHQ",
        "text": "in other words, just make 2 deposits",
        "ts": "1514194790.000096"
    },
    {
        "type": "message",
        "user": "U7Y1HMZ53",
        "text": "Haha, again",
        "ts": "1514194881.000093"
    },
    {
        "type": "message",
        "user": "U0DC56QM9",
        "text": "How many words does the language file has ?",
        "thread_ts": "1514197300.000112",
        "reply_count": 1,
        "replies": [
            {
                "user": "U6U5LQEAG",
                "ts": "1514198928.000035"
            }
        ],
        "unread_count": 1,
        "ts": "1514197300.000112"
    },
    {
        "type": "message",
        "user": "U6U5LQEAG",
        "text": "If the bugs are related to the BarterDEX app, you can create a new *issue* here: <https:\/\/github.com\/KomodoPlatform\/BarterDEX\/issues>",
        "attachments": [
            {
                "service_name": "GitHub",
                "title": "KomodoPlatform\/BarterDEX",
                "title_link": "https:\/\/github.com\/KomodoPlatform\/BarterDEX\/issues",
                "text": "BarterDEX GUI",
                "fallback": "GitHub: KomodoPlatform\/BarterDEX",
                "from_url": "https:\/\/github.com\/KomodoPlatform\/BarterDEX\/issues",
                "thumb_url": "https:\/\/avatars2.githubusercontent.com\/u\/21276113?s=400&v=4",
                "thumb_width": 250,
                "thumb_height": 250,
                "service_icon": "https:\/\/a.slack-edge.com\/bfaba\/img\/unfurl_icons\/github.png",
                "id": 1
            }
        ],
        "thread_ts": "1514162532.000031",
        "parent_user_id": "U6U67BH37",
        "ts": "1514198309.000044"
    },
    {
        "type": "message",
        "user": "U6U5LQEAG",
        "text": "For the English language file, see: <https:\/\/github.com\/KomodoPlatform\/BarterDEX\/blob\/c55f1cb4f2ac27ac667bcbe34820129f11b6e01c\/assets\/languages\/en_US.json#L1>",
        "attachments": [
            {
                "service_name": "GitHub",
                "title": "KomodoPlatform\/BarterDEX",
                "title_link": "https:\/\/github.com\/KomodoPlatform\/BarterDEX\/blob\/c55f1cb4f2ac27ac667bcbe34820129f11b6e01c\/assets\/languages\/en_US.json#L1",
                "text": "BarterDEX GUI",
                "fallback": "GitHub: KomodoPlatform\/BarterDEX",
                "from_url": "https:\/\/github.com\/KomodoPlatform\/BarterDEX\/blob\/c55f1cb4f2ac27ac667bcbe34820129f11b6e01c\/assets\/languages\/en_US.json#L1",
                "thumb_url": "https:\/\/avatars2.githubusercontent.com\/u\/21276113?s=400&v=4",
                "thumb_width": 250,
                "thumb_height": 250,
                "service_icon": "https:\/\/a.slack-edge.com\/bfaba\/img\/unfurl_icons\/github.png",
                "id": 1
            }
        ],
        "edited": {
            "user": "U6U5LQEAG",
            "ts": "1514200724.000000"
        },
        "thread_ts": "1514197300.000112",
        "parent_user_id": "U0DC56QM9",
        "ts": "1514198928.000035"
    },
    {
        "type": "message",
        "user": "U03SKEFEL",
        "text": "language file is in progress",
        "ts": "1514199856.000037"
    },
    {
        "type": "message",
        "user": "U03SKEFEL",
        "text": "I'm not done yet with it",
        "ts": "1514199860.000036"
    },
    {
        "type": "message",
        "user": "U03SKEFEL",
        "text": "it's only the html file words moved to language file",
        "ts": "1514199872.000069"
    },
    {
        "type": "message",
        "user": "U03SKEFEL",
        "text": "js words need to move to it yet",
        "ts": "1514199879.000085"
    },
    {
        "text": "has enabled `English (Redneckenese)`",
        "type": "message",
        "subtype": "me_message",
        "user": "U6MTBP2QK",
        "ts": "1514199966.000045"
    },
    {
        "type": "message",
        "user": "U6MTBP2QK",
        "text": "Or would that be `Redneckenese (US)`? :thinking_face:",
        "ts": "1514200165.000055"
    },
    {
        "type": "message",
        "user": "U03SKEFEL",
        "text": "I'm resuming work on moving words to language file.",
        "ts": "1514201063.000029"
    },
    {
        "type": "message",
        "user": "U03SKEFEL",
        "text": "I think it'll be interesting now :slightly_smiling_face:",
        "ts": "1514201071.000007"
    },
    {
        "type": "message",
        "user": "U03SKEFEL",
        "text": "I hope I get it done in this shift.",
        "ts": "1514201085.000001"
    },
    {
        "type": "message",
        "user": "U6U67BH37",
        "text": "<@U2Q1DP6EQ> did you see that Bitcoin Diamond (BCD) has an open source full node now? <https:\/\/github.com\/eveybcd\/BitcoinDiamond\/commits\/master>",
        "attachments": [
            {
                "service_name": "GitHub",
                "title": "eveybcd\/BitcoinDiamond",
                "title_link": "https:\/\/github.com\/eveybcd\/BitcoinDiamond\/commits\/master",
                "text": "BitcoinDiamond - Bitcoin Diamond Official Repo",
                "fallback": "GitHub: eveybcd\/BitcoinDiamond",
                "from_url": "https:\/\/github.com\/eveybcd\/BitcoinDiamond\/commits\/master",
                "thumb_url": "https:\/\/avatars0.githubusercontent.com\/u\/33478629?s=400&v=4",
                "thumb_width": 250,
                "thumb_height": 250,
                "service_icon": "https:\/\/a.slack-edge.com\/bfaba\/img\/unfurl_icons\/github.png",
                "id": 1
            }
        ],
        "ts": "1514217611.000074"
    },
    {
        "type": "message",
        "user": "U6U67BH37",
        "text": "<@U2Q1DP6EQ> should be easy to add to BarterDEX",
        "ts": "1514217619.000061"
    },
    {
        "type": "message",
        "user": "U02LQ1WHQ",
        "text": "did they use forkid?",
        "ts": "1514217702.000111"
    },
    {
        "type": "message",
        "user": "U6U67BH37",
        "text": "<@U02LQ1WHQ> they forked from Bitcoin 0.14.2 it seems, checking their code for SIGHASH",
        "ts": "1514217760.000088"
    },
    {
        "type": "message",
        "user": "U6U67BH37",
        "text": "<@U02LQ1WHQ> no SIGHASH_FORKID in their repo",
        "ts": "1514217816.000048"
    },
    {
        "type": "message",
        "user": "U02LQ1WHQ",
        "text": "replay protection?",
        "ts": "1514217830.000035"
    },
    {
        "type": "message",
        "user": "U6U67BH37",
        "text": "<@U02LQ1WHQ> perhaps they didn't even realize they needed 2way replay protection",
        "ts": "1514217835.000042"
    },
    {
        "type": "message",
        "user": "U6U67BH37",
        "text": "<@U02LQ1WHQ> their readme mentions replay attack protection, but that should just be wishful thinking",
        "ts": "1514217952.000031"
    },
    {
        "type": "message",
        "user": "U6U67BH37",
        "text": "if they would have forked from BTG, they would have gotten replay protection, but instead they forked from BTC 0.14.2",
        "ts": "1514217985.000039"
    },
    {
        "type": "message",
        "user": "U6U67BH37",
        "text": "```Anti replay attacks\n------------------\n\nBitcoin Diamond has an anti-replay-attacks function to prevent bitcoin-diamond transactions replay\non bitcoin network, or bitcoin transactions replay on bitcoin-diamond network.```",
        "ts": "1514218015.000030"
    },
    {
        "type": "message",
        "user": "U6U67BH37",
        "text": "but how is it implemented? No idea, possibly just lies in their README",
        "ts": "1514218031.000075"
    },
    {
        "type": "message",
        "user": "U6U67BH37",
        "text": "<@U02LQ1WHQ> these new BTC forks are looking pretty bad",
        "ts": "1514218383.000049"
    },
    {
        "type": "message",
        "user": "U6U67BH37",
        "text": "launching mainnet without replay on xmas???? Just wow.",
        "ts": "1514218396.000013"
    },
    {
        "type": "message",
        "user": "U02LQ1WHQ",
        "text": "maybe make some github issues to help them get a usable chain",
        "ts": "1514218440.000100"
    },
    {
        "type": "message",
        "user": "U6U67BH37",
        "text": "<@U02LQ1WHQ> present for you: <https:\/\/github.com\/eveybcd\/BitcoinDiamond\/issues\/2>",
        "attachments": [
            {
                "service_name": "GitHub",
                "title": "Replay protection? · Issue #2 · eveybcd\/BitcoinDiamond",
                "title_link": "https:\/\/github.com\/eveybcd\/BitcoinDiamond\/issues\/2",
                "text": "It seems that y'all forked from BTC 0.14.2 and did not implement something like SIGHASH_FORKID which allows Bitcoin Cash and Bitcoin Gold to have 2 way replay protection. Did you guys implement rep...",
                "fallback": "GitHub: Replay protection? · Issue #2 · eveybcd\/BitcoinDiamond",
                "from_url": "https:\/\/github.com\/eveybcd\/BitcoinDiamond\/issues\/2",
                "thumb_url": "https:\/\/avatars1.githubusercontent.com\/u\/30298?s=400&v=4",
                "thumb_width": 250,
                "thumb_height": 250,
                "service_icon": "https:\/\/a.slack-edge.com\/bfaba\/img\/unfurl_icons\/github.png",
                "id": 1
            }
        ],
        "ts": "1514218626.000038",
        "reactions": [
            {
                "name": "+1::skin-tone-3",
                "users": [
                    "U2PSPGFJS"
                ],
                "count": 1
            }
        ]
    },
    {
        "type": "message",
        "user": "U0367GLCC",
        "text": "Better off with the ignis shitcoin drop",
        "ts": "1514220569.000033"
    },
    {
        "type": "message",
        "user": "U0367GLCC",
        "text": "Than parachuting into the Bitcoin civil war",
        "edited": {
            "user": "U0367GLCC",
            "ts": "1514220600.000000"
        },
        "ts": "1514220585.000006"
    },
    {
        "type": "message",
        "user": "U02LQ1WHQ",
        "text": "not parachuting, but helping people obtain their bitcoin dividends safely",
        "ts": "1514221039.000047"
    },
    {
        "type": "message",
        "user": "U03378HDW",
        "text": "merry Christmas to all and thank u james for everything",
        "ts": "1514222128.000073"
    },
    {
        "type": "message",
        "user": "U03SKEFEL",
        "text": "please don't update to latest BarterDEX commit. It may or may not be broken, since I'm working in it's core js file to move english wording to language file it may act unresponsive at some point, or may not just respond to the event executed. once I'm done moving the english words from it to language file completely it'll be safe to do `git pull` then.",
        "ts": "1514230623.000064"
    },
    {
        "type": "message",
        "user": "U03SKEFEL",
        "text": "<https:\/\/github.com\/KomodoPlatform\/BarterDEX\/commit\/7e1e3170d45e2daf45dee14f60f2f50a5657d5b3>",
        "edited": {
            "user": "U03SKEFEL",
            "ts": "1514230698.000000"
        },
        "ts": "1514230689.000032"
    },
    {
        "type": "message",
        "user": "U03SKEFEL",
        "text": "till this point it must be fine.",
        "ts": "1514230695.000030"
    },
    {
        "type": "message",
        "user": "U5UHJM2K1",
        "text": "<@U03SKEFEL> as i'm understand, when you finish moving all english string constants to separate file it will be almost ready for translations, right? will do russian translation when all preparations in code will finished.",
        "ts": "1514230772.000017"
    },
    {
        "type": "message",
        "user": "U03SKEFEL",
        "text": "exactly :slightly_smiling_face:",
        "ts": "1514230791.000014"
    },
    {
        "type": "message",
        "user": "U03SKEFEL",
        "text": "I'm more than half way through the core js file now",
        "ts": "1514230806.000082"
    },
    {
        "type": "message",
        "user": "U5UHJM2K1",
        "text": ":+1:",
        "ts": "1514230826.000003"
    },
    {
        "type": "message",
        "user": "U03SKEFEL",
        "text": "will get some rest and resume doing it in next shift",
        "ts": "1514230837.000033"
    },
    {
        "type": "message",
        "user": "U2PSPGFJS",
        "text": "trying to trade for some HODL and it looks like the trade went through, but I don't see the HODL in my account",
        "ts": "1514235841.000039"
    },
    {
        "type": "message",
        "user": "U2PSPGFJS",
        "text": "Buyer Info\tBuyer Coin\t Komodo (KMD)\nBuyer ID\t9518616916146847745\nBuyer Payment\t5c5f3b5bec10ec2258925cfa3634d3a59e60df62a8165c6dc8e6aa2d2617a008\nBuyer Tx Fee\t0.0001\nSeller Info\tSeller Coin\t HODL (HODL)\nSeller Deposit\tfe37cc2b9337224af7f05ceca63ea2efbfad40aa7fad08a0682950f58ae835c5\nSeller Payment\t0a8ea302b51ec5c581c1d0e087ed6be96536c2011b00308473af557133ca4285\nSeller Tx Fee\t0.0001",
        "ts": "1514235902.000013"
    },
    {
        "type": "message",
        "user": "U5UHJM2K1",
        "text": "When last payment will get the required number of confirmations - it will appears on your balance.",
        "ts": "1514236654.000004"
    },
    {
        "type": "message",
        "user": "U5UHJM2K1",
        "text": "Wait some time and click \"Refresh\" button ... also, you can see your HODL incoming in block explorer.",
        "edited": {
            "user": "U5UHJM2K1",
            "ts": "1514236799.000000"
        },
        "ts": "1514236682.000023"
    },
    {
        "type": "message",
        "user": "U2PSPGFJS",
        "text": "OK it shows now.   Do you know, off hand, the number of confirmations we need to wait?",
        "ts": "1514236789.000026"
    },
    {
        "type": "message",
        "user": "U5UHJM2K1",
        "text": "Seems for any asset - it's just one confirm needed, but, one confirmation can took 1-3 min. ... It's normal. So, basic rule - wait some time, after trade is completed.",
        "ts": "1514236914.000060"
    },
    {
        "type": "message",
        "user": "U5UHJM2K1",
        "text": "```\n        swap-&gt;I.bobconfirms = BASILISK_DEFAULT_NUMCONFIRMS;\n        swap-&gt;I.aliceconfirms = BASILISK_DEFAULT_NUMCONFIRMS;\n...\n#define BASILISK_DEFAULT_NUMCONFIRMS 1\n#define BASILISK_DEFAULT_MAXCONFIRMS 6\n```",
        "ts": "1514237126.000006"
    },
    {
        "type": "message",
        "user": "U42RD3BB6",
        "text": "could there be something wrong with my installation - barterdex is very slow at the moment.",
        "ts": "1514263768.000153"
    },
    {
        "type": "message",
        "user": "U42RD3BB6",
        "text": "<@U03SKEFEL> were you referring to v0.8 in your warning above - I did pull that yesterday",
        "ts": "1514264098.000064"
    },
    {
        "type": "message",
        "user": "U6MTBP2QK",
        "text": "yesterday is OK, he did text work today",
        "ts": "1514264198.000026"
    },
    {
        "type": "message",
        "user": "U02LQ1WHQ",
        "text": "from a page above",
        "ts": "1514264219.000140"
    },
    {
        "type": "message",
        "user": "U02LQ1WHQ",
        "text": "grewalsatinder [2:37 AM] \nplease don't update to latest BarterDEX commit. It may or may not be broken, since I'm working in it's core js file to move english wording to language file it may act unresponsive at some point, or may not just respond to the event executed. once I'm done moving the english words from it to language file completely it'll be safe to do `git pull` then.\n\n\n[2:38] \n<https:\/\/github.com\/KomodoPlatform\/BarterDEX\/commit\/7e1e3170d45e2daf45dee14f60f2f50a5657d5b3> (edited)\n\n\n[2:38] \ntill this point it must be fine.",
        "attachments": [
            {
                "service_name": "GitHub",
                "title": "add block explorer URLs for BLOCK, BTCZ and IOP · KomodoPlatform\/BarterDEX@7e1e317",
                "title_link": "https:\/\/github.com\/KomodoPlatform\/BarterDEX\/commit\/7e1e3170d45e2daf45dee14f60f2f50a5657d5b3",
                "text": "BarterDEX GUI",
                "fallback": "GitHub: add block explorer URLs for BLOCK, BTCZ and IOP · KomodoPlatform\/BarterDEX@7e1e317",
                "from_url": "https:\/\/github.com\/KomodoPlatform\/BarterDEX\/commit\/7e1e3170d45e2daf45dee14f60f2f50a5657d5b3",
                "thumb_url": "https:\/\/avatars2.githubusercontent.com\/u\/32116761?s=200&v=4",
                "thumb_width": 250,
                "thumb_height": 250,
                "service_icon": "https:\/\/a.slack-edge.com\/bfaba\/img\/unfurl_icons\/github.png",
                "id": 1
            }
        ],
        "ts": "1514264221.000009"
    },
    {
        "type": "message",
        "user": "U42RD3BB6",
        "text": "ok thanks guys",
        "ts": "1514264414.000078"
    },
    {
        "type": "message",
        "user": "U03SKEFEL",
        "text": "Yes mate. You can still use it. But, can also expect the things I said.",
        "ts": "1514264837.000059"
    },
    {
        "type": "message",
        "user": "U03SKEFEL",
        "text": "I will resume work in few min",
        "ts": "1514264863.000110"
    }
]