[
    {
        "type": "message",
        "user": "U02LQ1WHQ",
        "text": "it seemed i was just impatient, alice side did complete, but that was after a few manual swapstatus",
        "ts": "1507880086.000076"
    },
    {
        "type": "message",
        "user": "U02LQ1WHQ",
        "text": "{\"requestid\":1267391337,\"quoteid\":3596818675,\"iambob\":0,\"bob\":\"REVS\",\"srcamount\":0.38992295,\"bobtxfee\":0.00010000,\"alice\":\"KMD\",\"destamount\":0.50300000,\"alicetxfee\":0.00010000,\"sentflags\":[\"bobpayment\", \"alicepayment\", \"bobdeposit\", \"myfee\"],\"values\":[0.38992295, 0.50300000, 0.38992295, 0.50310000, 0.43866331, 0, 0.00074736, 0.43856331, 0.38982295, 0, 0],\"result\":\"success\",\"status\":\"pending\",\"bobdeposit\":\"5acb1070e60eb751e5947802b33fbe006039e699206f70e1009a5be074d0ada8\",\"alicepayment\":\"7094556dec6c2c255f290ef54d64c116403762f4b60b51eb68a22f3467ee3fa4\",\"bobpayment\":\"16d466b33d8b4adf291f4eedb2bd969f7e898eb8f5228167ae7ee1a15a03291c\",\"paymentspent\":\"1bbdc0526fc7e4d1079182ff0ac2b9ef6199609ac4bd96db9a83b5c8601e58aa\",\"Apaymentspent\":\"9188b24bf6724fad81c598c8cf572ebdc012fa27f140586130c035dff9ac77ce\",\"depositspent\":\"3298904b30acb327a652d9d0317549150c737311e8d026068aa7468a2ab7f641\"}",
        "ts": "1507880087.000137"
    },
    {
        "type": "message",
        "user": "U02LQ1WHQ",
        "text": "so as of now, listunspents are propagating better, ordermatches work, and also SWAP, but that was just one case. I still need to code a few other things, so I will wait for SWAP test results, please post both positive and negative results",
        "ts": "1507880156.000156"
    },
    {
        "type": "message",
        "user": "U0394QTC7",
        "text": "pulled latest, will try a trade.",
        "ts": "1507880648.000337"
    },
    {
        "type": "message",
        "user": "U0394QTC7",
        "text": "help me understand this, please",
        "ts": "1507880928.000137"
    },
    {
        "type": "message",
        "text": "",
        "files": [
            {
                "id": "F7HP9T89Y",
                "created": 1507880934,
                "timestamp": 1507880934,
                "name": "-.php",
                "title": "Untitled",
                "mimetype": "text\/plain",
                "filetype": "php",
                "pretty_type": "PHP",
                "user": "U0394QTC7",
                "editable": true,
                "size": 1300,
                "mode": "snippet",
                "is_external": false,
                "external_type": "",
                "is_public": true,
                "public_url_shared": false,
                "display_as_bot": false,
                "username": "",
                "url_private": "https:\/\/files.slack.com\/files-pri\/T02LAJBUW-F7HP9T89Y\/-.php?t=xoxe-2690623982-420508393732-420508393844-55126cc98091fbe0399fac3c66f6ed8e",
                "url_private_download": "https:\/\/files.slack.com\/files-pri\/T02LAJBUW-F7HP9T89Y\/download\/-.php?t=xoxe-2690623982-420508393732-420508393844-55126cc98091fbe0399fac3c66f6ed8e",
                "permalink": "https:\/\/komodo-platform.slack.com\/files\/U0394QTC7\/F7HP9T89Y\/-.php",
                "permalink_public": "https:\/\/slack-files.com\/T02LAJBUW-F7HP9T89Y-dd4a63f46b",
                "edit_link": "https:\/\/komodo-platform.slack.com\/files\/U0394QTC7\/F7HP9T89Y\/-.php\/edit",
                "preview": "LP_autobuy CHIPS\/KMD price 0.05000000 vol 3.00000000\r\nLP_txfees(0.00010000 0.00010000)\r\nLP_txfees(0.00010000 0.00010000)\r\nLP_buyutxo maxprice 0.05005000 relvol 3.00020000 CHIPS\/KMD 0.00010000 0.00010000\r\n[0\/1] {\"coin\":\"CHIPS\",\"address\":\"RAsvnHfueHcbQTfX69rc9oMEG65zwrk73p\",\"price\":0.03000000,\"numutxos\":8,\"minvolume\":0.30000000,\"maxvolume\":14.40000000,\"pubkey\":\"b6ff5bdf4504912325ff45f5cd2e24be367f90497c638da8b1fe2aa259c8a749\",\"age\":45} pubcmp 1 price 0.03000000 vs maxprice 0.05005000\r",
                "preview_highlight": "<div class=\"CodeMirror cm-s-default CodeMirrorServer\" oncopy=\"if(event.clipboardData){event.clipboardData.setData('text\/plain',window.getSelection().toString().replace(\/\\u200b\/g,''));event.preventDefault();event.stopPropagation();}\">\n<div class=\"CodeMirror-code\">\n<div><pre>LP_autobuy CHIPS\/KMD price 0.05000000 vol 3.00000000<\/pre><\/div>\n<div><pre>LP_txfees(0.00010000 0.00010000)<\/pre><\/div>\n<div><pre>LP_txfees(0.00010000 0.00010000)<\/pre><\/div>\n<div><pre>LP_buyutxo maxprice 0.05005000 relvol 3.00020000 CHIPS\/KMD 0.00010000 0.00010000<\/pre><\/div>\n<div><pre>[0\/1] {&quot;coin&quot;:&quot;CHIPS&quot;,&quot;address&quot;:&quot;RAsvnHfueHcbQTfX69rc9oMEG65zwrk73p&quot;,&quot;price&quot;:0.03000000,&quot;numutxos&quot;:8,&quot;minvolume&quot;:0.30000000,&quot;maxvolume&quot;:14.40000000,&quot;pubkey&quot;:&quot;b6ff5bdf4504912325ff45f5cd2e24be367f90497c638da8b1fe2aa259c8a749&quot;,&quot;age&quot;:45} pubcmp 1 price 0.03000000 vs maxprice 0.05005000<\/pre><\/div>\n<\/div>\n<\/div>\n",
                "lines": 12,
                "lines_more": 7,
                "preview_is_truncated": true
            }
        ],
        "upload": true,
        "user": "U0394QTC7",
        "display_as_bot": false,
        "ts": "1507880935.000211"
    },
    {
        "type": "message",
        "user": "U02LQ1WHQ",
        "text": "try it again",
        "ts": "1507880985.000332"
    },
    {
        "type": "message",
        "user": "U0394QTC7",
        "text": "my buy order was relvolume 3 with maxprice of 0.05",
        "ts": "1507880987.000129"
    },
    {
        "type": "message",
        "user": "U0394QTC7",
        "text": "try .\/buy again?",
        "ts": "1507881033.000140"
    },
    {
        "type": "message",
        "user": "U0394QTC7",
        "text": "{\"error\":\"cant find ordermatch utxo\"}",
        "ts": "1507881051.000393"
    },
    {
        "type": "message",
        "user": "U0394QTC7",
        "text": "i like the 11 billion value though :grin:",
        "ts": "1507881145.000068"
    },
    {
        "type": "message",
        "user": "U02LQ1WHQ",
        "text": "ok will try to duplicate",
        "ts": "1507881168.000172"
    },
    {
        "type": "message",
        "user": "U02LQ1WHQ",
        "text": "post exact buy script",
        "ts": "1507881175.000068"
    },
    {
        "type": "message",
        "user": "U0394QTC7",
        "text": "curl --url \"<http:\/\/127.0.0.1:7783>\" --data \"{\\\"userpass\\\":\\\"$userpass\\\",\\\"method\\\":\\\"buy\\\",\\\"base\\\":\\\"CHIPS\\\",\\\"rel\\\":\\\"KMD\\\",\\\"relvolume\\\":3,\\\"price\\\":0.05}\"",
        "ts": "1507881198.000250"
    },
    {
        "type": "message",
        "user": "U02LQ1WHQ",
        "text": "sort of duplicated, get",
        "ts": "1507881342.000250"
    },
    {
        "type": "message",
        "user": "U02LQ1WHQ",
        "text": "<tel:(200.00000000|(200.00000000> 99.99293334 11529215046.06847000).-1 <tel:(120.00000000|(120.00000000> 19.99293334 99.99293334).2 <tel:(200.00000000|(200.00000000> 86.36676854 11529215046.06847000).-1 LP_utxoadd reject2 numconfirms.-1",
        "ts": "1507881343.000198"
    },
    {
        "type": "message",
        "user": "U02LQ1WHQ",
        "text": "rest is the same. please try other coins and other trades, other sizes, we need to find all the non-working cases",
        "ts": "1507881374.000271"
    },
    {
        "type": "message",
        "user": "U0394QTC7",
        "text": "will do",
        "ts": "1507881763.000008"
    },
    {
        "type": "message",
        "user": "U0394QTC7",
        "text": "would there be a difference when i use an electrum server instead of native coin daemon?",
        "ts": "1507882211.000253"
    },
    {
        "type": "message",
        "user": "U0394QTC7",
        "text": "i'm assuming there isn't, but i don't know for sure",
        "ts": "1507882386.000233"
    },
    {
        "type": "message",
        "user": "U02LQ1WHQ",
        "text": "shouldnt be, but there will be since unless the virtualization layer that makes the electrum look like a native coin is 100% perfect and without bugs,it will be different",
        "ts": "1507882418.000019"
    },
    {
        "type": "message",
        "user": "U02LQ1WHQ",
        "text": "at the least the timing will be all different and that could affect things too",
        "ts": "1507882444.000127"
    },
    {
        "type": "message",
        "user": "U41M5AAJW",
        "text": "are we able to trade again?",
        "ts": "1507887545.000050"
    },
    {
        "type": "message",
        "user": "U02LQ1WHQ",
        "text": "yes, avoid CHIPS for now, trade REVS",
        "ts": "1507887585.000229"
    },
    {
        "type": "message",
        "user": "U41M5AAJW",
        "text": "ok",
        "ts": "1507887593.000013"
    },
    {
        "type": "message",
        "user": "U02LQ1WHQ",
        "text": "if REVS trading against LP nodes work, then the next set to test are client to client. I am debugging the CHIPS, it seems my local chipsd has wrong result for gettxout",
        "ts": "1507887622.000324"
    },
    {
        "type": "message",
        "user": "U41M5AAJW",
        "text": "interesting",
        "ts": "1507887650.000182"
    },
    {
        "type": "message",
        "user": "U0394QTC7",
        "text": "mmh, for some reason bittrex has downgraded my account status to new instead of legacy.. bummer.",
        "ts": "1507888621.000115"
    },
    {
        "type": "message",
        "user": "U02LQ1WHQ",
        "text": "its for your protection",
        "ts": "1507888802.000580"
    },
    {
        "type": "message",
        "user": "U02LQ1WHQ",
        "text": "why would you need access to your money anyway?",
        "ts": "1507888820.000498"
    },
    {
        "type": "message",
        "user": "U41M5AAJW",
        "text": "ohh fuck, me too :confused:",
        "ts": "1507889053.000331"
    },
    {
        "type": "message",
        "user": "U41M5AAJW",
        "text": "good thing i had moved most of everything out... but ouch",
        "ts": "1507889067.000068"
    },
    {
        "type": "message",
        "user": "U02LQ1WHQ",
        "text": "seems trex changed all legacy accounts, now there isnt any major exchange without limits",
        "ts": "1507889094.000109"
    },
    {
        "type": "message",
        "user": "U02LQ1WHQ",
        "text": "seems like a good marketing for barterDEX",
        "ts": "1507889099.000435"
    },
    {
        "type": "message",
        "user": "U02LQ1WHQ",
        "text": "now exchanges dont have to be hacked to have a distinct undesirability about them",
        "ts": "1507889125.000377"
    },
    {
        "type": "message",
        "user": "U033CV1T1",
        "text": "bittrex knows best",
        "ts": "1507889136.000175"
    },
    {
        "type": "message",
        "user": "U033CV1T1",
        "text": "i guess i should check mine too",
        "ts": "1507889157.000454"
    },
    {
        "type": "message",
        "user": "U0394QTC7",
        "text": "yeah, i had everything out already too, luckily.",
        "ts": "1507889211.000434"
    },
    {
        "type": "message",
        "user": "U033CV1T1",
        "text": "I guess my dream of withdrawing 1337 btc in one day is crushed",
        "ts": "1507889574.000184",
        "reactions": [
            {
                "name": "stuck_out_tongue",
                "users": [
                    "U034A5DJC"
                ],
                "count": 1
            }
        ]
    },
    {
        "type": "message",
        "user": "U0394QTC7",
        "text": "barterdex will have a withdraw function soon :smile:",
        "ts": "1507889734.000136"
    },
    {
        "type": "message",
        "text": "I can't even buy REVS now. What's wrong?",
        "files": [
            {
                "id": "F7HR0P78A",
                "created": 1507889800,
                "timestamp": 1507889800,
                "name": "Untitled.php",
                "title": "Untitled",
                "mimetype": "text\/plain",
                "filetype": "php",
                "pretty_type": "PHP",
                "user": "U0394QTC7",
                "editable": true,
                "size": 14420,
                "mode": "snippet",
                "is_external": false,
                "external_type": "",
                "is_public": true,
                "public_url_shared": false,
                "display_as_bot": false,
                "username": "",
                "url_private": "https:\/\/files.slack.com\/files-pri\/T02LAJBUW-F7HR0P78A\/Untitled.php?t=xoxe-2690623982-420508393732-420508393844-55126cc98091fbe0399fac3c66f6ed8e",
                "url_private_download": "https:\/\/files.slack.com\/files-pri\/T02LAJBUW-F7HR0P78A\/download\/Untitled.php?t=xoxe-2690623982-420508393732-420508393844-55126cc98091fbe0399fac3c66f6ed8e",
                "permalink": "https:\/\/komodo-platform.slack.com\/files\/U0394QTC7\/F7HR0P78A\/Untitled.php",
                "permalink_public": "https:\/\/slack-files.com\/T02LAJBUW-F7HR0P78A-a4c9f23956",
                "edit_link": "https:\/\/komodo-platform.slack.com\/files\/U0394QTC7\/F7HR0P78A\/Untitled.php\/edit",
                "preview": "ordermatch 1.29834000 0.57801474 0.75020000 txfees (0.00010000 0.00010000)\nLP_txfees(0.00010000 0.00010000)\nquote REVS 0.57801474 -> KMD 0.75020000\nLP_txfees(0.00010000 0.00010000)\nqprice 1.29811536 <- 0.75020000\/0.57801474 txfees.(0.00010000 0.00010000) vs (0.00010000 0.00010000)",
                "preview_highlight": "<div class=\"CodeMirror cm-s-default CodeMirrorServer\" oncopy=\"if(event.clipboardData){event.clipboardData.setData('text\/plain',window.getSelection().toString().replace(\/\\u200b\/g,''));event.preventDefault();event.stopPropagation();}\">\n<div class=\"CodeMirror-code\">\n<div><pre>ordermatch 1.29834000 0.57801474 0.75020000 txfees (0.00010000 0.00010000)<\/pre><\/div>\n<div><pre>LP_txfees(0.00010000 0.00010000)<\/pre><\/div>\n<div><pre>quote REVS 0.57801474 -&gt; KMD 0.75020000<\/pre><\/div>\n<div><pre>LP_txfees(0.00010000 0.00010000)<\/pre><\/div>\n<div><pre>qprice 1.29811536 <span class=\"cm-tag cm-bracket\">&lt;<\/span><span class=\"cm-tag\">-<\/span> <span class=\"cm-attribute\">0.75020000\/0.57801474<\/span> <span class=\"cm-attribute\">txfees.(0.00010000<\/span> <span class=\"cm-attribute\">0.00010000)<\/span> <span class=\"cm-attribute\">vs<\/span> <span class=\"cm-attribute\">(0.00010000<\/span> <span class=\"cm-attribute\">0.00010000)<\/span><\/pre><\/div>\n<\/div>\n<\/div>\n",
                "lines": 69,
                "lines_more": 64,
                "preview_is_truncated": true
            }
        ],
        "upload": true,
        "user": "U0394QTC7",
        "display_as_bot": false,
        "edited": {
            "user": "U0394QTC7",
            "ts": "1507889879.000000"
        },
        "ts": "1507889801.000031"
    },
    {
        "type": "message",
        "user": "U02LQ1WHQ",
        "text": "I added a bit too much error checking",
        "ts": "1507889917.000031"
    },
    {
        "type": "message",
        "user": "U0394QTC7",
        "text": "also couldn't buy SYS",
        "ts": "1507889940.000290"
    },
    {
        "type": "message",
        "user": "U0394QTC7",
        "text": "i guess trading is prohibited from now on",
        "ts": "1507889949.000243"
    },
    {
        "type": "message",
        "user": "U02LQ1WHQ",
        "text": "what I think is happening is that spent utxo is ending up in the listunspent, i need to filter those out",
        "ts": "1507889995.000114"
    },
    {
        "type": "message",
        "user": "U7B8VF6TB",
        "text": "Hey guys, I just looked at the Electrum servers here: <http:\/\/pad.supernet.org\/electrum-servers>\n\nAnd noticed they weren't using SSL. It looks like you're using ElectrumX which supports SSL out of the box, would probs be worth enabling.\n\nI have a docker image you're welcome to use which will automatically generate an SSL cert on first boot: <https:\/\/github.com\/lukechilds\/docker-electrumx>",
        "ts": "1507901328.000573"
    },
    {
        "type": "message",
        "user": "U02LQ1WHQ",
        "text": "i am writing code directly to the ports without using any libs. which means I dont directly support SSL",
        "ts": "1507901379.000233"
    },
    {
        "type": "message",
        "user": "U02LQ1WHQ",
        "text": "maybe some day it can be, but there isnt much benefit",
        "ts": "1507901391.000338"
    },
    {
        "type": "message",
        "user": "U7B8VF6TB",
        "text": "Is there not any danger of a MITM attack? Sorry, haven't looked to much into how they're being used, just noticed they were unencrypted. May be fine for your use case",
        "ts": "1507901848.000029"
    },
    {
        "type": "message",
        "user": "U02LQ1WHQ",
        "text": "only public blockchain data is being queried and SPV validation performed",
        "ts": "1507902334.000685"
    },
    {
        "type": "message",
        "user": "U02LQ1WHQ",
        "text": "so the only issue that can really be made is some privacy leakage",
        "ts": "1507902348.000378"
    },
    {
        "type": "message",
        "user": "U02LQ1WHQ",
        "text": "however, we only use a single address, which is publicly posted, so its not like any privacy is gained by shielding what requests you make",
        "ts": "1507902380.000059"
    },
    {
        "type": "message",
        "user": "U7B8VF6TB",
        "text": "I see",
        "ts": "1507907068.000027"
    },
    {
        "type": "message",
        "user": "U02QSHX81",
        "text": "I have funded my KMD and DGB wallet for the testing. KMD balance is showing correctly in barterDEX and on the wallet. But, I don't see the balance of my DGB. barterDEX and DGB wallet both showing balance is 0 while the DGB explorer is showing the full amount. Any ideas?",
        "ts": "1507911534.000143"
    },
    {
        "type": "message",
        "user": "U02QSHX81",
        "text": "here is the address and info <https:\/\/digiexplorer.info\/address\/D9fGEYFhmkhwk6N4MLqm45G8Ksw3E2AmTR>",
        "attachments": [
            {
                "title": "DigiExplorer",
                "title_link": "https:\/\/digiexplorer.info\/address\/D9fGEYFhmkhwk6N4MLqm45G8Ksw3E2AmTR",
                "text": "DigiExplorer. View detailed information on all digibyte transactions and block. {{ $root.title + $root.titleDetail }}",
                "fallback": "DigiExplorer",
                "from_url": "https:\/\/digiexplorer.info\/address\/D9fGEYFhmkhwk6N4MLqm45G8Ksw3E2AmTR",
                "service_icon": "https:\/\/digiexplorer.info\/img\/icons\/favicon.ico",
                "service_name": "digiexplorer.info",
                "id": 1
            }
        ],
        "ts": "1507911557.000052"
    },
    {
        "type": "message",
        "user": "U02QSHX81",
        "text": "I can even dumpprivkey from the DGB daemon.",
        "ts": "1507911595.000204"
    },
    {
        "type": "message",
        "user": "U2Q1DP6EQ",
        "text": "<@U02LQ1WHQ> the nanomsg-thing happened again... and i think it is related to too many connections from barterdex to the coin daemons... i saw 43709 connections (655536 is the max), 98% of them were from barterdex to coin daemons and most were in TIME_WAIT-status... i have now set the option net.ipv4.tcp_fin_timeout = 10 (default 60), so the kernel removes such connections faster... still saw 41221 connections... now down to 10000... think i will set this even lower... or is there something you can do about limiting the number of connections, or simply don't close them and keep some of them open for later use instead of closing and opening a new one later",
        "ts": "1507914512.000039"
    },
    {
        "type": "message",
        "user": "U02LQ1WHQ",
        "text": "I will slow down the requests",
        "ts": "1507914609.000453"
    },
    {
        "type": "message",
        "user": "U2Q1DP6EQ",
        "text": "<@U02QSHX81> i looked up you DGB address and there in only 1 utxo. For barterdex to show an inventory for a coin it needs a utxo pair... one has to 20% bigger then the other one",
        "ts": "1507914623.000241"
    },
    {
        "type": "message",
        "user": "U02QSHX81",
        "text": "<@U2Q1DP6EQ> Thanks for the answer. Why didn't it happen for the KMD? KMD has only 1 utxo as well. Is it for any coin except KMD?",
        "ts": "1507915504.000101"
    },
    {
        "type": "message",
        "user": "U2Q1DP6EQ",
        "text": "it should be that way for all coins... if you call inventory you will always see entries like \"value\", \"value2\", \"txid\", \"txid2\" and so on... this is for the two transactions\/utxos",
        "ts": "1507915789.000372"
    },
    {
        "type": "message",
        "text": "",
        "files": [
            {
                "id": "F7J4B651A",
                "created": 1507915853,
                "timestamp": 1507915853,
                "name": "Pasted image at 2017_10_13 08_30 PM.png",
                "title": "Pasted image at 2017-10-13, 8:30 PM",
                "mimetype": "image\/png",
                "filetype": "png",
                "pretty_type": "PNG",
                "user": "U5UHJM2K1",
                "editable": false,
                "size": 1510944,
                "mode": "hosted",
                "is_external": false,
                "external_type": "",
                "is_public": true,
                "public_url_shared": false,
                "display_as_bot": false,
                "username": "",
                "url_private": "https:\/\/files.slack.com\/files-pri\/T02LAJBUW-F7J4B651A\/pasted_image_at_2017_10_13_08_30_pm.png?t=xoxe-2690623982-420508393732-420508393844-55126cc98091fbe0399fac3c66f6ed8e",
                "url_private_download": "https:\/\/files.slack.com\/files-pri\/T02LAJBUW-F7J4B651A\/download\/pasted_image_at_2017_10_13_08_30_pm.png?t=xoxe-2690623982-420508393732-420508393844-55126cc98091fbe0399fac3c66f6ed8e",
                "thumb_64": "https:\/\/files.slack.com\/files-tmb\/T02LAJBUW-F7J4B651A-2b081a8aaa\/pasted_image_at_2017_10_13_08_30_pm_64.png?t=xoxe-2690623982-420508393732-420508393844-55126cc98091fbe0399fac3c66f6ed8e",
                "thumb_80": "https:\/\/files.slack.com\/files-tmb\/T02LAJBUW-F7J4B651A-2b081a8aaa\/pasted_image_at_2017_10_13_08_30_pm_80.png?t=xoxe-2690623982-420508393732-420508393844-55126cc98091fbe0399fac3c66f6ed8e",
                "thumb_360": "https:\/\/files.slack.com\/files-tmb\/T02LAJBUW-F7J4B651A-2b081a8aaa\/pasted_image_at_2017_10_13_08_30_pm_360.png?t=xoxe-2690623982-420508393732-420508393844-55126cc98091fbe0399fac3c66f6ed8e",
                "thumb_360_w": 360,
                "thumb_360_h": 270,
                "thumb_480": "https:\/\/files.slack.com\/files-tmb\/T02LAJBUW-F7J4B651A-2b081a8aaa\/pasted_image_at_2017_10_13_08_30_pm_480.png?t=xoxe-2690623982-420508393732-420508393844-55126cc98091fbe0399fac3c66f6ed8e",
                "thumb_480_w": 480,
                "thumb_480_h": 360,
                "thumb_160": "https:\/\/files.slack.com\/files-tmb\/T02LAJBUW-F7J4B651A-2b081a8aaa\/pasted_image_at_2017_10_13_08_30_pm_160.png?t=xoxe-2690623982-420508393732-420508393844-55126cc98091fbe0399fac3c66f6ed8e",
                "thumb_720": "https:\/\/files.slack.com\/files-tmb\/T02LAJBUW-F7J4B651A-2b081a8aaa\/pasted_image_at_2017_10_13_08_30_pm_720.png?t=xoxe-2690623982-420508393732-420508393844-55126cc98091fbe0399fac3c66f6ed8e",
                "thumb_720_w": 720,
                "thumb_720_h": 540,
                "thumb_800": "https:\/\/files.slack.com\/files-tmb\/T02LAJBUW-F7J4B651A-2b081a8aaa\/pasted_image_at_2017_10_13_08_30_pm_800.png?t=xoxe-2690623982-420508393732-420508393844-55126cc98091fbe0399fac3c66f6ed8e",
                "thumb_800_w": 800,
                "thumb_800_h": 600,
                "thumb_960": "https:\/\/files.slack.com\/files-tmb\/T02LAJBUW-F7J4B651A-2b081a8aaa\/pasted_image_at_2017_10_13_08_30_pm_960.png?t=xoxe-2690623982-420508393732-420508393844-55126cc98091fbe0399fac3c66f6ed8e",
                "thumb_960_w": 960,
                "thumb_960_h": 720,
                "thumb_1024": "https:\/\/files.slack.com\/files-tmb\/T02LAJBUW-F7J4B651A-2b081a8aaa\/pasted_image_at_2017_10_13_08_30_pm_1024.png?t=xoxe-2690623982-420508393732-420508393844-55126cc98091fbe0399fac3c66f6ed8e",
                "thumb_1024_w": 1024,
                "thumb_1024_h": 768,
                "image_exif_rotation": 1,
                "original_w": 1280,
                "original_h": 960,
                "permalink": "https:\/\/komodo-platform.slack.com\/files\/U5UHJM2K1\/F7J4B651A\/pasted_image_at_2017_10_13_08_30_pm.png",
                "permalink_public": "https:\/\/slack-files.com\/T02LAJBUW-F7J4B651A-592ab48191",
                "reactions": [
                    {
                        "name": "+1",
                        "users": [
                            "U02QSHX81"
                        ],
                        "count": 1
                    }
                ]
            }
        ],
        "upload": true,
        "user": "U5UHJM2K1",
        "display_as_bot": false,
        "reactions": [
            {
                "name": "+1",
                "users": [
                    "U02QSHX81"
                ],
                "count": 1
            }
        ],
        "ts": "1507915858.000202"
    },
    {
        "type": "message",
        "text": "And BarterDex Ugly GUI seems have an error in displaying column titles.",
        "files": [
            {
                "id": "F7J0JLSM9",
                "created": 1507915970,
                "timestamp": 1507915970,
                "name": "Pasted image at 2017_10_13 08_32 PM.png",
                "title": "Pasted image at 2017-10-13, 8:32 PM",
                "mimetype": "image\/png",
                "filetype": "png",
                "pretty_type": "PNG",
                "user": "U5UHJM2K1",
                "editable": false,
                "size": 248496,
                "mode": "hosted",
                "is_external": false,
                "external_type": "",
                "is_public": true,
                "public_url_shared": false,
                "display_as_bot": false,
                "username": "",
                "url_private": "https:\/\/files.slack.com\/files-pri\/T02LAJBUW-F7J0JLSM9\/pasted_image_at_2017_10_13_08_32_pm.png?t=xoxe-2690623982-420508393732-420508393844-55126cc98091fbe0399fac3c66f6ed8e",
                "url_private_download": "https:\/\/files.slack.com\/files-pri\/T02LAJBUW-F7J0JLSM9\/download\/pasted_image_at_2017_10_13_08_32_pm.png?t=xoxe-2690623982-420508393732-420508393844-55126cc98091fbe0399fac3c66f6ed8e",
                "thumb_64": "https:\/\/files.slack.com\/files-tmb\/T02LAJBUW-F7J0JLSM9-d36ab3b725\/pasted_image_at_2017_10_13_08_32_pm_64.png?t=xoxe-2690623982-420508393732-420508393844-55126cc98091fbe0399fac3c66f6ed8e",
                "thumb_80": "https:\/\/files.slack.com\/files-tmb\/T02LAJBUW-F7J0JLSM9-d36ab3b725\/pasted_image_at_2017_10_13_08_32_pm_80.png?t=xoxe-2690623982-420508393732-420508393844-55126cc98091fbe0399fac3c66f6ed8e",
                "thumb_360": "https:\/\/files.slack.com\/files-tmb\/T02LAJBUW-F7J0JLSM9-d36ab3b725\/pasted_image_at_2017_10_13_08_32_pm_360.png?t=xoxe-2690623982-420508393732-420508393844-55126cc98091fbe0399fac3c66f6ed8e",
                "thumb_360_w": 360,
                "thumb_360_h": 185,
                "thumb_480": "https:\/\/files.slack.com\/files-tmb\/T02LAJBUW-F7J0JLSM9-d36ab3b725\/pasted_image_at_2017_10_13_08_32_pm_480.png?t=xoxe-2690623982-420508393732-420508393844-55126cc98091fbe0399fac3c66f6ed8e",
                "thumb_480_w": 480,
                "thumb_480_h": 247,
                "thumb_160": "https:\/\/files.slack.com\/files-tmb\/T02LAJBUW-F7J0JLSM9-d36ab3b725\/pasted_image_at_2017_10_13_08_32_pm_160.png?t=xoxe-2690623982-420508393732-420508393844-55126cc98091fbe0399fac3c66f6ed8e",
                "thumb_720": "https:\/\/files.slack.com\/files-tmb\/T02LAJBUW-F7J0JLSM9-d36ab3b725\/pasted_image_at_2017_10_13_08_32_pm_720.png?t=xoxe-2690623982-420508393732-420508393844-55126cc98091fbe0399fac3c66f6ed8e",
                "thumb_720_w": 720,
                "thumb_720_h": 370,
                "thumb_800": "https:\/\/files.slack.com\/files-tmb\/T02LAJBUW-F7J0JLSM9-d36ab3b725\/pasted_image_at_2017_10_13_08_32_pm_800.png?t=xoxe-2690623982-420508393732-420508393844-55126cc98091fbe0399fac3c66f6ed8e",
                "thumb_800_w": 800,
                "thumb_800_h": 411,
                "thumb_960": "https:\/\/files.slack.com\/files-tmb\/T02LAJBUW-F7J0JLSM9-d36ab3b725\/pasted_image_at_2017_10_13_08_32_pm_960.png?t=xoxe-2690623982-420508393732-420508393844-55126cc98091fbe0399fac3c66f6ed8e",
                "thumb_960_w": 960,
                "thumb_960_h": 493,
                "thumb_1024": "https:\/\/files.slack.com\/files-tmb\/T02LAJBUW-F7J0JLSM9-d36ab3b725\/pasted_image_at_2017_10_13_08_32_pm_1024.png?t=xoxe-2690623982-420508393732-420508393844-55126cc98091fbe0399fac3c66f6ed8e",
                "thumb_1024_w": 1024,
                "thumb_1024_h": 526,
                "image_exif_rotation": 1,
                "original_w": 1722,
                "original_h": 885,
                "permalink": "https:\/\/komodo-platform.slack.com\/files\/U5UHJM2K1\/F7J0JLSM9\/pasted_image_at_2017_10_13_08_32_pm.png",
                "permalink_public": "https:\/\/slack-files.com\/T02LAJBUW-F7J0JLSM9-98e0b75ec1"
            }
        ],
        "upload": true,
        "user": "U5UHJM2K1",
        "display_as_bot": false,
        "ts": "1507915975.000088"
    },
    {
        "type": "message",
        "user": "U5UHJM2K1",
        "text": "This nearly made me crazy today  ))",
        "ts": "1507916035.000259"
    },
    {
        "type": "message",
        "user": "U2Q1DP6EQ",
        "text": "cool, the last 2 sentences from the first picture (buy\/sell fills...) are a very good explanation of what this API calls are doing...",
        "ts": "1507916183.000053"
    },
    {
        "user": "U2Q1DP6EQ",
        "topic": "<http:\/\/pad.supernet.org\/barterdex-readme>\n<http:\/\/pad.supernet.org\/barterdex-spv-install>\n<http:\/\/pad.supernet.org\/electrum-servers>\nSetting-up-LP-Node: <http:\/\/bit.ly\/2sSS3nk>\n<https:\/\/sprnt.slackarchive.io\/tradebots\/>",
        "text": "<@U2Q1DP6EQ> set the channel topic: <http:\/\/pad.supernet.org\/barterdex-readme>\n<http:\/\/pad.supernet.org\/barterdex-spv-install>\n<http:\/\/pad.supernet.org\/electrum-servers>\nSetting-up-LP-Node: <http:\/\/bit.ly\/2sSS3nk>\n<https:\/\/sprnt.slackarchive.io\/tradebots\/>",
        "type": "message",
        "subtype": "channel_topic",
        "ts": "1507916697.000617"
    },
    {
        "type": "message",
        "user": "U1SJT84KS",
        "text": "detective decker",
        "ts": "1507917415.000127"
    },
    {
        "type": "message",
        "user": "U5UHJM2K1",
        "text": "<@U2Q1DP6EQ> is a jl777 sentenses ... Thx him for trying to explain me all things. My brain is strange ... until some things is not \"all clear\" for me, i cant' sleep well )",
        "ts": "1507917614.000382"
    },
    {
        "type": "message",
        "text": "Here is the small php script written by me to draw these tables from orderbook json output.",
        "files": [
            {
                "id": "F7HDJCWE4",
                "created": 1507917679,
                "timestamp": 1507917679,
                "name": "orderbook_parse.php",
                "title": "orderbook_parse.php",
                "mimetype": "text\/plain",
                "filetype": "php",
                "pretty_type": "PHP",
                "user": "U5UHJM2K1",
                "editable": true,
                "size": 10385,
                "mode": "snippet",
                "is_external": false,
                "external_type": "",
                "is_public": true,
                "public_url_shared": false,
                "display_as_bot": false,
                "username": "",
                "url_private": "https:\/\/files.slack.com\/files-pri\/T02LAJBUW-F7HDJCWE4\/orderbook_parse.php?t=xoxe-2690623982-420508393732-420508393844-55126cc98091fbe0399fac3c66f6ed8e",
                "url_private_download": "https:\/\/files.slack.com\/files-pri\/T02LAJBUW-F7HDJCWE4\/download\/orderbook_parse.php?t=xoxe-2690623982-420508393732-420508393844-55126cc98091fbe0399fac3c66f6ed8e",
                "permalink": "https:\/\/komodo-platform.slack.com\/files\/U5UHJM2K1\/F7HDJCWE4\/orderbook_parse.php",
                "permalink_public": "https:\/\/slack-files.com\/T02LAJBUW-F7HDJCWE4-2d8628180d",
                "edit_link": "https:\/\/komodo-platform.slack.com\/files\/U5UHJM2K1\/F7HDJCWE4\/orderbook_parse.php\/edit",
                "preview": "<style type=\"text\/css\">\n\n<!--\ntable.design1 {\n font-family:Verdana, Geneva, sans-serif;",
                "preview_highlight": "<div class=\"CodeMirror cm-s-default CodeMirrorServer\" oncopy=\"if(event.clipboardData){event.clipboardData.setData('text\/plain',window.getSelection().toString().replace(\/\\u200b\/g,''));event.preventDefault();event.stopPropagation();}\">\n<div class=\"CodeMirror-code\">\n<div><pre><span class=\"cm-tag cm-bracket\">&lt;<\/span><span class=\"cm-tag\">style<\/span> <span class=\"cm-attribute\">type<\/span>=<span class=\"cm-string\">&quot;text\/css&quot;<\/span><span class=\"cm-tag cm-bracket\">&gt;<\/span><\/pre><\/div>\n<div><pre>&#8203;<\/pre><\/div>\n<div><pre>&lt;<span class=\"cm-keyword\">!<\/span>--<\/pre><\/div>\n<div><pre><span class=\"cm-tag\">table<\/span><span class=\"cm-qualifier\">.design1<\/span> {<\/pre><\/div>\n<div><pre> <span class=\"cm-property\">font-family<\/span>:<span class=\"cm-variable\">Verdana<\/span>, <span class=\"cm-variable\">Geneva<\/span>, <span class=\"cm-atom\">sans-serif<\/span>;<\/pre><\/div>\n<\/div>\n<\/div>\n",
                "lines": 116,
                "lines_more": 111,
                "preview_is_truncated": true
            }
        ],
        "upload": true,
        "user": "U5UHJM2K1",
        "display_as_bot": false,
        "ts": "1507917679.000569"
    },
    {
        "type": "message",
        "user": "U5UHJM2K1",
        "text": "May be it also will be useful for somebody.",
        "ts": "1507917720.000409"
    },
    {
        "type": "message",
        "user": "U02QSHX81",
        "text": "<@U2Q1DP6EQ> I had only 1 transaction for KMD as well <https:\/\/kmd.explorer.supernet.org\/address\/RDoMmoCM5AcEH6Yf5vqKbqRjD1fLcQHuWb>",
        "ts": "1507917890.000135"
    },
    {
        "type": "message",
        "user": "U02QSHX81",
        "text": "That is the reason I was asking. I will send another DGB tx 20% bigger than the first one now.",
        "ts": "1507917958.000021"
    },
    {
        "type": "message",
        "user": "U2Q1DP6EQ",
        "text": "strange thing this is :slightly_smiling_face:",
        "ts": "1507918263.000207"
    },
    {
        "type": "message",
        "user": "U02QSHX81",
        "text": "yes, i got confused and had to ask this.",
        "ts": "1507918302.000173"
    },
    {
        "type": "message",
        "text": "",
        "files": [
            {
                "id": "F7J51TU2G",
                "created": 1507918338,
                "timestamp": 1507918338,
                "name": "-.sh",
                "title": "Untitled",
                "mimetype": "text\/plain",
                "filetype": "shell",
                "pretty_type": "Shell",
                "user": "U02QSHX81",
                "editable": true,
                "size": 245,
                "mode": "snippet",
                "is_external": false,
                "external_type": "",
                "is_public": true,
                "public_url_shared": false,
                "display_as_bot": false,
                "username": "",
                "url_private": "https:\/\/files.slack.com\/files-pri\/T02LAJBUW-F7J51TU2G\/-.sh?t=xoxe-2690623982-420508393732-420508393844-55126cc98091fbe0399fac3c66f6ed8e",
                "url_private_download": "https:\/\/files.slack.com\/files-pri\/T02LAJBUW-F7J51TU2G\/download\/-.sh?t=xoxe-2690623982-420508393732-420508393844-55126cc98091fbe0399fac3c66f6ed8e",
                "permalink": "https:\/\/komodo-platform.slack.com\/files\/U02QSHX81\/F7J51TU2G\/-.sh",
                "permalink_public": "https:\/\/slack-files.com\/T02LAJBUW-F7J51TU2G-53a9e9d003",
                "edit_link": "https:\/\/komodo-platform.slack.com\/files\/U02QSHX81\/F7J51TU2G\/-.sh\/edit",
                "preview": "devx@i7:~\/SuperNET\/iguana\/dexscripts$ .\/balance\r\n{\"result\":\"success\",\"coin\":\"KMD\",\"address\":\"RDoMmoCM5AcEH6Yf5vqKbqRjD1fLcQHuWb\",\"balance\":10.12700000}\r\n{\"result\":\"success\",\"coin\":\"DGB\",\"address\":\"D9fGEYFhmkhwk6N4MLqm45G8Ksw3E2AmTR\",\"balance\":0}",
                "preview_highlight": "<div class=\"CodeMirror cm-s-default CodeMirrorServer\" oncopy=\"if(event.clipboardData){event.clipboardData.setData('text\/plain',window.getSelection().toString().replace(\/\\u200b\/g,''));event.preventDefault();event.stopPropagation();}\">\n<div class=\"CodeMirror-code\">\n<div><pre>devx@i7:~\/SuperNET\/iguana\/dexscripts<span class=\"cm-def\">$ <\/span>.\/balance<\/pre><\/div>\n<div><pre>{<span class=\"cm-string\">&quot;result&quot;<\/span>:<span class=\"cm-string\">&quot;success&quot;<\/span>,<span class=\"cm-string\">&quot;coin&quot;<\/span>:<span class=\"cm-string\">&quot;KMD&quot;<\/span>,<span class=\"cm-string\">&quot;address&quot;<\/span>:<span class=\"cm-string\">&quot;RDoMmoCM5AcEH6Yf5vqKbqRjD1fLcQHuWb&quot;<\/span>,<span class=\"cm-string\">&quot;balance&quot;<\/span>:10.12700000}<\/pre><\/div>\n<div><pre>{<span class=\"cm-string\">&quot;result&quot;<\/span>:<span class=\"cm-string\">&quot;success&quot;<\/span>,<span class=\"cm-string\">&quot;coin&quot;<\/span>:<span class=\"cm-string\">&quot;DGB&quot;<\/span>,<span class=\"cm-string\">&quot;address&quot;<\/span>:<span class=\"cm-string\">&quot;D9fGEYFhmkhwk6N4MLqm45G8Ksw3E2AmTR&quot;<\/span>,<span class=\"cm-string\">&quot;balance&quot;<\/span>:0}<\/pre><\/div>\n<\/div>\n<\/div>\n",
                "lines": 3,
                "lines_more": 0,
                "preview_is_truncated": false
            }
        ],
        "upload": true,
        "user": "U02QSHX81",
        "display_as_bot": false,
        "ts": "1507918339.000253"
    },
    {
        "type": "message",
        "user": "U02LQ1WHQ",
        "text": "listunspent is the source of the data",
        "ts": "1507918372.000178"
    },
    {
        "type": "message",
        "user": "U2Q1DP6EQ",
        "text": "oohh, you are using \"balance\", i always thought about inventory :slightly_smiling_face:",
        "ts": "1507918382.000476"
    },
    {
        "type": "message",
        "user": "U02LQ1WHQ",
        "text": "maybe balance has a bug, but it does a sum of listunspent",
        "ts": "1507918460.000691"
    },
    {
        "type": "message",
        "user": "U02QSHX81",
        "text": "even the kmd-cli displays balance but digibyte-cli does not",
        "ts": "1507918485.000341"
    },
    {
        "type": "message",
        "user": "U02QSHX81",
        "text": "sent another 400DGB to the address. About 20% bigger",
        "edited": {
            "user": "U02QSHX81",
            "ts": "1507918517.000000"
        },
        "ts": "1507918502.000080"
    },
    {
        "type": "message",
        "user": "U02LQ1WHQ",
        "text": "if the cli doesnt see it, no way for marketmaker to see it",
        "ts": "1507918555.000097"
    },
    {
        "type": "message",
        "text": "The first one is BTC which is desabled, 2nd KMD, 3rd one DGB []",
        "files": [
            {
                "id": "F7J3HJN1G",
                "created": 1507918577,
                "timestamp": 1507918577,
                "name": "-.sh",
                "title": "Untitled",
                "mimetype": "text\/plain",
                "filetype": "shell",
                "pretty_type": "Shell",
                "user": "U02QSHX81",
                "editable": true,
                "size": 215,
                "mode": "snippet",
                "is_external": false,
                "external_type": "",
                "is_public": true,
                "public_url_shared": false,
                "display_as_bot": false,
                "username": "",
                "url_private": "https:\/\/files.slack.com\/files-pri\/T02LAJBUW-F7J3HJN1G\/-.sh?t=xoxe-2690623982-420508393732-420508393844-55126cc98091fbe0399fac3c66f6ed8e",
                "url_private_download": "https:\/\/files.slack.com\/files-pri\/T02LAJBUW-F7J3HJN1G\/download\/-.sh?t=xoxe-2690623982-420508393732-420508393844-55126cc98091fbe0399fac3c66f6ed8e",
                "permalink": "https:\/\/komodo-platform.slack.com\/files\/U02QSHX81\/F7J3HJN1G\/-.sh",
                "permalink_public": "https:\/\/slack-files.com\/T02LAJBUW-F7J3HJN1G-25e37cb6cd",
                "edit_link": "https:\/\/komodo-platform.slack.com\/files\/U02QSHX81\/F7J3HJN1G\/-.sh\/edit",
                "preview": "devx@i7:~\/SuperNET\/iguana\/dexscripts$ .\/listunspent\r\n{\"error\":\"coin is disabled\"}\r\n[{\"tx_hash\":\"79684e9c19c996292ad4a25c9dc05c89a3a9243af1b83727362bb2e2f92e08f6\",\"tx_pos\":1,\"height\":534027,\"value\":\"1012700000\"}]\r\n[]",
                "preview_highlight": "<div class=\"CodeMirror cm-s-default CodeMirrorServer\" oncopy=\"if(event.clipboardData){event.clipboardData.setData('text\/plain',window.getSelection().toString().replace(\/\\u200b\/g,''));event.preventDefault();event.stopPropagation();}\">\n<div class=\"CodeMirror-code\">\n<div><pre>devx@i7:~\/SuperNET\/iguana\/dexscripts<span class=\"cm-def\">$ <\/span>.\/listunspent<\/pre><\/div>\n<div><pre>{<span class=\"cm-string\">&quot;error&quot;<\/span>:<span class=\"cm-string\">&quot;coin is disabled&quot;<\/span>}<\/pre><\/div>\n<div><pre>[{<span class=\"cm-string\">&quot;tx_hash&quot;<\/span>:<span class=\"cm-string\">&quot;79684e9c19c996292ad4a25c9dc05c89a3a9243af1b83727362bb2e2f92e08f6&quot;<\/span>,<span class=\"cm-string\">&quot;tx_pos&quot;<\/span>:1,<span class=\"cm-string\">&quot;height&quot;<\/span>:534027,<span class=\"cm-string\">&quot;value&quot;<\/span>:<span class=\"cm-string\">&quot;1012700000&quot;<\/span>}]<\/pre><\/div>\n<div><pre>[]<\/pre><\/div>\n<\/div>\n<\/div>\n",
                "lines": 4,
                "lines_more": 0,
                "preview_is_truncated": false
            }
        ],
        "upload": true,
        "user": "U02QSHX81",
        "display_as_bot": false,
        "ts": "1507918578.000007"
    },
    {
        "type": "message",
        "user": "U02LQ1WHQ",
        "text": "if you do digibyte-cli does it return listunspents",
        "ts": "1507918615.000339"
    },
    {
        "type": "message",
        "user": "U2Q1DP6EQ",
        "text": "i have here a strange behaviour: called buy, alice found a trading partner and showed the \"QUERY\"-output, but on bob side nothing was shown on console, only after quite some time (1 minute or so)... bob still has very many connections in TIME_WAIT, it fluctuates very much (2000 - 50000)",
        "ts": "1507918656.000089"
    },
    {
        "type": "message",
        "text": "This is showing only the second TX.",
        "files": [
            {
                "id": "F7HDU53L0",
                "created": 1507918670,
                "timestamp": 1507918670,
                "name": "-.sh",
                "title": "Untitled",
                "mimetype": "text\/plain",
                "filetype": "shell",
                "pretty_type": "Shell",
                "user": "U02QSHX81",
                "editable": true,
                "size": 446,
                "mode": "snippet",
                "is_external": false,
                "external_type": "",
                "is_public": true,
                "public_url_shared": false,
                "display_as_bot": false,
                "username": "",
                "url_private": "https:\/\/files.slack.com\/files-pri\/T02LAJBUW-F7HDU53L0\/-.sh?t=xoxe-2690623982-420508393732-420508393844-55126cc98091fbe0399fac3c66f6ed8e",
                "url_private_download": "https:\/\/files.slack.com\/files-pri\/T02LAJBUW-F7HDU53L0\/download\/-.sh?t=xoxe-2690623982-420508393732-420508393844-55126cc98091fbe0399fac3c66f6ed8e",
                "permalink": "https:\/\/komodo-platform.slack.com\/files\/U02QSHX81\/F7HDU53L0\/-.sh",
                "permalink_public": "https:\/\/slack-files.com\/T02LAJBUW-F7HDU53L0-278da085d0",
                "edit_link": "https:\/\/komodo-platform.slack.com\/files\/U02QSHX81\/F7HDU53L0\/-.sh\/edit",
                "preview": "devx@i7:~\/digibyte$ .\/src\/digibyte-cli listunspent\r\n[\r\n  {\r\n    \"txid\": \"e4d1e722fa42794100adb90d65cdb8bc283ca6432b636b90950f753b102ab66d\",\r\n    \"vout\": 0,\r",
                "preview_highlight": "<div class=\"CodeMirror cm-s-default CodeMirrorServer\" oncopy=\"if(event.clipboardData){event.clipboardData.setData('text\/plain',window.getSelection().toString().replace(\/\\u200b\/g,''));event.preventDefault();event.stopPropagation();}\">\n<div class=\"CodeMirror-code\">\n<div><pre>devx@i7:~\/digibyte<span class=\"cm-def\">$ <\/span>.\/src\/digibyte-cli listunspent<\/pre><\/div>\n<div><pre>[<\/pre><\/div>\n<div><pre>  {<\/pre><\/div>\n<div><pre>    <span class=\"cm-string\">&quot;txid&quot;<\/span>: <span class=\"cm-string\">&quot;e4d1e722fa42794100adb90d65cdb8bc283ca6432b636b90950f753b102ab66d&quot;<\/span>,<\/pre><\/div>\n<div><pre>    <span class=\"cm-string\">&quot;vout&quot;<\/span>: <span class=\"cm-number\">0<\/span>,<\/pre><\/div>\n<\/div>\n<\/div>\n",
                "lines": 14,
                "lines_more": 9,
                "preview_is_truncated": false
            }
        ],
        "upload": true,
        "user": "U02QSHX81",
        "display_as_bot": false,
        "ts": "1507918676.000319"
    },
    {
        "type": "message",
        "user": "U02LQ1WHQ",
        "text": "how to display the number of connections",
        "ts": "1507918703.000498"
    },
    {
        "type": "message",
        "user": "U2Q1DP6EQ",
        "text": "`netstat -natp | wc -l` shows the number of TCP connections",
        "ts": "1507918740.000039"
    },
    {
        "type": "message",
        "user": "U02QSHX81",
        "text": "DGB explorer is listing both of the TX and showing a total of 729.87617813 DGB",
        "ts": "1507918753.000566"
    },
    {
        "type": "message",
        "user": "U02LQ1WHQ",
        "text": "netstat -natp | wc -l shows 5000 to 10000 on all my nodes",
        "ts": "1507918787.000059"
    },
    {
        "type": "message",
        "user": "U02LQ1WHQ",
        "text": "i did reduce frequency since you posted",
        "ts": "1507918798.000230"
    },
    {
        "type": "message",
        "user": "U2Q1DP6EQ",
        "text": "`netstat -natp | grep -v \"TIME_WAIT\" | wc -l` does the same, but without the \"TIME_WAIT\"... it is much lower then the previous number",
        "ts": "1507918810.000244"
    },
    {
        "type": "message",
        "user": "U02LQ1WHQ",
        "text": "all around 1000 on LP nodes, 400 on client node",
        "ts": "1507918858.000203"
    },
    {
        "type": "message",
        "user": "U02LQ1WHQ",
        "text": "what are you seeing?",
        "ts": "1507918864.000080"
    },
    {
        "type": "message",
        "user": "U2Q1DP6EQ",
        "text": "34864",
        "ts": "1507918875.000176"
    },
    {
        "type": "message",
        "user": "U02LQ1WHQ",
        "text": "<@U02QSHX81> if your coin daemon is messed up... not sure what to do",
        "ts": "1507918879.000391"
    },
    {
        "type": "message",
        "user": "U2Q1DP6EQ",
        "text": "most of them are BTC",
        "ts": "1507918897.000246"
    },
    {
        "type": "message",
        "user": "U02LQ1WHQ",
        "text": "maybe it is scanning for pending swaps",
        "ts": "1507918933.000439"
    },
    {
        "type": "message",
        "user": "U2Q1DP6EQ",
        "text": "i have 5 swaps recorded on this node, all of them .finished",
        "ts": "1507918984.000221"
    },
    {
        "type": "message",
        "user": "U2Q1DP6EQ",
        "text": "15586",
        "ts": "1507918997.000250"
    },
    {
        "type": "message",
        "user": "U02LQ1WHQ",
        "text": "could it be electrum?",
        "ts": "1507919036.000169"
    },
    {
        "type": "message",
        "user": "U02QSHX81",
        "text": "This is ok. I don't mind losing 330 DGB. I will check it out later. .\/balance is now showing both of the coin balance. Happy that both of the balance is here now. So, I can start testing again :slightly_smiling_face:",
        "ts": "1507919060.000350"
    },
    {
        "type": "message",
        "user": "U2Q1DP6EQ",
        "text": "lol... yes, i tried electrum on alice side, but bob (the one with the many connections) is native",
        "ts": "1507919094.000456"
    },
    {
        "type": "message",
        "user": "U02LQ1WHQ",
        "text": "i mean the electrumX servers would use up connections",
        "ts": "1507919131.000271"
    },
    {
        "type": "message",
        "user": "U2Q1DP6EQ",
        "text": "oh, i see... no, i also thought about that, but there are no clients connected to BTC electrumx at the moment",
        "ts": "1507919197.000197"
    },
    {
        "type": "message",
        "user": "U2Q1DP6EQ",
        "text": "ok, electrumx could do the connections without clients if it is going crazy, that's true... i will stop at least BTC electrumx and see if it makes a difference",
        "ts": "1507919258.000297"
    },
    {
        "type": "message",
        "user": "U02LQ1WHQ",
        "text": "it seems it is the rpc calls to init DB",
        "ts": "1507919288.000126"
    },
    {
        "type": "message",
        "user": "U2Q1DP6EQ",
        "text": "ok, because electrumx was not the problem.... i also see the connection numbers jump from one second to the other like from 21912 to 27320, so they seem to be created pretty fast, like in bunch of 1000s",
        "ts": "1507919418.000205"
    },
    {
        "type": "message",
        "user": "U2Q1DP6EQ",
        "text": "they also go away pretty fast... now down to 8937",
        "ts": "1507919473.000184"
    },
    {
        "type": "message",
        "user": "U02LQ1WHQ",
        "text": "latest version improves listunspent propagation, the old push method is now combined with an an demand pull method, orderbook will issue it for all address without any utxo and also always when doing a trade. what that means is that after one trade requeset failes, it is possible the next once could work due to some new utxo coming in",
        "ts": "1507923536.000197"
    },
    {
        "type": "message",
        "user": "U02LQ1WHQ",
        "text": "however",
        "ts": "1507923538.000138"
    },
    {
        "type": "message",
        "user": "U02LQ1WHQ",
        "text": "I finally think I understand the ordermatch wonkiness",
        "ts": "1507923549.000033"
    },
    {
        "type": "message",
        "user": "U02LQ1WHQ",
        "text": "but I need to get some breakfast before I can fix it",
        "ts": "1507923559.000108",
        "reactions": [
            {
                "name": "grinning",
                "users": [
                    "U02SX3EJB"
                ],
                "count": 1
            }
        ]
    },
    {
        "type": "message",
        "user": "U02QSHX81",
        "text": "I have edited the <http:\/\/pad.supernet.org\/barterdex-readme> file a bit. It was showing port 7779 instead of 7783. Changed them up. I tried with port 7779 and was getting error. Is this OK?",
        "ts": "1507927278.000130"
    },
    {
        "type": "message",
        "user": "U02QSHX81",
        "text": "also update the <http:\/\/pad.supernet.org\/BarterDEX_API> file with port 7783",
        "ts": "1507927612.000024"
    },
    {
        "type": "message",
        "user": "U02QSHX81",
        "text": "Taking off for the night. See you guys in the morning.",
        "ts": "1507927701.000256"
    },
    {
        "type": "message",
        "user": "U02QSHX81",
        "text": "Just another thing, if I was right with the port number then the GitHub page needs an update as well. <https:\/\/github.com\/SuperNETorg\/komodo\/wiki\/Setting-up-Liquidity-Provider-(LP)-Node>",
        "ts": "1507927928.000178"
    },
    {
        "type": "message",
        "user": "U2Q1DP6EQ",
        "text": "yes, port 7779 has changed to 7783 a while ago. Thank you for the updates.",
        "ts": "1507931729.000180"
    },
    {
        "type": "message",
        "user": "U2Q1DP6EQ",
        "text": "`set swappending.1507931589 accept qprice 0.00556391, min 0.00556394` says bob... this can't be right, right? alice got a `invalid price 0.00000000`, so the swap didn't start",
        "ts": "1507931871.000036"
    },
    {
        "type": "message",
        "user": "U2Q1DP6EQ",
        "text": "increased the price and got a bit further, but bob said after `start swap iambob`\n`waitfor timedout`\n`didnt get valid data after 60`\n`error waitsend pubkeys`\nalthough alice was right about to start the swap too `start swap iamalice pair.19` but then also got\n`send pubkeys error`\n`error LP_sendwait pubkeys`\nafter a while\nbob is native, alice is electrum",
        "ts": "1507932437.000043"
    },
    {
        "type": "message",
        "user": "U2Q1DP6EQ",
        "text": "i know ordermatching is in the making, just thought the info could be useful",
        "ts": "1507932584.000176"
    },
    {
        "type": "message",
        "user": "U2Q1DP6EQ",
        "text": "i managed to get the many TIME_WAIT-connections under control by tuning some kernel parameters... it is only on nodes with native daemons, after switching my home node to electrum and disabling all native coins the connections went down to 250 and it stays down... on the nodes with native daemons the number of connections is around 20000-25000 on average",
        "ts": "1507933262.000020"
    },
    {
        "type": "message",
        "user": "U2Q1DP6EQ",
        "text": "after switching DGB on alice from electrum to native, the swap worked (KMD on alice still electrum), transactions are all spent, only thing is alice still sees the swap as \"pending\", even after calling swapstatus, which btw detected all \"spend of\"s",
        "ts": "1507945345.000069"
    },
    {
        "type": "message",
        "user": "U2Q1DP6EQ",
        "text": "oh, the connections on alice went back up to 2500 from 250 after switsching DGB from electrum to native",
        "ts": "1507945934.000011"
    },
    {
        "type": "message",
        "user": "U0JUJF8RX",
        "text": "@cipi question since you probably are the most familiar with BarterDEX.  What is the most simple proof of stake coin that has the required opcodes for atomic swap",
        "ts": "1507950726.000073"
    }
]