[
    {
        "type": "message",
        "user": "U33CGLNNR",
        "text": "I liked EasyDex. It rolls off the tongue",
        "ts": "1498807004.935570"
    },
    {
        "type": "message",
        "user": "U33CGLNNR",
        "text": "but BarterDEX sounds badass too",
        "ts": "1498807017.938061"
    },
    {
        "type": "message",
        "user": "U0339CZK1",
        "text": "<https:\/\/sprnt.slack.com\/archives\/C0MN08277\/p1498735489157288>",
        "attachments": [
            {
                "from_url": "https:\/\/sprnt.slack.com\/archives\/C0MN08277\/p1498735489157288",
                "fallback": "[June 29th, 2017 4:24 AM] audo: I see, then <@U02N0EWT4> we should also rank up on 'LP-node' and 'liquidity provider' search terms. Just need to think which website",
                "ts": "1498735489.157288",
                "author_subname": "audo",
                "channel_id": "C0MN08277",
                "channel_name": "tradebots",
                "is_msg_unfurl": true,
                "text": "I see, then <@U02N0EWT4> we should also rank up on 'LP-node' and 'liquidity provider' search terms. Just need to think which website",
                "author_name": "Sir Audo",
                "author_link": "https:\/\/sprnt.slack.com\/team\/audo",
                "author_icon": "https:\/\/avatars.slack-edge.com\/2017-02-08\/138006235249_ccc8328cc2549348dde7_48.png",
                "mrkdwn_in": [
                    "text"
                ],
                "id": 1,
                "footer": "Posted in #tradebots"
            }
        ],
        "ts": "1498820592.889856"
    },
    {
        "type": "message",
        "user": "U33CGLNNR",
        "text": "The wiki?",
        "ts": "1498821518.063827"
    },
    {
        "type": "message",
        "user": "U06LEAJBZ",
        "text": "for some website (SEO). We are planning",
        "ts": "1498822832.305889"
    },
    {
        "type": "message",
        "user": "U33CGLNNR",
        "text": "nice",
        "ts": "1498823683.466282"
    },
    {
        "type": "message",
        "user": "U41M5AAJW",
        "text": "where can i find the wiki for atomic swaps?",
        "ts": "1498824766.692768"
    },
    {
        "type": "message",
        "user": "U33CGLNNR",
        "text": "<http:\/\/wiki.supernet.org\/wiki\/Special:AllPages>",
        "ts": "1498825838.932273"
    },
    {
        "type": "message",
        "user": "U33CGLNNR",
        "text": "I don't have time right now to go through it to see what is all there but I will definitely do it later. ",
        "ts": "1498825862.938046"
    },
    {
        "type": "message",
        "text": "",
        "files": [
            {
                "id": "F5N0AUC03",
                "created": 1496433617,
                "timestamp": 1496433617,
                "name": "DEX_API.txt",
                "title": "DEX API",
                "mimetype": "text\/plain",
                "filetype": "text",
                "pretty_type": "Plain Text",
                "user": "U02LQ1WHQ",
                "editable": true,
                "size": 5455,
                "mode": "snippet",
                "is_external": false,
                "external_type": "",
                "is_public": true,
                "public_url_shared": false,
                "display_as_bot": false,
                "username": "",
                "url_private": "https:\/\/files.slack.com\/files-pri\/T02LAJBUW-F5N0AUC03\/dex_api.txt?t=xoxe-2690623982-420508393732-420508393844-55126cc98091fbe0399fac3c66f6ed8e",
                "url_private_download": "https:\/\/files.slack.com\/files-pri\/T02LAJBUW-F5N0AUC03\/download\/dex_api.txt?t=xoxe-2690623982-420508393732-420508393844-55126cc98091fbe0399fac3c66f6ed8e",
                "permalink": "https:\/\/komodo-platform.slack.com\/files\/U02LQ1WHQ\/F5N0AUC03\/dex_api.txt",
                "permalink_public": "https:\/\/slack-files.com\/T02LAJBUW-F5N0AUC03-ee0a82d31d",
                "edit_link": "https:\/\/komodo-platform.slack.com\/files\/U02LQ1WHQ\/F5N0AUC03\/dex_api.txt\/edit",
                "preview": "iguana native DEX API\r\n\r\nA native DEX has different constraints than a centralized exchange. Due to this, the API has aspects that are unique to a native DEX. However, it has been made to follow the standard exchange API as much as possible. Both komodo and iguana are required.\r\n\r\n\r",
                "preview_highlight": "<div class=\"CodeMirror cm-s-default CodeMirrorServer\" oncopy=\"if(event.clipboardData){event.clipboardData.setData('text\/plain',window.getSelection().toString().replace(\/\\u200b\/g,''));event.preventDefault();event.stopPropagation();}\">\n<div class=\"CodeMirror-code\">\n<div><pre>iguana native DEX API<\/pre><\/div>\n<div><pre><\/pre><\/div>\n<div><pre>A native DEX has different constraints than a centralized exchange. Due to this, the API has aspects that are unique to a native DEX. However, it has been made to follow the standard exchange API as much as possible. Both komodo and iguana are required.<\/pre><\/div>\n<div><pre><\/pre><\/div>\n<div><pre><\/pre><\/div>\n<div><pre><\/pre><\/div>\n<\/div>\n<\/div>\n",
                "lines": 68,
                "lines_more": 63,
                "preview_is_truncated": true,
                "reactions": [
                    {
                        "name": "+1",
                        "users": [
                            "U4V61U2G1",
                            "U2GC2GXTP",
                            "U33CGLNNR",
                            "U03SKEFEL",
                            "U352PEKC7",
                            "U1GLCHPA8",
                            "U41M5AAJW"
                        ],
                        "count": 7
                    }
                ]
            }
        ],
        "upload": false,
        "user": "U02LQ1WHQ",
        "display_as_bot": false,
        "reactions": [
            {
                "name": "+1",
                "users": [
                    "U4V61U2G1",
                    "U2GC2GXTP",
                    "U33CGLNNR",
                    "U03SKEFEL",
                    "U352PEKC7",
                    "U1GLCHPA8",
                    "U41M5AAJW"
                ],
                "count": 7
            }
        ],
        "ts": "1498825902.947887"
    },
    {
        "type": "message",
        "text": "",
        "files": [
            {
                "id": "F5QHUUZP0",
                "created": 1496803650,
                "timestamp": 1496803650,
                "name": "DEX_details.txt",
                "title": "DEX details",
                "mimetype": "text\/plain",
                "filetype": "text",
                "pretty_type": "Plain Text",
                "user": "U02LQ1WHQ",
                "editable": true,
                "size": 8087,
                "mode": "snippet",
                "is_external": false,
                "external_type": "",
                "is_public": true,
                "public_url_shared": false,
                "display_as_bot": false,
                "username": "",
                "url_private": "https:\/\/files.slack.com\/files-pri\/T02LAJBUW-F5QHUUZP0\/dex_details.txt?t=xoxe-2690623982-420508393732-420508393844-55126cc98091fbe0399fac3c66f6ed8e",
                "url_private_download": "https:\/\/files.slack.com\/files-pri\/T02LAJBUW-F5QHUUZP0\/download\/dex_details.txt?t=xoxe-2690623982-420508393732-420508393844-55126cc98091fbe0399fac3c66f6ed8e",
                "permalink": "https:\/\/komodo-platform.slack.com\/files\/U02LQ1WHQ\/F5QHUUZP0\/dex_details.txt",
                "permalink_public": "https:\/\/slack-files.com\/T02LAJBUW-F5QHUUZP0-2484ae5daa",
                "edit_link": "https:\/\/komodo-platform.slack.com\/files\/U02LQ1WHQ\/F5QHUUZP0\/dex_details.txt\/edit",
                "preview": "At first we need to do more clearbox testing as opposed to blackbox testing. by understanding what is supposed to happen internally, it will be easier to make sure it actually is and when that is solid.\r\n\r\nthere are two totally different (complicated) parts to the native DEX. Ordermatching and the atomic swap itself\r\n\r\nIn a decentralized exchange, just knowing what the orderbook is becomes complex. Here we have LP nodes (acting as servers to a degree) and client nodes. The latter need the absolute latest orderbook, but not that often, just when they want to do a trade, but of course they want it quickly\r",
                "preview_highlight": "<div class=\"CodeMirror cm-s-default CodeMirrorServer\" oncopy=\"if(event.clipboardData){event.clipboardData.setData('text\/plain',window.getSelection().toString().replace(\/\\u200b\/g,''));event.preventDefault();event.stopPropagation();}\">\n<div class=\"CodeMirror-code\">\n<div><pre>At first we need to do more clearbox testing as opposed to blackbox testing. by understanding what is supposed to happen internally, it will be easier to make sure it actually is and when that is solid.<\/pre><\/div>\n<div><pre><\/pre><\/div>\n<div><pre>there are two totally different (complicated) parts to the native DEX. Ordermatching and the atomic swap itself<\/pre><\/div>\n<div><pre><\/pre><\/div>\n<div><pre>In a decentralized exchange, just knowing what the orderbook is becomes complex. Here we have LP nodes (acting as servers to a degree) and client nodes. The latter need the absolute latest orderbook, but not that often, just when they want to do a trade, but of course they want it quickly<\/pre><\/div>\n<div><pre><\/pre><\/div>\n<\/div>\n<\/div>\n",
                "lines": 53,
                "lines_more": 48,
                "preview_is_truncated": true
            }
        ],
        "upload": false,
        "user": "U02LQ1WHQ",
        "display_as_bot": false,
        "ts": "1498825911.949981"
    },
    {
        "type": "message",
        "text": "",
        "files": [
            {
                "id": "F5U9M1NB0",
                "created": 1497432526,
                "timestamp": 1497432526,
                "name": "native_DEX_api_convo.txt",
                "title": "native DEX api convo",
                "mimetype": "text\/plain",
                "filetype": "text",
                "pretty_type": "Plain Text",
                "user": "U02LQ1WHQ",
                "editable": true,
                "size": 5157,
                "mode": "snippet",
                "is_external": false,
                "external_type": "",
                "is_public": true,
                "public_url_shared": false,
                "display_as_bot": false,
                "username": "",
                "url_private": "https:\/\/files.slack.com\/files-pri\/T02LAJBUW-F5U9M1NB0\/native_dex_api_convo.txt?t=xoxe-2690623982-420508393732-420508393844-55126cc98091fbe0399fac3c66f6ed8e",
                "url_private_download": "https:\/\/files.slack.com\/files-pri\/T02LAJBUW-F5U9M1NB0\/download\/native_dex_api_convo.txt?t=xoxe-2690623982-420508393732-420508393844-55126cc98091fbe0399fac3c66f6ed8e",
                "permalink": "https:\/\/komodo-platform.slack.com\/files\/U02LQ1WHQ\/F5U9M1NB0\/native_dex_api_convo.txt",
                "permalink_public": "https:\/\/slack-files.com\/T02LAJBUW-F5U9M1NB0-dbdb65edbd",
                "edit_link": "https:\/\/komodo-platform.slack.com\/files\/U02LQ1WHQ\/F5U9M1NB0\/native_dex_api_convo.txt\/edit",
                "preview": "grewalsatinder [12:08 PM] \r\nfor inventory do I list the alice\/bob inventory like before and show trade button?\r\n\r\njl777 [12:10 PM] \r\nfor the low level, there are two modes\r",
                "preview_highlight": "<div class=\"CodeMirror cm-s-default CodeMirrorServer\" oncopy=\"if(event.clipboardData){event.clipboardData.setData('text\/plain',window.getSelection().toString().replace(\/\\u200b\/g,''));event.preventDefault();event.stopPropagation();}\">\n<div class=\"CodeMirror-code\">\n<div><pre>grewalsatinder [12:08 PM] <\/pre><\/div>\n<div><pre>for inventory do I list the alice\/bob inventory like before and show trade button?<\/pre><\/div>\n<div><pre><\/pre><\/div>\n<div><pre>jl777 [12:10 PM] <\/pre><\/div>\n<div><pre>for the low level, there are two modes<\/pre><\/div>\n<div><pre><\/pre><\/div>\n<\/div>\n<\/div>\n",
                "lines": 158,
                "lines_more": 153,
                "preview_is_truncated": true
            }
        ],
        "upload": false,
        "user": "U02LQ1WHQ",
        "display_as_bot": false,
        "ts": "1498825914.950835"
    },
    {
        "type": "message",
        "text": "",
        "files": [
            {
                "id": "F5VAWFVKK",
                "created": 1497885622,
                "timestamp": 1497885622,
                "name": "more_text.txt",
                "title": "more text",
                "mimetype": "text\/plain",
                "filetype": "text",
                "pretty_type": "Plain Text",
                "user": "U02LQ1WHQ",
                "editable": true,
                "size": 10859,
                "mode": "snippet",
                "is_external": false,
                "external_type": "",
                "is_public": true,
                "public_url_shared": false,
                "display_as_bot": false,
                "username": "",
                "url_private": "https:\/\/files.slack.com\/files-pri\/T02LAJBUW-F5VAWFVKK\/more_text.txt?t=xoxe-2690623982-420508393732-420508393844-55126cc98091fbe0399fac3c66f6ed8e",
                "url_private_download": "https:\/\/files.slack.com\/files-pri\/T02LAJBUW-F5VAWFVKK\/download\/more_text.txt?t=xoxe-2690623982-420508393732-420508393844-55126cc98091fbe0399fac3c66f6ed8e",
                "permalink": "https:\/\/komodo-platform.slack.com\/files\/U02LQ1WHQ\/F5VAWFVKK\/more_text.txt",
                "permalink_public": "https:\/\/slack-files.com\/T02LAJBUW-F5VAWFVKK-73a1c59329",
                "edit_link": "https:\/\/komodo-platform.slack.com\/files\/U02LQ1WHQ\/F5VAWFVKK\/more_text.txt\/edit",
                "preview": "\r\nif you do an inventory command, it will show the utxo you have ready to trade\r\n\r\n[7:28] \r\nmyprices command shows your prices\r",
                "preview_highlight": "<div class=\"CodeMirror cm-s-default CodeMirrorServer\" oncopy=\"if(event.clipboardData){event.clipboardData.setData('text\/plain',window.getSelection().toString().replace(\/\\u200b\/g,''));event.preventDefault();event.stopPropagation();}\">\n<div class=\"CodeMirror-code\">\n<div><pre><\/pre><\/div>\n<div><pre>if you do an inventory command, it will show the utxo you have ready to trade<\/pre><\/div>\n<div><pre><\/pre><\/div>\n<div><pre>[7:28] <\/pre><\/div>\n<div><pre>myprices command shows your prices<\/pre><\/div>\n<div><pre><\/pre><\/div>\n<\/div>\n<\/div>\n",
                "lines": 137,
                "lines_more": 132,
                "preview_is_truncated": true
            }
        ],
        "upload": false,
        "user": "U02LQ1WHQ",
        "display_as_bot": false,
        "ts": "1498825920.952184"
    },
    {
        "type": "message",
        "user": "U37CPU0CA",
        "text": "i got this error while building",
        "ts": "1498827743.423721"
    },
    {
        "type": "message",
        "user": "U37CPU0CA",
        "text": "~\/SuperNET\/iguana$ .\/m_LP\nAlready up-to-date.\nAlready up-to-date.\nrm: cannot remove '*.o': No such file or directory\nIn file included from iguana_utils.c:16:0:\n..\/iguana\/iguana777.h:71:43: fatal error: \/usr\/local\/include\/nanomsg\/nn.h: No such file or directory\ncompilation terminated.",
        "ts": "1498827747.424780"
    },
    {
        "type": "message",
        "text": "",
        "files": [
            {
                "id": "F61L4S873",
                "created": 1498827814,
                "timestamp": 1498827814,
                "name": "-.txt",
                "title": "Untitled",
                "mimetype": "text\/plain",
                "filetype": "text",
                "pretty_type": "Plain Text",
                "user": "U37CPU0CA",
                "editable": true,
                "size": 1144,
                "mode": "snippet",
                "is_external": false,
                "external_type": "",
                "is_public": true,
                "public_url_shared": false,
                "display_as_bot": false,
                "username": "",
                "url_private": "https:\/\/files.slack.com\/files-pri\/T02LAJBUW-F61L4S873\/-.txt?t=xoxe-2690623982-420508393732-420508393844-55126cc98091fbe0399fac3c66f6ed8e",
                "url_private_download": "https:\/\/files.slack.com\/files-pri\/T02LAJBUW-F61L4S873\/download\/-.txt?t=xoxe-2690623982-420508393732-420508393844-55126cc98091fbe0399fac3c66f6ed8e",
                "permalink": "https:\/\/komodo-platform.slack.com\/files\/U37CPU0CA\/F61L4S873\/-.txt",
                "permalink_public": "https:\/\/slack-files.com\/T02LAJBUW-F61L4S873-267a1af3a8",
                "edit_link": "https:\/\/komodo-platform.slack.com\/files\/U37CPU0CA\/F61L4S873\/-.txt\/edit",
                "preview": " and olso with .\/m_mm\r\n \r\n ~\/SuperNET\/iguana$ .\/m_mm\r\n\/tmp\/ccgeRKYn.o: In function `marketmaker':\r\nmm.c:(.text+0x26ed): undefined reference to `get_theoretical'\r",
                "preview_highlight": "<div class=\"CodeMirror cm-s-default CodeMirrorServer\" oncopy=\"if(event.clipboardData){event.clipboardData.setData('text\/plain',window.getSelection().toString().replace(\/\\u200b\/g,''));event.preventDefault();event.stopPropagation();}\">\n<div class=\"CodeMirror-code\">\n<div><pre> and olso with .\/m_mm<\/pre><\/div>\n<div><pre> <\/pre><\/div>\n<div><pre> ~\/SuperNET\/iguana$ .\/m_mm<\/pre><\/div>\n<div><pre>\/tmp\/ccgeRKYn.o: In function `marketmaker':<\/pre><\/div>\n<div><pre>mm.c:(.text+0x26ed): undefined reference to `get_theoretical'<\/pre><\/div>\n<div><pre><\/pre><\/div>\n<\/div>\n<\/div>\n",
                "lines": 24,
                "lines_more": 19,
                "preview_is_truncated": true
            }
        ],
        "upload": true,
        "user": "U37CPU0CA",
        "display_as_bot": false,
        "ts": "1498827814.444550"
    },
    {
        "type": "message",
        "user": "U41M5AAJW",
        "text": "lubo, you have to install nanomsg",
        "ts": "1498828387.611897"
    },
    {
        "type": "message",
        "user": "U41M5AAJW",
        "text": "<https:\/\/github.com\/nanomsg\/nanomsg>",
        "ts": "1498828400.615632"
    },
    {
        "type": "message",
        "user": "U41M5AAJW",
        "text": "i guess this should be added to the instructions as a prerequisite",
        "ts": "1498828412.619380"
    },
    {
        "type": "message",
        "user": "U37CPU0CA",
        "text": "thanks i was lookin for that link :smile:",
        "ts": "1498828440.627342"
    },
    {
        "type": "message",
        "user": "U41M5AAJW",
        "text": "i did get to the part where i add coins",
        "ts": "1498828451.630588"
    },
    {
        "type": "message",
        "user": "U41M5AAJW",
        "text": "i added coins\/kmd",
        "ts": "1498828455.631969"
    },
    {
        "type": "message",
        "user": "U41M5AAJW",
        "text": "but now i dont know what to do",
        "ts": "1498828461.633763"
    },
    {
        "type": "message",
        "user": "U41M5AAJW",
        "text": "do i have to setup an LP node??",
        "ts": "1498828480.639515"
    },
    {
        "type": "message",
        "user": "U41M5AAJW",
        "text": "or can i trade without being an LP node?",
        "ts": "1498828493.643297"
    },
    {
        "type": "message",
        "user": "U02LQ1WHQ",
        "text": "you can trade as a client node use the exchanges\/client script as a starting point to customize",
        "ts": "1498830890.435590"
    },
    {
        "user": "U5WLCL15L",
        "inviter": "U02LAJBUY",
        "text": "<@U5WLCL15L> has joined the channel",
        "type": "message",
        "subtype": "channel_join",
        "ts": "1498833691.496768"
    }
]