[
    {
        "type": "message",
        "user": "U02LQ1WHQ",
        "text": "this is inside nanomsg, appears to happen if the other node disconnects at the wrong time",
        "ts": "1503385348.000078"
    },
    {
        "type": "message",
        "user": "U02LQ1WHQ",
        "text": "this crash is reproducible?",
        "ts": "1503387264.000205"
    },
    {
        "type": "message",
        "user": "U02LQ1WHQ",
        "text": "I have an idea that the issue is connecting to more peers than before. if you can reliably reproduce please test with line 24 of LP_include.h changed to:\n#define LP_STRICTPEERS",
        "ts": "1503387310.000187"
    },
    {
        "type": "message",
        "user": "U02LQ1WHQ",
        "text": "if that fixes it, then that is a workaround, but really, I need to be able to reproduce this crash reliable and make a fix for it without STRICTPEERS. However, knowing whether STRICTPEERS fixes it or not will be critical in how best to resolve this",
        "ts": "1503387367.000196"
    },
    {
        "type": "message",
        "user": "U03SKEFEL",
        "text": "<@U02LQ1WHQ> right now I kept adding coin to list via github repo. means user has to push a PR request to repo by adding a coin to the code (two files only).",
        "ts": "1503400922.000084"
    },
    {
        "type": "message",
        "user": "U03SKEFEL",
        "text": "I can make it user end option too. means user can edit or add new coin option themselves.",
        "ts": "1503400946.000024"
    },
    {
        "type": "message",
        "user": "U03SKEFEL",
        "text": "what option you think should I go with?",
        "ts": "1503400953.000075"
    },
    {
        "type": "message",
        "user": "U02LQ1WHQ",
        "text": "simplest if people just post a tested coin json object and I can add to the repo",
        "ts": "1503400974.000181"
    },
    {
        "type": "message",
        "user": "U02LQ1WHQ",
        "text": "both sides of the trade need to have the identical coin json",
        "ts": "1503400988.000142"
    },
    {
        "type": "message",
        "user": "U03SKEFEL",
        "text": "okay :+1:",
        "ts": "1503401001.000106"
    },
    {
        "type": "message",
        "user": "U03SKEFEL",
        "text": "I'll keep it same as we are doing with agama, adding coins via dev pr requests on repo",
        "edited": {
            "user": "U03SKEFEL",
            "ts": "1503401023.000000"
        },
        "ts": "1503401020.000044"
    },
    {
        "user": "U6NAG7FJQ",
        "text": "<@U6NAG7FJQ> has joined the channel",
        "type": "message",
        "subtype": "channel_join",
        "ts": "1503404573.000267"
    },
    {
        "type": "message",
        "user": "U2Q1DP6EQ",
        "text": "thh crash was reproducible yesterday, i restarted mm 3 or 4 times, even recompiled nanomsg because i thought it would help... i will try it again... lets see...",
        "ts": "1503418054.000065"
    },
    {
        "type": "message",
        "user": "U2Q1DP6EQ",
        "text": "ok, it crashed again after i have done the same as yesterday and the backtrace is also exactly the same ... will now try the STRICTPEERS-thing",
        "ts": "1503418415.000198"
    },
    {
        "type": "message",
        "user": "U2Q1DP6EQ",
        "text": "yeah, it works fine with LP_STRICTPEERS ... no crash and the bids\/asks are also propagated to other nodes",
        "ts": "1503418836.000313"
    },
    {
        "type": "message",
        "user": "U2Q1DP6EQ",
        "text": "<@U02LQ1WHQ>",
        "ts": "1503418841.000352"
    },
    {
        "type": "message",
        "user": "U2Q1DP6EQ",
        "text": "strange thing is only that it happened only on one node, it was the one with the most utxos of my nodes by far",
        "ts": "1503418940.000539"
    },
    {
        "type": "message",
        "user": "U02LQ1WHQ",
        "text": "having more utxo increases the chance of the bug",
        "ts": "1503421006.000165"
    },
    {
        "type": "message",
        "user": "U02LQ1WHQ",
        "text": "at least we have a way of reproducing the crash and know it is due to the random peers",
        "ts": "1503421077.000688"
    },
    {
        "type": "message",
        "user": "U02LQ1WHQ",
        "text": "probably some of them are not online and this is the likely cause",
        "ts": "1503421093.000411"
    },
    {
        "type": "message",
        "user": "U02LQ1WHQ",
        "text": "i dont have time now to fix this, but let us not forget about this. it seems it is one of the few barterDEX bugs",
        "ts": "1503421117.000485"
    },
    {
        "type": "message",
        "user": "U41M5AAJW",
        "text": "I think it might be related to the issues i was having",
        "ts": "1503424031.000655"
    },
    {
        "type": "message",
        "user": "U41M5AAJW",
        "text": "wow, just started to sync a bitcoin node in another server... in about 10 min. i got 180k blocks already downloaded",
        "ts": "1503433497.000205"
    },
    {
        "type": "message",
        "user": "U41M5AAJW",
        "text": "it seems the new core client is very good",
        "ts": "1503433505.000445"
    },
    {
        "type": "message",
        "user": "U41M5AAJW",
        "text": "im extending the disk space on my laptop to get a local node running on it too. So that i can try btc swaps with the new app",
        "ts": "1503433642.000122"
    },
    {
        "type": "message",
        "user": "U2Q1DP6EQ",
        "text": "tested a new coin... swapped ARG\/KMD",
        "ts": "1503446469.000212"
    },
    {
        "type": "message",
        "user": "U2Q1DP6EQ",
        "text": "{\"requestid\":3485344758,\"quoteid\":4228983893,\"txs\":[],\"sentflags\":[\"alicespend\", \"bobspend\", \"bobpayment\", \"alicepayment\", \"bobdeposit\", \"bobrefund\"],\"values\":[99.99799830, 0.51202187, 99.99849830, 0.51212187, <tel:112.49824808|112.49824808>, 0, 0, <tel:112.49774808|112.49774808>, 0, 0, 0],\"result\":\"success\",\"status\":\"finished\",\"paymentspent\":\"9219df4da271309f4e97f0b117a414989e3bc878ecdbe8fc52870b291fb58575\",\"Apaymentspent\":\"5f3f73dfe0e22cc67abb0de88426737673d5e9bd1c038c8e8bd3d6dab9fa2b3d\",\"depositspent\":\"c3cb150bd14c9c06958403437449721b434139df7d13fcf4df53ef46b7e94cd6\"}",
        "ts": "1503446472.000082"
    },
    {
        "type": "message",
        "user": "U2Q1DP6EQ",
        "text": "<@U02LQ1WHQ> please add ARG to coins file: {\\\"coin\\\":\\\"ARG\\\",\\\"name\\\":\\\"argentum\\\",\\\"rpcport\\\":13581,\\\"pubtype\\\":23,\\\"p2shtype\\\":5,\\\"wiftype\\\":151,\\\"txfee\\\":50000}",
        "ts": "1503446503.000318",
        "reactions": [
            {
                "name": "cool",
                "users": [
                    "U66SWTM47"
                ],
                "count": 1
            }
        ]
    }
]