[
    {
        "type": "message",
        "user": "U02LQ1WHQ",
        "text": "how is the uglyGUI working?",
        "ts": "1503591937.000382"
    },
    {
        "type": "message",
        "user": "U02LQ1WHQ",
        "text": "any bugs?",
        "ts": "1503591941.000100"
    },
    {
        "type": "message",
        "user": "U41M5AAJW",
        "text": "Ive been doing some work on my laptop to be able to use the barterdex on my laptop with some coins",
        "ts": "1503592163.000294"
    },
    {
        "type": "message",
        "user": "U03SKEFEL",
        "text": "I would also like to know any issues of ugly GUI app",
        "ts": "1503592492.000206"
    },
    {
        "type": "message",
        "user": "U02LQ1WHQ",
        "text": "the snapshot api now sorts the list, so it creates a sorted list of all balances, ie richlist",
        "thread_ts": "1503593146.000404",
        "reply_count": 2,
        "replies": [
            {
                "user": "U6R8HFE2H",
                "ts": "1503659765.000042"
            },
            {
                "user": "U02LQ1WHQ",
                "ts": "1503659896.000071"
            }
        ],
        "unread_count": 2,
        "ts": "1503593146.000404"
    },
    {
        "type": "message",
        "user": "U02LQ1WHQ",
        "text": "the dividends api can then issue a command line using the allocated dividend using &lt;prefix&gt; &lt;address&gt; &lt;amount&gt; &lt;suffix&gt;",
        "ts": "1503593198.000163"
    },
    {
        "type": "message",
        "user": "U02LQ1WHQ",
        "text": "curl --url \"<http:\/\/127.0.0.1:7779>\" --data \"{\\\"userpass\\\":\\\"$userpass\\\",\\\"method\\\":\\\"dividends\\\",\\\"coin\\\":\\\"KMD\\\",\\\"height\\\":$1,\\\"prefix\\\":\\\"fiat\/jumblr sendtoaddress\\\",\\\"suffix\\\":\\\"\\\",\\\"dividend\\\":50000,\\\"dust\\\":1}\"",
        "ts": "1503593211.000576"
    },
    {
        "type": "message",
        "user": "U02LQ1WHQ",
        "text": "the following allocates a dividend of 50000, with a dust threshold of 1",
        "ts": "1503593234.000245"
    },
    {
        "type": "message",
        "user": "U02LQ1WHQ",
        "text": "meaning if the dividend is less than 1, it is not sent out",
        "ts": "1503593253.000149"
    },
    {
        "type": "message",
        "user": "U02LQ1WHQ",
        "text": "the height is a variable and the dividend can be calculated as of any height. it is very very slow the first time as it has to do a complete blockchain scan",
        "ts": "1503593281.000346"
    },
    {
        "type": "message",
        "user": "U02LQ1WHQ",
        "text": "<http:\/\/5.9.253.204\/snapshot.463700> &lt;- unsorted",
        "ts": "1503593298.000069"
    },
    {
        "type": "message",
        "user": "U2Q1DP6EQ",
        "text": "<@U33CGLNNR> dropfile is down, so i put the instructions for installing all the wallets here <https:\/\/drive.google.com\/file\/d\/0Bx1xdIIZk5HAc21RZ3ZYR3BWNlk\/view?usp=sharing>",
        "ts": "1503604792.000281"
    },
    {
        "type": "message",
        "user": "U2Q1DP6EQ",
        "text": "some notes about that",
        "ts": "1503604898.000147"
    },
    {
        "type": "message",
        "user": "U2Q1DP6EQ",
        "text": "after each wallet installation there is the line that can be used to enable the coin or put directly in the .\/enable-script",
        "ts": "1503604900.000328"
    },
    {
        "type": "message",
        "user": "U33CGLNNR",
        "text": "got it",
        "ts": "1503604910.000388"
    },
    {
        "type": "message",
        "user": "U03SKEFEL",
        "text": "<@U2Q1DP6EQ> can you please make pad link and put that text there and add that link to barterdex readme ? :slightly_smiling_face:",
        "ts": "1503604926.000084"
    },
    {
        "type": "message",
        "user": "U03SKEFEL",
        "text": "might be better to find",
        "ts": "1503604931.000343"
    },
    {
        "type": "message",
        "user": "U03SKEFEL",
        "text": "good work with so far writing! :+1:",
        "ts": "1503604956.000552"
    },
    {
        "type": "message",
        "user": "U03SKEFEL",
        "text": "<@U02LQ1WHQ> \n&gt;I want to be able to show a summary screen with all the available prices, not sure the GUI has such a page\nUgly GUI has Balances page, which shows list of coins,\nmy prices to show prices\nportfolio showing balance of smartaddress from active coins",
        "ts": "1503605245.000448"
    },
    {
        "type": "message",
        "text": "",
        "files": [
            {
                "id": "F6UF80BP1",
                "created": 1503605282,
                "timestamp": 1503605282,
                "name": "Screen Shot 2017-08-25 at 8.06.07 AM.png",
                "title": "Screen Shot 2017-08-25 at 8.06.07 AM.png",
                "mimetype": "image\/png",
                "filetype": "png",
                "pretty_type": "PNG",
                "user": "U03SKEFEL",
                "editable": false,
                "size": 581975,
                "mode": "hosted",
                "is_external": false,
                "external_type": "",
                "is_public": true,
                "public_url_shared": false,
                "display_as_bot": false,
                "username": "",
                "url_private": "https:\/\/files.slack.com\/files-pri\/T02LAJBUW-F6UF80BP1\/screen_shot_2017-08-25_at_8.06.07_am.png?t=xoxe-2690623982-420508393732-420508393844-55126cc98091fbe0399fac3c66f6ed8e",
                "url_private_download": "https:\/\/files.slack.com\/files-pri\/T02LAJBUW-F6UF80BP1\/download\/screen_shot_2017-08-25_at_8.06.07_am.png?t=xoxe-2690623982-420508393732-420508393844-55126cc98091fbe0399fac3c66f6ed8e",
                "thumb_64": "https:\/\/files.slack.com\/files-tmb\/T02LAJBUW-F6UF80BP1-b6ffc5874a\/screen_shot_2017-08-25_at_8.06.07_am_64.png?t=xoxe-2690623982-420508393732-420508393844-55126cc98091fbe0399fac3c66f6ed8e",
                "thumb_80": "https:\/\/files.slack.com\/files-tmb\/T02LAJBUW-F6UF80BP1-b6ffc5874a\/screen_shot_2017-08-25_at_8.06.07_am_80.png?t=xoxe-2690623982-420508393732-420508393844-55126cc98091fbe0399fac3c66f6ed8e",
                "thumb_360": "https:\/\/files.slack.com\/files-tmb\/T02LAJBUW-F6UF80BP1-b6ffc5874a\/screen_shot_2017-08-25_at_8.06.07_am_360.png?t=xoxe-2690623982-420508393732-420508393844-55126cc98091fbe0399fac3c66f6ed8e",
                "thumb_360_w": 360,
                "thumb_360_h": 236,
                "thumb_480": "https:\/\/files.slack.com\/files-tmb\/T02LAJBUW-F6UF80BP1-b6ffc5874a\/screen_shot_2017-08-25_at_8.06.07_am_480.png?t=xoxe-2690623982-420508393732-420508393844-55126cc98091fbe0399fac3c66f6ed8e",
                "thumb_480_w": 480,
                "thumb_480_h": 314,
                "thumb_160": "https:\/\/files.slack.com\/files-tmb\/T02LAJBUW-F6UF80BP1-b6ffc5874a\/screen_shot_2017-08-25_at_8.06.07_am_160.png?t=xoxe-2690623982-420508393732-420508393844-55126cc98091fbe0399fac3c66f6ed8e",
                "thumb_720": "https:\/\/files.slack.com\/files-tmb\/T02LAJBUW-F6UF80BP1-b6ffc5874a\/screen_shot_2017-08-25_at_8.06.07_am_720.png?t=xoxe-2690623982-420508393732-420508393844-55126cc98091fbe0399fac3c66f6ed8e",
                "thumb_720_w": 720,
                "thumb_720_h": 472,
                "thumb_800": "https:\/\/files.slack.com\/files-tmb\/T02LAJBUW-F6UF80BP1-b6ffc5874a\/screen_shot_2017-08-25_at_8.06.07_am_800.png?t=xoxe-2690623982-420508393732-420508393844-55126cc98091fbe0399fac3c66f6ed8e",
                "thumb_800_w": 800,
                "thumb_800_h": 524,
                "thumb_960": "https:\/\/files.slack.com\/files-tmb\/T02LAJBUW-F6UF80BP1-b6ffc5874a\/screen_shot_2017-08-25_at_8.06.07_am_960.png?t=xoxe-2690623982-420508393732-420508393844-55126cc98091fbe0399fac3c66f6ed8e",
                "thumb_960_w": 960,
                "thumb_960_h": 629,
                "thumb_1024": "https:\/\/files.slack.com\/files-tmb\/T02LAJBUW-F6UF80BP1-b6ffc5874a\/screen_shot_2017-08-25_at_8.06.07_am_1024.png?t=xoxe-2690623982-420508393732-420508393844-55126cc98091fbe0399fac3c66f6ed8e",
                "thumb_1024_w": 1024,
                "thumb_1024_h": 671,
                "image_exif_rotation": 1,
                "original_w": 2784,
                "original_h": 1824,
                "permalink": "https:\/\/komodo-platform.slack.com\/files\/U03SKEFEL\/F6UF80BP1\/screen_shot_2017-08-25_at_8.06.07_am.png",
                "permalink_public": "https:\/\/slack-files.com\/T02LAJBUW-F6UF80BP1-312a0e03cf"
            }
        ],
        "upload": true,
        "user": "U03SKEFEL",
        "display_as_bot": false,
        "ts": "1503605286.000054"
    },
    {
        "type": "message",
        "text": "",
        "files": [
            {
                "id": "F6TEA33NY",
                "created": 1503605287,
                "timestamp": 1503605287,
                "name": "Screen Shot 2017-08-25 at 8.06.17 AM.png",
                "title": "Screen Shot 2017-08-25 at 8.06.17 AM.png",
                "mimetype": "image\/png",
                "filetype": "png",
                "pretty_type": "PNG",
                "user": "U03SKEFEL",
                "editable": false,
                "size": 188714,
                "mode": "hosted",
                "is_external": false,
                "external_type": "",
                "is_public": true,
                "public_url_shared": false,
                "display_as_bot": false,
                "username": "",
                "url_private": "https:\/\/files.slack.com\/files-pri\/T02LAJBUW-F6TEA33NY\/screen_shot_2017-08-25_at_8.06.17_am.png?t=xoxe-2690623982-420508393732-420508393844-55126cc98091fbe0399fac3c66f6ed8e",
                "url_private_download": "https:\/\/files.slack.com\/files-pri\/T02LAJBUW-F6TEA33NY\/download\/screen_shot_2017-08-25_at_8.06.17_am.png?t=xoxe-2690623982-420508393732-420508393844-55126cc98091fbe0399fac3c66f6ed8e",
                "thumb_64": "https:\/\/files.slack.com\/files-tmb\/T02LAJBUW-F6TEA33NY-9d79212799\/screen_shot_2017-08-25_at_8.06.17_am_64.png?t=xoxe-2690623982-420508393732-420508393844-55126cc98091fbe0399fac3c66f6ed8e",
                "thumb_80": "https:\/\/files.slack.com\/files-tmb\/T02LAJBUW-F6TEA33NY-9d79212799\/screen_shot_2017-08-25_at_8.06.17_am_80.png?t=xoxe-2690623982-420508393732-420508393844-55126cc98091fbe0399fac3c66f6ed8e",
                "thumb_360": "https:\/\/files.slack.com\/files-tmb\/T02LAJBUW-F6TEA33NY-9d79212799\/screen_shot_2017-08-25_at_8.06.17_am_360.png?t=xoxe-2690623982-420508393732-420508393844-55126cc98091fbe0399fac3c66f6ed8e",
                "thumb_360_w": 360,
                "thumb_360_h": 236,
                "thumb_480": "https:\/\/files.slack.com\/files-tmb\/T02LAJBUW-F6TEA33NY-9d79212799\/screen_shot_2017-08-25_at_8.06.17_am_480.png?t=xoxe-2690623982-420508393732-420508393844-55126cc98091fbe0399fac3c66f6ed8e",
                "thumb_480_w": 480,
                "thumb_480_h": 314,
                "thumb_160": "https:\/\/files.slack.com\/files-tmb\/T02LAJBUW-F6TEA33NY-9d79212799\/screen_shot_2017-08-25_at_8.06.17_am_160.png?t=xoxe-2690623982-420508393732-420508393844-55126cc98091fbe0399fac3c66f6ed8e",
                "thumb_720": "https:\/\/files.slack.com\/files-tmb\/T02LAJBUW-F6TEA33NY-9d79212799\/screen_shot_2017-08-25_at_8.06.17_am_720.png?t=xoxe-2690623982-420508393732-420508393844-55126cc98091fbe0399fac3c66f6ed8e",
                "thumb_720_w": 720,
                "thumb_720_h": 472,
                "thumb_800": "https:\/\/files.slack.com\/files-tmb\/T02LAJBUW-F6TEA33NY-9d79212799\/screen_shot_2017-08-25_at_8.06.17_am_800.png?t=xoxe-2690623982-420508393732-420508393844-55126cc98091fbe0399fac3c66f6ed8e",
                "thumb_800_w": 800,
                "thumb_800_h": 524,
                "thumb_960": "https:\/\/files.slack.com\/files-tmb\/T02LAJBUW-F6TEA33NY-9d79212799\/screen_shot_2017-08-25_at_8.06.17_am_960.png?t=xoxe-2690623982-420508393732-420508393844-55126cc98091fbe0399fac3c66f6ed8e",
                "thumb_960_w": 960,
                "thumb_960_h": 629,
                "thumb_1024": "https:\/\/files.slack.com\/files-tmb\/T02LAJBUW-F6TEA33NY-9d79212799\/screen_shot_2017-08-25_at_8.06.17_am_1024.png?t=xoxe-2690623982-420508393732-420508393844-55126cc98091fbe0399fac3c66f6ed8e",
                "thumb_1024_w": 1024,
                "thumb_1024_h": 671,
                "image_exif_rotation": 1,
                "original_w": 2784,
                "original_h": 1824,
                "permalink": "https:\/\/komodo-platform.slack.com\/files\/U03SKEFEL\/F6TEA33NY\/screen_shot_2017-08-25_at_8.06.17_am.png",
                "permalink_public": "https:\/\/slack-files.com\/T02LAJBUW-F6TEA33NY-30d44e70e6"
            }
        ],
        "upload": true,
        "user": "U03SKEFEL",
        "display_as_bot": false,
        "ts": "1503605290.000156"
    },
    {
        "type": "message",
        "user": "U2Q1DP6EQ",
        "text": "yes, will do that... will put some notes in there about gcc openssl and so on",
        "ts": "1503605294.000541"
    },
    {
        "type": "message",
        "text": "",
        "files": [
            {
                "id": "F6TAAU15Z",
                "created": 1503605291,
                "timestamp": 1503605291,
                "name": "Screen Shot 2017-08-25 at 8.06.23 AM.png",
                "title": "Screen Shot 2017-08-25 at 8.06.23 AM.png",
                "mimetype": "image\/png",
                "filetype": "png",
                "pretty_type": "PNG",
                "user": "U03SKEFEL",
                "editable": false,
                "size": 308640,
                "mode": "hosted",
                "is_external": false,
                "external_type": "",
                "is_public": true,
                "public_url_shared": false,
                "display_as_bot": false,
                "username": "",
                "url_private": "https:\/\/files.slack.com\/files-pri\/T02LAJBUW-F6TAAU15Z\/screen_shot_2017-08-25_at_8.06.23_am.png?t=xoxe-2690623982-420508393732-420508393844-55126cc98091fbe0399fac3c66f6ed8e",
                "url_private_download": "https:\/\/files.slack.com\/files-pri\/T02LAJBUW-F6TAAU15Z\/download\/screen_shot_2017-08-25_at_8.06.23_am.png?t=xoxe-2690623982-420508393732-420508393844-55126cc98091fbe0399fac3c66f6ed8e",
                "thumb_64": "https:\/\/files.slack.com\/files-tmb\/T02LAJBUW-F6TAAU15Z-435d85d221\/screen_shot_2017-08-25_at_8.06.23_am_64.png?t=xoxe-2690623982-420508393732-420508393844-55126cc98091fbe0399fac3c66f6ed8e",
                "thumb_80": "https:\/\/files.slack.com\/files-tmb\/T02LAJBUW-F6TAAU15Z-435d85d221\/screen_shot_2017-08-25_at_8.06.23_am_80.png?t=xoxe-2690623982-420508393732-420508393844-55126cc98091fbe0399fac3c66f6ed8e",
                "thumb_360": "https:\/\/files.slack.com\/files-tmb\/T02LAJBUW-F6TAAU15Z-435d85d221\/screen_shot_2017-08-25_at_8.06.23_am_360.png?t=xoxe-2690623982-420508393732-420508393844-55126cc98091fbe0399fac3c66f6ed8e",
                "thumb_360_w": 360,
                "thumb_360_h": 236,
                "thumb_480": "https:\/\/files.slack.com\/files-tmb\/T02LAJBUW-F6TAAU15Z-435d85d221\/screen_shot_2017-08-25_at_8.06.23_am_480.png?t=xoxe-2690623982-420508393732-420508393844-55126cc98091fbe0399fac3c66f6ed8e",
                "thumb_480_w": 480,
                "thumb_480_h": 314,
                "thumb_160": "https:\/\/files.slack.com\/files-tmb\/T02LAJBUW-F6TAAU15Z-435d85d221\/screen_shot_2017-08-25_at_8.06.23_am_160.png?t=xoxe-2690623982-420508393732-420508393844-55126cc98091fbe0399fac3c66f6ed8e",
                "thumb_720": "https:\/\/files.slack.com\/files-tmb\/T02LAJBUW-F6TAAU15Z-435d85d221\/screen_shot_2017-08-25_at_8.06.23_am_720.png?t=xoxe-2690623982-420508393732-420508393844-55126cc98091fbe0399fac3c66f6ed8e",
                "thumb_720_w": 720,
                "thumb_720_h": 472,
                "thumb_800": "https:\/\/files.slack.com\/files-tmb\/T02LAJBUW-F6TAAU15Z-435d85d221\/screen_shot_2017-08-25_at_8.06.23_am_800.png?t=xoxe-2690623982-420508393732-420508393844-55126cc98091fbe0399fac3c66f6ed8e",
                "thumb_800_w": 800,
                "thumb_800_h": 524,
                "thumb_960": "https:\/\/files.slack.com\/files-tmb\/T02LAJBUW-F6TAAU15Z-435d85d221\/screen_shot_2017-08-25_at_8.06.23_am_960.png?t=xoxe-2690623982-420508393732-420508393844-55126cc98091fbe0399fac3c66f6ed8e",
                "thumb_960_w": 960,
                "thumb_960_h": 629,
                "thumb_1024": "https:\/\/files.slack.com\/files-tmb\/T02LAJBUW-F6TAAU15Z-435d85d221\/screen_shot_2017-08-25_at_8.06.23_am_1024.png?t=xoxe-2690623982-420508393732-420508393844-55126cc98091fbe0399fac3c66f6ed8e",
                "thumb_1024_w": 1024,
                "thumb_1024_h": 671,
                "image_exif_rotation": 1,
                "original_w": 2784,
                "original_h": 1824,
                "permalink": "https:\/\/komodo-platform.slack.com\/files\/U03SKEFEL\/F6TAAU15Z\/screen_shot_2017-08-25_at_8.06.23_am.png",
                "permalink_public": "https:\/\/slack-files.com\/T02LAJBUW-F6TAAU15Z-6c7ecfe825"
            }
        ],
        "upload": true,
        "user": "U03SKEFEL",
        "display_as_bot": false,
        "ts": "1503605295.000170"
    },
    {
        "type": "message",
        "user": "U03SKEFEL",
        "text": "<@U2Q1DP6EQ> that would be perfect! thanks :slightly_smiling_face:",
        "ts": "1503605319.000475"
    },
    {
        "type": "message",
        "user": "U2Q1DP6EQ",
        "text": "<http:\/\/pad.supernet.org\/wallet-install>",
        "ts": "1503606260.000434"
    },
    {
        "type": "message",
        "user": "U33CGLNNR",
        "text": "Thanks cipi, I will edit it and publish it on our helpdesk",
        "edited": {
            "user": "U33CGLNNR",
            "ts": "1503606812.000000"
        },
        "ts": "1503606376.000216"
    },
    {
        "type": "message",
        "user": "U2Q1DP6EQ",
        "text": "wonderful :slightly_smiling_face:",
        "ts": "1503606459.000135"
    },
    {
        "type": "message",
        "user": "U2Q1DP6EQ",
        "text": "does the method \"getcoins\" accept parameters? i am looking for the best way to get a list of all active coins. Could of course do some perl magic...",
        "ts": "1503620064.000281"
    },
    {
        "type": "message",
        "user": "U33CGLNNR",
        "text": "You could probably change the script but im not sure if jl allowed for parameters other than the ones specified in the script file",
        "edited": {
            "user": "U33CGLNNR",
            "ts": "1503621066.000000"
        },
        "ts": "1503621057.000055"
    },
    {
        "type": "message",
        "user": "U33CGLNNR",
        "text": "I need volunteers to make uglygui swaps on video",
        "ts": "1503624568.000107"
    },
    {
        "type": "message",
        "user": "U33CGLNNR",
        "text": "We will start tomorrow. I have a few but we need better ones with KMD\/BTC pairs",
        "ts": "1503624589.000084"
    },
    {
        "type": "message",
        "user": "U33CGLNNR",
        "text": "It will help the Barterdex campaign so please reach out if you can help me and you are ready to make swaps",
        "ts": "1503624651.000163"
    },
    {
        "type": "message",
        "user": "U33CGLNNR",
        "text": "I am having trouble with my BTC client. I keep having to start it and a second later I go getinfo and I get: `ptytrader@Ubuntu-1604-xenial-64-minimal:~$ bitcoin-cli getinfo\nerror: couldn’t connect to server: unknown (code -1)`",
        "edited": {
            "user": "U33CGLNNR",
            "ts": "1503633517.000000"
        },
        "ts": "1503633509.000132"
    },
    {
        "type": "message",
        "user": "U03SKEFEL",
        "text": "Bitcoin condo file setting are good?",
        "ts": "1503633913.000058"
    },
    {
        "type": "message",
        "user": "U03SKEFEL",
        "text": "Conf *",
        "ts": "1503633924.000027"
    },
    {
        "type": "message",
        "user": "U33CGLNNR",
        "text": "Ill check",
        "ts": "1503634097.000029"
    },
    {
        "type": "message",
        "user": "U0EGQUAPJ",
        "text": "How about sole fist pumping and chest bumps cut in between each successful atomic swap? ",
        "ts": "1503635590.000147"
    },
    {
        "text": "runs and hope no one takes it seriously",
        "type": "message",
        "subtype": "me_message",
        "user": "U0EGQUAPJ",
        "ts": "1503635623.000092"
    }
]