[
    {
        "type": "message",
        "user": "U709NMC4B",
        "text": "Hi guys. I try to run barterdex but couldnt achieve to make any trade. I'm quite noob and need your help. Someone said do not avoid to ask 5 years-old questions :slightly_smiling_face:",
        "ts": "1514016719.000010"
    },
    {
        "type": "message",
        "text": "",
        "files": [
            {
                "id": "F8JQSCAGL",
                "created": 1514016739,
                "timestamp": 1514016739,
                "name": "Adsız.png",
                "title": "Adsız.png",
                "mimetype": "image\/png",
                "filetype": "png",
                "pretty_type": "PNG",
                "user": "U709NMC4B",
                "editable": false,
                "size": 100427,
                "mode": "hosted",
                "is_external": false,
                "external_type": "",
                "is_public": true,
                "public_url_shared": false,
                "display_as_bot": false,
                "username": "",
                "url_private": "https:\/\/files.slack.com\/files-pri\/T02LAJBUW-F8JQSCAGL\/ads__z.png?t=xoxe-2690623982-420508393732-420508393844-55126cc98091fbe0399fac3c66f6ed8e",
                "url_private_download": "https:\/\/files.slack.com\/files-pri\/T02LAJBUW-F8JQSCAGL\/download\/ads__z.png?t=xoxe-2690623982-420508393732-420508393844-55126cc98091fbe0399fac3c66f6ed8e",
                "thumb_64": "https:\/\/files.slack.com\/files-tmb\/T02LAJBUW-F8JQSCAGL-9637213377\/ads__z_64.png?t=xoxe-2690623982-420508393732-420508393844-55126cc98091fbe0399fac3c66f6ed8e",
                "thumb_80": "https:\/\/files.slack.com\/files-tmb\/T02LAJBUW-F8JQSCAGL-9637213377\/ads__z_80.png?t=xoxe-2690623982-420508393732-420508393844-55126cc98091fbe0399fac3c66f6ed8e",
                "thumb_360": "https:\/\/files.slack.com\/files-tmb\/T02LAJBUW-F8JQSCAGL-9637213377\/ads__z_360.png?t=xoxe-2690623982-420508393732-420508393844-55126cc98091fbe0399fac3c66f6ed8e",
                "thumb_360_w": 360,
                "thumb_360_h": 319,
                "thumb_480": "https:\/\/files.slack.com\/files-tmb\/T02LAJBUW-F8JQSCAGL-9637213377\/ads__z_480.png?t=xoxe-2690623982-420508393732-420508393844-55126cc98091fbe0399fac3c66f6ed8e",
                "thumb_480_w": 480,
                "thumb_480_h": 425,
                "thumb_160": "https:\/\/files.slack.com\/files-tmb\/T02LAJBUW-F8JQSCAGL-9637213377\/ads__z_160.png?t=xoxe-2690623982-420508393732-420508393844-55126cc98091fbe0399fac3c66f6ed8e",
                "thumb_720": "https:\/\/files.slack.com\/files-tmb\/T02LAJBUW-F8JQSCAGL-9637213377\/ads__z_720.png?t=xoxe-2690623982-420508393732-420508393844-55126cc98091fbe0399fac3c66f6ed8e",
                "thumb_720_w": 720,
                "thumb_720_h": 638,
                "thumb_800": "https:\/\/files.slack.com\/files-tmb\/T02LAJBUW-F8JQSCAGL-9637213377\/ads__z_800.png?t=xoxe-2690623982-420508393732-420508393844-55126cc98091fbe0399fac3c66f6ed8e",
                "thumb_800_w": 800,
                "thumb_800_h": 708,
                "thumb_960": "https:\/\/files.slack.com\/files-tmb\/T02LAJBUW-F8JQSCAGL-9637213377\/ads__z_960.png?t=xoxe-2690623982-420508393732-420508393844-55126cc98091fbe0399fac3c66f6ed8e",
                "thumb_960_w": 960,
                "thumb_960_h": 850,
                "thumb_1024": "https:\/\/files.slack.com\/files-tmb\/T02LAJBUW-F8JQSCAGL-9637213377\/ads__z_1024.png?t=xoxe-2690623982-420508393732-420508393844-55126cc98091fbe0399fac3c66f6ed8e",
                "thumb_1024_w": 1024,
                "thumb_1024_h": 907,
                "image_exif_rotation": 1,
                "original_w": 1205,
                "original_h": 1067,
                "permalink": "https:\/\/komodo-platform.slack.com\/files\/U709NMC4B\/F8JQSCAGL\/ads__z.png",
                "permalink_public": "https:\/\/slack-files.com\/T02LAJBUW-F8JQSCAGL-539504ecf4"
            }
        ],
        "upload": true,
        "user": "U709NMC4B",
        "display_as_bot": false,
        "ts": "1514016741.000029"
    },
    {
        "type": "message",
        "user": "U5Z26MP60",
        "text": "Hey dude. I can help",
        "ts": "1514019325.000002"
    },
    {
        "type": "message",
        "user": "U5Z26MP60",
        "text": "You need to deposit 2 deposits.",
        "ts": "1514019344.000008"
    },
    {
        "type": "message",
        "user": "U5Z26MP60",
        "text": "one a little larger than the size on your screenshot and one smaller even heaps smaller.",
        "ts": "1514019376.000052"
    },
    {
        "type": "message",
        "user": "U5Z26MP60",
        "text": "<@U709NMC4B>",
        "ts": "1514019385.000026"
    },
    {
        "type": "message",
        "user": "U5Z26MP60",
        "text": "0.04 and 0.01 would work fine",
        "ts": "1514019426.000029"
    },
    {
        "type": "message",
        "user": "U709NMC4B",
        "text": "But ı already have 5 kmd in there",
        "ts": "1514019443.000004"
    },
    {
        "type": "message",
        "user": "U5Z26MP60",
        "text": "thats too much",
        "ts": "1514019451.000074"
    },
    {
        "type": "message",
        "user": "U5Z26MP60",
        "text": "Open your inventory screen for KMD tell me whats there?",
        "ts": "1514019471.000070"
    },
    {
        "type": "message",
        "text": "",
        "files": [
            {
                "id": "F8J4GK9KJ",
                "created": 1514019588,
                "timestamp": 1514019588,
                "name": "inventory.png",
                "title": "inventory.png",
                "mimetype": "image\/png",
                "filetype": "png",
                "pretty_type": "PNG",
                "user": "U709NMC4B",
                "editable": false,
                "size": 47609,
                "mode": "hosted",
                "is_external": false,
                "external_type": "",
                "is_public": true,
                "public_url_shared": false,
                "display_as_bot": false,
                "username": "",
                "url_private": "https:\/\/files.slack.com\/files-pri\/T02LAJBUW-F8J4GK9KJ\/inventory.png?t=xoxe-2690623982-420508393732-420508393844-55126cc98091fbe0399fac3c66f6ed8e",
                "url_private_download": "https:\/\/files.slack.com\/files-pri\/T02LAJBUW-F8J4GK9KJ\/download\/inventory.png?t=xoxe-2690623982-420508393732-420508393844-55126cc98091fbe0399fac3c66f6ed8e",
                "thumb_64": "https:\/\/files.slack.com\/files-tmb\/T02LAJBUW-F8J4GK9KJ-fc6a634fae\/inventory_64.png?t=xoxe-2690623982-420508393732-420508393844-55126cc98091fbe0399fac3c66f6ed8e",
                "thumb_80": "https:\/\/files.slack.com\/files-tmb\/T02LAJBUW-F8J4GK9KJ-fc6a634fae\/inventory_80.png?t=xoxe-2690623982-420508393732-420508393844-55126cc98091fbe0399fac3c66f6ed8e",
                "thumb_360": "https:\/\/files.slack.com\/files-tmb\/T02LAJBUW-F8J4GK9KJ-fc6a634fae\/inventory_360.png?t=xoxe-2690623982-420508393732-420508393844-55126cc98091fbe0399fac3c66f6ed8e",
                "thumb_360_w": 360,
                "thumb_360_h": 110,
                "thumb_480": "https:\/\/files.slack.com\/files-tmb\/T02LAJBUW-F8J4GK9KJ-fc6a634fae\/inventory_480.png?t=xoxe-2690623982-420508393732-420508393844-55126cc98091fbe0399fac3c66f6ed8e",
                "thumb_480_w": 480,
                "thumb_480_h": 147,
                "thumb_160": "https:\/\/files.slack.com\/files-tmb\/T02LAJBUW-F8J4GK9KJ-fc6a634fae\/inventory_160.png?t=xoxe-2690623982-420508393732-420508393844-55126cc98091fbe0399fac3c66f6ed8e",
                "thumb_720": "https:\/\/files.slack.com\/files-tmb\/T02LAJBUW-F8J4GK9KJ-fc6a634fae\/inventory_720.png?t=xoxe-2690623982-420508393732-420508393844-55126cc98091fbe0399fac3c66f6ed8e",
                "thumb_720_w": 720,
                "thumb_720_h": 220,
                "thumb_800": "https:\/\/files.slack.com\/files-tmb\/T02LAJBUW-F8J4GK9KJ-fc6a634fae\/inventory_800.png?t=xoxe-2690623982-420508393732-420508393844-55126cc98091fbe0399fac3c66f6ed8e",
                "thumb_800_w": 800,
                "thumb_800_h": 244,
                "thumb_960": "https:\/\/files.slack.com\/files-tmb\/T02LAJBUW-F8J4GK9KJ-fc6a634fae\/inventory_960.png?t=xoxe-2690623982-420508393732-420508393844-55126cc98091fbe0399fac3c66f6ed8e",
                "thumb_960_w": 960,
                "thumb_960_h": 293,
                "thumb_1024": "https:\/\/files.slack.com\/files-tmb\/T02LAJBUW-F8J4GK9KJ-fc6a634fae\/inventory_1024.png?t=xoxe-2690623982-420508393732-420508393844-55126cc98091fbe0399fac3c66f6ed8e",
                "thumb_1024_w": 1024,
                "thumb_1024_h": 313,
                "image_exif_rotation": 1,
                "original_w": 2526,
                "original_h": 771,
                "permalink": "https:\/\/komodo-platform.slack.com\/files\/U709NMC4B\/F8J4GK9KJ\/inventory.png",
                "permalink_public": "https:\/\/slack-files.com\/T02LAJBUW-F8J4GK9KJ-c315aae2d9"
            }
        ],
        "upload": true,
        "user": "U709NMC4B",
        "display_as_bot": false,
        "ts": "1514019590.000027"
    },
    {
        "type": "message",
        "user": "U5Z26MP60",
        "text": "Nar man. You need 2 in that list.",
        "ts": "1514019694.000005"
    },
    {
        "type": "message",
        "user": "U5Z26MP60",
        "text": "It cannot work with only one.",
        "ts": "1514019701.000004"
    },
    {
        "type": "message",
        "user": "U5Z26MP60",
        "text": "Do you have agama wallet?",
        "ts": "1514019716.000014"
    },
    {
        "type": "message",
        "user": "U709NMC4B",
        "text": "yes",
        "ts": "1514019736.000017"
    },
    {
        "type": "message",
        "user": "U5Z26MP60",
        "text": "Open agama wallet in lite mode, input your barterdex passphrase.",
        "ts": "1514019755.000039"
    },
    {
        "type": "message",
        "user": "U5Z26MP60",
        "text": "Send 1 kmd to your own address.",
        "ts": "1514019778.000053"
    },
    {
        "type": "message",
        "user": "U5Z26MP60",
        "text": "try again.",
        "ts": "1514019789.000064"
    },
    {
        "type": "message",
        "user": "U4Y5ER7NV",
        "text": "can not send from barterdex same address ?",
        "ts": "1514019823.000046"
    },
    {
        "type": "message",
        "user": "U5Z26MP60",
        "text": "I tried that and it dont work for me. It might work. Always worth a shot. I found agama to work fine.",
        "ts": "1514019857.000056",
        "reactions": [
            {
                "name": "+1",
                "users": [
                    "U4Y5ER7NV"
                ],
                "count": 1
            }
        ]
    },
    {
        "type": "message",
        "user": "U709NMC4B",
        "text": "I dont have lite agama, only native i think",
        "ts": "1514019873.000026"
    },
    {
        "type": "message",
        "user": "U5Z26MP60",
        "text": "<https:\/\/artifacts.supernet.org\/latest\/>",
        "ts": "1514019903.000056"
    },
    {
        "type": "message",
        "user": "U5Z26MP60",
        "text": "newest version there",
        "ts": "1514019913.000040"
    },
    {
        "type": "message",
        "user": "U5Z26MP60",
        "text": "has lite mode enabled by default.",
        "ts": "1514019925.000039"
    },
    {
        "type": "message",
        "user": "U5Z26MP60",
        "text": "This is the single most complained about thing. But really it should be easy to explain. Just fund your smart address with at least 2 deposits.",
        "ts": "1514020016.000013"
    },
    {
        "type": "message",
        "user": "U709NMC4B",
        "text": "Is this necessary for all trades or just one time.",
        "ts": "1514020045.000019"
    },
    {
        "type": "message",
        "user": "U5Z26MP60",
        "text": "The atomic swap protocol requires 2 \"UTXO\" which is each amount listed in the inverntory screen.",
        "ts": "1514020082.000048"
    },
    {
        "type": "message",
        "user": "U5Z26MP60",
        "text": "After you make one trade, you will have change UTXO's so it should work fine after that.",
        "ts": "1514020115.000009"
    },
    {
        "type": "message",
        "user": "U5Z26MP60",
        "text": "I found with my early testing, having large amounts of UTXO's of all random sizes made most trades sucessful. This is how the LP nodes are set up as far as I know.",
        "ts": "1514020168.000022"
    },
    {
        "type": "message",
        "user": "U709NMC4B",
        "text": "wait installing new will delete old agama?",
        "ts": "1514020168.000024"
    },
    {
        "type": "message",
        "user": "U5Z26MP60",
        "text": "yes. But that wont matter.",
        "ts": "1514020177.000042"
    },
    {
        "type": "message",
        "user": "U709NMC4B",
        "text": "so i need to back up?",
        "ts": "1514020182.000036"
    },
    {
        "type": "message",
        "user": "U5Z26MP60",
        "text": "no. The wallet.dat is seperate to the agama app",
        "ts": "1514020195.000035"
    },
    {
        "type": "message",
        "user": "U03SKEFEL",
        "text": "<@U5Z26MP60> it should work sending the amount from barterdex gui send button to it's own smartaddress. if it doesn't please repot the issue to me and <@U02LQ1WHQ>",
        "ts": "1514020204.000071"
    },
    {
        "type": "message",
        "user": "U5Z26MP60",
        "text": "hmm. Maybe <@U709NMC4B> should test this for us.",
        "ts": "1514020266.000008"
    },
    {
        "type": "message",
        "user": "U5Z26MP60",
        "text": "When I tried a week ago it did not work. Neither for <@U66SWTM47>",
        "ts": "1514020290.000067"
    },
    {
        "type": "message",
        "user": "U5Z26MP60",
        "text": "All it did was take the trannsaction fee out.",
        "ts": "1514020317.000022"
    },
    {
        "type": "message",
        "user": "U03SKEFEL",
        "text": "also the utxo issue is only till there are thin orderbooks. once we have plenty of users there on barterdex system with their orders of different sizes such issues will be a thing of past.",
        "ts": "1514020319.000029",
        "reactions": [
            {
                "name": "+1",
                "users": [
                    "U5Z26MP60",
                    "U7UMPC3B3"
                ],
                "count": 2
            }
        ]
    },
    {
        "type": "message",
        "user": "U5Z26MP60",
        "text": "Yes this is correct.",
        "ts": "1514020340.000020"
    },
    {
        "type": "message",
        "user": "U03SKEFEL",
        "text": "until then just make 2-3 first transactions to your barterdex smartaddress.",
        "ts": "1514020350.000055"
    },
    {
        "type": "message",
        "user": "U03SKEFEL",
        "text": "that's the best.",
        "ts": "1514020357.000010"
    },
    {
        "type": "message",
        "user": "U5Z26MP60",
        "text": "Yep. a set of 3 deposts the same size will usually work. Then after that the change UTXO will multiply and it works fine.",
        "ts": "1514020387.000018"
    },
    {
        "type": "message",
        "user": "U709NMC4B",
        "text": "It is uninstalling the old agama now. waiitng for it",
        "ts": "1514020689.000071"
    },
    {
        "type": "message",
        "user": "U709NMC4B",
        "text": "It didnt continue automatically after restart, i think i need to restart install.",
        "ts": "1514021079.000029"
    },
    {
        "type": "message",
        "user": "U5Z26MP60",
        "text": "on windows?",
        "ts": "1514021093.000050"
    },
    {
        "type": "message",
        "user": "U5Z26MP60",
        "text": "I havent used that. Im on linux",
        "ts": "1514021102.000002"
    },
    {
        "type": "message",
        "user": "U709NMC4B",
        "text": "yes windows.",
        "ts": "1514021271.000013"
    },
    {
        "type": "message",
        "user": "U709NMC4B",
        "text": "it is ok now. i have installed",
        "ts": "1514021280.000035"
    },
    {
        "type": "message",
        "user": "U709NMC4B",
        "text": "opened in lite mode but it doesnt show my address. How to load other wallet to here?",
        "ts": "1514021499.000039"
    },
    {
        "type": "message",
        "user": "U4Y5ER7NV",
        "text": "<@U709NMC4B> go barterdex\ncopy barterdex smart address\ngo dashboard\ngo send\nsend 1 KMD to barterdex smart address",
        "ts": "1514021681.000030"
    },
    {
        "type": "message",
        "user": "U6MTBP2QK",
        "text": "light mode is as the name suggests, \"light\"\nIt only covers 1 specific addy\nIf you want access to your entire wallet.dat (which includes change addys that may hold a balance), then you must use \"native\"",
        "attachments": [
            {
                "fallback": "[December 23rd, 2017 3:31 AM] mgaygormez: opened in lite mode but it doesnt show my address. How to load other wallet to here?",
                "ts": "1514021499.000039",
                "author_id": "U709NMC4B",
                "author_subname": "Mevlüt Gürkan Aygörmez",
                "channel_id": "C0MN08277",
                "channel_name": "tradebots",
                "is_msg_unfurl": true,
                "text": "opened in lite mode but it doesnt show my address. How to load other wallet to here?",
                "author_name": "Mevlüt Gürkan Aygörmez",
                "author_link": "https:\/\/komodo-platform.slack.com\/team\/U709NMC4B",
                "author_icon": "https:\/\/secure.gravatar.com\/avatar\/e8e7ca00ffe214566f16fedf9b241bfb.jpg?s=48&d=https%3A%2F%2Fa.slack-edge.com%2F66f9%2Fimg%2Favatars%2Fava_0009-48.png",
                "mrkdwn_in": [
                    "text"
                ],
                "color": "D0D0D0",
                "from_url": "https:\/\/komodo-platform.slack.com\/archives\/C0MN08277\/p1514021499000039",
                "is_share": true,
                "footer": "Posted in #tradebots"
            }
        ],
        "ts": "1514022388.000009"
    },
    {
        "type": "message",
        "user": "U709NMC4B",
        "text": "i opened in native mode waiting to sync. Then I will send all kmds to lite address. then send some to barterdex",
        "ts": "1514022488.000005"
    },
    {
        "type": "message",
        "user": "U709NMC4B",
        "text": "Ok i sent more kmd to barterdex kmd address.",
        "ts": "1514022922.000001"
    },
    {
        "type": "message",
        "user": "U5Z26MP60",
        "text": "You get it working?",
        "ts": "1514025051.000007"
    },
    {
        "type": "message",
        "text": "I tried something but not sure if it is fine.",
        "files": [
            {
                "id": "F8J4WULE4",
                "created": 1514026688,
                "timestamp": 1514026688,
                "name": "trial.png",
                "title": "trial.png",
                "mimetype": "image\/png",
                "filetype": "png",
                "pretty_type": "PNG",
                "user": "U709NMC4B",
                "editable": false,
                "size": 433403,
                "mode": "hosted",
                "is_external": false,
                "external_type": "",
                "is_public": true,
                "public_url_shared": false,
                "display_as_bot": false,
                "username": "",
                "url_private": "https:\/\/files.slack.com\/files-pri\/T02LAJBUW-F8J4WULE4\/trial.png?t=xoxe-2690623982-420508393732-420508393844-55126cc98091fbe0399fac3c66f6ed8e",
                "url_private_download": "https:\/\/files.slack.com\/files-pri\/T02LAJBUW-F8J4WULE4\/download\/trial.png?t=xoxe-2690623982-420508393732-420508393844-55126cc98091fbe0399fac3c66f6ed8e",
                "thumb_64": "https:\/\/files.slack.com\/files-tmb\/T02LAJBUW-F8J4WULE4-8d8f640e47\/trial_64.png?t=xoxe-2690623982-420508393732-420508393844-55126cc98091fbe0399fac3c66f6ed8e",
                "thumb_80": "https:\/\/files.slack.com\/files-tmb\/T02LAJBUW-F8J4WULE4-8d8f640e47\/trial_80.png?t=xoxe-2690623982-420508393732-420508393844-55126cc98091fbe0399fac3c66f6ed8e",
                "thumb_360": "https:\/\/files.slack.com\/files-tmb\/T02LAJBUW-F8J4WULE4-8d8f640e47\/trial_360.png?t=xoxe-2690623982-420508393732-420508393844-55126cc98091fbe0399fac3c66f6ed8e",
                "thumb_360_w": 360,
                "thumb_360_h": 203,
                "thumb_480": "https:\/\/files.slack.com\/files-tmb\/T02LAJBUW-F8J4WULE4-8d8f640e47\/trial_480.png?t=xoxe-2690623982-420508393732-420508393844-55126cc98091fbe0399fac3c66f6ed8e",
                "thumb_480_w": 480,
                "thumb_480_h": 270,
                "thumb_160": "https:\/\/files.slack.com\/files-tmb\/T02LAJBUW-F8J4WULE4-8d8f640e47\/trial_160.png?t=xoxe-2690623982-420508393732-420508393844-55126cc98091fbe0399fac3c66f6ed8e",
                "thumb_720": "https:\/\/files.slack.com\/files-tmb\/T02LAJBUW-F8J4WULE4-8d8f640e47\/trial_720.png?t=xoxe-2690623982-420508393732-420508393844-55126cc98091fbe0399fac3c66f6ed8e",
                "thumb_720_w": 720,
                "thumb_720_h": 405,
                "thumb_800": "https:\/\/files.slack.com\/files-tmb\/T02LAJBUW-F8J4WULE4-8d8f640e47\/trial_800.png?t=xoxe-2690623982-420508393732-420508393844-55126cc98091fbe0399fac3c66f6ed8e",
                "thumb_800_w": 800,
                "thumb_800_h": 450,
                "thumb_960": "https:\/\/files.slack.com\/files-tmb\/T02LAJBUW-F8J4WULE4-8d8f640e47\/trial_960.png?t=xoxe-2690623982-420508393732-420508393844-55126cc98091fbe0399fac3c66f6ed8e",
                "thumb_960_w": 960,
                "thumb_960_h": 540,
                "thumb_1024": "https:\/\/files.slack.com\/files-tmb\/T02LAJBUW-F8J4WULE4-8d8f640e47\/trial_1024.png?t=xoxe-2690623982-420508393732-420508393844-55126cc98091fbe0399fac3c66f6ed8e",
                "thumb_1024_w": 1024,
                "thumb_1024_h": 576,
                "image_exif_rotation": 1,
                "original_w": 3200,
                "original_h": 1800,
                "permalink": "https:\/\/komodo-platform.slack.com\/files\/U709NMC4B\/F8J4WULE4\/trial.png",
                "permalink_public": "https:\/\/slack-files.com\/T02LAJBUW-F8J4WULE4-8a5d660d1e"
            }
        ],
        "upload": true,
        "user": "U709NMC4B",
        "display_as_bot": false,
        "ts": "1514026693.000007"
    },
    {
        "type": "message",
        "user": "U03SKEFEL",
        "text": "old version",
        "ts": "1514026936.000042"
    },
    {
        "type": "message",
        "user": "U709NMC4B",
        "text": "I know there is a newer one 0.8 i think. but i couldnt find a link to download for win10",
        "ts": "1514027138.000040"
    },
    {
        "type": "message",
        "user": "U6MTBP2QK",
        "text": "<https:\/\/github.com\/KomodoPlatform\/BarterDEX#setup>",
        "edited": {
            "user": "U6MTBP2QK",
            "ts": "1514027221.000000"
        },
        "ts": "1514027213.000035"
    },
    {
        "type": "message",
        "user": "U709NMC4B",
        "text": "<https:\/\/github.com\/KomodoPlatform\/BarterDEX\/releases> i was checking this page.",
        "attachments": [
            {
                "service_name": "GitHub",
                "title": "KomodoPlatform\/BarterDEX",
                "title_link": "https:\/\/github.com\/KomodoPlatform\/BarterDEX\/releases",
                "text": "BarterDEX GUI",
                "fallback": "GitHub: KomodoPlatform\/BarterDEX",
                "from_url": "https:\/\/github.com\/KomodoPlatform\/BarterDEX\/releases",
                "thumb_url": "https:\/\/avatars2.githubusercontent.com\/u\/21276113?s=400&v=4",
                "thumb_width": 250,
                "thumb_height": 250,
                "service_icon": "https:\/\/a.slack-edge.com\/bfaba\/img\/unfurl_icons\/github.png",
                "id": 1
            }
        ],
        "ts": "1514027960.000054"
    },
    {
        "user": "U02QSHX81",
        "topic": "GUI BETA: <https:\/\/github.com\/KomodoPlatform\/BarterDEX>\n<http:\/\/pad.supernet.org\/barterdex-readme>\n<https:\/\/github.com\/KomodoPlatform\/KomodoPlatform\/wiki>\n<http:\/\/pad.supernet.org\/electrum-servers>\n<https:\/\/sprnt.slackarchive.io\/tradebots\/>",
        "text": "<@U02QSHX81> set the channel topic: GUI BETA: <https:\/\/github.com\/KomodoPlatform\/BarterDEX>\n<http:\/\/pad.supernet.org\/barterdex-readme>\n<https:\/\/github.com\/KomodoPlatform\/KomodoPlatform\/wiki>\n<http:\/\/pad.supernet.org\/electrum-servers>\n<https:\/\/sprnt.slackarchive.io\/tradebots\/>",
        "type": "message",
        "subtype": "channel_topic",
        "ts": "1514028140.000067"
    },
    {
        "type": "message",
        "text": "",
        "files": [
            {
                "id": "F8JN6VBJP",
                "created": 1514028548,
                "timestamp": 1514028548,
                "name": "Screen Shot 2017-12-24 at 12.27.24 AM.png",
                "title": "BarterDEX_Hindi_India_localization_login.png",
                "mimetype": "image\/png",
                "filetype": "png",
                "pretty_type": "PNG",
                "user": "U03SKEFEL",
                "editable": false,
                "size": 300945,
                "mode": "hosted",
                "is_external": false,
                "external_type": "",
                "is_public": true,
                "public_url_shared": false,
                "display_as_bot": false,
                "username": "",
                "url_private": "https:\/\/files.slack.com\/files-pri\/T02LAJBUW-F8JN6VBJP\/screen_shot_2017-12-24_at_12.27.24_am.png?t=xoxe-2690623982-420508393732-420508393844-55126cc98091fbe0399fac3c66f6ed8e",
                "url_private_download": "https:\/\/files.slack.com\/files-pri\/T02LAJBUW-F8JN6VBJP\/download\/screen_shot_2017-12-24_at_12.27.24_am.png?t=xoxe-2690623982-420508393732-420508393844-55126cc98091fbe0399fac3c66f6ed8e",
                "thumb_64": "https:\/\/files.slack.com\/files-tmb\/T02LAJBUW-F8JN6VBJP-9f0aa9b690\/screen_shot_2017-12-24_at_12.27.24_am_64.png?t=xoxe-2690623982-420508393732-420508393844-55126cc98091fbe0399fac3c66f6ed8e",
                "thumb_80": "https:\/\/files.slack.com\/files-tmb\/T02LAJBUW-F8JN6VBJP-9f0aa9b690\/screen_shot_2017-12-24_at_12.27.24_am_80.png?t=xoxe-2690623982-420508393732-420508393844-55126cc98091fbe0399fac3c66f6ed8e",
                "thumb_360": "https:\/\/files.slack.com\/files-tmb\/T02LAJBUW-F8JN6VBJP-9f0aa9b690\/screen_shot_2017-12-24_at_12.27.24_am_360.png?t=xoxe-2690623982-420508393732-420508393844-55126cc98091fbe0399fac3c66f6ed8e",
                "thumb_360_w": 360,
                "thumb_360_h": 236,
                "thumb_480": "https:\/\/files.slack.com\/files-tmb\/T02LAJBUW-F8JN6VBJP-9f0aa9b690\/screen_shot_2017-12-24_at_12.27.24_am_480.png?t=xoxe-2690623982-420508393732-420508393844-55126cc98091fbe0399fac3c66f6ed8e",
                "thumb_480_w": 480,
                "thumb_480_h": 314,
                "thumb_160": "https:\/\/files.slack.com\/files-tmb\/T02LAJBUW-F8JN6VBJP-9f0aa9b690\/screen_shot_2017-12-24_at_12.27.24_am_160.png?t=xoxe-2690623982-420508393732-420508393844-55126cc98091fbe0399fac3c66f6ed8e",
                "thumb_720": "https:\/\/files.slack.com\/files-tmb\/T02LAJBUW-F8JN6VBJP-9f0aa9b690\/screen_shot_2017-12-24_at_12.27.24_am_720.png?t=xoxe-2690623982-420508393732-420508393844-55126cc98091fbe0399fac3c66f6ed8e",
                "thumb_720_w": 720,
                "thumb_720_h": 472,
                "thumb_800": "https:\/\/files.slack.com\/files-tmb\/T02LAJBUW-F8JN6VBJP-9f0aa9b690\/screen_shot_2017-12-24_at_12.27.24_am_800.png?t=xoxe-2690623982-420508393732-420508393844-55126cc98091fbe0399fac3c66f6ed8e",
                "thumb_800_w": 800,
                "thumb_800_h": 524,
                "thumb_960": "https:\/\/files.slack.com\/files-tmb\/T02LAJBUW-F8JN6VBJP-9f0aa9b690\/screen_shot_2017-12-24_at_12.27.24_am_960.png?t=xoxe-2690623982-420508393732-420508393844-55126cc98091fbe0399fac3c66f6ed8e",
                "thumb_960_w": 960,
                "thumb_960_h": 629,
                "thumb_1024": "https:\/\/files.slack.com\/files-tmb\/T02LAJBUW-F8JN6VBJP-9f0aa9b690\/screen_shot_2017-12-24_at_12.27.24_am_1024.png?t=xoxe-2690623982-420508393732-420508393844-55126cc98091fbe0399fac3c66f6ed8e",
                "thumb_1024_w": 1024,
                "thumb_1024_h": 671,
                "image_exif_rotation": 1,
                "original_w": 2784,
                "original_h": 1824,
                "permalink": "https:\/\/komodo-platform.slack.com\/files\/U03SKEFEL\/F8JN6VBJP\/screen_shot_2017-12-24_at_12.27.24_am.png",
                "permalink_public": "https:\/\/slack-files.com\/T02LAJBUW-F8JN6VBJP-59c6b00090",
                "reactions": [
                    {
                        "name": "+1",
                        "users": [
                            "U6PPCCQ00"
                        ],
                        "count": 1
                    }
                ]
            }
        ],
        "upload": false,
        "user": "U02QSHX81",
        "display_as_bot": false,
        "reactions": [
            {
                "name": "+1",
                "users": [
                    "U6PPCCQ00"
                ],
                "count": 1
            }
        ],
        "ts": "1514029175.000018"
    },
    {
        "type": "message",
        "user": "U02QSHX81",
        "text": "BarterDEX GUI #Hindi translation by <@U03SKEFEL> :point_up_2:. Who else wants to translate to their native language?",
        "edited": {
            "user": "U02QSHX81",
            "ts": "1514029234.000000"
        },
        "ts": "1514029214.000042"
    },
    {
        "type": "message",
        "user": "U6MTBP2QK",
        "text": "is it mm or the GUI that handles 0-conf credits?",
        "edited": {
            "user": "U6MTBP2QK",
            "ts": "1514029748.000000"
        },
        "ts": "1514029703.000018"
    },
    {
        "type": "message",
        "user": "U03SKEFEL",
        "text": "mm",
        "ts": "1514029873.000086"
    },
    {
        "type": "message",
        "user": "U6MTBP2QK",
        "text": "is it by design or issue that a failed trade results in same loss of credit as a completed trade?",
        "ts": "1514029928.000019"
    },
    {
        "type": "message",
        "user": "U6MTBP2QK",
        "text": "specific example:\nI had 70 credits\n\nSomeone wanted DGB that I was selling\nThey initiated the trade\nThey did not complete the trade\ndeposit refunded\n\nI now have 68.98 credits showing",
        "ts": "1514030206.000012"
    },
    {
        "type": "message",
        "user": "U03SKEFEL",
        "text": "<@U02LQ1WHQ>",
        "ts": "1514030355.000003"
    },
    {
        "type": "message",
        "user": "U41M5AAJW",
        "text": "<@U02QSHX81> i can try and do the spanish translation",
        "edited": {
            "user": "U41M5AAJW",
            "ts": "1514031452.000000"
        },
        "ts": "1514031440.000015"
    },
    {
        "type": "message",
        "user": "U02QSHX81",
        "text": "",
        "attachments": [
            {
                "fallback": "[December 23rd, 2017 11:31 AM] grewalsatinder: please get in touch with <@U5MMET0SG> if anyone wants to help translate BarterDEX to their own native language.",
                "ts": "1514028669.000013",
                "author_id": "U03SKEFEL",
                "author_subname": "Satinder Grewal",
                "channel_id": "C2J2V5T5Y",
                "channel_name": "komodo",
                "is_msg_unfurl": true,
                "text": "please get in touch with <@U5MMET0SG> if anyone wants to help translate BarterDEX to their own native language.",
                "author_name": "Satinder Grewal",
                "author_link": "https:\/\/komodo-platform.slack.com\/team\/U03SKEFEL",
                "author_icon": "https:\/\/avatars.slack-edge.com\/2016-10-24\/95251862128_74e52e8bb890de7dfe90_48.jpg",
                "mrkdwn_in": [
                    "text"
                ],
                "color": "D0D0D0",
                "from_url": "https:\/\/komodo-platform.slack.com\/archives\/C2J2V5T5Y\/p1514028669000013",
                "is_share": true,
                "footer": "Posted in #komodo"
            }
        ],
        "ts": "1514031487.000016"
    },
    {
        "type": "message",
        "user": "U41M5AAJW",
        "text": "<@U5N5T8X5H> hi!",
        "edited": {
            "user": "U41M5AAJW",
            "ts": "1514031560.000000"
        },
        "ts": "1514031552.000009"
    },
    {
        "user": "U5N5T8X5H",
        "inviter": "U41M5AAJW",
        "text": "<@U5N5T8X5H> has joined the channel",
        "type": "message",
        "subtype": "channel_join",
        "ts": "1514031622.000002"
    },
    {
        "type": "message",
        "user": "U41M5AAJW",
        "text": "i guess today ill be accumulating REVS",
        "ts": "1514032543.000032"
    },
    {
        "text": "has none to overprice and sell :disappointed:",
        "type": "message",
        "subtype": "me_message",
        "user": "U6MTBP2QK",
        "ts": "1514032608.000012"
    },
    {
        "type": "message",
        "user": "U02QSHX81",
        "text": "<@U6MTBP2QK> you should give away some CHIPS in this festive period to users :stuck_out_tongue: #CHIPSGENIE",
        "ts": "1514032648.000060"
    },
    {
        "type": "message",
        "user": "U02QSHX81",
        "text": ":christmas_tree:",
        "ts": "1514032672.000021"
    },
    {
        "type": "message",
        "user": "U6MTBP2QK",
        "text": "during this festive period, users should give away GPUs to guys with CHIPS :slightly_smiling_face:",
        "ts": "1514032713.000094"
    },
    {
        "type": "message",
        "user": "U6MTBP2QK",
        "text": ":santa:",
        "ts": "1514032724.000023"
    },
    {
        "type": "message",
        "user": "U41M5AAJW",
        "text": ":troll: ill gladly sell you some revs at 5kmd each :stuck_out_tongue:",
        "ts": "1514032725.000008"
    },
    {
        "type": "message",
        "user": "U6MTBP2QK",
        "text": "lol for 2KMD each I could empty block mine them :stuck_out_tongue:",
        "ts": "1514032753.000017"
    },
    {
        "type": "message",
        "user": "U41M5AAJW",
        "text": "<@U03SKEFEL> maybe remove the LOG chart default to the charts in barterdex can give it better appearance",
        "ts": "1514032787.000028"
    },
    {
        "type": "message",
        "user": "U7K8XLUKZ",
        "text": "Hello everyone. How to do a passphrase call to get userpass? Can't find it in docs",
        "edited": {
            "user": "U7K8XLUKZ",
            "ts": "1514033399.000000"
        },
        "ts": "1514033386.000030"
    },
    {
        "type": "message",
        "user": "U41M5AAJW",
        "text": "just run clinet",
        "ts": "1514033414.000062"
    },
    {
        "type": "message",
        "user": "U41M5AAJW",
        "text": "it will list userpass when starting",
        "ts": "1514033422.000053"
    },
    {
        "type": "message",
        "user": "U7K8XLUKZ",
        "text": "yes I know",
        "ts": "1514033430.000054"
    },
    {
        "type": "message",
        "user": "U7K8XLUKZ",
        "text": "I need to do it via API",
        "ts": "1514033434.000047"
    },
    {
        "type": "message",
        "user": "U41M5AAJW",
        "text": ".\/client",
        "ts": "1514033460.000048"
    },
    {
        "type": "message",
        "user": "U7K8XLUKZ",
        "text": "I have found only this: \"From James: (another way to get userpass is to do a passphrase call)\"",
        "ts": "1514033481.000048"
    },
    {
        "type": "message",
        "user": "U41M5AAJW",
        "text": "hmmm afaik there is no call to get exactly the userpass",
        "ts": "1514033509.000002"
    },
    {
        "type": "message",
        "user": "U7K8XLUKZ",
        "text": "what does that means than? \"From James: (another way to get userpass is to do a passphrase call)\"",
        "ts": "1514033523.000058"
    },
    {
        "type": "message",
        "user": "U41M5AAJW",
        "text": "not sure... really",
        "ts": "1514033538.000037"
    },
    {
        "type": "message",
        "user": "U41M5AAJW",
        "text": "maybe he added a passphrase api call recently?",
        "ts": "1514033548.000082"
    },
    {
        "type": "message",
        "user": "U41M5AAJW",
        "text": "let me check",
        "ts": "1514033550.000082"
    },
    {
        "type": "message",
        "user": "U41M5AAJW",
        "text": "hmm no, dont see a passphrase api call",
        "ts": "1514033660.000055"
    },
    {
        "type": "message",
        "user": "U41M5AAJW",
        "text": "just the passphrase file",
        "ts": "1514033664.000014"
    },
    {
        "type": "message",
        "user": "U02QSHX81",
        "text": "<@U7K8XLUKZ> when you run `.\/client` it does an passphrase api call and logs you in using that. you find the `userpass` in the console output.",
        "ts": "1514033883.000034"
    },
    {
        "type": "message",
        "user": "U7K8XLUKZ",
        "text": "yes as I wrote already I know it, I need to do it via API call only",
        "ts": "1514033908.000029"
    },
    {
        "type": "message",
        "user": "U41M5AAJW",
        "text": "Why you need to do it? Doesnt make too much sense, since isntructions are clear that you need to execute .\/client to get the userpass",
        "ts": "1514034228.000046"
    },
    {
        "type": "message",
        "user": "U7K8XLUKZ",
        "text": "I need to automate it to make it works with Qt Bitcoin Trader",
        "ts": "1514034258.000041"
    },
    {
        "type": "message",
        "user": "U03SKEFEL",
        "text": "<@U41M5AAJW> any good ideas of implementing in charts, please request to <@U3NEN6DL1> :slightly_smiling_face:",
        "ts": "1514034266.000052"
    },
    {
        "type": "message",
        "user": "U03SKEFEL",
        "text": "she's the go to person for any troubleshooting or adding new thing to BarterDEX charts",
        "ts": "1514034282.000029"
    },
    {
        "type": "message",
        "user": "U41M5AAJW",
        "text": "Qt btc trader?",
        "ts": "1514034315.000048"
    },
    {
        "type": "message",
        "user": "U03SKEFEL",
        "text": "also, best is to open issue on BarterDEX repo, and tell her to look at it after that",
        "ts": "1514034318.000024"
    },
    {
        "type": "message",
        "user": "U41M5AAJW",
        "text": "<@U03SKEFEL> ok, will do",
        "ts": "1514034331.000005"
    },
    {
        "type": "message",
        "user": "U03SKEFEL",
        "text": "<@U7K8XLUKZ> <@U41M5AAJW> the passphrase api can be executed after running marketmaker. any new passphrase api call will give in result userpass, and it's set of coin addresses in return. save that userpass in variable and use that for next set of api calls.",
        "ts": "1514034509.000008"
    },
    {
        "type": "message",
        "user": "U03SKEFEL",
        "text": "also, there is .\/help in exchanges\/dexscripts file",
        "ts": "1514034523.000057"
    },
    {
        "type": "message",
        "user": "U03SKEFEL",
        "text": "take a look at them and the rest of the scripts to get the idea of api command format",
        "ts": "1514034535.000018"
    },
    {
        "type": "message",
        "user": "U41M5AAJW",
        "text": "But afaik there is no specific api call for passphrase",
        "ts": "1514034558.000078"
    },
    {
        "type": "message",
        "user": "U03SKEFEL",
        "text": "<@U41M5AAJW> there is",
        "ts": "1514034572.000025"
    },
    {
        "type": "message",
        "user": "U02QSHX81",
        "text": "There is one called `setpassphrase` for GUI",
        "ts": "1514034574.000071"
    },
    {
        "type": "message",
        "user": "U02QSHX81",
        "text": "<https:\/\/github.com\/KomodoPlatform\/KomodoPlatform\/wiki\/BarterDEX-API-Summary-by-Category>",
        "edited": {
            "user": "U02QSHX81",
            "ts": "1514034587.000000"
        },
        "ts": "1514034576.000010"
    },
    {
        "type": "message",
        "user": "U41M5AAJW",
        "text": "Also, you need to have the client running to get the userpass",
        "ts": "1514034578.000021"
    },
    {
        "type": "message",
        "user": "U03SKEFEL",
        "text": "that's what making the existing BarterDEX secure",
        "ts": "1514034580.000060"
    },
    {
        "type": "message",
        "user": "U41M5AAJW",
        "text": "So its kind of  double the work",
        "ts": "1514034608.000018"
    },
    {
        "type": "message",
        "user": "U03SKEFEL",
        "text": "that is why I'm running marketmaker with passphrase `default`",
        "ts": "1514034611.000015"
    },
    {
        "type": "message",
        "user": "U41M5AAJW",
        "text": "Ok",
        "ts": "1514034616.000056"
    },
    {
        "type": "message",
        "user": "U03SKEFEL",
        "text": "default passphrase' userpass is used to execute passphrase API",
        "ts": "1514034640.000057"
    },
    {
        "type": "message",
        "user": "U03SKEFEL",
        "text": "so, it is not possible to do `ps aux | grep marketmaker` and get user's passphrase from the processes.",
        "ts": "1514034666.000045"
    },
    {
        "type": "message",
        "user": "U03SKEFEL",
        "text": "going to push the multi-lang support code in a moment. :slightly_smiling_face:",
        "ts": "1514034740.000014"
    },
    {
        "type": "message",
        "user": "U03SKEFEL",
        "text": "but I yet to move the English phrases from the HTML\/Js files to the language file.",
        "ts": "1514034760.000022"
    },
    {
        "type": "message",
        "user": "U7K8XLUKZ",
        "text": "what is the deal to protect process if everything available in plain text on fs?",
        "ts": "1514034760.000086"
    },
    {
        "type": "message",
        "user": "U03SKEFEL",
        "text": "all other things are done :wink:",
        "ts": "1514034765.000017"
    },
    {
        "type": "message",
        "user": "U03SKEFEL",
        "text": "so far, I have covered any error issues it could generate.",
        "ts": "1514034781.000012"
    },
    {
        "type": "message",
        "user": "U03SKEFEL",
        "text": "will do improvement in case anyone reports issue.",
        "edited": {
            "user": "U03SKEFEL",
            "ts": "1514034805.000000"
        },
        "ts": "1514034795.000029"
    },
    {
        "type": "message",
        "user": "U03SKEFEL",
        "text": "<@U7K8XLUKZ> ask <@U02LQ1WHQ>",
        "ts": "1514034818.000057"
    },
    {
        "type": "message",
        "user": "U7K8XLUKZ",
        "text": "looks like he is offline now",
        "ts": "1514034837.000023"
    },
    {
        "type": "message",
        "user": "U03SKEFEL",
        "text": "then leave him mesg",
        "ts": "1514034851.000008"
    },
    {
        "type": "message",
        "user": "U7K8XLUKZ",
        "text": "I did",
        "ts": "1514034857.000031"
    },
    {
        "type": "message",
        "user": "U03SKEFEL",
        "text": "<@U41M5AAJW> <@U02QSHX81> pushed latest commit with localisation support. now will move the language phrases to the language file, and then update here, when it's ready to translate :slightly_smiling_face:",
        "ts": "1514035043.000028",
        "reactions": [
            {
                "name": "100",
                "users": [
                    "U02QSHX81"
                ],
                "count": 1
            }
        ]
    },
    {
        "type": "message",
        "user": "U03SKEFEL",
        "text": "also includes latest mm files for all 3 platforms.",
        "ts": "1514035057.000051"
    },
    {
        "type": "message",
        "user": "U03SKEFEL",
        "text": "and some other small fixes",
        "ts": "1514035065.000013"
    },
    {
        "type": "message",
        "user": "U41M5AAJW",
        "text": "<@U7K8XLUKZ> if you have a better idea on how to protect passphrase, let us know.",
        "ts": "1514035217.000001"
    },
    {
        "type": "message",
        "user": "U7K8XLUKZ",
        "text": "it need to be encrypted",
        "ts": "1514035240.000074"
    },
    {
        "type": "message",
        "user": "U7K8XLUKZ",
        "text": "and when you start .\/client you need to enter password each time",
        "ts": "1514035261.000030"
    },
    {
        "type": "message",
        "user": "U7K8XLUKZ",
        "text": "all config files related to control of swaps should be encrypted",
        "ts": "1514035306.000060"
    },
    {
        "type": "message",
        "user": "U7K8XLUKZ",
        "text": "AES256 should be fine",
        "ts": "1514035315.000022"
    },
    {
        "type": "message",
        "user": "U7K8XLUKZ",
        "text": "if third party app wants to send requests it have to use API keys generated by some script",
        "ts": "1514035383.000046"
    },
    {
        "type": "message",
        "user": "U41M5AAJW",
        "text": "that part should better be discussed with <@U02LQ1WHQ>",
        "ts": "1514035414.000050"
    },
    {
        "type": "message",
        "user": "U7K8XLUKZ",
        "text": "well, you have ask and I answered",
        "edited": {
            "user": "U7K8XLUKZ",
            "ts": "1514035441.000000"
        },
        "ts": "1514035432.000042"
    },
    {
        "type": "message",
        "user": "U41M5AAJW",
        "text": "yep.. no problem.",
        "ts": "1514035488.000047"
    },
    {
        "type": "message",
        "user": "U41M5AAJW",
        "text": "but that part needs to be talked with <@U02LQ1WHQ> since he is the one who can give you reason of why or how it should or not be implemented",
        "ts": "1514035523.000024"
    },
    {
        "type": "message",
        "user": "U41M5AAJW",
        "text": "<https:\/\/github.com\/KomodoPlatform\/BarterDEX\/issues\/10>",
        "attachments": [
            {
                "service_name": "GitHub",
                "title": "Charts scaling · Issue #10 · KomodoPlatform\/BarterDEX",
                "title_link": "https:\/\/github.com\/KomodoPlatform\/BarterDEX\/issues\/10",
                "text": "Chart scaling is not as it should be. It seems the scaling makes the candles flat. Maybe it is because logarithmic scaling is set by default and since the price movements are not significant enough...",
                "fallback": "GitHub: Charts scaling · Issue #10 · KomodoPlatform\/BarterDEX",
                "from_url": "https:\/\/github.com\/KomodoPlatform\/BarterDEX\/issues\/10",
                "thumb_url": "https:\/\/avatars3.githubusercontent.com\/u\/225342?s=400&v=4",
                "thumb_width": 250,
                "thumb_height": 250,
                "service_icon": "https:\/\/a.slack-edge.com\/bfaba\/img\/unfurl_icons\/github.png",
                "id": 1
            }
        ],
        "ts": "1514036457.000019"
    },
    {
        "type": "message",
        "user": "U41M5AAJW",
        "text": "<@U3NEN6DL1>",
        "ts": "1514036494.000011"
    },
    {
        "type": "message",
        "user": "U33CGLNNR",
        "text": "<@U41M5AAJW> pareces un intelectual en esa foto",
        "ts": "1514038304.000042"
    },
    {
        "type": "message",
        "user": "U33CGLNNR",
        "text": ":thinking_face:",
        "ts": "1514038317.000045"
    },
    {
        "type": "message",
        "user": "U41M5AAJW",
        "text": "jajajaja",
        "ts": "1514038362.000051"
    },
    {
        "type": "message",
        "user": "U41M5AAJW",
        "text": "tuve mis años de intelectual.",
        "ts": "1514038380.000022"
    },
    {
        "type": "message",
        "user": "U41M5AAJW",
        "text": "jajajaja",
        "ts": "1514038381.000052"
    },
    {
        "type": "message",
        "user": "U02LQ1WHQ",
        "text": "GUI using passphrase doesnt have to store it anywhere",
        "ts": "1514038770.000064"
    },
    {
        "type": "message",
        "user": "U02LQ1WHQ",
        "text": "the demo scripts that demonstrate how to use things are demo scripts",
        "ts": "1514038780.000097"
    },
    {
        "type": "message",
        "user": "U3NEN6DL1",
        "text": "<@U41M5AAJW> thanks, I'll take a look",
        "ts": "1514038784.000016"
    },
    {
        "type": "message",
        "user": "U02LQ1WHQ",
        "text": "not meant for production use",
        "ts": "1514038785.000014"
    },
    {
        "type": "message",
        "user": "U02LQ1WHQ",
        "text": "in production the passphrase should never be on disk in plain text",
        "ts": "1514038796.000062"
    },
    {
        "type": "message",
        "user": "U7K8XLUKZ",
        "text": "I need securely get userpass automatically, and if passphrase is the key to control everything I agree it have not to bee stored",
        "edited": {
            "user": "U7K8XLUKZ",
            "ts": "1514038906.000000"
        },
        "ts": "1514038845.000019"
    },
    {
        "type": "message",
        "user": "U7K8XLUKZ",
        "text": "so how can I do it automatically to get fresh userpass?",
        "ts": "1514038873.000032"
    },
    {
        "type": "message",
        "user": "U02LQ1WHQ",
        "text": "use passphrase api, it returns userpass",
        "ts": "1514039405.000030"
    },
    {
        "type": "message",
        "user": "U02LQ1WHQ",
        "text": "i keep saying this",
        "ts": "1514039417.000003"
    },
    {
        "type": "message",
        "user": "U02LQ1WHQ",
        "text": "since that is what to do",
        "ts": "1514039423.000057"
    },
    {
        "type": "message",
        "user": "U41M5AAJW",
        "text": "but there is no passphrase api.... just .\/setpassphrase",
        "ts": "1514039706.000016"
    },
    {
        "type": "message",
        "user": "U41M5AAJW",
        "text": "is that the one?",
        "ts": "1514039709.000013"
    },
    {
        "type": "message",
        "user": "U03SKEFEL",
        "text": "<@U41M5AAJW> there is no example script of passphrase API, that's what you are saying",
        "ts": "1514039741.000029"
    },
    {
        "type": "message",
        "user": "U03SKEFEL",
        "text": "check out `.\/help`",
        "edited": {
            "user": "U03SKEFEL",
            "ts": "1514039756.000000"
        },
        "ts": "1514039747.000049"
    },
    {
        "type": "message",
        "user": "U41M5AAJW",
        "text": "ohh",
        "ts": "1514039751.000033"
    },
    {
        "type": "message",
        "user": "U41M5AAJW",
        "text": "ok",
        "ts": "1514039752.000057"
    },
    {
        "type": "message",
        "user": "U02LQ1WHQ",
        "text": "setpassphrase script IS the example for the passphrase api",
        "ts": "1514040187.000065"
    },
    {
        "type": "message",
        "user": "U02LQ1WHQ",
        "text": "let us not spread misinformation. if you dont know, say you dont know",
        "ts": "1514040201.000068"
    },
    {
        "type": "message",
        "user": "U02LQ1WHQ",
        "text": "pretty sure it is all documented too, so in the help and documentation, please done say it doesnt exist when it does. thats confusing",
        "ts": "1514040239.000004"
    },
    {
        "type": "message",
        "user": "U41M5AAJW",
        "text": "i was just saying i dont know the existence of it.",
        "edited": {
            "user": "U41M5AAJW",
            "ts": "1514040281.000000"
        },
        "ts": "1514040265.000047"
    },
    {
        "type": "message",
        "user": "U02LQ1WHQ",
        "text": "siu [9:35 PM] \nbut there is no passphrase api",
        "ts": "1514040307.000008"
    },
    {
        "type": "message",
        "user": "U02LQ1WHQ",
        "text": "most people will see that and thing that you are saying there is no passphrase api",
        "ts": "1514040340.000039"
    },
    {
        "type": "message",
        "user": "U02LQ1WHQ",
        "text": "just need to be a bit more precise is all",
        "ts": "1514040353.000037"
    },
    {
        "type": "message",
        "user": "U41M5AAJW",
        "text": "ok... so its .\/setpassphrase",
        "ts": "1514040438.000039"
    },
    {
        "type": "message",
        "user": "U41M5AAJW",
        "text": "cool",
        "ts": "1514040440.000005"
    },
    {
        "type": "message",
        "user": "U03SKEFEL",
        "text": "I think moving the english phrases from the html file and js code to language file will take some time :slightly_smiling_face:",
        "ts": "1514040451.000001"
    },
    {
        "type": "message",
        "user": "U03SKEFEL",
        "text": "I'm doing this right now.",
        "ts": "1514040458.000008"
    },
    {
        "type": "message",
        "user": "U03SKEFEL",
        "text": "pushed another commit. contains lil bit more update of language files.",
        "ts": "1514040503.000066"
    },
    {
        "type": "message",
        "user": "U03SKEFEL",
        "text": "if anyone wants to do the translation to the files as I'm pushing, you can start :wink:",
        "ts": "1514040523.000088"
    },
    {
        "type": "message",
        "text": "",
        "files": [
            {
                "id": "F8J62E8CQ",
                "created": 1514045392,
                "timestamp": 1514045392,
                "name": "Screen Shot 2017-12-24 at 5.09.19 AM.png",
                "title": "BarterDEX_dashboard_Hindi.png",
                "mimetype": "image\/png",
                "filetype": "png",
                "pretty_type": "PNG",
                "user": "U03SKEFEL",
                "editable": false,
                "size": 487883,
                "mode": "hosted",
                "is_external": false,
                "external_type": "",
                "is_public": true,
                "public_url_shared": false,
                "display_as_bot": false,
                "username": "",
                "url_private": "https:\/\/files.slack.com\/files-pri\/T02LAJBUW-F8J62E8CQ\/screen_shot_2017-12-24_at_5.09.19_am.png?t=xoxe-2690623982-420508393732-420508393844-55126cc98091fbe0399fac3c66f6ed8e",
                "url_private_download": "https:\/\/files.slack.com\/files-pri\/T02LAJBUW-F8J62E8CQ\/download\/screen_shot_2017-12-24_at_5.09.19_am.png?t=xoxe-2690623982-420508393732-420508393844-55126cc98091fbe0399fac3c66f6ed8e",
                "thumb_64": "https:\/\/files.slack.com\/files-tmb\/T02LAJBUW-F8J62E8CQ-06be0fbaae\/screen_shot_2017-12-24_at_5.09.19_am_64.png?t=xoxe-2690623982-420508393732-420508393844-55126cc98091fbe0399fac3c66f6ed8e",
                "thumb_80": "https:\/\/files.slack.com\/files-tmb\/T02LAJBUW-F8J62E8CQ-06be0fbaae\/screen_shot_2017-12-24_at_5.09.19_am_80.png?t=xoxe-2690623982-420508393732-420508393844-55126cc98091fbe0399fac3c66f6ed8e",
                "thumb_360": "https:\/\/files.slack.com\/files-tmb\/T02LAJBUW-F8J62E8CQ-06be0fbaae\/screen_shot_2017-12-24_at_5.09.19_am_360.png?t=xoxe-2690623982-420508393732-420508393844-55126cc98091fbe0399fac3c66f6ed8e",
                "thumb_360_w": 360,
                "thumb_360_h": 236,
                "thumb_480": "https:\/\/files.slack.com\/files-tmb\/T02LAJBUW-F8J62E8CQ-06be0fbaae\/screen_shot_2017-12-24_at_5.09.19_am_480.png?t=xoxe-2690623982-420508393732-420508393844-55126cc98091fbe0399fac3c66f6ed8e",
                "thumb_480_w": 480,
                "thumb_480_h": 314,
                "thumb_160": "https:\/\/files.slack.com\/files-tmb\/T02LAJBUW-F8J62E8CQ-06be0fbaae\/screen_shot_2017-12-24_at_5.09.19_am_160.png?t=xoxe-2690623982-420508393732-420508393844-55126cc98091fbe0399fac3c66f6ed8e",
                "thumb_720": "https:\/\/files.slack.com\/files-tmb\/T02LAJBUW-F8J62E8CQ-06be0fbaae\/screen_shot_2017-12-24_at_5.09.19_am_720.png?t=xoxe-2690623982-420508393732-420508393844-55126cc98091fbe0399fac3c66f6ed8e",
                "thumb_720_w": 720,
                "thumb_720_h": 472,
                "thumb_800": "https:\/\/files.slack.com\/files-tmb\/T02LAJBUW-F8J62E8CQ-06be0fbaae\/screen_shot_2017-12-24_at_5.09.19_am_800.png?t=xoxe-2690623982-420508393732-420508393844-55126cc98091fbe0399fac3c66f6ed8e",
                "thumb_800_w": 800,
                "thumb_800_h": 524,
                "thumb_960": "https:\/\/files.slack.com\/files-tmb\/T02LAJBUW-F8J62E8CQ-06be0fbaae\/screen_shot_2017-12-24_at_5.09.19_am_960.png?t=xoxe-2690623982-420508393732-420508393844-55126cc98091fbe0399fac3c66f6ed8e",
                "thumb_960_w": 960,
                "thumb_960_h": 629,
                "thumb_1024": "https:\/\/files.slack.com\/files-tmb\/T02LAJBUW-F8J62E8CQ-06be0fbaae\/screen_shot_2017-12-24_at_5.09.19_am_1024.png?t=xoxe-2690623982-420508393732-420508393844-55126cc98091fbe0399fac3c66f6ed8e",
                "thumb_1024_w": 1024,
                "thumb_1024_h": 671,
                "image_exif_rotation": 1,
                "original_w": 2784,
                "original_h": 1824,
                "permalink": "https:\/\/komodo-platform.slack.com\/files\/U03SKEFEL\/F8J62E8CQ\/screen_shot_2017-12-24_at_5.09.19_am.png",
                "permalink_public": "https:\/\/slack-files.com\/T02LAJBUW-F8J62E8CQ-86bdde8d9d",
                "reactions": [
                    {
                        "name": "+1",
                        "users": [
                            "U4JNHKH0C",
                            "U66KG95QW",
                            "U2PSPGFJS",
                            "U41JPDUSG",
                            "U6XDTBDSN",
                            "U81J3QWRG",
                            "U7UHF2S4V"
                        ],
                        "count": 7
                    },
                    {
                        "name": "tada",
                        "users": [
                            "U2PSPGFJS",
                            "U41JPDUSG"
                        ],
                        "count": 2
                    },
                    {
                        "name": "boom",
                        "users": [
                            "U741E9ZCJ"
                        ],
                        "count": 1
                    }
                ]
            }
        ],
        "upload": true,
        "user": "U03SKEFEL",
        "display_as_bot": false,
        "reactions": [
            {
                "name": "+1",
                "users": [
                    "U4JNHKH0C",
                    "U66KG95QW",
                    "U2PSPGFJS",
                    "U41JPDUSG",
                    "U6XDTBDSN",
                    "U81J3QWRG",
                    "U7UHF2S4V"
                ],
                "count": 7
            },
            {
                "name": "tada",
                "users": [
                    "U2PSPGFJS",
                    "U41JPDUSG"
                ],
                "count": 2
            },
            {
                "name": "boom",
                "users": [
                    "U741E9ZCJ"
                ],
                "count": 1
            }
        ],
        "ts": "1514045395.000078"
    },
    {
        "type": "message",
        "user": "U03SKEFEL",
        "text": "making progress slowly...",
        "ts": "1514045404.000028"
    },
    {
        "type": "message",
        "user": "U03SKEFEL",
        "text": "<@U741E9ZCJ> <@U4JNHKH0C> <@U0LK05KFZ> <@U8GMLH16C> <@U6PPCCQ00> <@U0R20NHBR>",
        "ts": "1514045461.000020"
    },
    {
        "type": "message",
        "user": "U03SKEFEL",
        "text": "<@U66KG95QW>",
        "ts": "1514045473.000018"
    },
    {
        "type": "message",
        "text": "",
        "files": [
            {
                "id": "F8K08K085",
                "created": 1514045532,
                "timestamp": 1514045532,
                "name": "Screen Shot 2017-12-24 at 5.11.45 AM.png",
                "title": "BarterDEX_Exchange_Hindi_in_progress.png",
                "mimetype": "image\/png",
                "filetype": "png",
                "pretty_type": "PNG",
                "user": "U03SKEFEL",
                "editable": false,
                "size": 815601,
                "mode": "hosted",
                "is_external": false,
                "external_type": "",
                "is_public": true,
                "public_url_shared": false,
                "display_as_bot": false,
                "username": "",
                "url_private": "https:\/\/files.slack.com\/files-pri\/T02LAJBUW-F8K08K085\/screen_shot_2017-12-24_at_5.11.45_am.png?t=xoxe-2690623982-420508393732-420508393844-55126cc98091fbe0399fac3c66f6ed8e",
                "url_private_download": "https:\/\/files.slack.com\/files-pri\/T02LAJBUW-F8K08K085\/download\/screen_shot_2017-12-24_at_5.11.45_am.png?t=xoxe-2690623982-420508393732-420508393844-55126cc98091fbe0399fac3c66f6ed8e",
                "thumb_64": "https:\/\/files.slack.com\/files-tmb\/T02LAJBUW-F8K08K085-24091a9fdb\/screen_shot_2017-12-24_at_5.11.45_am_64.png?t=xoxe-2690623982-420508393732-420508393844-55126cc98091fbe0399fac3c66f6ed8e",
                "thumb_80": "https:\/\/files.slack.com\/files-tmb\/T02LAJBUW-F8K08K085-24091a9fdb\/screen_shot_2017-12-24_at_5.11.45_am_80.png?t=xoxe-2690623982-420508393732-420508393844-55126cc98091fbe0399fac3c66f6ed8e",
                "thumb_360": "https:\/\/files.slack.com\/files-tmb\/T02LAJBUW-F8K08K085-24091a9fdb\/screen_shot_2017-12-24_at_5.11.45_am_360.png?t=xoxe-2690623982-420508393732-420508393844-55126cc98091fbe0399fac3c66f6ed8e",
                "thumb_360_w": 360,
                "thumb_360_h": 236,
                "thumb_480": "https:\/\/files.slack.com\/files-tmb\/T02LAJBUW-F8K08K085-24091a9fdb\/screen_shot_2017-12-24_at_5.11.45_am_480.png?t=xoxe-2690623982-420508393732-420508393844-55126cc98091fbe0399fac3c66f6ed8e",
                "thumb_480_w": 480,
                "thumb_480_h": 314,
                "thumb_160": "https:\/\/files.slack.com\/files-tmb\/T02LAJBUW-F8K08K085-24091a9fdb\/screen_shot_2017-12-24_at_5.11.45_am_160.png?t=xoxe-2690623982-420508393732-420508393844-55126cc98091fbe0399fac3c66f6ed8e",
                "thumb_720": "https:\/\/files.slack.com\/files-tmb\/T02LAJBUW-F8K08K085-24091a9fdb\/screen_shot_2017-12-24_at_5.11.45_am_720.png?t=xoxe-2690623982-420508393732-420508393844-55126cc98091fbe0399fac3c66f6ed8e",
                "thumb_720_w": 720,
                "thumb_720_h": 472,
                "thumb_800": "https:\/\/files.slack.com\/files-tmb\/T02LAJBUW-F8K08K085-24091a9fdb\/screen_shot_2017-12-24_at_5.11.45_am_800.png?t=xoxe-2690623982-420508393732-420508393844-55126cc98091fbe0399fac3c66f6ed8e",
                "thumb_800_w": 800,
                "thumb_800_h": 524,
                "thumb_960": "https:\/\/files.slack.com\/files-tmb\/T02LAJBUW-F8K08K085-24091a9fdb\/screen_shot_2017-12-24_at_5.11.45_am_960.png?t=xoxe-2690623982-420508393732-420508393844-55126cc98091fbe0399fac3c66f6ed8e",
                "thumb_960_w": 960,
                "thumb_960_h": 629,
                "thumb_1024": "https:\/\/files.slack.com\/files-tmb\/T02LAJBUW-F8K08K085-24091a9fdb\/screen_shot_2017-12-24_at_5.11.45_am_1024.png?t=xoxe-2690623982-420508393732-420508393844-55126cc98091fbe0399fac3c66f6ed8e",
                "thumb_1024_w": 1024,
                "thumb_1024_h": 671,
                "image_exif_rotation": 1,
                "original_w": 2784,
                "original_h": 1824,
                "permalink": "https:\/\/komodo-platform.slack.com\/files\/U03SKEFEL\/F8K08K085\/screen_shot_2017-12-24_at_5.11.45_am.png",
                "permalink_public": "https:\/\/slack-files.com\/T02LAJBUW-F8K08K085-840de4a9b9",
                "reactions": [
                    {
                        "name": "beers",
                        "users": [
                            "U4JNHKH0C",
                            "U2PSPGFJS"
                        ],
                        "count": 2
                    },
                    {
                        "name": "flag-in",
                        "users": [
                            "U2PSPGFJS"
                        ],
                        "count": 1
                    },
                    {
                        "name": "iguana",
                        "users": [
                            "U2PSPGFJS"
                        ],
                        "count": 1
                    }
                ]
            }
        ],
        "upload": true,
        "user": "U03SKEFEL",
        "display_as_bot": false,
        "reactions": [
            {
                "name": "beers",
                "users": [
                    "U4JNHKH0C",
                    "U2PSPGFJS"
                ],
                "count": 2
            },
            {
                "name": "flag-in",
                "users": [
                    "U2PSPGFJS"
                ],
                "count": 1
            },
            {
                "name": "iguana",
                "users": [
                    "U2PSPGFJS"
                ],
                "count": 1
            }
        ],
        "ts": "1514045536.000061"
    },
    {
        "type": "message",
        "user": "U66KG95QW",
        "text": ":clap:",
        "ts": "1514045541.000006"
    },
    {
        "type": "message",
        "user": "U66KG95QW",
        "text": "great job",
        "ts": "1514045551.000017"
    },
    {
        "type": "message",
        "user": "U0LK05KFZ",
        "text": "Good job <@U03SKEFEL> ",
        "ts": "1514045561.000027"
    },
    {
        "type": "message",
        "user": "U03SKEFEL",
        "text": "I'm really feeling board of doing this job :smile:",
        "ts": "1514045563.000011"
    },
    {
        "type": "message",
        "user": "U03SKEFEL",
        "text": "but thanks :slightly_smiling_face:",
        "ts": "1514045567.000072"
    },
    {
        "type": "message",
        "user": "U03SKEFEL",
        "text": "I like coding part",
        "ts": "1514045575.000091"
    },
    {
        "type": "message",
        "user": "U03SKEFEL",
        "text": "this is feeling more like data entry job",
        "ts": "1514045581.000029"
    },
    {
        "type": "message",
        "user": "U03SKEFEL",
        "text": ":smile:",
        "ts": "1514045581.000105"
    },
    {
        "type": "message",
        "user": "U66KG95QW",
        "text": "hahahaha",
        "ts": "1514045609.000037"
    },
    {
        "type": "message",
        "user": "U03SKEFEL",
        "text": "cut\/copy\/paste... moving phrases from html\/js to .json file and also translating to hindi, just to confirm if it's rendering properly.",
        "ts": "1514045625.000063"
    },
    {
        "type": "message",
        "user": "U03SKEFEL",
        "text": ":smile:",
        "ts": "1514045628.000050"
    },
    {
        "type": "message",
        "user": "U0R20NHBR",
        "text": ":+1: ",
        "ts": "1514045639.000020"
    },
    {
        "type": "message",
        "user": "U0R20NHBR",
        "text": "Sikke jodo is wiered",
        "ts": "1514045666.000023"
    },
    {
        "type": "message",
        "user": "U66KG95QW",
        "text": "<@U03SKEFEL> if you need any help let me know :slightly_smiling_face:",
        "ts": "1514045673.000087"
    },
    {
        "type": "message",
        "user": "U03SKEFEL",
        "text": "<@U0R20NHBR> I know.... let it work right now, later you or others can fix them :wink:",
        "ts": "1514045698.000043",
        "reactions": [
            {
                "name": "+1",
                "users": [
                    "U0R20NHBR"
                ],
                "count": 1
            }
        ]
    },
    {
        "type": "message",
        "user": "U03SKEFEL",
        "text": "<@U66KG95QW> sure will need help. but not now",
        "ts": "1514045713.000089"
    },
    {
        "type": "message",
        "user": "U03SKEFEL",
        "text": "have to deal with moving parts myself for now.",
        "ts": "1514045723.000013"
    },
    {
        "type": "message",
        "user": "U66KG95QW",
        "text": "SURE",
        "ts": "1514045745.000013"
    },
    {
        "type": "message",
        "user": "U6PPCCQ00",
        "text": "Nice :slightly_smiling_face:",
        "ts": "1514046259.000038"
    },
    {
        "type": "message",
        "user": "U709NMC4B",
        "text": "<@U03SKEFEL> twitted you for Turkish language :slightly_smiling_face:",
        "ts": "1514046385.000072"
    },
    {
        "type": "message",
        "user": "U03SKEFEL",
        "text": "great!",
        "ts": "1514046433.000078"
    },
    {
        "type": "message",
        "user": "U66KG95QW",
        "text": "<@U03SKEFEL> how you are going to explain UTXO in Hindi !!!:stuck_out_tongue:",
        "edited": {
            "user": "U66KG95QW",
            "ts": "1514047453.000000"
        },
        "ts": "1514047215.000012"
    },
    {
        "type": "message",
        "user": "U03SKEFEL",
        "text": "जुटॉक्स :trollface:",
        "ts": "1514047479.000090"
    },
    {
        "type": "message",
        "user": "U03SKEFEL",
        "text": "`JUTOX`",
        "ts": "1514047488.000012"
    },
    {
        "type": "message",
        "user": "U03SKEFEL",
        "text": ":sweat_smile:",
        "ts": "1514047495.000098"
    },
    {
        "type": "message",
        "user": "U66KG95QW",
        "text": ":joy:",
        "ts": "1514047505.000118"
    },
    {
        "type": "message",
        "user": "U03SKEFEL",
        "text": "like Joo Toob",
        "edited": {
            "user": "U03SKEFEL",
            "ts": "1514047537.000000"
        },
        "ts": "1514047531.000060"
    },
    {
        "type": "message",
        "user": "U03SKEFEL",
        "text": "`YouTube`",
        "ts": "1514047541.000071"
    },
    {
        "type": "message",
        "user": "U66KG95QW",
        "text": "nice one :ghost:",
        "ts": "1514047589.000034"
    },
    {
        "type": "message",
        "user": "U6U67BH37",
        "text": "I am getting a nosebleed checking the price of KMD",
        "ts": "1514052558.000015"
    },
    {
        "type": "message",
        "user": "U6U67BH37",
        "text": "I might faint.",
        "ts": "1514052567.000065"
    },
    {
        "type": "message",
        "user": "U6U67BH37",
        "text": "Y'all deserve this and more, keep up the awesome work.",
        "ts": "1514052579.000026",
        "reactions": [
            {
                "name": "+1",
                "users": [
                    "U7UMPC3B3",
                    "U2PSPGFJS",
                    "U37CPU0CA",
                    "U709LB0U9"
                ],
                "count": 4
            },
            {
                "name": "iguana",
                "users": [
                    "U2PSPGFJS",
                    "U6U67BH37"
                ],
                "count": 2
            }
        ]
    },
    {
        "type": "message",
        "user": "U33CGLNNR",
        "text": ":+1::skin-tone-3: :+1::skin-tone-3: :the_horns::skin-tone-3: ",
        "ts": "1514052994.000098"
    },
    {
        "type": "message",
        "user": "U41M5AAJW",
        "text": ":champagne: :champagne: :champagne: :champagne: ",
        "ts": "1514055261.000085"
    },
    {
        "type": "message",
        "user": "U03SKEFEL",
        "text": "pushed update on language files. at least HTML file english wording moved to the language file.",
        "ts": "1514057331.000080"
    },
    {
        "type": "message",
        "user": "U03SKEFEL",
        "text": "JavaScript side english words yet to be moved.",
        "ts": "1514057348.000020"
    },
    {
        "type": "message",
        "user": "U03SKEFEL",
        "text": "who was that user requesting color blind theme for BarterDEX ?",
        "ts": "1514063557.000052"
    },
    {
        "type": "message",
        "user": "U03SKEFEL",
        "text": "<https:\/\/www.templatemonster.com\/blog\/designing-colorblind-friendly-website\/>",
        "attachments": [
            {
                "service_name": "MonsterPost",
                "title": "Why Color Blindness is No Longer a Problem for Web Design - MonsterPost",
                "title_link": "https:\/\/www.templatemonster.com\/blog\/designing-colorblind-friendly-website\/",
                "text": "This post contains basic guidelines for creating a colorblind-friendly website and making an effective color choice that will work nearly for everyone.",
                "fallback": "MonsterPost: Why Color Blindness is No Longer a Problem for Web Design - MonsterPost",
                "thumb_url": "https:\/\/s.tmimgcdn.com\/blog\/wp-content\/uploads\/2012\/03\/colorblindUsers-3.jpg?x47994",
                "ts": 1332297880,
                "from_url": "https:\/\/www.templatemonster.com\/blog\/designing-colorblind-friendly-website\/",
                "thumb_width": 620,
                "thumb_height": 377,
                "service_icon": "https:\/\/s.tmimgcdn.com\/blog\/wp-content\/uploads\/2016\/11\/cropped-favicon-src-180x180.png?x47994",
                "id": 1
            }
        ],
        "ts": "1514063561.000017"
    },
    {
        "type": "message",
        "user": "U03SKEFEL",
        "text": "can you please let me know which colors should I pick from this article ?",
        "ts": "1514063581.000063"
    },
    {
        "type": "message",
        "user": "U03SKEFEL",
        "text": "<https:\/\/boardgamegeek.com\/camo\/b69866d6b6a20f3e2208ed6732239925163dd916\/687474703a2f2f7468657369732e626d6b64657369676e2e636f6d2f696d616765732f636f6c6f725f70616c6c65742e706e67>",
        "attachments": [
            {
                "fallback": "545x730px image",
                "image_url": "https:\/\/boardgamegeek.com\/camo\/b69866d6b6a20f3e2208ed6732239925163dd916\/687474703a2f2f7468657369732e626d6b64657369676e2e636f6d2f696d616765732f636f6c6f725f70616c6c65742e706e67",
                "image_width": 545,
                "image_height": 730,
                "image_bytes": 8431,
                "from_url": "https:\/\/boardgamegeek.com\/camo\/b69866d6b6a20f3e2208ed6732239925163dd916\/687474703a2f2f7468657369732e626d6b64657369676e2e636f6d2f696d616765732f636f6c6f725f70616c6c65742e706e67",
                "id": 1
            }
        ],
        "ts": "1514063591.000082"
    },
    {
        "type": "message",
        "user": "U6U67BH37",
        "text": "<@U03SKEFEL> we are going to make a dedicated page on <http:\/\/myhush.org|myhush.org> about BarterDEX, a little intro to get people excited. If you have any screenshots of the latest BarterDEX doing cool stuff with HUSH, please send them my way :slightly_smiling_face:",
        "ts": "1514072172.000048"
    },
    {
        "type": "message",
        "user": "U63EZ8ZS8",
        "text": "2 looks like SuperNET <@U03SKEFEL> ",
        "ts": "1514072223.000004"
    }
]