[
    {
        "type": "message",
        "user": "U3YNHFJ9Z",
        "text": " I'm not a developer myself ",
        "thread_ts": "1502726100.988378",
        "parent_user_id": "U33CGLNNR",
        "ts": "1502783995.000154"
    },
    {
        "type": "message",
        "user": "U41M5AAJW",
        "text": "I restarted btc normally, no tor routing now. Still.getting no response to request",
        "ts": "1502796102.000048"
    },
    {
        "type": "message",
        "user": "U03SKEFEL",
        "text": "<@U41M5AAJW> Actually continue the experiment. Just keep note of the IP changes, or how frequent the IP changes may be.... then see if your trades doesn't finish or the protocol returns the funds to it's original owners.",
        "edited": {
            "user": "U03SKEFEL",
            "ts": "1502798203.000000"
        },
        "ts": "1502798128.000161"
    },
    {
        "type": "message",
        "user": "U03SKEFEL",
        "text": "keep the records in note and you know for sure why this happened and what exactly happened :wink:",
        "ts": "1502798151.000077"
    },
    {
        "type": "message",
        "user": "U41M5AAJW",
        "text": "im consistently havin no response to request issues",
        "ts": "1502798163.000078"
    },
    {
        "type": "message",
        "user": "U03SKEFEL",
        "text": "it may possibly also unveil a bug ?? you never know.",
        "ts": "1502798167.000129"
    },
    {
        "type": "message",
        "user": "U03SKEFEL",
        "text": "just confirm if what happens is the expected behaviour or not.",
        "ts": "1502798182.000144"
    },
    {
        "type": "message",
        "user": "U41M5AAJW",
        "text": "at first i thought the no response to request was due to the tor proxy",
        "ts": "1502798228.000229"
    },
    {
        "type": "message",
        "user": "U41M5AAJW",
        "text": "but it turns out with normal connection im having the same issue",
        "ts": "1502798242.000231"
    },
    {
        "type": "message",
        "user": "U41M5AAJW",
        "text": "i do see some orders in the orderbook that are too small for bitcoin",
        "ts": "1502798259.000004"
    },
    {
        "type": "message",
        "user": "U41M5AAJW",
        "text": "for example an order for 0.00001423 satoshis is too small since the fee is going to be higher",
        "ts": "1502798282.000168"
    },
    {
        "type": "message",
        "user": "U41M5AAJW",
        "text": "we have had problems before with small orders",
        "ts": "1502798297.000059"
    },
    {
        "type": "message",
        "user": "U41M5AAJW",
        "text": ".\/autotrade {\"base\":\"BTC\",\"rel\":\"KMD\",\"address\":\"1DMYqSRu7A3Z3yL8LvCDP9hcNpeShRHXJ9\",\"timestamp\":1502798535,\"txid\":\"199bffd164f18264382c9e4d48b8bb5a49170a64cf5d5f0e374815ae9b0eb7a8\",\"vout\":1,\"srchash\":\"7db93bf02299a62905f78a2de3d1fd42d8f5433729e096a66c99c14a52cf936d\",\"txfee\":\"54880\",\"satoshis\":\"578104\",\"desthash\":\"ca66efb69017654b4634ac0ea6c4829813cbfd6885d9bfddca9eb9d748e0c978\",\"txid2\":\"49753e2d9073181f2ce2be5fa6a0b187782a522acc6f7249e3e277c24b60328b\",\"vout2\":0,\"destaddr\":\"RRVgVs2e5sGeXbHQHMtsKpr2m6dSw48UGu\",\"desttxid\":\"d5c8195c17f1f247b899740a930722808208a1f8b95711e4a35fdf0bf4001071\",\"destvout\":1,\"feetxid\":\"7df434fa97660eba830efd01265e43923cdc5732e90e67830fb8957b1a580585\",\"feevout\":0,\"desttxfee\":\"10000\",\"destsatoshis\":\"2057084892\",\"price\":3558.33014821,\"maxprice\":3259.82131020,\"status\":\"no response to request\"}",
        "ts": "1502798633.000208"
    },
    {
        "type": "message",
        "user": "U41M5AAJW",
        "text": "\"volume\" : 0.00687864,\n         \"price\" : <tel:3249.8213102|3249.8213102>,\n         \"vout\" : 1,\n         \"pubkey\" : \"7db93bf02299a62905f78a2de3d1fd42d8f5433729e096a66c99c14a52cf936d\",\n         \"txid\" : \"199bffd164f18264382c9e4d48b8bb5a49170a64cf5d5f0e374815ae9b0eb7a8\",\n         \"age\" : 115\n      },",
        "ts": "1502798636.000142"
    },
    {
        "type": "message",
        "user": "U41M5AAJW",
        "text": "this is the order its refering to",
        "ts": "1502798646.000034"
    },
    {
        "type": "message",
        "user": "U41M5AAJW",
        "text": "can someone please try a kmd\/btc trade and see whats wrong?",
        "ts": "1502799152.000105"
    },
    {
        "type": "message",
        "user": "U41M5AAJW",
        "text": "i think the server posting the bitcoin orders should restart marketmaker",
        "ts": "1502799996.000226"
    },
    {
        "type": "message",
        "user": "U41M5AAJW",
        "text": "<@U02LQ1WHQ> are the btc orders yours?",
        "ts": "1502800006.000077"
    },
    {
        "type": "message",
        "user": "U0394QTC7",
        "text": "I don’t have a btc node running atm..",
        "ts": "1502800191.000293"
    },
    {
        "type": "message",
        "user": "U41M5AAJW",
        "text": "i guess a restart of the bob orders server is needed",
        "edited": {
            "user": "U41M5AAJW",
            "ts": "1502801897.000000"
        },
        "ts": "1502801877.000228"
    },
    {
        "type": "message",
        "user": "U41M5AAJW",
        "text": "the .\/getpeersIP prints this: curl: (56) Recv failure: Connection reset by peer\n[{\"ipaddr\":\"5.9.253.202\",\"port\":7779,\"session\":1501097057,\"numutxos\":206}, {\"ipaddr\":\"5.9.253.195\",\"port\":7779,\"session\":1501097027}, {\"ipaddr\":\"5.9.253.201\",\"port\":7779,\"session\":1501097053}, {\"ipaddr\":\"5.9.253.196\",\"port\":7779,\"session\":1501097033}, {\"ipaddr\":\"5.9.253.197\",\"port\":7779,\"session\":1501097038}, {\"ipaddr\":\"5.9.253.198\",\"port\":7779,\"session\":1501097042}, {\"ipaddr\":\"5.9.253.199\",\"port\":7779,\"session\":1502435491}, {\"ipaddr\":\"5.9.253.200\",\"port\":7779,\"session\":1501097050}, {\"ipaddr\":\"5.9.253.203\",\"port\":7779,\"session\":0}]",
        "ts": "1502802401.000069"
    },
    {
        "type": "message",
        "user": "U41M5AAJW",
        "text": "it seems there are some nodes with issues?",
        "ts": "1502802451.000474"
    },
    {
        "type": "message",
        "user": "U41M5AAJW",
        "text": "6a6b25e369c31505421bfd689a288f7294766cc8f1ef2e296783c33975fdb522\"",
        "ts": "1502806121.000021"
    },
    {
        "type": "message",
        "user": "U41M5AAJW",
        "text": "Whos this?",
        "edited": {
            "user": "U41M5AAJW",
            "ts": "1502806134.000000"
        },
        "ts": "1502806126.000335"
    },
    {
        "type": "message",
        "text": "",
        "files": [
            {
                "id": "F6PULJA31",
                "created": 1502812878,
                "timestamp": 1502812878,
                "name": "-.txt",
                "title": "Untitled",
                "mimetype": "text\/plain",
                "filetype": "text",
                "pretty_type": "Plain Text",
                "user": "U41M5AAJW",
                "editable": true,
                "size": 3395,
                "mode": "snippet",
                "is_external": false,
                "external_type": "",
                "is_public": true,
                "public_url_shared": false,
                "display_as_bot": false,
                "username": "",
                "url_private": "https:\/\/files.slack.com\/files-pri\/T02LAJBUW-F6PULJA31\/-.txt?t=xoxe-2690623982-420508393732-420508393844-55126cc98091fbe0399fac3c66f6ed8e",
                "url_private_download": "https:\/\/files.slack.com\/files-pri\/T02LAJBUW-F6PULJA31\/download\/-.txt?t=xoxe-2690623982-420508393732-420508393844-55126cc98091fbe0399fac3c66f6ed8e",
                "permalink": "https:\/\/komodo-platform.slack.com\/files\/U41M5AAJW\/F6PULJA31\/-.txt",
                "permalink_public": "https:\/\/slack-files.com\/T02LAJBUW-F6PULJA31-9d8e52bd64",
                "edit_link": "https:\/\/komodo-platform.slack.com\/files\/U41M5AAJW\/F6PULJA31\/-.txt\/edit",
                "preview": "value 90.00000000 price 3349.01635831\/3349.01635831 best 0.00000000 destsatoshis 89.99989999 * metric 1.00000000 -> (89.999900)\r\nset best!\r\nvalue 90.00000000 price 3360.38173479\/3349.01635831 best 89.99989999 destsatoshis 89.99989999 * metric 1.00339365 -> (90.919296)\r\nvalue 90.00000000 price 3360.38173479\/3349.01635831 best 89.99989999 destsatoshis 89.99989999 * metric 1.00339365 -> (90.919296)\r\nvalue 90.00000000 price 3360.38173479\/3349.01635831 best 89.99989999 destsatoshis 89.99989999 * metric 1.00339365 -> (90.919296)\r",
                "preview_highlight": "<div class=\"CodeMirror cm-s-default CodeMirrorServer\" oncopy=\"if(event.clipboardData){event.clipboardData.setData('text\/plain',window.getSelection().toString().replace(\/\\u200b\/g,''));event.preventDefault();event.stopPropagation();}\">\n<div class=\"CodeMirror-code\">\n<div><pre>value 90.00000000 price 3349.01635831\/3349.01635831 best 0.00000000 destsatoshis 89.99989999 * metric 1.00000000 -&gt; (89.999900)<\/pre><\/div>\n<div><pre>set best!<\/pre><\/div>\n<div><pre>value 90.00000000 price 3360.38173479\/3349.01635831 best 89.99989999 destsatoshis 89.99989999 * metric 1.00339365 -&gt; (90.919296)<\/pre><\/div>\n<div><pre>value 90.00000000 price 3360.38173479\/3349.01635831 best 89.99989999 destsatoshis 89.99989999 * metric 1.00339365 -&gt; (90.919296)<\/pre><\/div>\n<div><pre>value 90.00000000 price 3360.38173479\/3349.01635831 best 89.99989999 destsatoshis 89.99989999 * metric 1.00339365 -&gt; (90.919296)<\/pre><\/div>\n<div><pre><\/pre><\/div>\n<\/div>\n<\/div>\n",
                "lines": 19,
                "lines_more": 14,
                "preview_is_truncated": true
            }
        ],
        "upload": true,
        "user": "U41M5AAJW",
        "display_as_bot": false,
        "ts": "1502812879.000158"
    },
    {
        "type": "message",
        "user": "U41M5AAJW",
        "text": "what seems wrong from that output?",
        "ts": "1502813009.000466"
    },
    {
        "type": "message",
        "user": "U33CGLNNR",
        "text": "is it a test?",
        "ts": "1502814239.000006"
    },
    {
        "type": "message",
        "user": "U41M5AAJW",
        "text": "Yes",
        "ts": "1502815204.000135"
    },
    {
        "type": "message",
        "user": "U33CGLNNR",
        "text": "no coqui in the transaction?",
        "ts": "1502816076.000138"
    },
    {
        "type": "message",
        "user": "U33CGLNNR",
        "text": ":trollface:",
        "ts": "1502816079.000579"
    },
    {
        "type": "message",
        "user": "U41M5AAJW",
        "text": "Lol, nope",
        "ts": "1502816413.000355"
    },
    {
        "type": "message",
        "user": "U41M5AAJW",
        "text": "Gotta see whats wromg with my client now",
        "ts": "1502816428.000610"
    },
    {
        "type": "message",
        "user": "U33CGLNNR",
        "text": "what was wrong with it?",
        "ts": "1502818519.000229"
    },
    {
        "type": "message",
        "user": "U41M5AAJW",
        "text": "constantly getting \"no response to request\"",
        "ts": "1502819021.000232"
    },
    {
        "type": "message",
        "user": "U41M5AAJW",
        "text": "after days of regulary successful trades",
        "ts": "1502819033.000208"
    },
    {
        "type": "message",
        "user": "U41M5AAJW",
        "text": "tried to implement tor to the btc node and see if it worked",
        "ts": "1502819047.000440"
    },
    {
        "type": "message",
        "user": "U41M5AAJW",
        "text": "<@U2Q1DP6EQ>",
        "ts": "1502819714.000050"
    },
    {
        "type": "message",
        "user": "U41M5AAJW",
        "text": "could you put some btc orders up?",
        "ts": "1502819720.000380"
    },
    {
        "type": "message",
        "user": "U2Q1DP6EQ",
        "text": "curl -s --url \"<http:\/\/127.0.0.1:7779>\" --data \"{\\\"userpass\\\":\\\"$userpass\\\",\\\"method\\\":\\\"orderbook\\\",\\\"base\\\":\\\"KMD\\\",\\\"rel\\\":\\\"BTC\\\",\\\"duration\\\":1000000}\" | json_pp",
        "ts": "1502829367.000231"
    },
    {
        "type": "message",
        "user": "U2Q1DP6EQ",
        "text": "\"bids\" : [\n      {\n         \"pubkey\" : \"792646432656025fde4911d3703a6f25f429dc62a2561ba4bba54c471c70fe47\",\n         \"age\" : 7,\n         \"txid\" : \"8ee2ca5c981ea9b9805d0ffdd96c294fc482a43179cb97c0c7a214f70ca66f8f\",\n         \"vout\" : 0,\n         \"price\" : 0.00029585,\n         \"volume\" : 28.79735219\n      }",
        "ts": "1502829369.000231"
    },
    {
        "type": "message",
        "user": "U2Q1DP6EQ",
        "text": "there are 127 asks from different pubkeys",
        "ts": "1502829430.000587"
    },
    {
        "type": "message",
        "user": "U41M5AAJW",
        "text": "Yes but i get no response from server no matter the relvolume or price i try",
        "ts": "1502829943.000323"
    },
    {
        "type": "message",
        "user": "U2Q1DP6EQ",
        "text": "hmmm, nothing is shown on my side... could also be that you are trading with someone else... btw, what is your canbind-setting?",
        "ts": "1502830285.000217"
    },
    {
        "type": "message",
        "user": "U41M5AAJW",
        "text": "0",
        "ts": "1502831026.000521"
    },
    {
        "type": "message",
        "user": "U41M5AAJW",
        "text": "But ive had it like that since the beginning and it has worked",
        "ts": "1502831067.000030"
    },
    {
        "type": "message",
        "user": "U41M5AAJW",
        "text": "Last week i did consecutuve trades on 3 different days ans everything worked ",
        "ts": "1502831138.000221"
    },
    {
        "type": "message",
        "user": "U2Q1DP6EQ",
        "text": "do you have pending swaps? If so you could try and delete\/move the corresponding files from DB\/SWAPS. Could be that they are blocking new trades, especially with canbind:0... just a thought of mine...",
        "ts": "1502831849.000032"
    },
    {
        "type": "message",
        "user": "U41M5AAJW",
        "text": "I delete all supernet and reinstalled",
        "ts": "1502831933.000363"
    },
    {
        "type": "message",
        "user": "U41M5AAJW",
        "text": "Nothing",
        "ts": "1502831937.000404"
    },
    {
        "type": "message",
        "user": "U41M5AAJW",
        "text": "Im gonna try to change the canbind, where was tgat that was changed?",
        "ts": "1502831979.000098"
    },
    {
        "type": "message",
        "user": "U2Q1DP6EQ",
        "text": "directly in the .\/client script",
        "ts": "1502832055.000365"
    },
    {
        "type": "message",
        "user": "U41M5AAJW",
        "text": "Ok",
        "ts": "1502832128.000373"
    },
    {
        "type": "message",
        "user": "U41M5AAJW",
        "text": "Ok, thxs",
        "ts": "1502832145.000320"
    },
    {
        "type": "message",
        "user": "U5PBLNV9R",
        "text": "The devs at stratis know about getutxt an working on it they said ",
        "ts": "1502832621.000333"
    },
    {
        "type": "message",
        "user": "U41M5AAJW",
        "text": "nice!",
        "ts": "1502833632.000104"
    },
    {
        "type": "message",
        "user": "U41M5AAJW",
        "text": "hmm, i dont have canbind specified in client script",
        "ts": "1502833692.000342"
    },
    {
        "type": "message",
        "user": "U41M5AAJW",
        "text": "where do i place the canbind, in the json right?",
        "ts": "1502833704.000450"
    },
    {
        "type": "message",
        "user": "U41M5AAJW",
        "text": ".\/autotrade\n{\"base\":\"BTC\",\"rel\":\"KMD\",\"address\":\"1M7RX4n5qtJLHZx2Wht2ZHwcWvpzstzcRW\",\"timestamp\":1502833866,\"txid\":\"3d674825b96084d51d0829a20c600b12179dce3fb09c0f2a0cfc6df396a67696\",\"vout\":0,\"srchash\":\"dcbb67b9ffe560ff661dedd018097c355c78de22b29d5e97c586ca21da25d203\",\"txfee\":\"57343\",\"satoshis\":\"3003746\",\"desthash\":\"ca66efb69017654b4634ac0ea6c4829813cbfd6885d9bfddca9eb9d748e0c978\",\"txid2\":\"02638a220a89e683c5d49cb9a8b7e1e88e27e51c33dc9046c31315912c19e142\",\"vout2\":0,\"destaddr\":\"RRVgVs2e5sGeXbHQHMtsKpr2m6dSw48UGu\",\"desttxid\":\"5ca8ec2afe91d312e97470f2805fb459b8a0f2ae60d897e2576c73b11754b87d\",\"destvout\":1,\"feetxid\":\"7df434fa97660eba830efd01265e43923cdc5732e90e67830fb8957b1a580585\",\"feevout\":0,\"desttxfee\":\"10000\",\"destsatoshis\":\"10078003553\",\"price\":3355.14505987,\"maxprice\":3418.80887015,\"status\":\"no response to request\"}",
        "ts": "1502833880.000224"
    },
    {
        "type": "message",
        "user": "U41M5AAJW",
        "text": "placed canbind:1",
        "ts": "1502833886.000361"
    },
    {
        "type": "message",
        "user": "U41M5AAJW",
        "text": "still nothing",
        "ts": "1502833893.000102"
    },
    {
        "type": "message",
        "user": "U2Q1DP6EQ",
        "text": "this is my entry in the client script from my home pc (behind firewall and NAT and so on)",
        "ts": "1502836962.000114"
    },
    {
        "type": "message",
        "user": "U2Q1DP6EQ",
        "text": ".\/marketmaker \"{\\\"gui\\\":\\\"nogui\\\",\\\"client\\\":1, \\\"userhome\\\":\\\"\/${HOME#\"\/\"}\\\", \\\"passphrase\\\":\\\"$passphrase\\\", \\\"coins\\\":$coins, \\\"canbind\\\":17779}\" &amp;",
        "ts": "1502836964.000147"
    },
    {
        "type": "message",
        "user": "U41M5AAJW",
        "text": "17779?",
        "ts": "1502837085.000126"
    },
    {
        "type": "message",
        "user": "U2Q1DP6EQ",
        "text": "i choose it because it is not in use by other applications and i have forwarded connections to this port in my firewall, so it is possible to connect to it from outside through the firewall",
        "ts": "1502837475.000022"
    },
    {
        "type": "message",
        "user": "U41M5AAJW",
        "text": "changed 17779 in canbind and still no response",
        "ts": "1502839076.000047"
    }
]