[
    {
        "type": "message",
        "user": "U2N405TRT",
        "text": "I have really lot of trades on Bittrex accounts, but nothing on iguana accounts for btc and kmd",
        "edited": {
            "user": "U2N405TRT",
            "ts": "1494229962.000000"
        },
        "ts": "1494229925.935549"
    },
    {
        "type": "message",
        "user": "U2N405TRT",
        "text": "not sure if there should be any trades on those",
        "ts": "1494229944.939075"
    },
    {
        "type": "message",
        "user": "U02LQ1WHQ",
        "text": "i am waiting for more LP nodes before can test smartaddresses properly",
        "ts": "1494229969.943848"
    },
    {
        "type": "message",
        "user": "U02LQ1WHQ",
        "text": "is the marketmaker making the specified margin?",
        "ts": "1494229987.947233"
    },
    {
        "type": "message",
        "user": "U02LQ1WHQ",
        "text": "and the lotsize needs to be able to handle 100 KMD swaps",
        "ts": "1494230006.950784"
    },
    {
        "type": "message",
        "user": "U2N405TRT",
        "text": "I have losses on market making (it is ok, I don't mind burn a few hundred kmd), I can't see it makes the margin. I wonder how it can make it with only trades on Bittrex.",
        "ts": "1494230100.967691"
    },
    {
        "type": "message",
        "user": "U02LQ1WHQ",
        "text": "need to have the market price return to the starting price",
        "ts": "1494230126.972695"
    },
    {
        "type": "message",
        "user": "U02LQ1WHQ",
        "text": "as the price goes up and down, the buys and sells are different by the specified margin",
        "ts": "1494230140.975341"
    },
    {
        "type": "message",
        "user": "U02LQ1WHQ",
        "text": "so if you start when the market price is X and it goes to Y, there is a change in inventory position, which affects the calculated profit",
        "ts": "1494230179.982889"
    },
    {
        "type": "message",
        "user": "U02LQ1WHQ",
        "text": "as the price goes back to Y, the change in the inventory position should roughly balance out. it is a statistical process",
        "ts": "1494230202.987335"
    },
    {
        "type": "message",
        "user": "U02LQ1WHQ",
        "text": "so it is likely that a higher margin needs to be set to achieve that margin, ie set to 1.5% margin to get 1%",
        "ts": "1494230238.994411"
    },
    {
        "type": "message",
        "user": "U02LQ1WHQ",
        "text": "this is also affected by which orders fill",
        "ts": "1494230258.998215"
    },
    {
        "type": "message",
        "user": "U2N405TRT",
        "text": "I had only set to 0.6%, I may try 1.5%",
        "ts": "1494230375.020535"
    },
    {
        "type": "message",
        "text": "",
        "files": [
            {
                "id": "F5A2Z8FN0",
                "created": 1494230595,
                "timestamp": 1494230595,
                "name": "Pasted image at 2017_05_08 03_59 PM.png",
                "title": "I really have a lot of trades, here are last ones",
                "mimetype": "image\/png",
                "filetype": "png",
                "pretty_type": "PNG",
                "user": "U2N405TRT",
                "editable": false,
                "size": 200341,
                "mode": "hosted",
                "is_external": false,
                "external_type": "",
                "is_public": true,
                "public_url_shared": false,
                "display_as_bot": false,
                "username": "",
                "url_private": "https:\/\/files.slack.com\/files-pri\/T02LAJBUW-F5A2Z8FN0\/pasted_image_at_2017_05_08_03_59_pm.png?t=xoxe-2690623982-420508393732-420508393844-55126cc98091fbe0399fac3c66f6ed8e",
                "url_private_download": "https:\/\/files.slack.com\/files-pri\/T02LAJBUW-F5A2Z8FN0\/download\/pasted_image_at_2017_05_08_03_59_pm.png?t=xoxe-2690623982-420508393732-420508393844-55126cc98091fbe0399fac3c66f6ed8e",
                "thumb_64": "https:\/\/files.slack.com\/files-tmb\/T02LAJBUW-F5A2Z8FN0-e557ab9eab\/pasted_image_at_2017_05_08_03_59_pm_64.png?t=xoxe-2690623982-420508393732-420508393844-55126cc98091fbe0399fac3c66f6ed8e",
                "thumb_80": "https:\/\/files.slack.com\/files-tmb\/T02LAJBUW-F5A2Z8FN0-e557ab9eab\/pasted_image_at_2017_05_08_03_59_pm_80.png?t=xoxe-2690623982-420508393732-420508393844-55126cc98091fbe0399fac3c66f6ed8e",
                "thumb_360": "https:\/\/files.slack.com\/files-tmb\/T02LAJBUW-F5A2Z8FN0-e557ab9eab\/pasted_image_at_2017_05_08_03_59_pm_360.png?t=xoxe-2690623982-420508393732-420508393844-55126cc98091fbe0399fac3c66f6ed8e",
                "thumb_360_w": 360,
                "thumb_360_h": 147,
                "thumb_480": "https:\/\/files.slack.com\/files-tmb\/T02LAJBUW-F5A2Z8FN0-e557ab9eab\/pasted_image_at_2017_05_08_03_59_pm_480.png?t=xoxe-2690623982-420508393732-420508393844-55126cc98091fbe0399fac3c66f6ed8e",
                "thumb_480_w": 480,
                "thumb_480_h": 196,
                "thumb_160": "https:\/\/files.slack.com\/files-tmb\/T02LAJBUW-F5A2Z8FN0-e557ab9eab\/pasted_image_at_2017_05_08_03_59_pm_160.png?t=xoxe-2690623982-420508393732-420508393844-55126cc98091fbe0399fac3c66f6ed8e",
                "thumb_720": "https:\/\/files.slack.com\/files-tmb\/T02LAJBUW-F5A2Z8FN0-e557ab9eab\/pasted_image_at_2017_05_08_03_59_pm_720.png?t=xoxe-2690623982-420508393732-420508393844-55126cc98091fbe0399fac3c66f6ed8e",
                "thumb_720_w": 720,
                "thumb_720_h": 294,
                "thumb_800": "https:\/\/files.slack.com\/files-tmb\/T02LAJBUW-F5A2Z8FN0-e557ab9eab\/pasted_image_at_2017_05_08_03_59_pm_800.png?t=xoxe-2690623982-420508393732-420508393844-55126cc98091fbe0399fac3c66f6ed8e",
                "thumb_800_w": 800,
                "thumb_800_h": 327,
                "thumb_960": "https:\/\/files.slack.com\/files-tmb\/T02LAJBUW-F5A2Z8FN0-e557ab9eab\/pasted_image_at_2017_05_08_03_59_pm_960.png?t=xoxe-2690623982-420508393732-420508393844-55126cc98091fbe0399fac3c66f6ed8e",
                "thumb_960_w": 960,
                "thumb_960_h": 392,
                "thumb_1024": "https:\/\/files.slack.com\/files-tmb\/T02LAJBUW-F5A2Z8FN0-e557ab9eab\/pasted_image_at_2017_05_08_03_59_pm_1024.png?t=xoxe-2690623982-420508393732-420508393844-55126cc98091fbe0399fac3c66f6ed8e",
                "thumb_1024_w": 1024,
                "thumb_1024_h": 418,
                "image_exif_rotation": 1,
                "original_w": 1765,
                "original_h": 721,
                "permalink": "https:\/\/komodo-platform.slack.com\/files\/U2N405TRT\/F5A2Z8FN0\/pasted_image_at_2017_05_08_03_59_pm.png",
                "permalink_public": "https:\/\/slack-files.com\/T02LAJBUW-F5A2Z8FN0-3e30cb10c7"
            }
        ],
        "upload": true,
        "user": "U2N405TRT",
        "display_as_bot": false,
        "ts": "1494230600.069503"
    },
    {
        "type": "message",
        "user": "U02LQ1WHQ",
        "text": "look good, the sells are a bit higher than buys of the same timeframe",
        "ts": "1494230847.117609"
    },
    {
        "type": "message",
        "user": "U02PH4RHZ",
        "text": "Do we need to fund the kmd on bittrex or should btc be enough?",
        "ts": "1494234507.890139"
    },
    {
        "type": "message",
        "user": "U02PH4RHZ",
        "text": "I have funds in the btc wallet\/ in bittrex, I will send lots of 100 kmd  to the lp node but does bittrex need it to",
        "ts": "1494234605.910546"
    },
    {
        "type": "message",
        "user": "U02LQ1WHQ",
        "text": "trex side wont need it, if no kmd, the sell side of market making wont work",
        "ts": "1494234657.921599"
    },
    {
        "type": "message",
        "user": "U02LQ1WHQ",
        "text": "but with the activity it wont be long before it buys some kmd",
        "ts": "1494234666.923551"
    },
    {
        "type": "message",
        "user": "U02PH4RHZ",
        "text": "Is it more optimal to seed it with kmd?",
        "ts": "1494234740.939035"
    },
    {
        "type": "message",
        "user": "U02PH4RHZ",
        "text": "Like say 1 btc of btc and kmd",
        "ts": "1494234750.941256"
    },
    {
        "type": "message",
        "user": "U02LQ1WHQ",
        "text": "shouldnt matter much, might save trade commissions if you seed it with 50% kmd and 50% btc",
        "ts": "1494234819.955538"
    },
    {
        "type": "message",
        "user": "U02PH4RHZ",
        "text": ":+1:  cool funding it now",
        "ts": "1494235003.994345"
    },
    {
        "type": "message",
        "user": "U02PH4RHZ",
        "text": "I have cat too...maybe I should compare results",
        "ts": "1494235026.999161"
    },
    {
        "type": "message",
        "user": "U02LQ1WHQ",
        "text": "dev version has a new update, it has DEXstats program now, which is built with .\/m_stats",
        "ts": "1494235582.116967"
    },
    {
        "type": "message",
        "user": "U02LQ1WHQ",
        "text": "for now it is operating in hardcoded mode, but it will support API calls to port 7779",
        "ts": "1494235597.119947"
    },
    {
        "type": "message",
        "user": "U02LQ1WHQ",
        "text": "you need to have \/var\/www\/html and \/var\/www\/html\/bitmaps dir created and also running KV assetchain (and KMD) on the node",
        "ts": "1494235628.126891"
    },
    {
        "type": "message",
        "user": "U02LQ1WHQ",
        "text": "its IP address should be available to all external nodes via the API, so any node that runs this will create DEXstats API for public",
        "ts": "1494235662.134051"
    },
    {
        "type": "message",
        "text": "",
        "files": [
            {
                "id": "F5AS0AQ78",
                "created": 1494235688,
                "timestamp": 1494235688,
                "name": "example_output.txt",
                "title": "example output",
                "mimetype": "text\/plain",
                "filetype": "text",
                "pretty_type": "Plain Text",
                "user": "U02LQ1WHQ",
                "editable": true,
                "size": 5794,
                "mode": "snippet",
                "is_external": false,
                "external_type": "",
                "is_public": true,
                "public_url_shared": false,
                "display_as_bot": false,
                "username": "",
                "url_private": "https:\/\/files.slack.com\/files-pri\/T02LAJBUW-F5AS0AQ78\/example_output.txt?t=xoxe-2690623982-420508393732-420508393844-55126cc98091fbe0399fac3c66f6ed8e",
                "url_private_download": "https:\/\/files.slack.com\/files-pri\/T02LAJBUW-F5AS0AQ78\/download\/example_output.txt?t=xoxe-2690623982-420508393732-420508393844-55126cc98091fbe0399fac3c66f6ed8e",
                "permalink": "https:\/\/komodo-platform.slack.com\/files\/U02LQ1WHQ\/F5AS0AQ78\/example_output.txt",
                "permalink_public": "https:\/\/slack-files.com\/T02LAJBUW-F5AS0AQ78-2a4d6f2b12",
                "edit_link": "https:\/\/komodo-platform.slack.com\/files\/U02LQ1WHQ\/F5AS0AQ78\/example_output.txt\/edit",
                "preview": "{\"source\":\"KMD\",\"dest\":\"BTC\",\"start\":20170326,\"numdates\":43,\"splinevals\":[[1491868800, 0.00013529], [1491955200, 0.00013213], [1492041600, 0.00012601], [1492128000, 0.00012865], [1492387200, 0.00012858], [1492473600, 0.00013947], [1492560000, 0.00014436], [1492646400, 0.00014706], [1492732800, 0.00013743], [1493078400, 0.00013616], [1493164800, 0.00012807], [1493251200, 0.00012816], [1493337600, 0.00012998], [1493424000, 0.00012439]],\"bitmap\":\"\/var\/www\/html\/bitmaps\/KMD_BTC.jpg\",\"hourly\":[0.00013529, 0.00013546, 0.00013560, 0.00013571, 0.00013578, 0.00013581, 0.00013582, 0.00013579, 0.00013574, 0.00013566, 0.00013555, 0.00013542, 0.00013527, 0.00013509, 0.00013490, 0.00013468, 0.00013445, 0.00013420, 0.00013394, 0.00013366, 0.00013337, 0.00013308, 0.00013277, 0.00013245, 0.00013213, 0.00013180, 0.00013147, 0.00013113, 0.00013080, 0.00013046, 0.00013013, 0.00012980, 0.00012947, 0.00012915, 0.00012884, 0.00012854, 0.00012824, 0.00012796, 0.00012769, 0.00012744, 0.00012720, 0.00012697, 0.00012677, 0.00012659, 0.0...",
                "preview_highlight": "<div class=\"CodeMirror cm-s-default CodeMirrorServer\" oncopy=\"if(event.clipboardData){event.clipboardData.setData('text\/plain',window.getSelection().toString().replace(\/\\u200b\/g,''));event.preventDefault();event.stopPropagation();}\">\n<div class=\"CodeMirror-code\">\n<div><pre>{&quot;source&quot;:&quot;KMD&quot;,&quot;dest&quot;:&quot;BTC&quot;,&quot;start&quot;:20170326,&quot;numdates&quot;:43,&quot;splinevals&quot;:[[1491868800, 0.00013529], [1491955200, 0.00013213], [1492041600, 0.00012601], [1492128000, 0.00012865], [1492387200, 0.00012858], [1492473600, 0.00013947], [1492560000, 0.00014436], [1492646400, 0.00014706], [1492732800, 0.00013743], [1493078400, 0.00013616], [1493164800, 0.00012807], [1493251200, 0.00012816], [1493337600, 0.00012998], [1493424000, 0.00012439]],&quot;bitmap&quot;:&quot;\/var\/www\/html\/bitmaps\/KMD_BTC.jpg&quot;,&quot;hourly&quot;:[0.00013529, 0.00013546, 0.00013560, 0.00013571, 0.00013578, 0.00013581, 0.00013582, 0.00013579, 0.00013574, 0.00013566, 0.00013555, 0.00013542, 0.00013527, 0.00013509, 0.00013490, 0.00013468, 0.00013445, 0.00013420, 0.00013394, 0.00013366, 0.00013337, 0.00013308, 0.00013277, 0.00013245, 0.00013213, 0.00013180, 0.00013147, 0.00013113, 0.00013080, 0.00013046, 0.00013013, 0.00012980, 0.00012947, 0.00012915, 0.00012884, 0.00012854, 0.00012824, 0.00012796, 0.00012769, 0.00012744, 0.00012720, 0.00012697, 0.00012677, 0.00012659, 0.0...<\/pre><\/div>\n<\/div>\n<\/div>\n",
                "lines": 1,
                "lines_more": 0,
                "preview_is_truncated": true
            }
        ],
        "upload": true,
        "user": "U02LQ1WHQ",
        "display_as_bot": false,
        "ts": "1494235692.140462"
    },
    {
        "type": "message",
        "user": "U02LQ1WHQ",
        "text": "above is an example output that it will have. it creates splines out of all the daily DEX swaps (weighted by volume) and using the spline it generates hourly prices starting from the first timestamp in the splinevals. it also creates a .jpg file at the \"bitmap\" location. I am not able to see the .jpg file, so if somebody can run this and post a picture of it, that would help",
        "ts": "1494235799.162937"
    },
    {
        "type": "message",
        "user": "U02LQ1WHQ",
        "text": "new version supports a \"bitmap\" method: curl --url \"<http:\/\/127.0.0.1:7779>\" --data \"{\\\"method\\\":\\\"bitmap\\\",\\\"endtimestamp\\\":0,\\\"source\\\":\\\"KMD\\\",\\\"dest\\\":\\\"BTC\\\"}\"\nendtimestamp of 0 defaults to current time, width is 1000 hours for now, but if there are any DEX trades with the source\/dest (and even dest\/source) it should be found and displayed by DEXstats",
        "ts": "1494237093.439249"
    },
    {
        "user": "U4SBWEXUY",
        "text": "<@U4SBWEXUY> has joined the channel",
        "type": "message",
        "subtype": "channel_join",
        "ts": "1494237536.533015"
    },
    {
        "user": "U5A5K40HK",
        "text": "<@U5A5K40HK> has joined the channel",
        "type": "message",
        "subtype": "channel_join",
        "ts": "1494237668.562491"
    },
    {
        "type": "message",
        "user": "U02LQ1WHQ",
        "text": "added numdates field so you can change the width of the bitmap (returned data)",
        "ts": "1494237777.586154"
    },
    {
        "type": "message",
        "user": "U4SBWEXUY",
        "text": "Hi there, let me welcome <@U5A5K40HK> \nHis mission for this week is to dig into DEX, and help with testing (for example Smartaddress feature) and support you guys.",
        "ts": "1494237777.586177"
    },
    {
        "type": "message",
        "user": "U02LQ1WHQ",
        "text": "great!",
        "ts": "1494237802.591552"
    },
    {
        "type": "message",
        "user": "U02LQ1WHQ",
        "text": "there are a few LP nodes running and as long as they are, the smart addresses should be able to get the DEX trade filled",
        "ts": "1494237829.596870"
    },
    {
        "type": "message",
        "user": "U5A5K40HK",
        "text": "Hi there! I'm still not familiar with ZCash and Komodo\/Supernet, reading about them at the moment.",
        "ts": "1494237861.603559"
    },
    {
        "type": "message",
        "user": "U5A5K40HK",
        "text": "Trying to have an understanding of the tech, set up an environment and participate in testing.",
        "edited": {
            "user": "U5A5K40HK",
            "ts": "1494237940.000000"
        },
        "ts": "1494237925.616920"
    },
    {
        "type": "message",
        "user": "U02LQ1WHQ",
        "text": "coins\/basilisk\/kmd; coins\/basilisk\/btc; tests\/amlp; tests\/notlp; tests\/swaplist",
        "ts": "1494237944.620823"
    },
    {
        "type": "message",
        "user": "U02LQ1WHQ",
        "text": "the above will get a client node ready for testing smartaddresses",
        "ts": "1494237961.624323"
    },
    {
        "type": "message",
        "user": "U02LQ1WHQ",
        "text": "tests\/smartaddresses; will display the smart addresses",
        "ts": "1494237981.628479"
    },
    {
        "type": "message",
        "text": "",
        "files": [
            {
                "id": "F5ASEKJ4W",
                "created": 1494238006,
                "timestamp": 1494238006,
                "name": "JUMBLR.rtf",
                "title": "JUMBLR.rtf",
                "mimetype": "text\/rtf",
                "filetype": "rtf",
                "pretty_type": "Rich Text File",
                "user": "U02LQ1WHQ",
                "editable": false,
                "size": 7706,
                "mode": "hosted",
                "is_external": false,
                "external_type": "",
                "is_public": true,
                "public_url_shared": false,
                "display_as_bot": false,
                "username": "",
                "url_private": "https:\/\/files.slack.com\/files-pri\/T02LAJBUW-F5ASEKJ4W\/jumblr.rtf?t=xoxe-2690623982-420508393732-420508393844-55126cc98091fbe0399fac3c66f6ed8e",
                "url_private_download": "https:\/\/files.slack.com\/files-pri\/T02LAJBUW-F5ASEKJ4W\/download\/jumblr.rtf?t=xoxe-2690623982-420508393732-420508393844-55126cc98091fbe0399fac3c66f6ed8e",
                "permalink": "https:\/\/komodo-platform.slack.com\/files\/U02LQ1WHQ\/F5ASEKJ4W\/jumblr.rtf",
                "permalink_public": "https:\/\/slack-files.com\/T02LAJBUW-F5ASEKJ4W-33758c1aed"
            }
        ],
        "upload": true,
        "user": "U02LQ1WHQ",
        "display_as_bot": false,
        "ts": "1494238009.634243"
    },
    {
        "type": "message",
        "text": "",
        "files": [
            {
                "id": "F5A2VSKEW",
                "created": 1494238010,
                "timestamp": 1494238010,
                "name": "smartaddresses.rtf",
                "title": "smartaddresses.rtf",
                "mimetype": "text\/rtf",
                "filetype": "rtf",
                "pretty_type": "Rich Text File",
                "user": "U02LQ1WHQ",
                "editable": false,
                "size": 4859,
                "mode": "hosted",
                "is_external": false,
                "external_type": "",
                "is_public": true,
                "public_url_shared": false,
                "display_as_bot": false,
                "username": "",
                "url_private": "https:\/\/files.slack.com\/files-pri\/T02LAJBUW-F5A2VSKEW\/smartaddresses.rtf?t=xoxe-2690623982-420508393732-420508393844-55126cc98091fbe0399fac3c66f6ed8e",
                "url_private_download": "https:\/\/files.slack.com\/files-pri\/T02LAJBUW-F5A2VSKEW\/download\/smartaddresses.rtf?t=xoxe-2690623982-420508393732-420508393844-55126cc98091fbe0399fac3c66f6ed8e",
                "permalink": "https:\/\/komodo-platform.slack.com\/files\/U02LQ1WHQ\/F5A2VSKEW\/smartaddresses.rtf",
                "permalink_public": "https:\/\/slack-files.com\/T02LAJBUW-F5A2VSKEW-fb80e0101c"
            }
        ],
        "upload": true,
        "user": "U02LQ1WHQ",
        "display_as_bot": false,
        "ts": "1494238013.635153"
    },
    {
        "type": "message",
        "user": "U5A5K40HK",
        "text": "tx, I just got the smartaddress docs from Markus already",
        "edited": {
            "user": "U5A5K40HK",
            "ts": "1494238044.000000"
        },
        "ts": "1494238027.637950"
    },
    {
        "type": "message",
        "user": "U02LQ1WHQ",
        "text": "above files describe how JUMBLR and smart addresses work",
        "ts": "1494238031.638856"
    },
    {
        "type": "message",
        "user": "U02LQ1WHQ",
        "text": "basically get iguana running as a client, add KMD and BTC as basilisk coins, the amlp and notlp is just a trick to get the blocktrail apikey into the iguana",
        "ts": "1494238069.646770"
    },
    {
        "type": "message",
        "user": "U02LQ1WHQ",
        "text": "once you have the smartaddresses active, just send funds to it and it will start the DEX process",
        "ts": "1494238096.652006"
    },
    {
        "type": "message",
        "user": "U02LQ1WHQ",
        "text": "it should work pretty much fully automated after it is configured",
        "ts": "1494238114.655421"
    },
    {
        "type": "message",
        "user": "U02LQ1WHQ",
        "text": "the only exception is that tests\/swaplist must be called every so often to make sure all pending DEX swaps are completed, once per 10 minutes or so",
        "ts": "1494238141.660612"
    },
    {
        "type": "message",
        "user": "U02LQ1WHQ",
        "text": "tests\/jumblrstatus is another useful script that shows the current jumblr status",
        "ts": "1494238173.666598"
    },
    {
        "type": "message",
        "user": "U02LQ1WHQ",
        "text": "more advanced is tests\/smartadd for adding custom trading pairs, but without LP nodes supporting the specified pairs, it wont be able to find a trade",
        "ts": "1494238209.673807"
    },
    {
        "type": "message",
        "user": "U02LQ1WHQ",
        "text": "the  atomic swap protocol is described in  <https:\/\/bitcointalk.org\/index.php?topic=1340621.msg13828271#msg13828271>\n <https:\/\/bitcointalk.org\/index.php?topic=1364951> but you shouldnt need to know all the details, just to make sure no funds are lost regardless of when either side aborts",
        "attachments": [
            {
                "title": "ACCT using CLTV - More Effective than a sleeping pill!",
                "title_link": "https:\/\/bitcointalk.org\/index.php?topic=1340621.msg13828271#msg13828271",
                "text": "ACCT using CLTV - More Effective than a sleeping pill!",
                "fallback": "ACCT using CLTV - More Effective than a sleeping pill!",
                "from_url": "https:\/\/bitcointalk.org\/index.php?topic=1340621.msg13828271#msg13828271",
                "service_icon": "https:\/\/bitcointalk.org\/favicon.ico",
                "service_name": "bitcointalk.org",
                "id": 1
            },
            {
                "title": "Atomic swaps using cut and choose",
                "title_link": "https:\/\/bitcointalk.org\/index.php?topic=1364951",
                "text": "Atomic swaps using cut and choose",
                "fallback": "Atomic swaps using cut and choose",
                "from_url": "https:\/\/bitcointalk.org\/index.php?topic=1364951",
                "service_icon": "https:\/\/bitcointalk.org\/favicon.ico",
                "service_name": "bitcointalk.org",
                "id": 2
            }
        ],
        "ts": "1494238387.708417"
    },
    {
        "type": "message",
        "user": "U5A5K40HK",
        "text": "Frankly this is not too understandable at my current knowledge level, I still need some time to read and learn more about SuperNet\nI've seen the Bitcoin Core C++ code already, but these concepts are way beyond it :slightly_smiling_face:",
        "ts": "1494238425.715710"
    },
    {
        "type": "message",
        "user": "U02LQ1WHQ",
        "text": "the swaplist command iterates through all historical swaps (in DB\/SWAPS) and finds the ones with pending tx and completes them if possible",
        "ts": "1494238440.718548"
    },
    {
        "type": "message",
        "user": "U02LQ1WHQ",
        "text": "you saw the DEX whitepaper?",
        "ts": "1494238449.720234"
    },
    {
        "type": "message",
        "user": "U5A5K40HK",
        "text": "googled for it, but there are too many things called DEX, so I got lost with the ambiguity\nso not yet",
        "ts": "1494238500.729741"
    },
    {
        "type": "message",
        "user": "U02LQ1WHQ",
        "text": "<https:\/\/komodoplatform.com\/dex-whitepaper\/>",
        "ts": "1494238530.735647"
    },
    {
        "type": "message",
        "user": "U5A5K40HK",
        "text": "thanks, there's a lot to learn :slightly_smiling_face:",
        "ts": "1494238571.743363"
    },
    {
        "type": "message",
        "user": "U02LQ1WHQ",
        "text": "the document in the channel purpose shows how to setup an LP node along with marketmaker",
        "ts": "1494238592.747452"
    },
    {
        "type": "message",
        "user": "U02LQ1WHQ",
        "text": "update \"bitmap\" api call to include the paxpricefeed values for KMD price so there is a price chart entry even if no DEX trades",
        "ts": "1494245604.055539"
    },
    {
        "type": "message",
        "user": "U02LQ1WHQ",
        "text": "<@U03SKEFEL> what is the status of the ugly gui for smartaddressees?",
        "ts": "1494248174.630219"
    },
    {
        "type": "message",
        "user": "U03UJ5TP3",
        "text": "<@U02LQ1WHQ> above you wrote that coins\/basilisk\/kmd and coins\/basilisk\/btc starts it in basilisk mode, but the original guide uses bitcoind and komodod and adds it with coins\/kmd coins\/btc. So is basilisk mode now possible? ",
        "ts": "1494258074.181845"
    },
    {
        "type": "message",
        "user": "U02LQ1WHQ",
        "text": "client side basilisk is supported",
        "ts": "1494262382.777061"
    },
    {
        "type": "message",
        "user": "U02LQ1WHQ",
        "text": "actually LP node basilisk is also supported, but it comes with the one pending DEX trade at a time",
        "ts": "1494262397.782313"
    },
    {
        "type": "message",
        "user": "U02LQ1WHQ",
        "text": "so definitely NOT recommended for LP mode, but it is there for one shot \"client\" side LP mode for when you want to put up a long term trade offer",
        "ts": "1494262433.795201"
    },
    {
        "type": "message",
        "user": "U02LQ1WHQ",
        "text": "<http:\/\/78.46.193.199\/bitmaps\/KMD_BTC.jpg>",
        "attachments": [
            {
                "fallback": "744x400px image",
                "image_url": "http:\/\/78.46.193.199\/bitmaps\/KMD_BTC.jpg",
                "image_width": 744,
                "image_height": 400,
                "image_bytes": 22234,
                "from_url": "http:\/\/78.46.193.199\/bitmaps\/KMD_BTC.jpg",
                "id": 1
            }
        ],
        "ts": "1494264828.646247"
    },
    {
        "type": "message",
        "user": "U02LQ1WHQ",
        "text": "i figured it would be a while before there will be a visualization GUI for the prices",
        "ts": "1494264849.653273"
    },
    {
        "type": "message",
        "user": "U02LQ1WHQ",
        "text": "so I made one at the .jpg bitmap level",
        "ts": "1494264862.657881"
    },
    {
        "type": "message",
        "user": "U02LQ1WHQ",
        "text": "i also have it so external requests can be made:",
        "ts": "1494264919.679026"
    },
    {
        "type": "message",
        "user": "U02LQ1WHQ",
        "text": "curl --url \"<http:\/\/78.46.193.199:7779>\" --data \"{\\\"method\\\":\\\"bitmap\\\",\\\"endtimestamp\\\":0,\\\"source\\\":\\\"KMD\\\",\\\"dest\\\":\\\"BTC\\\",\\\"numdates\\\":30}\"",
        "ts": "1494264920.679404"
    },
    {
        "type": "message",
        "text": "",
        "files": [
            {
                "id": "F5A7V5ZTM",
                "created": 1494265015,
                "timestamp": 1494265015,
                "name": "bitmap_JSON_return.txt",
                "title": "bitmap JSON return",
                "mimetype": "text\/plain",
                "filetype": "text",
                "pretty_type": "Plain Text",
                "user": "U02LQ1WHQ",
                "editable": true,
                "size": 8599,
                "mode": "snippet",
                "is_external": false,
                "external_type": "",
                "is_public": true,
                "public_url_shared": false,
                "display_as_bot": false,
                "username": "",
                "url_private": "https:\/\/files.slack.com\/files-pri\/T02LAJBUW-F5A7V5ZTM\/bitmap_json_return.txt?t=xoxe-2690623982-420508393732-420508393844-55126cc98091fbe0399fac3c66f6ed8e",
                "url_private_download": "https:\/\/files.slack.com\/files-pri\/T02LAJBUW-F5A7V5ZTM\/download\/bitmap_json_return.txt?t=xoxe-2690623982-420508393732-420508393844-55126cc98091fbe0399fac3c66f6ed8e",
                "permalink": "https:\/\/komodo-platform.slack.com\/files\/U02LQ1WHQ\/F5A7V5ZTM\/bitmap_json_return.txt",
                "permalink_public": "https:\/\/slack-files.com\/T02LAJBUW-F5A7V5ZTM-d72efe93d0",
                "edit_link": "https:\/\/komodo-platform.slack.com\/files\/U02LQ1WHQ\/F5A7V5ZTM\/bitmap_json_return.txt\/edit",
                "preview": "{\"source\":\"KMD\",\"dest\":\"BTC\",\"totalvolume\":20212.33518127,\"start\":20170408,\"numdates\":31,\"splinevals\":[[1491868800, 0.00013529], [1491955200, 0.00013213], [1492041600, 0.00012601], [1492128000, 0.00012865], [1492387200, 0.00012858], [1492473600, 0.00013947], [1492560000, 0.00014459], [1492646400, 0.00014706], [1492732800, 0.00013743], [1493078400, 0.00013620], [1493164800, 0.00012807], [1493251200, 0.00012818], [1493337600, 0.00012966], [1493424000, 0.00012425], [1493683200, 0.00015354], [1493769600, 0.00015534], [1493856000, 0.00016541], [1493942400, 0.00018171], [1494028800, 0.00019462], [1494115200, 0.00018660], [1494201600, 0.00018578]],\"bitmap\":\"\/var\/www\/html\/bitmaps\/KMD_BTC.jpg\",\"hourly\":[0.00013529, 0.00013546, 0.00013560, 0.00013571, 0.00013578, 0.00013581, 0.00013582, 0.00013579, 0.00013574, 0.00013566, 0.00013555, 0.00013542, 0.00013527, 0.00013509, 0.00013490, 0.00013468, 0.00013445, 0.00013420, 0.00013394, 0.00013366, 0.00013337, 0.00013307, 0.00013277, 0.00013245, 0.00013213, 0.00013180, 0.000131...",
                "preview_highlight": "<div class=\"CodeMirror cm-s-default CodeMirrorServer\" oncopy=\"if(event.clipboardData){event.clipboardData.setData('text\/plain',window.getSelection().toString().replace(\/\\u200b\/g,''));event.preventDefault();event.stopPropagation();}\">\n<div class=\"CodeMirror-code\">\n<div><pre>{&quot;source&quot;:&quot;KMD&quot;,&quot;dest&quot;:&quot;BTC&quot;,&quot;totalvolume&quot;:20212.33518127,&quot;start&quot;:20170408,&quot;numdates&quot;:31,&quot;splinevals&quot;:[[1491868800, 0.00013529], [1491955200, 0.00013213], [1492041600, 0.00012601], [1492128000, 0.00012865], [1492387200, 0.00012858], [1492473600, 0.00013947], [1492560000, 0.00014459], [1492646400, 0.00014706], [1492732800, 0.00013743], [1493078400, 0.00013620], [1493164800, 0.00012807], [1493251200, 0.00012818], [1493337600, 0.00012966], [1493424000, 0.00012425], [1493683200, 0.00015354], [1493769600, 0.00015534], [1493856000, 0.00016541], [1493942400, 0.00018171], [1494028800, 0.00019462], [1494115200, 0.00018660], [1494201600, 0.00018578]],&quot;bitmap&quot;:&quot;\/var\/www\/html\/bitmaps\/KMD_BTC.jpg&quot;,&quot;hourly&quot;:[0.00013529, 0.00013546, 0.00013560, 0.00013571, 0.00013578, 0.00013581, 0.00013582, 0.00013579, 0.00013574, 0.00013566, 0.00013555, 0.00013542, 0.00013527, 0.00013509, 0.00013490, 0.00013468, 0.00013445, 0.00013420, 0.00013394, 0.00013366, 0.00013337, 0.00013307, 0.00013277, 0.00013245, 0.00013213, 0.00013180, 0.000131...<\/pre><\/div>\n<\/div>\n<\/div>\n",
                "lines": 2,
                "lines_more": 1,
                "preview_is_truncated": true
            }
        ],
        "upload": true,
        "user": "U02LQ1WHQ",
        "display_as_bot": false,
        "ts": "1494265019.714182"
    },
    {
        "type": "message",
        "user": "U02LQ1WHQ",
        "text": "since I am literally setting bits in a raw bitmap and then converting it into a .jpg file (dont ask) there is no handy way to display text or numbers, but I am hoping that some GUI can be made to overlay the splinevals array to the bitmap",
        "ts": "1494265105.744421"
    },
    {
        "type": "message",
        "user": "U02LQ1WHQ",
        "text": "you will notice that the price chart is very smooth. this is due to some magic tricks I developed during my years as a forex quant. by filtering out most all the noise, you can see the price changes that are most relevant, but it does mean than intraday spikes are not even seen. helps to trade calmer",
        "ts": "1494265202.779063"
    },
    {
        "type": "message",
        "user": "U02LQ1WHQ",
        "text": "definitely not a day trading chart as you can miss the typical +50% and then correction that happen on a typical day",
        "ts": "1494265248.795327"
    },
    {
        "type": "message",
        "user": "U02LQ1WHQ",
        "text": "the chart is of the last month, using a daily average price. gray line is the average and as long as the price is above it, that means it is rising",
        "ts": "1494265305.815440"
    },
    {
        "type": "message",
        "user": "U02LQ1WHQ",
        "text": "it is not a linear display of price, but a modified natural log",
        "ts": "1494265325.822549"
    },
    {
        "type": "message",
        "user": "U03UJ5TP3",
        "text": "Thanks for the clarification James ",
        "ts": "1494267705.710527"
    },
    {
        "type": "message",
        "user": "U5A5K40HK",
        "text": "Thanks for the docs, I've read a lot already.\nI think I mostly have the big picture, but an important detail of smart addresses is not crystal clear, hope asking tech questions is not very offtopic here.\nSo, smart addresses are generated as a hash of special strings based on your wallet password. But normally the wallet password is not fixed, you can just change it. As far as I understand this just ruins all of your existing smart addresses. In the case of temporary addresses like Jumblr this might not be a problem, you use them only for a minute. But e.g. altcoin addresses seem to be permanent and you'd just lose them all with a password change.\nAre password changes forbidden, is it solved in a different way or am I simply misunderstanding it?",
        "ts": "1494269775.474794"
    },
    {
        "type": "message",
        "user": "U02LQ1WHQ",
        "text": "you just need to think in terms that there is a set of addressess associated with every different passphrase",
        "ts": "1494269843.500404"
    },
    {
        "type": "message",
        "user": "U02LQ1WHQ",
        "text": "change the passphrase, the address changes, that is normal",
        "ts": "1494269853.503691"
    },
    {
        "type": "message",
        "user": "U02LQ1WHQ",
        "text": "in this case, change the passphrase and a whole set of smartaddresses change in unison. so i dont see any issue",
        "ts": "1494269880.513820"
    },
    {
        "type": "message",
        "user": "U5A5K40HK",
        "text": "Unison is still not familiar, do you have some description of what it is?",
        "ts": "1494269996.557452"
    },
    {
        "type": "message",
        "user": "U02LQ1WHQ",
        "text": "all of them change at the same time",
        "ts": "1494270147.614825"
    },
    {
        "type": "message",
        "user": "U02LQ1WHQ",
        "text": "single passphrase &lt;-&gt; entire set of smartaddresses",
        "ts": "1494270161.619864"
    },
    {
        "type": "message",
        "user": "U02LQ1WHQ",
        "text": "it is like changing the email address you login to, if you change the email address, it is a different email address",
        "ts": "1494270185.628498"
    },
    {
        "type": "message",
        "user": "U02LQ1WHQ",
        "text": "if you change the passphrase, you change the address(es)",
        "ts": "1494270200.633951"
    },
    {
        "type": "message",
        "user": "U5A5K40HK",
        "text": "I got this part. What's not clear is whether you lose any tokens or something else if you lose a smart address e.g. for your altcoin.",
        "ts": "1494270225.642805"
    },
    {
        "type": "message",
        "user": "U02LQ1WHQ",
        "text": "they dont disappear, just log back in with the old passphrase",
        "ts": "1494270241.648472"
    },
    {
        "type": "message",
        "user": "U5A5K40HK",
        "text": "Ok, so it assumes you always remember old passwords too or forget them only after all your tokens are sent to another address.\nThus basically you cannot change the password, only migrate to a new \"account\".",
        "ts": "1494270435.717040"
    },
    {
        "type": "message",
        "user": "U02LQ1WHQ",
        "text": "that is how crypto works",
        "ts": "1494270470.728943"
    },
    {
        "type": "message",
        "user": "U02LQ1WHQ",
        "text": "you forget the passphrase, you lose access to all the coins associated with that passphrase",
        "ts": "1494270488.735102"
    },
    {
        "type": "message",
        "user": "U02LQ1WHQ",
        "text": "you have to send coins to a new address, you cant change the passphrase for the same address",
        "ts": "1494270510.742512"
    },
    {
        "type": "message",
        "user": "U02LQ1WHQ",
        "text": "this is because the passphrase deterministically generates the public address",
        "ts": "1494270524.746846"
    },
    {
        "type": "message",
        "user": "U02LQ1WHQ",
        "text": "if you understand the public key crypto, then you will understand the restriction",
        "thread_ts": "1494270544.753969",
        "reply_count": 1,
        "replies": [
            {
                "user": "U5A5K40HK",
                "ts": "1494321131.834760"
            }
        ],
        "unread_count": 1,
        "ts": "1494270544.753969"
    },
    {
        "type": "message",
        "user": "U02LQ1WHQ",
        "text": "now it is possible to add a layer on top of the raw crypto and have human understandable names that are updated with the current passphrase\/public addresses",
        "ts": "1494270572.763925"
    },
    {
        "type": "message",
        "user": "U02LQ1WHQ",
        "text": "but that is not the level we are testing at",
        "ts": "1494270580.766399",
        "reactions": [
            {
                "name": "white_check_mark",
                "users": [
                    "U5A5K40HK"
                ],
                "count": 1
            }
        ]
    },
    {
        "type": "message",
        "user": "U03SKEFEL",
        "text": "<@U02LQ1WHQ> Hi James, sorry I couldn’t get to make ugly gui part this weekend. I’ll be busy today at conf and meetup. Will spend tomorrow just on ugly gui.",
        "ts": "1494283961.641583"
    },
    {
        "type": "message",
        "user": "U02PH4RHZ",
        "text": ":+1: ",
        "ts": "1494301172.886526"
    },
    {
        "type": "message",
        "user": "U4T9YCDC0",
        "text": "what about p2p margin trading in easy-dex? :stuck_out_tongue:",
        "ts": "1494310324.818646"
    },
    {
        "type": "message",
        "user": "U4T9YCDC0",
        "text": "exist number of p2p exchanges, but nobody have secure p2p margin trading...",
        "ts": "1494310353.821907"
    },
    {
        "type": "message",
        "user": "U4T9YCDC0",
        "text": "it's about lending implementation too",
        "ts": "1494310401.827650"
    }
]