[
    {
        "type": "message",
        "user": "U030L14Q0",
        "text": "Whatever the case, you can set multiple buy orders for any supported \"coin\", eth not supported just an example ",
        "ts": "1498115153.138443"
    },
    {
        "type": "message",
        "user": "U5WAFLNR2",
        "text": "When I run the komodo-cli importprivkey \"key\" on my console I see this <https:\/\/www.dropbox.com\/s\/n1nbbv585c0f1x8\/Screenshot%202017-06-22%2009.14.53.png?dl=0>",
        "ts": "1498115422.186038"
    },
    {
        "type": "message",
        "user": "U5WAFLNR2",
        "text": "I expect to end the command or to give me a message",
        "ts": "1498115447.190702"
    },
    {
        "type": "message",
        "user": "U5WAFLNR2",
        "text": "any ideas why?",
        "ts": "1498115457.192434"
    },
    {
        "type": "message",
        "user": "U03SKEFEL",
        "text": "once this is merged, I think ZECRelay to ETH will be on fast track:\n<https:\/\/github.com\/ethereum\/EIPs\/issues\/152>",
        "ts": "1498116078.305790"
    },
    {
        "type": "message",
        "user": "U03SKEFEL",
        "text": "And then we can also expect ALL ZEC forks be able to cross trade with ETH likes.",
        "ts": "1498116096.309081"
    },
    {
        "type": "message",
        "user": "U03SKEFEL",
        "text": "I don't see it far to complete",
        "ts": "1498116112.312116"
    },
    {
        "type": "message",
        "user": "U03SKEFEL",
        "text": "<@U5WAFLNR2> \"importprivkey\" command when executed:\n- it adds the private key of your address to native wallet\n- starts rescan of whole local blockchain database, and it may take long time rescanning. \n\nThere's no easy way to complete it. Wait for it to complete.",
        "ts": "1498116316.351068"
    },
    {
        "type": "message",
        "user": "U03SKEFEL",
        "text": "Also, since you have shared your screenshot.",
        "ts": "1498116325.352731"
    },
    {
        "type": "message",
        "user": "U03SKEFEL",
        "text": "Everyone knows your address's Private key.",
        "ts": "1498116332.354284"
    },
    {
        "type": "message",
        "user": "U03SKEFEL",
        "text": "Hope for the best if you have good chunk of KMD in your importing address.",
        "ts": "1498116353.358685"
    },
    {
        "type": "message",
        "user": "U03SKEFEL",
        "text": "whoever can import that privkey can now spend your KMD.",
        "ts": "1498116378.363762"
    },
    {
        "type": "message",
        "user": "U03SKEFEL",
        "text": "just use new address and it's privkey if trying\/testing things with funds.",
        "ts": "1498116433.374479"
    },
    {
        "type": "message",
        "user": "U5WAFLNR2",
        "text": "<@U03SKEFEL> it is for testing purposes. I have no KMD at all :slightly_smiling_face:. But thnak you for this!",
        "ts": "1498116963.482364"
    },
    {
        "type": "message",
        "user": "U5WAFLNR2",
        "text": "BTW, is there a way to renew the private key?",
        "ts": "1498116986.486936"
    },
    {
        "type": "message",
        "user": "U03SKEFEL",
        "text": "good thing. you should learn this important thing. NEVER share you SEED\/Passphrase or Private Keys on Internet or with anyone.",
        "ts": "1498117028.495347"
    },
    {
        "type": "message",
        "user": "U03SKEFEL",
        "text": "Make sure the terminal logs and shell outputs you share doesn't contain your seed\/passphrase string there",
        "ts": "1498117052.500139"
    },
    {
        "type": "message",
        "user": "U03SKEFEL",
        "text": "no, you can not make new privkey for same address. Just make a new seed\/passphrase and that will give you new main address linked to your seed\/passphrase",
        "edited": {
            "user": "U03SKEFEL",
            "ts": "1498117112.000000"
        },
        "ts": "1498117088.507280"
    },
    {
        "type": "message",
        "user": "U03SKEFEL",
        "text": "and that address will have different privkey",
        "ts": "1498117096.508914"
    },
    {
        "type": "message",
        "user": "U5WAFLNR2",
        "text": "ok, thank you! :slightly_smiling_face:",
        "ts": "1498117396.570490"
    },
    {
        "type": "message",
        "user": "U5WAFLNR2",
        "text": "but as i said, it is not my perosnal account, it will be for testing purposes only",
        "ts": "1498117415.574290"
    },
    {
        "type": "message",
        "user": "U03SKEFEL",
        "text": "np :slightly_smiling_face:",
        "ts": "1498118433.794636"
    },
    {
        "type": "message",
        "user": "U5WAFLNR2",
        "text": "I got somethin strange. On the same terminal I have run komodo-cli commands, now it says that komodo-cli not found",
        "ts": "1498131662.830663"
    },
    {
        "type": "message",
        "user": "U5WAFLNR2",
        "text": "have sbelse encounter this?",
        "ts": "1498131682.834736"
    },
    {
        "type": "message",
        "user": "U5WAFLNR2",
        "text": "i have finished to install based on the tutorials\n\n[2:56] \nstill not sure if everything is set correctly\n\n[2:57] \nI have access to localhost:7778 where I see the SuperNET API Page\n\n[2:57] \nis this the server I run the tests against?",
        "ts": "1498132718.046069"
    },
    {
        "type": "message",
        "user": "U02LQ1WHQ",
        "text": "no",
        "ts": "1498133133.140756"
    },
    {
        "type": "message",
        "user": "U02LQ1WHQ",
        "text": "marketmaker publishes port 7779",
        "ts": "1498133142.142787"
    },
    {
        "type": "message",
        "text": "",
        "files": [
            {
                "id": "F5N0AUC03",
                "created": 1496433617,
                "timestamp": 1496433617,
                "name": "DEX_API.txt",
                "title": "DEX API",
                "mimetype": "text\/plain",
                "filetype": "text",
                "pretty_type": "Plain Text",
                "user": "U02LQ1WHQ",
                "editable": true,
                "size": 5455,
                "mode": "snippet",
                "is_external": false,
                "external_type": "",
                "is_public": true,
                "public_url_shared": false,
                "display_as_bot": false,
                "username": "",
                "url_private": "https:\/\/files.slack.com\/files-pri\/T02LAJBUW-F5N0AUC03\/dex_api.txt?t=xoxe-2690623982-420508393732-420508393844-55126cc98091fbe0399fac3c66f6ed8e",
                "url_private_download": "https:\/\/files.slack.com\/files-pri\/T02LAJBUW-F5N0AUC03\/download\/dex_api.txt?t=xoxe-2690623982-420508393732-420508393844-55126cc98091fbe0399fac3c66f6ed8e",
                "permalink": "https:\/\/komodo-platform.slack.com\/files\/U02LQ1WHQ\/F5N0AUC03\/dex_api.txt",
                "permalink_public": "https:\/\/slack-files.com\/T02LAJBUW-F5N0AUC03-ee0a82d31d",
                "edit_link": "https:\/\/komodo-platform.slack.com\/files\/U02LQ1WHQ\/F5N0AUC03\/dex_api.txt\/edit",
                "preview": "iguana native DEX API\r\n\r\nA native DEX has different constraints than a centralized exchange. Due to this, the API has aspects that are unique to a native DEX. However, it has been made to follow the standard exchange API as much as possible. Both komodo and iguana are required.\r\n\r\n\r",
                "preview_highlight": "<div class=\"CodeMirror cm-s-default CodeMirrorServer\" oncopy=\"if(event.clipboardData){event.clipboardData.setData('text\/plain',window.getSelection().toString().replace(\/\\u200b\/g,''));event.preventDefault();event.stopPropagation();}\">\n<div class=\"CodeMirror-code\">\n<div><pre>iguana native DEX API<\/pre><\/div>\n<div><pre><\/pre><\/div>\n<div><pre>A native DEX has different constraints than a centralized exchange. Due to this, the API has aspects that are unique to a native DEX. However, it has been made to follow the standard exchange API as much as possible. Both komodo and iguana are required.<\/pre><\/div>\n<div><pre><\/pre><\/div>\n<div><pre><\/pre><\/div>\n<div><pre><\/pre><\/div>\n<\/div>\n<\/div>\n",
                "lines": 68,
                "lines_more": 63,
                "preview_is_truncated": true,
                "reactions": [
                    {
                        "name": "+1",
                        "users": [
                            "U4V61U2G1",
                            "U2GC2GXTP",
                            "U33CGLNNR",
                            "U03SKEFEL",
                            "U352PEKC7",
                            "U1GLCHPA8",
                            "U41M5AAJW"
                        ],
                        "count": 7
                    }
                ]
            }
        ],
        "upload": false,
        "user": "U02LQ1WHQ",
        "display_as_bot": false,
        "reactions": [
            {
                "name": "+1",
                "users": [
                    "U4V61U2G1",
                    "U2GC2GXTP",
                    "U33CGLNNR",
                    "U03SKEFEL",
                    "U352PEKC7",
                    "U1GLCHPA8",
                    "U41M5AAJW"
                ],
                "count": 7
            }
        ],
        "ts": "1498133167.148351"
    },
    {
        "type": "message",
        "user": "U02LQ1WHQ",
        "text": "use help api to get current list of active commands",
        "ts": "1498133181.151379"
    },
    {
        "type": "message",
        "user": "U5WAFLNR2",
        "text": "there is no site I can reach at that address",
        "ts": "1498133188.152890"
    },
    {
        "type": "message",
        "user": "U02LQ1WHQ",
        "text": "localhost",
        "ts": "1498133203.156226"
    },
    {
        "type": "message",
        "user": "U02LQ1WHQ",
        "text": ":7779",
        "ts": "1498133207.157059"
    },
    {
        "type": "message",
        "user": "U02LQ1WHQ",
        "text": "<http:\/\/127.0.0.1:7779>",
        "ts": "1498133219.159708"
    },
    {
        "type": "message",
        "user": "U5WAFLNR2",
        "text": "nope",
        "ts": "1498133238.164276"
    },
    {
        "type": "message",
        "user": "U02LQ1WHQ",
        "text": "<http:\/\/127.0.0.1:7779\/api\/stats\/help>",
        "ts": "1498133244.165616"
    },
    {
        "type": "message",
        "user": "U02LQ1WHQ",
        "text": "you need to run the program that provides the api functionality",
        "ts": "1498133261.169662"
    },
    {
        "type": "message",
        "user": "U02LQ1WHQ",
        "text": "how could it just magically work by itself?",
        "ts": "1498133268.171077"
    },
    {
        "type": "message",
        "user": "U02LQ1WHQ",
        "text": "marketmaker is the program that publishes the port",
        "ts": "1498133280.173653"
    },
    {
        "type": "message",
        "user": "U5WAFLNR2",
        "text": "can I simply reinstall everything all over again?",
        "ts": "1498133385.196950"
    },
    {
        "type": "message",
        "user": "U02LQ1WHQ",
        "text": "you can  but why?",
        "ts": "1498133422.205479"
    },
    {
        "type": "message",
        "user": "U02LQ1WHQ",
        "text": "did you run the marketmaker program?",
        "ts": "1498133430.207320"
    },
    {
        "type": "message",
        "user": "U02LQ1WHQ",
        "text": "if not, no port 7779",
        "ts": "1498133435.208519"
    },
    {
        "type": "message",
        "user": "U5WAFLNR2",
        "text": "I have run what is here <https:\/\/github.com\/SuperNETorg\/komodo\/wiki\/Setting-up-Liquidity-Provider-(LP)-Node> and when I run .\/client I get fatal:unable to access <https:\/\/github.com\/jl777\/SuperNet>. Could not resolve host:<http:\/\/github.com|github.com>",
        "ts": "1498133541.233313"
    },
    {
        "type": "message",
        "user": "U5WAFLNR2",
        "text": "that is not on the tutorial, what am I about to do?",
        "ts": "1498133558.237083"
    },
    {
        "type": "message",
        "user": "U02LQ1WHQ",
        "text": "get a working DNS",
        "ts": "1498133566.238894"
    },
    {
        "type": "message",
        "user": "U5WAFLNR2",
        "text": "I am not sure if this can be fixed on my side",
        "ts": "1498133845.303962"
    },
    {
        "type": "message",
        "user": "U02LQ1WHQ",
        "text": "I certainly cant fix your DNS on my side",
        "ts": "1498133877.311324"
    },
    {
        "user": "U5XV3620M",
        "inviter": "U02LAJBUY",
        "text": "<@U5XV3620M> has joined the channel",
        "type": "message",
        "subtype": "channel_join",
        "ts": "1498134262.403517"
    },
    {
        "type": "message",
        "user": "U02LAJBUY",
        "text": "<@U5WAFLNR2> I cant find a \"client\" binary that runs via .\/client in that guide, what do you mean?",
        "ts": "1498134354.425401"
    },
    {
        "type": "message",
        "user": "U02LAJBUY",
        "text": "In general we already verified that the programs can be installed and ran so any errors are most likely on your side",
        "ts": "1498134426.442915"
    },
    {
        "type": "message",
        "user": "U5WAFLNR2",
        "text": "Now start marketmaker in client mode:\n\ncd SuperNET\/iguana\/exchanges\n.\/client",
        "ts": "1498134458.450787"
    },
    {
        "type": "message",
        "user": "U5WAFLNR2",
        "text": "I am trying to fix the github could not connect issue but no luck so far",
        "ts": "1498134481.456318"
    },
    {
        "type": "message",
        "user": "U02LAJBUY",
        "text": "ah ok i see it now",
        "ts": "1498134487.457845"
    },
    {
        "type": "message",
        "user": "U02LAJBUY",
        "text": "can you install teamviewer in the VM and give me the id + pass so I can access your VM",
        "ts": "1498134575.479995"
    },
    {
        "type": "message",
        "user": "U5WAFLNR2",
        "text": "sure",
        "ts": "1498134701.513624"
    },
    {
        "type": "message",
        "user": "U5WAFLNR2",
        "text": "I need to restart the vm, is freezing",
        "ts": "1498134780.534103"
    },
    {
        "type": "message",
        "subtype": "file_comment",
        "text": "<@U02LAJBUY> commented on <@U02LQ1WHQ>’s file <https:\/\/komodo-platform.slack.com\/files\/U02LQ1WHQ\/F5N0AUC03\/dex_api.txt|DEX API>: is missing the fetch params step, maybe replace kmd install part with link to <https:\/\/github.com\/SuperNETorg\/komodo\/wiki\/Installing-Komodo-Manually>",
        "file": {
            "id": "F5N0AUC03",
            "created": 1496433617,
            "timestamp": 1496433617,
            "name": "DEX_API.txt",
            "title": "DEX API",
            "mimetype": "text\/plain",
            "filetype": "text",
            "pretty_type": "Plain Text",
            "user": "U02LQ1WHQ",
            "editable": true,
            "size": 5455,
            "mode": "snippet",
            "is_external": false,
            "external_type": "",
            "is_public": true,
            "public_url_shared": false,
            "display_as_bot": false,
            "username": "",
            "url_private": "https:\/\/files.slack.com\/files-pri\/T02LAJBUW-F5N0AUC03\/dex_api.txt?t=xoxe-2690623982-420508393732-420508393844-55126cc98091fbe0399fac3c66f6ed8e",
            "url_private_download": "https:\/\/files.slack.com\/files-pri\/T02LAJBUW-F5N0AUC03\/download\/dex_api.txt?t=xoxe-2690623982-420508393732-420508393844-55126cc98091fbe0399fac3c66f6ed8e",
            "permalink": "https:\/\/komodo-platform.slack.com\/files\/U02LQ1WHQ\/F5N0AUC03\/dex_api.txt",
            "permalink_public": "https:\/\/slack-files.com\/T02LAJBUW-F5N0AUC03-ee0a82d31d",
            "edit_link": "https:\/\/komodo-platform.slack.com\/files\/U02LQ1WHQ\/F5N0AUC03\/dex_api.txt\/edit",
            "preview": "iguana native DEX API\r\n\r\nA native DEX has different constraints than a centralized exchange. Due to this, the API has aspects that are unique to a native DEX. However, it has been made to follow the standard exchange API as much as possible. Both komodo and iguana are required.\r\n\r\n\r",
            "preview_highlight": "<div class=\"CodeMirror cm-s-default CodeMirrorServer\" oncopy=\"if(event.clipboardData){event.clipboardData.setData('text\/plain',window.getSelection().toString().replace(\/\\u200b\/g,''));event.preventDefault();event.stopPropagation();}\">\n<div class=\"CodeMirror-code\">\n<div><pre>iguana native DEX API<\/pre><\/div>\n<div><pre><\/pre><\/div>\n<div><pre>A native DEX has different constraints than a centralized exchange. Due to this, the API has aspects that are unique to a native DEX. However, it has been made to follow the standard exchange API as much as possible. Both komodo and iguana are required.<\/pre><\/div>\n<div><pre><\/pre><\/div>\n<div><pre><\/pre><\/div>\n<div><pre><\/pre><\/div>\n<\/div>\n<\/div>\n",
            "lines": 68,
            "lines_more": 63,
            "preview_is_truncated": true
        },
        "comment": {
            "id": "Fc5XSKK8H0",
            "created": 1498135350,
            "timestamp": 1498135350,
            "user": "U02LAJBUY",
            "is_intro": false,
            "comment": "is missing the fetch params step, maybe replace kmd install part with link to <https:\/\/github.com\/SuperNETorg\/komodo\/wiki\/Installing-Komodo-Manually>"
        },
        "is_intro": false,
        "ts": "1498135350.679327"
    },
    {
        "type": "message",
        "user": "U02LQ1WHQ",
        "text": "the DEX API shouldnt be the final doc file, that is just a draft I wrote and it was supposed to become a wiki page",
        "ts": "1498135438.701465"
    },
    {
        "type": "message",
        "user": "U5XV3620M",
        "text": "<!channel>, sorry for the stress, for the <#C0MN08277|tradebots> testing, is there any credentials or access other than the install steps? another question, the testing occurs on a linux environment, or on my PC with ubuntu installed. Does it work on Windows? sorry for the spam, hope it makes sense what I wrote.\n\nevery info is helfpul",
        "ts": "1498138440.641171"
    },
    {
        "type": "message",
        "user": "U02LQ1WHQ",
        "text": "if you can compile the marketmaker it should work on windows, but i am not sure details",
        "ts": "1498138485.656749"
    },
    {
        "type": "message",
        "user": "U02LQ1WHQ",
        "text": "credentials are the passphrase in the randval file",
        "ts": "1498138502.662664"
    },
    {
        "type": "message",
        "user": "U02LQ1WHQ",
        "text": "and also the userpass value returned on first api requerst",
        "ts": "1498138511.665817"
    },
    {
        "user": "U5XDEEE76",
        "text": "<@U5XDEEE76> has joined the channel",
        "type": "message",
        "subtype": "channel_join",
        "ts": "1498138541.676173"
    },
    {
        "type": "message",
        "user": "U02LAJBUY",
        "text": "So many different docs, a problem since years",
        "ts": "1498139145.892766"
    },
    {
        "type": "message",
        "user": "U2N405TRT",
        "text": "I tried to set up according to <https:\/\/github.com\/SuperNETorg\/komodo\/wiki\/Setting-up-Liquidity-Provider-(LP)-Node>. It is unclear where the API keys are specified when starting marketmaker with .\/client \n\nwith encryptwallet there is no output for\n\n\"JUMBLR\": \"RTLTqcnMqMmiVDNiRD71b6oHQvATTgV4U8\",\n \"REVS\": \"RTLTqcnMqMmiVDNiRD71b6oHQvATTgV4U8\",\n\nsince it is the same address as for KMD apparently it doesn't matter",
        "ts": "1498146174.804849",
        "reactions": [
            {
                "name": "+1",
                "users": [
                    "U5WAFLNR2"
                ],
                "count": 1
            }
        ]
    },
    {
        "type": "message",
        "user": "U2N405TRT",
        "text": "I got no recognizable userpass value",
        "ts": "1498146728.037006"
    },
    {
        "type": "message",
        "user": "U2N405TRT",
        "text": "I haven't run assetchains so far, I am doing that now and try again..",
        "ts": "1498146959.133917"
    },
    {
        "type": "message",
        "user": "U02LQ1WHQ",
        "text": "apikey is disabled for now as we need to concentrate on dex itself",
        "ts": "1498147326.291082"
    },
    {
        "type": "message",
        "user": "U02LQ1WHQ",
        "text": "the userpass file is expected to have a passphrase",
        "ts": "1498147342.297770"
    },
    {
        "type": "message",
        "user": "U2N405TRT",
        "text": "I can see the userpass file. I didn't get a userpass value, or maybe I wasn't able to find it.",
        "ts": "1498147547.382531"
    },
    {
        "type": "message",
        "user": "U02LQ1WHQ",
        "text": "you make your own passphrase",
        "ts": "1498147613.408385"
    },
    {
        "type": "message",
        "user": "U2N405TRT",
        "text": "I now found it, sorry",
        "ts": "1498147661.427673"
    },
    {
        "type": "message",
        "user": "U2N405TRT",
        "text": "I now have assetchains running and privkeys imported, however the fiat assets are not syncing while the others seem ok.",
        "ts": "1498148424.718597"
    },
    {
        "type": "message",
        "user": "U2N405TRT",
        "text": "this is the same problem with some of the notary nodes",
        "edited": {
            "user": "U2N405TRT",
            "ts": "1498148458.000000"
        },
        "ts": "1498148444.726527"
    },
    {
        "type": "message",
        "user": "U02LQ1WHQ",
        "text": "there appear to be forks in the assetchains now, just need to clear the data and peers.dat for the affected and resync for now",
        "ts": "1498148593.781728"
    },
    {
        "type": "message",
        "user": "U2N405TRT",
        "text": "&gt;&gt;&gt;&gt;&gt;&gt;&gt;&gt;&gt;&gt; DEX stats 127.0.0.1:7779 bind sock.55 DEX stats API enabled &lt;&lt;&lt;&lt;&lt;&lt;&lt;&lt;&lt;",
        "ts": "1498149138.989193"
    },
    {
        "type": "message",
        "user": "U2N405TRT",
        "text": "it seems to run now, more or less..",
        "edited": {
            "user": "U2N405TRT",
            "ts": "1498149160.000000"
        },
        "ts": "1498149149.993509"
    },
    {
        "type": "message",
        "user": "U2N405TRT",
        "text": "&lt;&lt;&lt;&lt;&lt;&lt;&lt;&lt;&lt;&lt;&lt; bitcoind_RPC.(<http:\/\/82.217.39.63:7779\/api\/stats\/getprices>): BTCD.(null) timeout params.((null)) s.ptr.() err.28",
        "ts": "1498149213.017308"
    },
    {
        "type": "message",
        "user": "U02LQ1WHQ",
        "text": "that node does not seem to be running",
        "ts": "1498149240.027110"
    },
    {
        "type": "message",
        "user": "U02LQ1WHQ",
        "text": "for now maybe run in client mode is less that needs to work right",
        "ts": "1498149298.047888"
    },
    {
        "type": "message",
        "user": "U02LQ1WHQ",
        "text": "and you can do orderbook, setprice and other such commands",
        "ts": "1498149314.053808"
    },
    {
        "type": "message",
        "user": "U02LQ1WHQ",
        "text": "almost have client listed offers being filled",
        "ts": "1498149324.057416"
    },
    {
        "type": "message",
        "user": "U02LQ1WHQ",
        "text": "but for now filling an LPnode offer is all that actually swaps reliably",
        "ts": "1498149339.062926"
    },
    {
        "type": "message",
        "user": "U2N405TRT",
        "text": "here is last lines of orderbook\n}, {\"coin\":\"HODL\",\"status\":\"inactive\",\"smartaddress\":\"REvq9JvDmjfHMZ2DXohdr6rHcqQ2Nkd1UC\",\"rpc\":\"127.0.0.1:14431\",\"pubtype\":60,\"p2shtype\":85,\"wiftype\":188,\"estimatedrate\":20,\"txfee\":10000}, {\"coin\":\"SHARK\",\"status\":\"inactive\",\"smartaddress\":\"REvq9JvDmjfHMZ2DXohdr6rHcqQ2Nkd1UC\",\"rpc\":\"127.0.0.1:10114\",\"pubtype\":60,\"p2shtype\":85,\"wiftype\":188,\"estimatedrate\":20,\"txfee\":10000}, {\"coin\":\"BOTS\",\"status\":\"inactive\",\"smartaddress\":\"REvq9JvDmjfHMZ2DXohdr6rHcqQ2Nkd1UC\",\"rpc\":\"127.0.0.1:11964\",\"pubtype\":60,\"p2shtype\":85,\"wiftype\":188,\"estimatedrate\":20,\"txfee\":10000}, {\"coin\":\"MGW\",\"status\":\"inactive\",\"smartaddress\":\"REvq9JvDmjfHMZ2DXohdr6rHcqQ2Nkd1UC\",\"rpc\":\"127.0.0.1:12386\",\"pubtype\":60,\"p2shtype\":85,\"wiftype\":188,\"estimatedrate\":20,\"txfee\":10000}, {\"coin\":\"MVP\",\"status\":\"inactive\",\"smartaddress\":\"REvq9JvDmjfHMZ2DXohdr6rHcqQ2Nkd1UC\",\"rpc\":\"127.0.0.1:8655\",\"pubtype\":60,\"p2shtype\":85,\"wiftype\":188,\"estimatedrate\":20,\"txfee\":10000}, {\"coin\":\"KV\",\"status\":\"inactive\",\"smartaddress\":\"REvq9JvDmjfHMZ2DXohdr6rHcqQ2Nkd1UC\",\"rpc\":\"127.0.0.1:9747\",\"pubtype\":60,\"p2shtype\":85,\"wiftype\":188,\"estimatedrate\":20,\"txfee\":10000}, {\"coin\":\"CEAL\",\"status\":\"inactive\",\"smartaddress\":\"REvq9JvDmjfHMZ2DXohdr6rHcqQ2Nkd1UC\",\"rpc\":\"127.0.0.1:11116\",\"pubtype\":60,\"p2shtype\":85,\"wiftype\":188,\"estimatedrate\":20,\"txfee\":10000}, {\"coin\":\"MESH\",\"status\":\"inactive\",\"smartaddress\":\"REvq9JvDmjfHMZ2DXohdr6rHcqQ2Nkd1UC\",\"rpc\":\"127.0.0.1:9455\",\"pubtype\":60,\"p2shtype\":85,\"wiftype\":188,\"estimatedrate\":20,\"txfee\":10000}]}",
        "ts": "1498149417.090722"
    },
    {
        "type": "message",
        "user": "U02LQ1WHQ",
        "text": "no",
        "ts": "1498149443.100374"
    },
    {
        "type": "message",
        "user": "U02LQ1WHQ",
        "text": "that is the first api return",
        "ts": "1498149448.101988"
    },
    {
        "type": "message",
        "user": "U02LQ1WHQ",
        "text": "doesnt matter what the request, will be the same",
        "ts": "1498149456.104981"
    },
    {
        "type": "message",
        "user": "U02LQ1WHQ",
        "text": "you use the userpass from that return in the userpass file to authenticate further api calls",
        "ts": "1498149471.110388"
    },
    {
        "type": "message",
        "user": "U2N405TRT",
        "text": "maybe it is unclear how to stop client and restart it",
        "ts": "1498149500.121452"
    },
    {
        "type": "message",
        "user": "U2N405TRT",
        "text": "it seems to be some background process",
        "ts": "1498149513.125888"
    },
    {
        "type": "message",
        "user": "U02LQ1WHQ",
        "text": "pkill marketmaker",
        "ts": "1498149547.138383"
    },
    {
        "type": "message",
        "user": "U02LQ1WHQ",
        "text": "pkill -15 marketmaker",
        "ts": "1498149558.142620"
    },
    {
        "type": "message",
        "user": "U2N405TRT",
        "text": "I wilk restart everything",
        "ts": "1498149563.144710"
    },
    {
        "user": "U5WU93QUQ",
        "text": "<@U5WU93QUQ> has joined the channel",
        "type": "message",
        "subtype": "channel_join",
        "ts": "1498149725.202763"
    },
    {
        "type": "message",
        "user": "U5WU93QUQ",
        "text": "hello everyone!",
        "ts": "1498149765.217244"
    },
    {
        "type": "message",
        "user": "U2N405TRT",
        "text": "hello",
        "ts": "1498150414.453725"
    },
    {
        "type": "message",
        "user": "U2N405TRT",
        "text": "07c2b0914883612429a9bf0263ebb1d112c420ceb4b0688278bc75d6e1894326 HUSH\/KMD (10\/2) 1.00000000\n9200ad4422472041ade4bb26511acaa7eb53b7132f0cbb45bc30448a10cbc441 REVS\/KMD (4\/2) <tel:10000.23400000|10000.23400000>\ncurl_easy_perform() failed: Couldn't connect to server HUSH.(127.0.0.1:8822 gettxout), retries: 4\nmismatched HUSH txid value 0.00000000 &lt; 9.99000000\niambob.1 utxoadd got ineligible txid value 9.99000000, value2 11.99000000, tmpsatoshis 9.99000000\n&lt;&lt;&lt;&lt;&lt;&lt;&lt;&lt;&lt;&lt;&lt; bitcoind_RPC.(<http:\/\/82.217.39.63:7779\/api\/stats\/getpeers?ipaddr=127.0.0.1&amp;port=7779&amp;profit=0.010740&amp;numpeers=0&amp;numutxos=0>): BTCD.(null) timeout params.((null)) s.ptr.() err.28\n&lt;&lt;&lt;&lt;&lt;&lt;&lt;&lt;&lt;&lt;&lt; bitcoind_RPC.(<http:\/\/82.217.39.63:7779\/api\/stats\/getprices>): BTCD.(null) timeout params.((null)) s.ptr.() err.28\n&lt;&lt;&lt;&lt;&lt;&lt;&lt;&lt;&lt;&lt;&lt; bitcoind_RPC.(<http:\/\/86.89.42.9:7779\/api\/stats\/getpeers?ipaddr=127.0.0.1&amp;port=7779&amp;profit=0.010740&amp;numpeers=0&amp;numutxos=0>): BTCD.(null) timeout params.((null)) s.ptr.() err.28\n&lt;&lt;&lt;&lt;&lt;&lt;&lt;&lt;&lt;&lt;&lt; bitcoind_RPC.(<http:\/\/86.89.42.9:7779\/api\/stats\/getprices>): BTCD.(null) timeout params.((null)) s.ptr.() err.28\nPRICEFEED UPDATE.(HUSH\/KMD) 0.93234000 c1a765fc139f73c2fe17592d13fbe1a0f32bd2cda1031dedadfee3752eeeed2a",
        "ts": "1498150427.458495"
    },
    {
        "type": "message",
        "user": "U02LQ1WHQ",
        "text": "i am testing HUSH\/KMD swap",
        "ts": "1498150456.469214"
    },
    {
        "type": "message",
        "user": "U02LQ1WHQ",
        "text": "you can disable HUSH in the command line arg",
        "ts": "1498150468.473528"
    },
    {
        "type": "message",
        "user": "U02LQ1WHQ",
        "text": "but it means you are getting the price updates from my nodes",
        "ts": "1498150480.477672"
    },
    {
        "type": "message",
        "user": "U2N405TRT",
        "text": "curl_easy_perform() failed: Couldn't connect to server JUMBLR.(127.0.0.1:15106 listunspent), retries: 4",
        "ts": "1498150535.498367"
    },
    {
        "type": "message",
        "user": "U2N405TRT",
        "text": "I have jumblr running",
        "ts": "1498150540.500028"
    },
    {
        "type": "message",
        "user": "U2N405TRT",
        "text": "no error msgs for revs",
        "ts": "1498150550.503700"
    },
    {
        "type": "message",
        "user": "U02LAJBUY",
        "text": "<@U2N405TRT> since you are familiar with the testing, may I invite you to <#C5Y35GLLA|testing-dex> so new freelancers that join us to help with the testing can ask questions there?",
        "ts": "1498152384.175008"
    },
    {
        "type": "message",
        "user": "U3YNHFJ9Z",
        "text": "Will HUSH\/KMD also be 50:1? :nerd_face:",
        "ts": "1498155381.286455"
    },
    {
        "type": "message",
        "user": "U2N405TRT",
        "text": "<@U02LAJBUY> I joined the channel",
        "ts": "1498155527.340464",
        "reactions": [
            {
                "name": "+1::skin-tone-6",
                "users": [
                    "U02LAJBUY"
                ],
                "count": 1
            }
        ]
    },
    {
        "type": "message",
        "user": "U02LAJBUY",
        "text": "which iguana branch for testing ? dev?",
        "ts": "1498177271.203446"
    },
    {
        "type": "message",
        "user": "U2N405TRT",
        "text": "yes, dev",
        "ts": "1498181601.761407"
    }
]