[
    {
        "type": "message",
        "user": "U02LQ1WHQ",
        "text": "updated iop locally, but having connection issues and cant push to git yet",
        "ts": "1504768505.000202"
    },
    {
        "type": "message",
        "user": "U0394QTC7",
        "text": "<https:\/\/sprnt.slack.com\/archives\/C0MN08277\/p1504735636000300>\nPeople were trolling. Said Barterdex wasn't decentralized because of ordermatch servers, or that the notary node setup was a way to let ico funds flow back to jl777 friends. They're just sour over there, for not being in the rocketship.",
        "attachments": [
            {
                "from_url": "https:\/\/sprnt.slack.com\/archives\/C0MN08277\/p1504735636000300",
                "fallback": "[September 6th, 2017 3:07 PM] jl777: <@U0394QTC7> what didnt go well? what happened",
                "ts": "1504735636.000300",
                "author_id": "U02LQ1WHQ",
                "author_subname": "jl777",
                "channel_id": "C0MN08277",
                "channel_name": "tradebots",
                "is_msg_unfurl": true,
                "text": "<@U0394QTC7> what didnt go well? what happened",
                "author_name": "james lee",
                "author_link": "https:\/\/sprnt.slack.com\/team\/jl777",
                "author_icon": "https:\/\/avatars.slack-edge.com\/2014-11-17\/3032449972_dbd3ed56553c47c9aca3_48.jpg",
                "mrkdwn_in": [
                    "text"
                ],
                "id": 1,
                "footer": "Posted in #tradebots"
            }
        ],
        "ts": "1504769407.000282"
    },
    {
        "type": "message",
        "user": "U02LQ1WHQ",
        "text": "but they are in a rocketship?",
        "ts": "1504769479.000026"
    },
    {
        "type": "message",
        "user": "U02LQ1WHQ",
        "text": "the ordermatch is done via p2p, but you know that",
        "ts": "1504769489.000055"
    },
    {
        "type": "message",
        "user": "U0394QTC7",
        "text": "I responded in their trading channel to some of the things they said, and I said that we succeeded in a BLOCK\/KMD swap. then they started asking questions, I answered them and when they were done, they removed their messages to make it seem i was spamming",
        "ts": "1504769494.000139"
    },
    {
        "type": "message",
        "user": "U0394QTC7",
        "text": "well, the whitepaper states that a small degree of trust is needed",
        "ts": "1504769509.000119"
    },
    {
        "type": "message",
        "user": "U0394QTC7",
        "text": "so that makes barterdex \"decentralized\"",
        "ts": "1504769519.000237"
    },
    {
        "type": "message",
        "user": "U0394QTC7",
        "text": "yes, they are in a rocketship, but they feel our announcement is taking away their thunder or something",
        "ts": "1504769569.000094"
    },
    {
        "type": "message",
        "user": "U02LQ1WHQ",
        "text": "there is no trust needed at all, i improved the implementation over what is in the whitepaper",
        "ts": "1504769621.000350"
    },
    {
        "type": "message",
        "user": "U0394QTC7",
        "text": "then it needs an update, because people see the whitepaper as THE source of information",
        "ts": "1504769773.000017"
    },
    {
        "type": "message",
        "user": "U02LQ1WHQ",
        "text": "where does it say it needs trust",
        "ts": "1504769819.000249"
    },
    {
        "type": "message",
        "user": "U0394QTC7",
        "text": "Order Matching part",
        "ts": "1504769833.000102"
    },
    {
        "type": "message",
        "user": "U0394QTC7",
        "text": "\"A small degree of trust is placed upon the order matching servers\"",
        "ts": "1504769843.000200"
    },
    {
        "type": "message",
        "user": "U0394QTC7",
        "text": "they took this and assumed kmd needs server parks",
        "ts": "1504769873.000372"
    },
    {
        "type": "message",
        "user": "U4SBWEXUY",
        "text": "Wow thanks guys!\n<@U33CGLNNR> <@U2Q1DP6EQ> <@U02LQ1WHQ> <@U1TE5UXGF> \n\nI am currently travelling, in Budapest.\n\nIf you send me an $IOP wallet address I transfer some funds to you, to support the maintenance and our friendship.\n",
        "ts": "1504771461.000353"
    },
    {
        "type": "message",
        "user": "U02LQ1WHQ",
        "text": "<@U06LEAJBZ> \n\"A small degree of trust is placed upon the order matching servers\" is obsolete, should be replaced with:\nOrdermatching is done via a custom p2p network that propagates the utxos and prices among all the peers. Also, each node locally verifies all the data by querying the local coin daemons.",
        "ts": "1504772463.000117",
        "reactions": [
            {
                "name": "+1",
                "users": [
                    "U63EZ8ZS8"
                ],
                "count": 1
            }
        ]
    },
    {
        "type": "message",
        "user": "U02LQ1WHQ",
        "text": "<@U0394QTC7> if there are any other parts of the whitepaper that are talking about trusting servers, let me know. Also, please thank the BLOCK guys for finding the documentation being out of date",
        "ts": "1504772510.000148",
        "reactions": [
            {
                "name": "+1",
                "users": [
                    "U63EZ8ZS8"
                ],
                "count": 1
            }
        ]
    },
    {
        "type": "message",
        "user": "U0394QTC7",
        "text": "there are more parts indeed",
        "ts": "1504773623.000286"
    },
    {
        "type": "message",
        "text": "",
        "files": [
            {
                "id": "F6ZBGBALB",
                "created": 1504773642,
                "timestamp": 1504773642,
                "name": "-.txt",
                "title": "Untitled",
                "mimetype": "text\/plain",
                "filetype": "text",
                "pretty_type": "Plain Text",
                "user": "U0394QTC7",
                "editable": true,
                "size": 1327,
                "mode": "snippet",
                "is_external": false,
                "external_type": "",
                "is_public": true,
                "public_url_shared": false,
                "display_as_bot": false,
                "username": "",
                "url_private": "https:\/\/files.slack.com\/files-pri\/T02LAJBUW-F6ZBGBALB\/-.txt?t=xoxe-2690623982-420508393732-420508393844-55126cc98091fbe0399fac3c66f6ed8e",
                "url_private_download": "https:\/\/files.slack.com\/files-pri\/T02LAJBUW-F6ZBGBALB\/download\/-.txt?t=xoxe-2690623982-420508393732-420508393844-55126cc98091fbe0399fac3c66f6ed8e",
                "permalink": "https:\/\/komodo-platform.slack.com\/files\/U0394QTC7\/F6ZBGBALB\/-.txt",
                "permalink_public": "https:\/\/slack-files.com\/T02LAJBUW-F6ZBGBALB-2c049d3aba",
                "edit_link": "https:\/\/komodo-platform.slack.com\/files\/U0394QTC7\/F6ZBGBALB\/-.txt\/edit",
                "preview": "Speed is important, especially as all node to node communication have to go through order match servers (OMS). To minimize the propagation delay, a one hop protocol is used. That means that it will take 2 to 4 hops for a message to go from any node to any other node. By not guaranteeing delivery at this layer, a small chance of routing failure can be tolerated. The method used is for each order match server to forward each incoming packet to sqrt(N) randomly selected order match servers. For sending and receiving from other pubkey nodes, sqrt(N) requests are sent. Notice this pull approach avoids most connectivity problems and without port mapping.\r\nLet us use 64 order match servers as an example: N is 64, and sqrt(N) is 8. To send a request to another pubkey the packet is addressed with (pubkey, channel, msgid, payload) and sent to 8 randomly selected OMS. Each of those servers, then sends to 8 other randomly selected OMS. At this point, the majority of OMS will have the packet, which will default to a 60 se...",
                "preview_highlight": "<div class=\"CodeMirror cm-s-default CodeMirrorServer\" oncopy=\"if(event.clipboardData){event.clipboardData.setData('text\/plain',window.getSelection().toString().replace(\/\\u200b\/g,''));event.preventDefault();event.stopPropagation();}\">\n<div class=\"CodeMirror-code\">\n<div><pre>Speed is important, especially as all node to node communication have to go through order match servers (OMS). To minimize the propagation delay, a one hop protocol is used. That means that it will take 2 to 4 hops for a message to go from any node to any other node. By not guaranteeing delivery at this layer, a small chance of routing failure can be tolerated. The method used is for each order match server to forward each incoming packet to sqrt(N) randomly selected order match servers. For sending and receiving from other pubkey nodes, sqrt(N) requests are sent. Notice this pull approach avoids most connectivity problems and without port mapping.<\/pre><\/div>\n<div><pre>Let us use 64 order match servers as an example: N is 64, and sqrt(N) is 8. To send a request to another pubkey the packet is addressed with (pubkey, channel, msgid, payload) and sent to 8 randomly selected OMS. Each of those servers, then sends to 8 other randomly selected OMS. At this point, the majority of OMS will have the packet, which will default to a 60 se...<\/pre><\/div>\n<\/div>\n<\/div>\n",
                "lines": 2,
                "lines_more": 0,
                "preview_is_truncated": true
            }
        ],
        "upload": true,
        "user": "U0394QTC7",
        "display_as_bot": false,
        "ts": "1504773643.000178"
    },
    {
        "type": "message",
        "user": "U0394QTC7",
        "text": "is the cut and choose method still being used?",
        "edited": {
            "user": "U0394QTC7",
            "ts": "1504773985.000000"
        },
        "ts": "1504773960.000062"
    },
    {
        "type": "message",
        "user": "U0394QTC7",
        "text": "which account \/ address collects the fees btw?",
        "edited": {
            "user": "U0394QTC7",
            "ts": "1504774103.000000"
        },
        "ts": "1504774090.000233"
    },
    {
        "type": "message",
        "user": "U0394QTC7",
        "text": "also, is it still true that both sides pay a 1\/777th fee? I thought it was only alice side who had to do this",
        "ts": "1504774133.000065"
    },
    {
        "type": "message",
        "user": "U02LQ1WHQ",
        "text": "cut and choose is still used",
        "ts": "1504774165.000193"
    },
    {
        "type": "message",
        "user": "U02LQ1WHQ",
        "text": "RThtXup6Zo7LZAi8kRWgjAyi1s4u6U9Cpf collects the KMD fees",
        "ts": "1504774209.000052"
    },
    {
        "type": "message",
        "user": "U02LQ1WHQ",
        "text": "only alice pays the 1\/777",
        "ts": "1504774217.000274"
    },
    {
        "type": "message",
        "user": "U02LQ1WHQ",
        "text": "seems we need to edit the whitepaper",
        "ts": "1504774232.000082"
    },
    {
        "type": "message",
        "user": "U02LQ1WHQ",
        "text": "for each coin (alice) the fee is sent to the address generated from the rmd160 hash ca1e04745e8ca0c60d8c5881531d51bec470743f",
        "ts": "1504774266.000296"
    },
    {
        "type": "message",
        "user": "U0394QTC7",
        "text": "yes, then we need to update the whitepaper",
        "ts": "1504774314.000022"
    },
    {
        "type": "message",
        "user": "U02LQ1WHQ",
        "text": "yes, can you take a stab at it?",
        "ts": "1504774343.000364"
    },
    {
        "type": "message",
        "user": "U0394QTC7",
        "text": "i can",
        "ts": "1504774367.000087",
        "reactions": [
            {
                "name": "tophat",
                "users": [
                    "U3YNHFJ9Z"
                ],
                "count": 1
            }
        ]
    },
    {
        "type": "message",
        "user": "U02LQ1WHQ",
        "text": "thanks!",
        "ts": "1504774424.000257"
    },
    {
        "type": "message",
        "user": "U037WCD9N",
        "text": "Is there new version of agama to test?",
        "ts": "1504786412.000042"
    },
    {
        "type": "message",
        "user": "U02LQ1WHQ",
        "text": "not yet, but the various pieces appear to be ready, just missing the passphrase compatibility",
        "ts": "1504786464.000146"
    },
    {
        "type": "message",
        "user": "U037WCD9N",
        "text": "Did you manage to get windows network issue fixed?",
        "ts": "1504786582.000346"
    },
    {
        "type": "message",
        "user": "U02LQ1WHQ",
        "text": "not sure it was a network issue, but rather slow sync on resource limited systems. we have improved that, but the optimal is to sync via cli and then launch gui after it is synced. Just can lower resources more than not running the gui",
        "ts": "1504786674.000011"
    },
    {
        "type": "message",
        "user": "U4SBWEXUY",
        "text": "All IoP members cannot use the DEX. It stalls and cannot sync. Confirmed from 10 people and 0 success.",
        "ts": "1504793545.000118"
    },
    {
        "type": "message",
        "user": "U0394QTC7",
        "text": "the DEX uses a synced wallet, are you talking about the wallet not syncing?",
        "ts": "1504793602.000658"
    },
    {
        "type": "message",
        "user": "U02LQ1WHQ",
        "text": "<@U4SBWEXUY> what do you mean cannot sync? barterDEX does not sync anything",
        "ts": "1504793872.000009"
    },
    {
        "type": "message",
        "user": "U02LQ1WHQ",
        "text": "it requires already synced wallets to be active in the system",
        "ts": "1504793880.000738"
    },
    {
        "type": "message",
        "text": "Excuse my ignorance, I am on the road but people in IoP telegram post they cannot get it running.",
        "files": [
            {
                "id": "F70F8RCLE",
                "created": 1504793977,
                "timestamp": 1504793977,
                "name": "IMG_20170907_161842.jpg",
                "title": "IMG_20170907_161842.jpg",
                "mimetype": "image\/jpeg",
                "filetype": "jpg",
                "pretty_type": "JPEG",
                "user": "U4SBWEXUY",
                "editable": false,
                "size": 9532,
                "mode": "hosted",
                "is_external": false,
                "external_type": "",
                "is_public": true,
                "public_url_shared": false,
                "display_as_bot": false,
                "username": "",
                "url_private": "https:\/\/files.slack.com\/files-pri\/T02LAJBUW-F70F8RCLE\/img_20170907_161842.jpg?t=xoxe-2690623982-420508393732-420508393844-55126cc98091fbe0399fac3c66f6ed8e",
                "url_private_download": "https:\/\/files.slack.com\/files-pri\/T02LAJBUW-F70F8RCLE\/download\/img_20170907_161842.jpg?t=xoxe-2690623982-420508393732-420508393844-55126cc98091fbe0399fac3c66f6ed8e",
                "thumb_64": "https:\/\/files.slack.com\/files-tmb\/T02LAJBUW-F70F8RCLE-d308466e25\/img_20170907_161842_64.jpg?t=xoxe-2690623982-420508393732-420508393844-55126cc98091fbe0399fac3c66f6ed8e",
                "thumb_80": "https:\/\/files.slack.com\/files-tmb\/T02LAJBUW-F70F8RCLE-d308466e25\/img_20170907_161842_80.jpg?t=xoxe-2690623982-420508393732-420508393844-55126cc98091fbe0399fac3c66f6ed8e",
                "thumb_360": "https:\/\/files.slack.com\/files-tmb\/T02LAJBUW-F70F8RCLE-d308466e25\/img_20170907_161842_360.jpg?t=xoxe-2690623982-420508393732-420508393844-55126cc98091fbe0399fac3c66f6ed8e",
                "thumb_360_w": 360,
                "thumb_360_h": 213,
                "thumb_480": "https:\/\/files.slack.com\/files-tmb\/T02LAJBUW-F70F8RCLE-d308466e25\/img_20170907_161842_480.jpg?t=xoxe-2690623982-420508393732-420508393844-55126cc98091fbe0399fac3c66f6ed8e",
                "thumb_480_w": 480,
                "thumb_480_h": 284,
                "thumb_160": "https:\/\/files.slack.com\/files-tmb\/T02LAJBUW-F70F8RCLE-d308466e25\/img_20170907_161842_160.jpg?t=xoxe-2690623982-420508393732-420508393844-55126cc98091fbe0399fac3c66f6ed8e",
                "image_exif_rotation": 1,
                "original_w": 492,
                "original_h": 291,
                "permalink": "https:\/\/komodo-platform.slack.com\/files\/U4SBWEXUY\/F70F8RCLE\/img_20170907_161842.jpg",
                "permalink_public": "https:\/\/slack-files.com\/T02LAJBUW-F70F8RCLE-23c5455e9f"
            }
        ],
        "upload": true,
        "user": "U4SBWEXUY",
        "display_as_bot": false,
        "ts": "1504793979.000133"
    },
    {
        "type": "message",
        "user": "U02LQ1WHQ",
        "text": "that is ancient 1.6 Agama GUI, which is not barterDEX at all",
        "ts": "1504794011.000268"
    },
    {
        "type": "message",
        "user": "U4SBWEXUY",
        "text": "Thx will pass that on.",
        "ts": "1504795894.000333"
    },
    {
        "type": "message",
        "user": "U33CGLNNR",
        "text": "<@U41M5AAJW> are you alive bro?",
        "ts": "1504812318.000532"
    },
    {
        "type": "message",
        "user": "U02LQ1WHQ",
        "text": "we heard from him after the storm, he said he had no power, so I wonder how he got onto slack...",
        "ts": "1504812519.000154",
        "reactions": [
            {
                "name": "trollface",
                "users": [
                    "U66KG95QW"
                ],
                "count": 1
            }
        ]
    },
    {
        "type": "message",
        "user": "U33CGLNNR",
        "text": ":thinking_face:",
        "ts": "1504812809.000479"
    },
    {
        "type": "message",
        "text": "",
        "files": [
            {
                "id": "F6Z989HQ9",
                "created": 1504812868,
                "timestamp": 1504812868,
                "name": "siuswebsite.jpg",
                "title": "siuswebsite.jpg",
                "mimetype": "image\/jpeg",
                "filetype": "jpg",
                "pretty_type": "JPEG",
                "user": "U33CGLNNR",
                "editable": false,
                "size": 47825,
                "mode": "hosted",
                "is_external": false,
                "external_type": "",
                "is_public": true,
                "public_url_shared": false,
                "display_as_bot": false,
                "username": "",
                "url_private": "https:\/\/files.slack.com\/files-pri\/T02LAJBUW-F6Z989HQ9\/siuswebsite.jpg?t=xoxe-2690623982-420508393732-420508393844-55126cc98091fbe0399fac3c66f6ed8e",
                "url_private_download": "https:\/\/files.slack.com\/files-pri\/T02LAJBUW-F6Z989HQ9\/download\/siuswebsite.jpg?t=xoxe-2690623982-420508393732-420508393844-55126cc98091fbe0399fac3c66f6ed8e",
                "thumb_64": "https:\/\/files.slack.com\/files-tmb\/T02LAJBUW-F6Z989HQ9-8e04bc3dcd\/siuswebsite_64.jpg?t=xoxe-2690623982-420508393732-420508393844-55126cc98091fbe0399fac3c66f6ed8e",
                "thumb_80": "https:\/\/files.slack.com\/files-tmb\/T02LAJBUW-F6Z989HQ9-8e04bc3dcd\/siuswebsite_80.jpg?t=xoxe-2690623982-420508393732-420508393844-55126cc98091fbe0399fac3c66f6ed8e",
                "thumb_360": "https:\/\/files.slack.com\/files-tmb\/T02LAJBUW-F6Z989HQ9-8e04bc3dcd\/siuswebsite_360.jpg?t=xoxe-2690623982-420508393732-420508393844-55126cc98091fbe0399fac3c66f6ed8e",
                "thumb_360_w": 360,
                "thumb_360_h": 300,
                "thumb_480": "https:\/\/files.slack.com\/files-tmb\/T02LAJBUW-F6Z989HQ9-8e04bc3dcd\/siuswebsite_480.jpg?t=xoxe-2690623982-420508393732-420508393844-55126cc98091fbe0399fac3c66f6ed8e",
                "thumb_480_w": 480,
                "thumb_480_h": 400,
                "thumb_160": "https:\/\/files.slack.com\/files-tmb\/T02LAJBUW-F6Z989HQ9-8e04bc3dcd\/siuswebsite_160.jpg?t=xoxe-2690623982-420508393732-420508393844-55126cc98091fbe0399fac3c66f6ed8e",
                "image_exif_rotation": 1,
                "original_w": 650,
                "original_h": 542,
                "permalink": "https:\/\/komodo-platform.slack.com\/files\/U33CGLNNR\/F6Z989HQ9\/siuswebsite.jpg",
                "permalink_public": "https:\/\/slack-files.com\/T02LAJBUW-F6Z989HQ9-503e6e0a0b"
            }
        ],
        "upload": true,
        "user": "U33CGLNNR",
        "display_as_bot": false,
        "ts": "1504812870.000147"
    },
    {
        "type": "message",
        "user": "U41M5AAJW",
        "text": "I got 3 battery banks for my phone survived the night like that and now im charging with the car",
        "ts": "1504814566.000033",
        "reactions": [
            {
                "name": "+1",
                "users": [
                    "U63EZ8ZS8"
                ],
                "count": 1
            }
        ]
    },
    {
        "type": "message",
        "user": "U41M5AAJW",
        "text": "My mobile data is shit though",
        "ts": "1504814590.000367"
    },
    {
        "type": "message",
        "user": "U33CGLNNR",
        "text": "prepared much?",
        "ts": "1504814869.000267"
    },
    {
        "type": "message",
        "user": "U41M5AAJW",
        "text": "Prepared for what?",
        "ts": "1504815508.000531"
    },
    {
        "type": "message",
        "user": "U41M5AAJW",
        "text": "No power for weeks? :\/",
        "ts": "1504815571.000180",
        "reactions": [
            {
                "name": "grin",
                "users": [
                    "U1SJT84KS"
                ],
                "count": 1
            },
            {
                "name": "disappointed",
                "users": [
                    "U0EGQUAPJ"
                ],
                "count": 1
            }
        ]
    },
    {
        "type": "message",
        "user": "U1SJT84KS",
        "text": "hold tight brother\ni hope you'll get your normal life back soon",
        "ts": "1504818149.000244"
    },
    {
        "type": "message",
        "user": "U66KG95QW",
        "text": "brother dont be sad. \nmost important thing is that you are safe",
        "ts": "1504822591.000068"
    }
]