[
    {
        "type": "message",
        "user": "U02LQ1WHQ",
        "text": "In order to handle arbitrary trading pairs and a potentially large number of online users, I rewrote the networking for the atomic DEX. There will be a publicly accessible API via ipaddress along with a localhost for trading. if you are able to submit URL and read the returned JSON, you could do native atomic DEX trades. the following is a rough draft API document for the GUI devs. I am configuring the default LP nodes and hope to get them online this weekend. Hopefully we can get GUI using this api reasonably soon. if any other API calls are needed, just ask. I still havent done the statistics and historical info calls",
        "ts": "1496433598.030260"
    },
    {
        "type": "message",
        "text": "",
        "files": [
            {
                "id": "F5N0AUC03",
                "created": 1496433617,
                "timestamp": 1496433617,
                "name": "DEX_API.txt",
                "title": "DEX API",
                "mimetype": "text\/plain",
                "filetype": "text",
                "pretty_type": "Plain Text",
                "user": "U02LQ1WHQ",
                "editable": true,
                "size": 5455,
                "mode": "snippet",
                "is_external": false,
                "external_type": "",
                "is_public": true,
                "public_url_shared": false,
                "display_as_bot": false,
                "username": "",
                "url_private": "https:\/\/files.slack.com\/files-pri\/T02LAJBUW-F5N0AUC03\/dex_api.txt?t=xoxe-2690623982-420508393732-420508393844-55126cc98091fbe0399fac3c66f6ed8e",
                "url_private_download": "https:\/\/files.slack.com\/files-pri\/T02LAJBUW-F5N0AUC03\/download\/dex_api.txt?t=xoxe-2690623982-420508393732-420508393844-55126cc98091fbe0399fac3c66f6ed8e",
                "permalink": "https:\/\/komodo-platform.slack.com\/files\/U02LQ1WHQ\/F5N0AUC03\/dex_api.txt",
                "permalink_public": "https:\/\/slack-files.com\/T02LAJBUW-F5N0AUC03-ee0a82d31d",
                "edit_link": "https:\/\/komodo-platform.slack.com\/files\/U02LQ1WHQ\/F5N0AUC03\/dex_api.txt\/edit",
                "preview": "iguana native DEX API\r\n\r\nA native DEX has different constraints than a centralized exchange. Due to this, the API has aspects that are unique to a native DEX. However, it has been made to follow the standard exchange API as much as possible. Both komodo and iguana are required.\r\n\r\n\r",
                "preview_highlight": "<div class=\"CodeMirror cm-s-default CodeMirrorServer\" oncopy=\"if(event.clipboardData){event.clipboardData.setData('text\/plain',window.getSelection().toString().replace(\/\\u200b\/g,''));event.preventDefault();event.stopPropagation();}\">\n<div class=\"CodeMirror-code\">\n<div><pre>iguana native DEX API<\/pre><\/div>\n<div><pre><\/pre><\/div>\n<div><pre>A native DEX has different constraints than a centralized exchange. Due to this, the API has aspects that are unique to a native DEX. However, it has been made to follow the standard exchange API as much as possible. Both komodo and iguana are required.<\/pre><\/div>\n<div><pre><\/pre><\/div>\n<div><pre><\/pre><\/div>\n<div><pre><\/pre><\/div>\n<\/div>\n<\/div>\n",
                "lines": 68,
                "lines_more": 63,
                "preview_is_truncated": true,
                "reactions": [
                    {
                        "name": "+1",
                        "users": [
                            "U4V61U2G1",
                            "U2GC2GXTP",
                            "U33CGLNNR",
                            "U03SKEFEL",
                            "U352PEKC7",
                            "U1GLCHPA8",
                            "U41M5AAJW"
                        ],
                        "count": 7
                    }
                ]
            }
        ],
        "upload": true,
        "user": "U02LQ1WHQ",
        "display_as_bot": false,
        "reactions": [
            {
                "name": "+1",
                "users": [
                    "U4V61U2G1",
                    "U2GC2GXTP",
                    "U33CGLNNR",
                    "U03SKEFEL",
                    "U352PEKC7",
                    "U1GLCHPA8",
                    "U41M5AAJW"
                ],
                "count": 7
            }
        ],
        "ts": "1496433618.036985"
    },
    {
        "type": "message",
        "user": "U4V61U2G1",
        "text": "Nice",
        "ts": "1496433754.078651"
    },
    {
        "type": "message",
        "user": "U02LQ1WHQ",
        "text": "I would like to encourage simple GUI that allow people to do trades. It can be a totally independent application. If it is good enough for people to use, then a bounty can be paid based on how good it is",
        "ts": "1496433905.123256"
    },
    {
        "type": "message",
        "user": "U03AG4RPS",
        "text": "<@U4SH6R3EF>",
        "ts": "1496435701.624592"
    },
    {
        "user": "U4SH6R3EF",
        "inviter": "U03AG4RPS",
        "text": "<@U4SH6R3EF> has joined the channel",
        "type": "message",
        "subtype": "channel_join",
        "ts": "1496435711.627173"
    },
    {
        "user": "U3NEN6DL1",
        "inviter": "U02LAJBUY",
        "text": "<@U3NEN6DL1> has joined the channel",
        "type": "message",
        "subtype": "channel_join",
        "ts": "1496458237.456572"
    },
    {
        "type": "message",
        "user": "U02LQ1WHQ",
        "text": "<@U03SKEFEL> added setprice and myprice API, they need base and rel (and price for setprice). also to go into client mode, the command line JSON to start .\/marketmaker needs to have \"client\":1 field",
        "ts": "1496464953.774060"
    },
    {
        "type": "message",
        "user": "U03SKEFEL",
        "text": "compiling latest from dev branch",
        "ts": "1496468876.932154"
    },
    {
        "type": "message",
        "user": "U02LQ1WHQ",
        "text": "the public API appears to be working decently",
        "ts": "1496468964.935432"
    },
    {
        "type": "message",
        "user": "U03SKEFEL",
        "text": "compiled iguana and market maker",
        "ts": "1496469032.938425"
    },
    {
        "type": "message",
        "user": "U03SKEFEL",
        "text": "on osx",
        "ts": "1496469034.938519"
    },
    {
        "type": "message",
        "user": "U03SKEFEL",
        "text": "have my native kmd and btc ready",
        "ts": "1496469044.938915"
    },
    {
        "type": "message",
        "user": "U02LQ1WHQ",
        "text": "let me know of any bugs in API, especially on the local side",
        "ts": "1496469113.941468"
    },
    {
        "type": "message",
        "user": "U02LQ1WHQ",
        "text": "also curious whether your marketmaker node is properly added to the LP network",
        "ts": "1496469149.942735"
    },
    {
        "type": "message",
        "user": "U02LQ1WHQ",
        "text": "getpeers should return your node after you start your node",
        "ts": "1496469162.943180"
    },
    {
        "type": "message",
        "user": "U02LQ1WHQ",
        "text": "<@U03SKEFEL> pushed fix for returning \"userpass\" on the first client request",
        "ts": "1496469582.958384"
    },
    {
        "type": "message",
        "user": "U02LQ1WHQ",
        "text": "curl --url \"<http:\/\/127.0.0.1:7779>\" --data \"{\\\"userpass\\\":\\\"&lt;use the value first call returns&gt;\\\",\\\"method\\\":\\\"inventory\\\",\\\"coin\\\":\\\"KMD\\\"}\"",
        "ts": "1496469613.960298"
    },
    {
        "type": "message",
        "user": "U02LQ1WHQ",
        "text": "both URL and POST works",
        "ts": "1496469630.961271"
    },
    {
        "type": "message",
        "user": "U02LQ1WHQ",
        "text": "first API call returns \"userpass\" that is required for all future localhost api calls: inventory, candidates, autotrade, setprice, myprice",
        "ts": "1496469714.965044"
    },
    {
        "type": "message",
        "user": "U03SKEFEL",
        "text": "I want to try local iguana api calls, will give me head start on thinking how I want to change the flow in dex app",
        "ts": "1496469804.968788"
    },
    {
        "type": "message",
        "user": "U03SKEFEL",
        "text": "just a sec",
        "edited": {
            "user": "U03SKEFEL",
            "ts": "1496469818.000000"
        },
        "ts": "1496469816.969260"
    },
    {
        "type": "message",
        "user": "U03SKEFEL",
        "text": "started iguana\nstarted coins\/kmd_osx and coins\/btc_osx",
        "ts": "1496469934.973988"
    },
    {
        "type": "message",
        "user": "U03SKEFEL",
        "text": "to start client dex do I need to start marketmaker too?",
        "ts": "1496470234.985624"
    },
    {
        "type": "message",
        "user": "U02LQ1WHQ",
        "text": "also to go into client mode, the command line JSON to start .\/marketmaker needs to have \"client\":1 field",
        "ts": "1496470637.001638"
    },
    {
        "type": "message",
        "user": "U02LQ1WHQ",
        "text": ".\/marketmaker \"{\\\"client\\\":1,\\\"passphrase\\\":\\\"&lt;passphrase&gt;\\\"}\"",
        "edited": {
            "user": "U02LQ1WHQ",
            "ts": "1496470663.000000"
        },
        "ts": "1496470653.002230"
    },
    {
        "type": "message",
        "user": "U02LQ1WHQ",
        "text": "that is how to start DEX client",
        "ts": "1496470673.002957"
    },
    {
        "type": "message",
        "user": "U02LQ1WHQ",
        "text": "I made a .\/run file for LP side:\nsource randval\npkill -15 marketmaker; git pull; .\/m_mm; .\/marketmaker \"{\\\"profitmargin\\\":0.01,\\\"passphrase\\\":\\\"$randval\\\"}\" &amp;",
        "ts": "1496470711.004453"
    },
    {
        "type": "message",
        "user": "U02LQ1WHQ",
        "text": "then there is a file called randval which has export randval=\"passphrase\"",
        "ts": "1496470729.005076"
    },
    {
        "type": "message",
        "user": "U02LQ1WHQ",
        "text": "pushed scripts in iguana\/exchanges dir: run, inv, randval, userpass, client",
        "ts": "1496470961.013780"
    },
    {
        "type": "message",
        "user": "U03SKEFEL",
        "text": "clear. thanks trying it now",
        "ts": "1496470968.014045"
    },
    {
        "type": "message",
        "user": "U02LQ1WHQ",
        "text": "i will make test scripts and put it in exchanges, just added setprice and myprice, the latter returns a bit unexpected value where bid is the inverted price, that is so I dont go crazy trying to figure out which polarity bid\/ask buy\/sell are",
        "ts": "1496471292.026279"
    },
    {
        "type": "message",
        "user": "U02LQ1WHQ",
        "text": "the ask price is the base\/rel value",
        "ts": "1496471302.026618"
    },
    {
        "type": "message",
        "user": "U02LQ1WHQ",
        "text": "added getpeers, getpeersIP, getprice and orderbook",
        "ts": "1496471938.051534"
    },
    {
        "type": "message",
        "user": "U02LQ1WHQ",
        "text": "the getpeersIP uses the public ips",
        "ts": "1496471951.052034"
    },
    {
        "type": "message",
        "user": "U02LQ1WHQ",
        "text": "all except orderbook looks like it is working",
        "ts": "1496471962.052415"
    },
    {
        "type": "message",
        "user": "U03SKEFEL",
        "text": "I changed client file to this:\n```source randval\ncd ..\npkill -15 marketmaker; git pull; .\/m_mm; .\/marketmaker \"{\\\"client\\\":1,\\\"passphrase\\\":\\\"$randval\\\"}\" &amp;\n```",
        "ts": "1496472056.055883"
    },
    {
        "type": "message",
        "user": "U03SKEFEL",
        "text": "was not executing due to incorrect path",
        "ts": "1496472062.056170"
    }
]