[
    {
        "type": "message",
        "user": "U02LQ1WHQ",
        "text": "any bugs?",
        "ts": "1498575348.488017"
    },
    {
        "user": "U5Y6MN77S",
        "text": "<@U5Y6MN77S> has joined the channel",
        "type": "message",
        "subtype": "channel_join",
        "ts": "1498599525.554421"
    },
    {
        "type": "message",
        "user": "U5Y4YA799",
        "text": ".\/inv does not list utox pairs for me am i doing something wrong?\nonly seeing this: {\"result\":\"success\",\"alice\":[],\"bob\":[]} but im expecting to see below: \n[\n  {\n    \"txid\": \"3d560b2e93ce780710773f294528664ace2f7c332f9809577f8e0f745f1b4d6c\",\n    \"vout\": 0,\n    \"address\": \"RPQj6a87EK9eH1mvVh7WZKZxkdCsb7v8tW\",\n    \"scriptPubKey\": \"76a9149afe90bdef4a31fd82f302e9c20c0e49c3b5105888ac\",\n    \"amount\": 0.49983000,\n    \"interest\": 0.00000000,\n    \"confirmations\": 4,\n    \"spendable\": true\n  },\n  {\n    \"txid\": \"3d560b2e93ce780710773f294528664ace2f7c332f9809577f8e0f745f1b4d6c\",\n    \"vout\": 1,\n    \"address\": \"RKnR4zDAt7rHU423F3V1VqTcafDJq2LKr5\",\n    \"account\": \"RKnR4zDAt7rHU423F3V1VqTcafDJq2LKr5\",\n    \"scriptPubKey\": \"76a91473382a3b9239e99365f8ebb163edb07564f4a7e088ac\",\n    \"amount\": 1.50000000,\n    \"interest\": 0.00000000,\n    \"confirmations\": 4,\n    \"spendable\": true\n  },\n  {\n    \"txid\": \"7a8ae8561d97a6d5270eb41cf5959548bc9ba1a39525005b9581a38e176a67c6\",\n    \"vout\": 1,\n    \"address\": \"RKnR4zDAt7rHU423F3V1VqTcafDJq2LKr5\",\n    \"account\": \"RKnR4zDAt7rHU423F3V1VqTcafDJq2LKr5\",\n    \"scriptPubKey\": \"76a91473382a3b9239e99365f8ebb163edb07564f4a7e088ac\",\n    \"amount\": 0.00001000,\n    \"interest\": 0.00000000,\n    \"confirmations\": 103,\n    \"spendable\": true\n  },\n  {\n    \"txid\": \"01ec973935c06591d6e13cd85a445b75f56eac13d8ff11a1d400444c0cee5de8\",\n    \"vout\": 1,\n    \"address\": \"RKnR4zDAt7rHU423F3V1VqTcafDJq2LKr5\",\n    \"account\": \"RKnR4zDAt7rHU423F3V1VqTcafDJq2LKr5\",\n    \"scriptPubKey\": \"76a91473382a3b9239e99365f8ebb163edb07564f4a7e088ac\",\n    \"amount\": 0.00001000,\n    \"interest\": 0.00000000,\n    \"confirmations\": 104,\n    \"spendable\": true\n  }\n]",
        "edited": {
            "user": "U5Y4YA799",
            "ts": "1498604352.000000"
        },
        "ts": "1498604321.656724"
    },
    {
        "type": "message",
        "user": "U02LQ1WHQ",
        "text": "0.00001000 is a very small utxo",
        "ts": "1498629157.768702"
    },
    {
        "type": "message",
        "user": "U02LQ1WHQ",
        "text": "you need to have pairs of utxo with reasonable relative sizes",
        "ts": "1498629173.770470"
    },
    {
        "type": "message",
        "user": "U02LQ1WHQ",
        "text": "alice needs X and X\/777",
        "ts": "1498629179.771099"
    },
    {
        "type": "message",
        "user": "U02LQ1WHQ",
        "text": "bob needs X and 9*X\/8",
        "edited": {
            "user": "U02LQ1WHQ",
            "ts": "1498629196.000000"
        },
        "ts": "1498629188.772156"
    },
    {
        "type": "message",
        "user": "U02LQ1WHQ",
        "text": "the pairing algo finds the largest utxo and then tries to find a best fit for it. However, if the bestfit is too small (or too big) it will be rejected",
        "ts": "1498629229.776914"
    },
    {
        "type": "message",
        "user": "U02LQ1WHQ",
        "text": "i think the instructions said to make 1, 1.2 and .01 utxo, which is quite different from the above set",
        "ts": "1498629265.781114"
    },
    {
        "type": "message",
        "user": "U02LQ1WHQ",
        "text": "also there is a second address, so not sure which is your active address. if it is the one with only one utxo, then it will be quite difficult to pair it up as you need 2 utxo to make a pair and not all are able to combine",
        "ts": "1498629303.785351"
    }
]