[
    {
        "type": "message",
        "user": "U41M5AAJW",
        "text": "anyone wants to do a swap?",
        "ts": "1507706612.000380"
    },
    {
        "type": "message",
        "user": "U02PH4RHZ",
        "text": "Swap what siu",
        "ts": "1507708513.000197"
    },
    {
        "type": "message",
        "user": "U41M5AAJW",
        "text": "i dont know, what you have available?",
        "ts": "1507708537.000373"
    },
    {
        "type": "message",
        "user": "U33CGLNNR",
        "text": "any swap",
        "ts": "1507708562.000018"
    },
    {
        "type": "message",
        "user": "U41M5AAJW",
        "text": "i could buy some btc",
        "ts": "1507708565.000259"
    },
    {
        "type": "message",
        "user": "U41M5AAJW",
        "text": "or chips of course",
        "ts": "1507708571.000060"
    },
    {
        "type": "message",
        "user": "U33CGLNNR",
        "text": "kmd to chips",
        "ts": "1507708577.000085"
    },
    {
        "type": "message",
        "user": "U41M5AAJW",
        "text": "but chips dont seem to be working yet",
        "ts": "1507708578.000266"
    },
    {
        "type": "message",
        "user": "U33CGLNNR",
        "text": "kmd to ltc",
        "ts": "1507708581.000060"
    },
    {
        "type": "message",
        "user": "U33CGLNNR",
        "text": "to zec",
        "ts": "1507708583.000206"
    },
    {
        "type": "message",
        "user": "U6U67BH37",
        "text": "I would like to swap some HUSH for ZEC",
        "ts": "1507709808.000481"
    },
    {
        "type": "message",
        "user": "U6U67BH37",
        "text": "if that works, lol. I haven't had time to test it, life got in the way",
        "ts": "1507709820.000216"
    },
    {
        "type": "message",
        "user": "U6U67BH37",
        "text": "HUSH for KMD too",
        "ts": "1507709839.000134"
    },
    {
        "type": "message",
        "user": "U41M5AAJW",
        "text": "i can buy some hush if you want to sell them",
        "ts": "1507710264.000111"
    },
    {
        "type": "message",
        "user": "U0394QTC7",
        "text": "i can set up a new chips order too, if you want",
        "ts": "1507712943.000145"
    },
    {
        "type": "message",
        "user": "U41M5AAJW",
        "text": "i could try that",
        "ts": "1507712974.000218"
    },
    {
        "type": "message",
        "user": "U41M5AAJW",
        "text": "can you place your order, <@U0394QTC7>",
        "ts": "1507713454.000380"
    },
    {
        "type": "message",
        "user": "U0394QTC7",
        "text": "just did, can you see it?",
        "ts": "1507713517.000293"
    },
    {
        "type": "message",
        "user": "U41M5AAJW",
        "text": "not yet",
        "ts": "1507713529.000329"
    },
    {
        "type": "message",
        "user": "U41M5AAJW",
        "text": "i didnt have my chips daemon running",
        "ts": "1507713597.000035"
    },
    {
        "type": "message",
        "user": "U41M5AAJW",
        "text": "restarting my client",
        "ts": "1507713600.000457"
    },
    {
        "type": "message",
        "user": "U0394QTC7",
        "text": ":thumbsup:",
        "ts": "1507713789.000224"
    },
    {
        "type": "message",
        "user": "U41M5AAJW",
        "text": "ill give it some more time, started the daemon and restarted but i still dont get it",
        "ts": "1507713824.000399"
    },
    {
        "type": "message",
        "user": "U0394QTC7",
        "text": "mmh. i do see it on my other node",
        "ts": "1507713882.000372"
    },
    {
        "type": "message",
        "user": "U0394QTC7",
        "text": "but i see 19 utxos instead of 2",
        "ts": "1507713908.000032"
    },
    {
        "type": "message",
        "user": "U41M5AAJW",
        "text": "i get this... it seems weird",
        "ts": "1507713971.000134"
    },
    {
        "type": "message",
        "user": "U0394QTC7",
        "text": "ehm.. remove the userpass?",
        "ts": "1507713988.000430"
    },
    {
        "type": "message",
        "user": "U41M5AAJW",
        "text": "?",
        "ts": "1507714000.000120"
    },
    {
        "type": "message",
        "user": "U41M5AAJW",
        "text": "why?",
        "ts": "1507714002.000023"
    },
    {
        "type": "message",
        "user": "U0394QTC7",
        "text": "without passphrase it is useless, i know, but you never know who is reading here",
        "ts": "1507714022.000257"
    },
    {
        "type": "message",
        "user": "U41M5AAJW",
        "text": "oohhh",
        "ts": "1507714033.000192"
    },
    {
        "type": "message",
        "user": "U41M5AAJW",
        "text": "i didnt notice :confused:",
        "ts": "1507714047.000086"
    },
    {
        "type": "message",
        "user": "U41M5AAJW",
        "text": "lol",
        "ts": "1507714048.000164"
    },
    {
        "type": "message",
        "user": "U0394QTC7",
        "text": "hehe",
        "ts": "1507714050.000146"
    },
    {
        "type": "message",
        "user": "U41M5AAJW",
        "text": "i was refering to the \"if nothing sent, its finished\"",
        "ts": "1507714072.000328"
    },
    {
        "type": "message",
        "user": "U41M5AAJW",
        "text": "i only get that...",
        "ts": "1507714078.000130"
    },
    {
        "type": "message",
        "user": "U41M5AAJW",
        "text": "new other feeds or anything",
        "ts": "1507714085.000216"
    },
    {
        "type": "message",
        "user": "U0394QTC7",
        "text": "yes, i saw it. don't know what it means",
        "ts": "1507714087.000315"
    },
    {
        "type": "message",
        "user": "U41M5AAJW",
        "text": "did james do something?",
        "ts": "1507714093.000163"
    },
    {
        "type": "message",
        "user": "U41M5AAJW",
        "text": "i dont feel like my feed is updating",
        "ts": "1507714140.000096"
    },
    {
        "type": "message",
        "user": "U0394QTC7",
        "text": "i rebooted client just now, just loads as normal",
        "ts": "1507714160.000048"
    },
    {
        "type": "message",
        "user": "U0394QTC7",
        "text": "did setprice, i see order again",
        "ts": "1507714199.000128"
    },
    {
        "type": "message",
        "user": "U41M5AAJW",
        "text": "ok",
        "ts": "1507714229.000345"
    },
    {
        "type": "message",
        "user": "U41M5AAJW",
        "text": "doing the same here",
        "ts": "1507714244.000240"
    },
    {
        "type": "message",
        "user": "U41M5AAJW",
        "text": "not showing here yet",
        "ts": "1507714347.000406"
    },
    {
        "type": "message",
        "user": "U41M5AAJW",
        "text": "ill just leave it running a while",
        "edited": {
            "user": "U41M5AAJW",
            "ts": "1507714362.000000"
        },
        "ts": "1507714353.000348"
    },
    {
        "type": "message",
        "user": "U41M5AAJW",
        "text": "its weird that its not loading anything else besides that if nothing sent, its finished message",
        "ts": "1507714587.000078"
    },
    {
        "type": "message",
        "user": "U0394QTC7",
        "text": "did you change anything lately?",
        "ts": "1507714724.000140"
    },
    {
        "type": "message",
        "user": "U0394QTC7",
        "text": "in coins file or so?",
        "ts": "1507714727.000256"
    },
    {
        "type": "message",
        "user": "U0394QTC7",
        "text": "maybe start with a fresh SWAPS file?",
        "ts": "1507714759.000150"
    },
    {
        "type": "message",
        "user": "U0394QTC7",
        "text": "<https:\/\/github.com\/jl777\/SuperNET\/blob\/0d001d71d647c7ba22e4192d8d1acd919290e247\/basilisk\/basilisk_swap.c#L3439>",
        "ts": "1507714874.000179"
    },
    {
        "type": "message",
        "user": "U0394QTC7",
        "text": "there is your message, try to read jl's code there :smile:",
        "ts": "1507714892.000111"
    },
    {
        "type": "message",
        "user": "U41M5AAJW",
        "text": "no, not really",
        "ts": "1507714906.000228"
    },
    {
        "type": "message",
        "user": "U41M5AAJW",
        "text": "ok, ill try and check, but i havent touched anything since yesterday",
        "ts": "1507714934.000515"
    },
    {
        "type": "message",
        "user": "U0394QTC7",
        "text": "i think it is checking in swaps",
        "ts": "1507714969.000203"
    },
    {
        "type": "message",
        "user": "U0394QTC7",
        "text": "try to back up that folder, maybe you'll need it later",
        "ts": "1507714981.000279"
    },
    {
        "type": "message",
        "user": "U41M5AAJW",
        "text": "definitively something is wrong... will delete swap files and try again",
        "ts": "1507716214.000205"
    },
    {
        "type": "message",
        "user": "U41M5AAJW",
        "text": "NOW is working",
        "ts": "1507716362.000097"
    },
    {
        "type": "message",
        "user": "U41M5AAJW",
        "text": ".\/buy\n{\"error\":\"cant find ordermatch utxo\"}",
        "ts": "1507716572.000058"
    },
    {
        "type": "message",
        "user": "U41M5AAJW",
        "text": "#!\/bin\/bash\nsource userpass\ncurl --url \"<http:\/\/127.0.0.1:7783>\" --data \"{\\\"userpass\\\":\\\"$userpass\\\",\\\"method\\\":\\\"buy\\\",\\\"base\\\":\\\"CHIPS\\\",\\\"rel\\\":\\\"KMD\\\",\\\"duration\\\":10000, \\\"relvolume\\\":1,\\\"price\\\":0.0303}\"",
        "ts": "1507716604.000457"
    },
    {
        "type": "message",
        "user": "U0394QTC7",
        "text": "mmh",
        "ts": "1507716647.000375"
    },
    {
        "type": "message",
        "user": "U0394QTC7",
        "text": "what does your orderbook say?",
        "ts": "1507716654.000268"
    },
    {
        "type": "message",
        "user": "U41M5AAJW",
        "text": ".\/orderbook\n{\"bids\":[],\"numbids\":0,\"asks\":[{\"coin\":\"CHIPS\",\"address\":\"RAsvnHfueHcbQTfX69rc9oMEG65zwrk73p\",\"price\":0.03000000,\"numutxos\":19,\"minvolume\":0.30000000,\"maxvolume\":72,\"pubkey\":\"b6ff5bdf4504912325ff45f5cd2e24be367f90497c638da8b1fe2aa259c8a749\",\"age\":1503}],\"numasks\":1,\"base\":\"CHIPS\",\"rel\":\"KMD\",\"timestamp\":1507716663}",
        "ts": "1507716669.000203"
    },
    {
        "type": "message",
        "user": "U41M5AAJW",
        "text": "nope... everything i try says that it cant find the ordermatch",
        "ts": "1507716778.000082"
    },
    {
        "type": "message",
        "user": "U41M5AAJW",
        "text": "did <@U02LQ1WHQ> change something in the code related to ordermatch?",
        "ts": "1507716972.000127"
    },
    {
        "type": "message",
        "user": "U0394QTC7",
        "text": "i hope he comes online after a while and tells us everything is fixed :smile:",
        "ts": "1507717087.000082"
    },
    {
        "type": "message",
        "user": "U0394QTC7",
        "text": "I'm off now, but the order will still be there",
        "ts": "1507717101.000179"
    },
    {
        "type": "message",
        "user": "U41M5AAJW",
        "text": "ok",
        "ts": "1507717148.000392"
    },
    {
        "type": "message",
        "user": "U41M5AAJW",
        "text": "have a nice day",
        "ts": "1507717153.000110"
    },
    {
        "type": "message",
        "user": "U41M5AAJW",
        "text": "are you in netherlands?",
        "ts": "1507717159.000165"
    },
    {
        "type": "message",
        "user": "U0394QTC7",
        "text": "yes",
        "ts": "1507717189.000165"
    },
    {
        "type": "message",
        "user": "U0394QTC7",
        "text": "same timezone :smile:",
        "ts": "1507717194.000114"
    },
    {
        "type": "message",
        "user": "U41M5AAJW",
        "text": "nice!",
        "ts": "1507717312.000276"
    },
    {
        "type": "message",
        "user": "U41M5AAJW",
        "text": "i coped with the jetlag fast",
        "ts": "1507717325.000250"
    },
    {
        "type": "message",
        "user": "U41M5AAJW",
        "text": "you should take a plane and pass by",
        "ts": "1507717346.000291"
    },
    {
        "type": "message",
        "user": "U0394QTC7",
        "text": "i would if i had the time",
        "ts": "1507717630.000100"
    },
    {
        "type": "message",
        "user": "U41M5AAJW",
        "text": "oh well, i guess we will see the next time",
        "ts": "1507718580.000234"
    },
    {
        "type": "message",
        "user": "U0394QTC7",
        "text": "i didn't even know there was a notary node meetup? when you said you were in barcelona, it was the first time i heard about it.",
        "ts": "1507718848.000153"
    },
    {
        "type": "message",
        "user": "U33CGLNNR",
        "text": "It's a workshop ",
        "edited": {
            "user": "U33CGLNNR",
            "ts": "1507719115.000000"
        },
        "ts": "1507719108.000176"
    },
    {
        "type": "message",
        "user": "U33CGLNNR",
        "text": "Not a meetup per se. We are making guides for everyone to see afterwards and learn how to install a notary node ",
        "ts": "1507719155.000042"
    },
    {
        "type": "message",
        "user": "U02LQ1WHQ",
        "text": "internet problems",
        "ts": "1507720071.000057",
        "reactions": [
            {
                "name": "scream",
                "users": [
                    "U047X3GAM"
                ],
                "count": 1
            },
            {
                "name": "smiley_abused",
                "users": [
                    "U047X3GAM"
                ],
                "count": 1
            }
        ]
    },
    {
        "type": "message",
        "user": "U02LQ1WHQ",
        "text": "back online will try to finally address these pesky ordermatch issues",
        "ts": "1507720088.000096"
    },
    {
        "type": "message",
        "user": "U41M5AAJW",
        "text": "are you in puerto rico, jl777? :troll:",
        "ts": "1507720189.000271",
        "reactions": [
            {
                "name": "joy",
                "users": [
                    "U047X3GAM"
                ],
                "count": 1
            }
        ]
    },
    {
        "type": "message",
        "user": "U4Y5ER7NV",
        "text": "jl777 have dial-up",
        "ts": "1507720319.000146"
    },
    {
        "type": "message",
        "user": "U4Y5ER7NV",
        "text": ":joy:",
        "ts": "1507720335.000032"
    },
    {
        "type": "message",
        "user": "U41M5AAJW",
        "text": ":sweat_smile:",
        "ts": "1507720376.000399"
    },
    {
        "type": "message",
        "user": "U66SWTM47",
        "text": "That explains why he always uses plain text only.",
        "edited": {
            "user": "U66SWTM47",
            "ts": "1507722097.000000"
        },
        "ts": "1507722080.000181"
    },
    {
        "type": "message",
        "user": "U0394QTC7",
        "text": "No internet for jl probably means he wants focus and no distractions ",
        "ts": "1507723819.000093"
    },
    {
        "type": "message",
        "user": "U0394QTC7",
        "text": "Its self protection ",
        "ts": "1507723828.000157"
    },
    {
        "type": "message",
        "user": "U66SWTM47",
        "text": "It's Putin trying to ban BarterDEX",
        "ts": "1507723906.000312"
    },
    {
        "type": "message",
        "user": "U1SJT84KS",
        "text": "<@U2Q1DP6EQ> what's the progress on setting up all asset chain servers?",
        "ts": "1507739085.000269"
    },
    {
        "type": "message",
        "user": "U02LQ1WHQ",
        "text": "too many non-tech distractions today, took me out of coding mindset. will hope for better result tomorrow",
        "ts": "1507740350.000061"
    },
    {
        "type": "message",
        "user": "U2Q1DP6EQ",
        "text": "<@U1SJT84KS> sorry, i was unplanned away the past weekend, so unfortunately no progress. There is also the barterdex stress test setup that needs to be done... i am a bit unsure how to prioritize things atm",
        "ts": "1507746278.000168"
    },
    {
        "type": "message",
        "user": "U1SJT84KS",
        "text": "turn yourself into octopus\nwe already have chips, kmd, revs and jumblr servers\nif you could setup one extra revs and one extra jumblr it would be enough for the upcoming agama release",
        "ts": "1507746524.000372"
    },
    {
        "type": "message",
        "user": "U41M5AAJW",
        "text": "i can set a coqui :stuck_out_tongue:",
        "ts": "1507746543.000180"
    },
    {
        "type": "message",
        "user": "U2Q1DP6EQ",
        "text": "ok, if you don't need all of them at once, then it is not a big problem... i will setup the ones with existing electrumx config redundant on both servers and make 1-2 more, then get back to barterdex stress test (if i understood it correctly then jl needs a bit of time to look into the ordermatch thing)",
        "ts": "1507746692.000141"
    },
    {
        "type": "message",
        "user": "U2Q1DP6EQ",
        "text": "<@U41M5AAJW> cool, that would be good",
        "ts": "1507746715.000508"
    },
    {
        "type": "message",
        "user": "U41M5AAJW",
        "text": "ok... but a server of what?",
        "ts": "1507746778.000098"
    },
    {
        "type": "message",
        "user": "U41M5AAJW",
        "text": "a node of coqui?",
        "ts": "1507746781.000214"
    },
    {
        "type": "message",
        "user": "U1SJT84KS",
        "text": "electrum server",
        "ts": "1507746794.000338"
    },
    {
        "type": "message",
        "user": "U1SJT84KS",
        "text": "<@U2Q1DP6EQ> would be good to have a workaround to monitor sync state of electrum nodes\nif servers will keep failing on getting latest height we will run into a wave of support tickets very quickly",
        "ts": "1507746887.000713"
    },
    {
        "type": "message",
        "user": "U02PH4RHZ",
        "text": "<@U2Q1DP6EQ> do we need to think of some sort of automation? Like setting up puppet or something?",
        "ts": "1507746967.000387"
    },
    {
        "type": "message",
        "user": "U02PH4RHZ",
        "text": "Would be a pain in the ass managing each server manually",
        "ts": "1507746989.000678"
    },
    {
        "type": "message",
        "user": "U41M5AAJW",
        "text": "<@U2Q1DP6EQ>, is there a guide on how to do an electrum server of coqui?",
        "ts": "1507747244.000039"
    },
    {
        "type": "message",
        "user": "U2Q1DP6EQ",
        "text": "i thought about setting up real monitoring with nagios\/icinga and check each aspect (coin daemons, electrum servers, barterdex itself and the usual parameters of the server itself), but that will take some time, would have to at least write check-scripts for the crypto-things... for the moment i am helping me out with very basic shell scripts to check at least the connectivity of the coin daemons... the problems with electrum-server lagging behind the daemon seems to be only with coins with fast blocktime, for the moment CHIPS and DGB, so i don't think it will affect the assetchains",
        "ts": "1507747273.000513"
    },
    {
        "type": "message",
        "user": "U2Q1DP6EQ",
        "text": "puppet or ansible (i personally used ansible till now :slightly_smiling_face: ) is also a very good idea, that is also on my mind, but will also take some time to setup",
        "ts": "1507747397.000215"
    },
    {
        "type": "message",
        "user": "U02PH4RHZ",
        "text": "i havent heard of ansible will look at that",
        "ts": "1507747479.000085"
    },
    {
        "type": "message",
        "user": "U2Q1DP6EQ",
        "text": "the question is also how to check if a coin daemon is really synced and not on a fork. I personally made the experience that in case a fork happens, you cannot really rely on the information you are getting from block explorers at that time. If you have more than 2 daemons running, you could try to use only the info you are getting from your own daemons, but i am unsure if that would be enough",
        "ts": "1507747638.000031"
    },
    {
        "type": "message",
        "user": "U2Q1DP6EQ",
        "text": "perhaps it would at least suffice to be noticed that there is a problem, so you can look manually after it",
        "ts": "1507747721.000142"
    },
    {
        "type": "message",
        "user": "U2Q1DP6EQ",
        "text": "<@U41M5AAJW> i wrote this short script\/howto <https:\/\/github.com\/SuperNETorg\/electrumx\/blob\/master\/docs\/HOWTO_SuperNET.txt>",
        "ts": "1507747830.000272"
    },
    {
        "type": "message",
        "user": "U2Q1DP6EQ",
        "text": "it is for KMD, but you can simply change the script accordingly... but... there is no config for COQUI atm, so it must be added to the coins config in electrumx, by cut&amp;paste the one from REVS and change some parameters like rpcport",
        "ts": "1507747939.000059"
    },
    {
        "type": "message",
        "user": "U41M5AAJW",
        "text": "ok, will go for it now",
        "ts": "1507747986.000075"
    },
    {
        "type": "message",
        "user": "U41M5AAJW",
        "text": "E: Unable to locate package python3-multidict",
        "ts": "1507748027.000687"
    },
    {
        "type": "message",
        "user": "U41M5AAJW",
        "text": "is it ok?",
        "ts": "1507748051.000477"
    },
    {
        "type": "message",
        "user": "U41M5AAJW",
        "text": "or is the name wrong?",
        "ts": "1507748057.000467"
    },
    {
        "type": "message",
        "user": "U2Q1DP6EQ",
        "text": "try without python3-multidict :slightly_smiling_face:",
        "ts": "1507748057.000511"
    },
    {
        "type": "message",
        "user": "U41M5AAJW",
        "text": "ok, on it",
        "ts": "1507748079.000222"
    },
    {
        "type": "message",
        "user": "U2Q1DP6EQ",
        "text": "no, the name is correct, but it was debian",
        "ts": "1507748081.000524"
    },
    {
        "type": "message",
        "user": "U41M5AAJW",
        "text": "ok",
        "ts": "1507748089.000151"
    },
    {
        "type": "message",
        "user": "U2Q1DP6EQ",
        "text": "the file where the coin configs go is lib\/coins.py",
        "ts": "1507748171.000378"
    },
    {
        "type": "message",
        "user": "U2Q1DP6EQ",
        "text": "the class name in there, like `class Litecoin(Coin):` must match the name in your config file, the variable COIN",
        "ts": "1507748294.000620"
    },
    {
        "type": "message",
        "user": "U41M5AAJW",
        "text": "sudo cp contrib\/systemd\/electrumx.service \/etc\/systemd\/system\/electrumx_KMD.service",
        "ts": "1507748346.000494"
    },
    {
        "type": "message",
        "user": "U41M5AAJW",
        "text": "this command says that there is no such file or directory",
        "ts": "1507748368.000613"
    },
    {
        "type": "message",
        "user": "U41M5AAJW",
        "text": "ok, now it worked thx",
        "ts": "1507748397.000370"
    },
    {
        "type": "message",
        "user": "U2Q1DP6EQ",
        "text": "<@U41M5AAJW> be careful with special characters in the rpcpassword of the coin daemon, i made the experience that electrumx doesn't like all of them",
        "ts": "1507749016.000782"
    },
    {
        "type": "message",
        "user": "U41M5AAJW",
        "text": "ok",
        "ts": "1507749031.000442"
    },
    {
        "type": "message",
        "user": "U2Q1DP6EQ",
        "text": "<@U1SJT84KS> i have setup a second server for REVS and JUMBLR on ip 136.243.45.140 and added them to the list <http:\/\/pad.supernet.org\/electrum-servers>",
        "ts": "1507750321.000607",
        "reactions": [
            {
                "name": "+1",
                "users": [
                    "U1SJT84KS"
                ],
                "count": 1
            }
        ]
    },
    {
        "type": "message",
        "user": "U2Q1DP6EQ",
        "text": "how about USD\/EUR next?",
        "ts": "1507750343.000190"
    },
    {
        "type": "message",
        "user": "U02LQ1WHQ",
        "text": "no",
        "ts": "1507751076.000119"
    },
    {
        "type": "message",
        "user": "U02LQ1WHQ",
        "text": "I want to deemphasize pax currencies for now",
        "ts": "1507751086.000461"
    },
    {
        "type": "message",
        "user": "U02LQ1WHQ",
        "text": "with crypto continuing to increase, anybody that coverts to fiat is likely to lose money, if only to the constant inflation",
        "ts": "1507751118.000596"
    },
    {
        "type": "message",
        "user": "U02LQ1WHQ",
        "text": "if the world converts to crypto payments then there is no need for fiat",
        "ts": "1507751143.000266"
    },
    {
        "type": "message",
        "user": "U02LQ1WHQ",
        "text": "plus the pax1 is too limited I want to wait until pax2",
        "ts": "1507751160.000594"
    },
    {
        "type": "message",
        "user": "U2Q1DP6EQ",
        "text": "ok, makes sense",
        "ts": "1507751495.000550"
    },
    {
        "type": "message",
        "user": "U02LQ1WHQ",
        "text": "also I hear fiat will be deaded soon",
        "ts": "1507751616.000337"
    },
    {
        "type": "message",
        "user": "U02LQ1WHQ",
        "text": "people will find out it was just a ponzi scam",
        "ts": "1507751637.000257"
    },
    {
        "type": "message",
        "user": "U2Q1DP6EQ",
        "text": "lol, i hope they will soon find out",
        "ts": "1507751779.000012"
    },
    {
        "type": "message",
        "user": "U41M5AAJW",
        "text": "lol",
        "ts": "1507751928.000645"
    },
    {
        "type": "message",
        "user": "U2Q1DP6EQ",
        "text": "cool, komodo now also compiles with gcc 6...",
        "ts": "1507752169.000238"
    },
    {
        "type": "message",
        "user": "U2Q1DP6EQ",
        "text": "will have to stop it for a moment to update komodo, forgot to do it in the first place... sorry",
        "ts": "1507752435.000191"
    },
    {
        "type": "message",
        "user": "U02PH4RHZ",
        "text": "<@U02LQ1WHQ> have you seen bitconnect? :smile:",
        "ts": "1507752494.000552"
    },
    {
        "type": "message",
        "user": "U02LQ1WHQ",
        "text": "saw it on cmc, no idea what it is, a cable connector on the blockchain?",
        "ts": "1507752536.000646"
    },
    {
        "type": "message",
        "user": "U2Q1DP6EQ",
        "text": "back online with updated komodo",
        "ts": "1507753043.000297"
    },
    {
        "type": "message",
        "user": "U02PH4RHZ",
        "text": "it is a ponzi",
        "ts": "1507753198.000335"
    },
    {
        "type": "message",
        "user": "U02PH4RHZ",
        "text": "People trade BTC for bitconnect coins, so they can lend their bitconnect coins to their \"trading bot\" to trade bitcoin. They make about 1% a day",
        "ts": "1507753246.000556"
    },
    {
        "type": "message",
        "user": "U02LQ1WHQ",
        "text": "everyday!",
        "ts": "1507753263.000375"
    },
    {
        "type": "message",
        "user": "U02PH4RHZ",
        "text": "Yes also everything is dominated in USD haha",
        "ts": "1507753276.000535"
    },
    {
        "type": "message",
        "user": "U02LQ1WHQ",
        "text": "why cant the get 10 accounts and make 10% per day?",
        "ts": "1507753282.000086"
    },
    {
        "type": "message",
        "user": "U02PH4RHZ",
        "text": "Whoever came up with this scam is a genius",
        "ts": "1507753285.000316"
    },
    {
        "type": "message",
        "user": "U02PH4RHZ",
        "text": "No that would be silly James the bot can only do about 1% a day",
        "ts": "1507753316.000054"
    },
    {
        "type": "message",
        "user": "U02PH4RHZ",
        "text": "plus the referral bonus up to 5 tiers i think",
        "ts": "1507753335.000426"
    },
    {
        "type": "message",
        "user": "U02PH4RHZ",
        "text": "The funny thing is how many people are shilling this on youtube trying to collect the referral bonus",
        "ts": "1507753420.000058"
    },
    {
        "type": "message",
        "user": "U2Q1DP6EQ",
        "text": "<@U1SJT84KS> we now also have WLC electrumx on both ips on port 50052... i also fixed a problem on one of the servers by downgrading leveldb to an older version",
        "ts": "1507765041.000171",
        "reactions": [
            {
                "name": "+1",
                "users": [
                    "U1SJT84KS"
                ],
                "count": 1
            }
        ]
    },
    {
        "type": "message",
        "user": "U2Q1DP6EQ",
        "text": "and now also a MNZ electrum on port 50053",
        "ts": "1507774689.000124"
    }
]