[
    {
        "type": "message",
        "user": "U02PH4RHZ",
        "text": "<@U7D7K31PB>",
        "ts": "1507190900.000443"
    },
    {
        "user": "U7D7K31PB",
        "text": "<@U7D7K31PB> has joined the channel",
        "type": "message",
        "subtype": "channel_join",
        "ts": "1507190902.000040"
    },
    {
        "type": "message",
        "user": "U02PH4RHZ",
        "text": "James dont bite this one either",
        "ts": "1507190911.000003"
    },
    {
        "type": "message",
        "user": "U02PH4RHZ",
        "text": ":joy:",
        "ts": "1507190924.000335"
    },
    {
        "text": "chuckle",
        "type": "message",
        "subtype": "me_message",
        "user": "U7D7K31PB",
        "ts": "1507190936.000215"
    },
    {
        "type": "message",
        "user": "U02PH4RHZ",
        "text": "<@U7D7K31PB> <@U2Q1DP6EQ> is the main tester",
        "ts": "1507190942.000303"
    },
    {
        "type": "message",
        "user": "U7D7K31PB",
        "text": "Ah ",
        "ts": "1507191006.000026"
    },
    {
        "type": "message",
        "user": "U02PH4RHZ",
        "text": "<@U02LQ1WHQ> is the genius dev, im the joker if i were funny :disappointed:",
        "edited": {
            "user": "U02PH4RHZ",
            "ts": "1507191291.000000"
        },
        "ts": "1507191273.000351"
    },
    {
        "type": "message",
        "user": "U7D7K31PB",
        "text": ":joy: ",
        "ts": "1507191315.000346"
    },
    {
        "type": "message",
        "user": "U02PH4RHZ",
        "text": "<@U2Q1DP6EQ> <http:\/\/173.212.225.176:7783\/api\/stats\/help> is not loading",
        "ts": "1507197939.000003"
    },
    {
        "type": "message",
        "user": "U2Q1DP6EQ",
        "text": "<@U02PH4RHZ> yes, just got home and saw there was an power outage at home and since i started mm with gdb and my session died so did mm... it is unbelievable, living in germany outside of the cities is like living in Somalia or North Korea, Internet is also all crap... i just restarted mm on this server, it works again... now i will spend my evening with fixing things here, i even had to switch routers, i can not login into my usual one, i suppose it is badly f**ked up because of the power outage... could well be i have to reinstall it from scratch... looks like i need my own power plant and my own internet out here in the wild, the germans are not able to do this right... i am pretty pissed off at this moment, so sorry for my language",
        "ts": "1507221527.000238"
    },
    {
        "type": "message",
        "user": "U02LQ1WHQ",
        "text": "<@U5UHJM2K1>",
        "ts": "1507224988.000432"
    },
    {
        "user": "U5UHJM2K1",
        "inviter": "U02LQ1WHQ",
        "text": "<@U5UHJM2K1> has joined the channel",
        "type": "message",
        "subtype": "channel_join",
        "ts": "1507224992.000314"
    },
    {
        "type": "message",
        "user": "U02LQ1WHQ",
        "text": "<@U5UHJM2K1> cipi has added a zillion coins to barterDEX and is the one with the most experience using it",
        "ts": "1507225040.000752"
    },
    {
        "type": "message",
        "user": "U02LQ1WHQ",
        "text": "<@U2Q1DP6EQ> decker made QT wallets for win and osx in recent days and will be helping out with barterDEX",
        "ts": "1507225067.000007"
    },
    {
        "type": "message",
        "user": "U33CGLNNR",
        "text": "<@U5UHJM2K1> thanks for the QT wallet man",
        "ts": "1507225073.000230"
    },
    {
        "type": "message",
        "user": "U33CGLNNR",
        "text": "many were requesting that. now let’s make a Komodo QT",
        "ts": "1507225101.000027"
    },
    {
        "type": "message",
        "user": "U02LQ1WHQ",
        "text": "that is a much harder thing due to protected tx",
        "ts": "1507225145.000250"
    },
    {
        "type": "message",
        "user": "U5UHJM2K1",
        "text": "<@U33CGLNNR> there is exists a some issues with chips qt wallet ... focused on that and learning some things about barterDEX. Not all at once ...",
        "ts": "1507225190.000273"
    },
    {
        "type": "message",
        "user": "U5UHJM2K1",
        "text": "<@U33CGLNNR> you already tries Chips Qt for MacOS? Works fine?",
        "ts": "1507225206.000041"
    },
    {
        "type": "message",
        "user": "U33CGLNNR",
        "text": "I will test tomorrow. Too tired for anything ",
        "ts": "1507225393.000363"
    },
    {
        "type": "message",
        "user": "U33CGLNNR",
        "text": "The Barcelona conference is over finally",
        "ts": "1507225411.000448"
    },
    {
        "type": "message",
        "user": "U02LQ1WHQ",
        "text": "reached full sync, about 40 minutes total",
        "ts": "1507225420.000435"
    },
    {
        "type": "message",
        "user": "U5UHJM2K1",
        "text": "<@U02LQ1WHQ> great ...",
        "ts": "1507225468.000385"
    },
    {
        "type": "message",
        "user": "U02LQ1WHQ",
        "text": "sent myself some chips, displayed unconfirmed immediately, confirmed quickly after",
        "ts": "1507225657.000141"
    },
    {
        "type": "message",
        "user": "U33CGLNNR",
        "text": "im testing now",
        "ts": "1507226238.000165"
    },
    {
        "type": "message",
        "user": "U33CGLNNR",
        "text": "couldn’t resist",
        "ts": "1507226240.000184"
    },
    {
        "type": "message",
        "text": "",
        "files": [
            {
                "id": "F7DH6DW9F",
                "created": 1507226352,
                "timestamp": 1507226352,
                "name": "Screen Shot 2017-10-05 at 7.58.52 PM.png",
                "title": "Screen Shot 2017-10-05 at 7.58.52 PM.png",
                "mimetype": "image\/png",
                "filetype": "png",
                "pretty_type": "PNG",
                "user": "U33CGLNNR",
                "editable": false,
                "size": 213721,
                "mode": "hosted",
                "is_external": false,
                "external_type": "",
                "is_public": true,
                "public_url_shared": false,
                "display_as_bot": false,
                "username": "",
                "url_private": "https:\/\/files.slack.com\/files-pri\/T02LAJBUW-F7DH6DW9F\/screen_shot_2017-10-05_at_7.58.52_pm.png?t=xoxe-2690623982-420508393732-420508393844-55126cc98091fbe0399fac3c66f6ed8e",
                "url_private_download": "https:\/\/files.slack.com\/files-pri\/T02LAJBUW-F7DH6DW9F\/download\/screen_shot_2017-10-05_at_7.58.52_pm.png?t=xoxe-2690623982-420508393732-420508393844-55126cc98091fbe0399fac3c66f6ed8e",
                "thumb_64": "https:\/\/files.slack.com\/files-tmb\/T02LAJBUW-F7DH6DW9F-5503a0d0ec\/screen_shot_2017-10-05_at_7.58.52_pm_64.png?t=xoxe-2690623982-420508393732-420508393844-55126cc98091fbe0399fac3c66f6ed8e",
                "thumb_80": "https:\/\/files.slack.com\/files-tmb\/T02LAJBUW-F7DH6DW9F-5503a0d0ec\/screen_shot_2017-10-05_at_7.58.52_pm_80.png?t=xoxe-2690623982-420508393732-420508393844-55126cc98091fbe0399fac3c66f6ed8e",
                "thumb_360": "https:\/\/files.slack.com\/files-tmb\/T02LAJBUW-F7DH6DW9F-5503a0d0ec\/screen_shot_2017-10-05_at_7.58.52_pm_360.png?t=xoxe-2690623982-420508393732-420508393844-55126cc98091fbe0399fac3c66f6ed8e",
                "thumb_360_w": 360,
                "thumb_360_h": 268,
                "thumb_480": "https:\/\/files.slack.com\/files-tmb\/T02LAJBUW-F7DH6DW9F-5503a0d0ec\/screen_shot_2017-10-05_at_7.58.52_pm_480.png?t=xoxe-2690623982-420508393732-420508393844-55126cc98091fbe0399fac3c66f6ed8e",
                "thumb_480_w": 480,
                "thumb_480_h": 357,
                "thumb_160": "https:\/\/files.slack.com\/files-tmb\/T02LAJBUW-F7DH6DW9F-5503a0d0ec\/screen_shot_2017-10-05_at_7.58.52_pm_160.png?t=xoxe-2690623982-420508393732-420508393844-55126cc98091fbe0399fac3c66f6ed8e",
                "thumb_720": "https:\/\/files.slack.com\/files-tmb\/T02LAJBUW-F7DH6DW9F-5503a0d0ec\/screen_shot_2017-10-05_at_7.58.52_pm_720.png?t=xoxe-2690623982-420508393732-420508393844-55126cc98091fbe0399fac3c66f6ed8e",
                "thumb_720_w": 720,
                "thumb_720_h": 536,
                "thumb_800": "https:\/\/files.slack.com\/files-tmb\/T02LAJBUW-F7DH6DW9F-5503a0d0ec\/screen_shot_2017-10-05_at_7.58.52_pm_800.png?t=xoxe-2690623982-420508393732-420508393844-55126cc98091fbe0399fac3c66f6ed8e",
                "thumb_800_w": 800,
                "thumb_800_h": 596,
                "thumb_960": "https:\/\/files.slack.com\/files-tmb\/T02LAJBUW-F7DH6DW9F-5503a0d0ec\/screen_shot_2017-10-05_at_7.58.52_pm_960.png?t=xoxe-2690623982-420508393732-420508393844-55126cc98091fbe0399fac3c66f6ed8e",
                "thumb_960_w": 960,
                "thumb_960_h": 715,
                "thumb_1024": "https:\/\/files.slack.com\/files-tmb\/T02LAJBUW-F7DH6DW9F-5503a0d0ec\/screen_shot_2017-10-05_at_7.58.52_pm_1024.png?t=xoxe-2690623982-420508393732-420508393844-55126cc98091fbe0399fac3c66f6ed8e",
                "thumb_1024_w": 1024,
                "thumb_1024_h": 762,
                "image_exif_rotation": 1,
                "original_w": 1276,
                "original_h": 950,
                "permalink": "https:\/\/komodo-platform.slack.com\/files\/U33CGLNNR\/F7DH6DW9F\/screen_shot_2017-10-05_at_7.58.52_pm.png",
                "permalink_public": "https:\/\/slack-files.com\/T02LAJBUW-F7DH6DW9F-0b60fa0b3f"
            }
        ],
        "upload": true,
        "user": "U33CGLNNR",
        "display_as_bot": false,
        "ts": "1507226358.000218"
    },
    {
        "type": "message",
        "user": "U02LQ1WHQ",
        "text": "did you use the version with \"fix\" in the name like the post said to do?",
        "ts": "1507226381.000457"
    },
    {
        "type": "message",
        "user": "U0394QTC7",
        "text": "Nice! Will test too",
        "ts": "1507226842.000609"
    },
    {
        "type": "message",
        "text": "",
        "files": [
            {
                "id": "F7DHSGF5X",
                "created": 1507228248,
                "timestamp": 1507228248,
                "name": "Screen Shot 2017-10-05 at 8.30.27 PM.png",
                "title": "Screen Shot 2017-10-05 at 8.30.27 PM.png",
                "mimetype": "image\/png",
                "filetype": "png",
                "pretty_type": "PNG",
                "user": "U33CGLNNR",
                "editable": false,
                "size": 239617,
                "mode": "hosted",
                "is_external": false,
                "external_type": "",
                "is_public": true,
                "public_url_shared": false,
                "display_as_bot": false,
                "username": "",
                "url_private": "https:\/\/files.slack.com\/files-pri\/T02LAJBUW-F7DHSGF5X\/screen_shot_2017-10-05_at_8.30.27_pm.png?t=xoxe-2690623982-420508393732-420508393844-55126cc98091fbe0399fac3c66f6ed8e",
                "url_private_download": "https:\/\/files.slack.com\/files-pri\/T02LAJBUW-F7DHSGF5X\/download\/screen_shot_2017-10-05_at_8.30.27_pm.png?t=xoxe-2690623982-420508393732-420508393844-55126cc98091fbe0399fac3c66f6ed8e",
                "thumb_64": "https:\/\/files.slack.com\/files-tmb\/T02LAJBUW-F7DHSGF5X-c557651fcc\/screen_shot_2017-10-05_at_8.30.27_pm_64.png?t=xoxe-2690623982-420508393732-420508393844-55126cc98091fbe0399fac3c66f6ed8e",
                "thumb_80": "https:\/\/files.slack.com\/files-tmb\/T02LAJBUW-F7DHSGF5X-c557651fcc\/screen_shot_2017-10-05_at_8.30.27_pm_80.png?t=xoxe-2690623982-420508393732-420508393844-55126cc98091fbe0399fac3c66f6ed8e",
                "thumb_360": "https:\/\/files.slack.com\/files-tmb\/T02LAJBUW-F7DHSGF5X-c557651fcc\/screen_shot_2017-10-05_at_8.30.27_pm_360.png?t=xoxe-2690623982-420508393732-420508393844-55126cc98091fbe0399fac3c66f6ed8e",
                "thumb_360_w": 360,
                "thumb_360_h": 226,
                "thumb_480": "https:\/\/files.slack.com\/files-tmb\/T02LAJBUW-F7DHSGF5X-c557651fcc\/screen_shot_2017-10-05_at_8.30.27_pm_480.png?t=xoxe-2690623982-420508393732-420508393844-55126cc98091fbe0399fac3c66f6ed8e",
                "thumb_480_w": 480,
                "thumb_480_h": 302,
                "thumb_160": "https:\/\/files.slack.com\/files-tmb\/T02LAJBUW-F7DHSGF5X-c557651fcc\/screen_shot_2017-10-05_at_8.30.27_pm_160.png?t=xoxe-2690623982-420508393732-420508393844-55126cc98091fbe0399fac3c66f6ed8e",
                "thumb_720": "https:\/\/files.slack.com\/files-tmb\/T02LAJBUW-F7DHSGF5X-c557651fcc\/screen_shot_2017-10-05_at_8.30.27_pm_720.png?t=xoxe-2690623982-420508393732-420508393844-55126cc98091fbe0399fac3c66f6ed8e",
                "thumb_720_w": 720,
                "thumb_720_h": 453,
                "thumb_800": "https:\/\/files.slack.com\/files-tmb\/T02LAJBUW-F7DHSGF5X-c557651fcc\/screen_shot_2017-10-05_at_8.30.27_pm_800.png?t=xoxe-2690623982-420508393732-420508393844-55126cc98091fbe0399fac3c66f6ed8e",
                "thumb_800_w": 800,
                "thumb_800_h": 503,
                "thumb_960": "https:\/\/files.slack.com\/files-tmb\/T02LAJBUW-F7DHSGF5X-c557651fcc\/screen_shot_2017-10-05_at_8.30.27_pm_960.png?t=xoxe-2690623982-420508393732-420508393844-55126cc98091fbe0399fac3c66f6ed8e",
                "thumb_960_w": 960,
                "thumb_960_h": 604,
                "thumb_1024": "https:\/\/files.slack.com\/files-tmb\/T02LAJBUW-F7DHSGF5X-c557651fcc\/screen_shot_2017-10-05_at_8.30.27_pm_1024.png?t=xoxe-2690623982-420508393732-420508393844-55126cc98091fbe0399fac3c66f6ed8e",
                "thumb_1024_w": 1024,
                "thumb_1024_h": 644,
                "image_exif_rotation": 1,
                "original_w": 1784,
                "original_h": 1122,
                "permalink": "https:\/\/komodo-platform.slack.com\/files\/U33CGLNNR\/F7DHSGF5X\/screen_shot_2017-10-05_at_8.30.27_pm.png",
                "permalink_public": "https:\/\/slack-files.com\/T02LAJBUW-F7DHSGF5X-9ca418abad"
            }
        ],
        "upload": true,
        "user": "U33CGLNNR",
        "display_as_bot": false,
        "ts": "1507228252.000236"
    },
    {
        "type": "message",
        "user": "U33CGLNNR",
        "text": "it’s synching now that i added the conf",
        "ts": "1507228354.000196"
    },
    {
        "type": "message",
        "user": "U5UHJM2K1",
        "text": "<@U33CGLNNR> perfect ... open the debug console and type the following:\n\naddnode \"5.9.253.195\" \"add\"",
        "ts": "1507228361.000532"
    },
    {
        "type": "message",
        "user": "U5UHJM2K1",
        "text": "I'm late )",
        "ts": "1507228371.000175"
    },
    {
        "type": "message",
        "user": "U5UHJM2K1",
        "text": "In next releases this should fixed ... i'm working on it.",
        "ts": "1507228386.000374"
    },
    {
        "type": "message",
        "user": "U33CGLNNR",
        "text": "it synched in about 5 minutes",
        "ts": "1507228445.000048"
    },
    {
        "type": "message",
        "user": "U5UHJM2K1",
        "text": "Don't see on progress per hour and estimated time left fields. It's still incorrect. Progress % you can determine on \"Number of blocks left\".",
        "ts": "1507228463.000060"
    },
    {
        "type": "message",
        "user": "U5UHJM2K1",
        "text": "So, first .dmg package without \"fix\" in a name - don't work. All users used second, with \"fix\". Right?",
        "ts": "1507228515.000117"
    },
    {
        "type": "message",
        "user": "U33CGLNNR",
        "text": "actually yes",
        "ts": "1507228669.000358"
    },
    {
        "type": "message",
        "user": "U33CGLNNR",
        "text": "never mind it says 100% but still synching",
        "ts": "1507228679.000022"
    },
    {
        "type": "message",
        "text": "",
        "files": [
            {
                "id": "F7E7U22MT",
                "created": 1507228710,
                "timestamp": 1507228710,
                "name": "Screen Shot 2017-10-05 at 8.38.09 PM.png",
                "title": "Screen Shot 2017-10-05 at 8.38.09 PM.png",
                "mimetype": "image\/png",
                "filetype": "png",
                "pretty_type": "PNG",
                "user": "U33CGLNNR",
                "editable": false,
                "size": 207264,
                "mode": "hosted",
                "is_external": false,
                "external_type": "",
                "is_public": true,
                "public_url_shared": false,
                "display_as_bot": false,
                "username": "",
                "url_private": "https:\/\/files.slack.com\/files-pri\/T02LAJBUW-F7E7U22MT\/screen_shot_2017-10-05_at_8.38.09_pm.png?t=xoxe-2690623982-420508393732-420508393844-55126cc98091fbe0399fac3c66f6ed8e",
                "url_private_download": "https:\/\/files.slack.com\/files-pri\/T02LAJBUW-F7E7U22MT\/download\/screen_shot_2017-10-05_at_8.38.09_pm.png?t=xoxe-2690623982-420508393732-420508393844-55126cc98091fbe0399fac3c66f6ed8e",
                "thumb_64": "https:\/\/files.slack.com\/files-tmb\/T02LAJBUW-F7E7U22MT-d372156900\/screen_shot_2017-10-05_at_8.38.09_pm_64.png?t=xoxe-2690623982-420508393732-420508393844-55126cc98091fbe0399fac3c66f6ed8e",
                "thumb_80": "https:\/\/files.slack.com\/files-tmb\/T02LAJBUW-F7E7U22MT-d372156900\/screen_shot_2017-10-05_at_8.38.09_pm_80.png?t=xoxe-2690623982-420508393732-420508393844-55126cc98091fbe0399fac3c66f6ed8e",
                "thumb_360": "https:\/\/files.slack.com\/files-tmb\/T02LAJBUW-F7E7U22MT-d372156900\/screen_shot_2017-10-05_at_8.38.09_pm_360.png?t=xoxe-2690623982-420508393732-420508393844-55126cc98091fbe0399fac3c66f6ed8e",
                "thumb_360_w": 360,
                "thumb_360_h": 251,
                "thumb_480": "https:\/\/files.slack.com\/files-tmb\/T02LAJBUW-F7E7U22MT-d372156900\/screen_shot_2017-10-05_at_8.38.09_pm_480.png?t=xoxe-2690623982-420508393732-420508393844-55126cc98091fbe0399fac3c66f6ed8e",
                "thumb_480_w": 480,
                "thumb_480_h": 335,
                "thumb_160": "https:\/\/files.slack.com\/files-tmb\/T02LAJBUW-F7E7U22MT-d372156900\/screen_shot_2017-10-05_at_8.38.09_pm_160.png?t=xoxe-2690623982-420508393732-420508393844-55126cc98091fbe0399fac3c66f6ed8e",
                "thumb_720": "https:\/\/files.slack.com\/files-tmb\/T02LAJBUW-F7E7U22MT-d372156900\/screen_shot_2017-10-05_at_8.38.09_pm_720.png?t=xoxe-2690623982-420508393732-420508393844-55126cc98091fbe0399fac3c66f6ed8e",
                "thumb_720_w": 720,
                "thumb_720_h": 503,
                "thumb_800": "https:\/\/files.slack.com\/files-tmb\/T02LAJBUW-F7E7U22MT-d372156900\/screen_shot_2017-10-05_at_8.38.09_pm_800.png?t=xoxe-2690623982-420508393732-420508393844-55126cc98091fbe0399fac3c66f6ed8e",
                "thumb_800_w": 800,
                "thumb_800_h": 558,
                "thumb_960": "https:\/\/files.slack.com\/files-tmb\/T02LAJBUW-F7E7U22MT-d372156900\/screen_shot_2017-10-05_at_8.38.09_pm_960.png?t=xoxe-2690623982-420508393732-420508393844-55126cc98091fbe0399fac3c66f6ed8e",
                "thumb_960_w": 960,
                "thumb_960_h": 670,
                "thumb_1024": "https:\/\/files.slack.com\/files-tmb\/T02LAJBUW-F7E7U22MT-d372156900\/screen_shot_2017-10-05_at_8.38.09_pm_1024.png?t=xoxe-2690623982-420508393732-420508393844-55126cc98091fbe0399fac3c66f6ed8e",
                "thumb_1024_w": 1024,
                "thumb_1024_h": 715,
                "image_exif_rotation": 1,
                "original_w": 1782,
                "original_h": 1244,
                "permalink": "https:\/\/komodo-platform.slack.com\/files\/U33CGLNNR\/F7E7U22MT\/screen_shot_2017-10-05_at_8.38.09_pm.png",
                "permalink_public": "https:\/\/slack-files.com\/T02LAJBUW-F7E7U22MT-5e80af5213"
            }
        ],
        "upload": true,
        "user": "U33CGLNNR",
        "display_as_bot": false,
        "ts": "1507228713.000538"
    },
    {
        "type": "message",
        "user": "U5UHJM2K1",
        "text": "Yep. Looks on \"blocks left\" field ... When it shows 0 - sync will completed.",
        "ts": "1507228745.000359"
    },
    {
        "type": "message",
        "user": "U5UHJM2K1",
        "text": "I'm already tested send \/ receive coins. Seems all fine.",
        "ts": "1507228783.000674"
    },
    {
        "type": "message",
        "user": "U33CGLNNR",
        "text": "I'll text that later after I get some grub",
        "ts": "1507229486.000076"
    },
    {
        "type": "message",
        "user": "U2Q1DP6EQ",
        "text": "yeah, back online",
        "ts": "1507246689.000003",
        "reactions": [
            {
                "name": "beers",
                "users": [
                    "U047X3GAM",
                    "U030L14Q0"
                ],
                "count": 2
            }
        ]
    },
    {
        "type": "message",
        "user": "U2Q1DP6EQ",
        "text": "and tried to swap a new coin but i stumbled upon the same problem as yesterday and it is not electrum-related, it seems\n`curl --url \"<http:\/\/127.0.0.1:7783>\" --data \"{\\\"userpass\\\":\\\"$userpass\\\",\\\"method\\\":\\\"buy\\\",\\\"base\\\":\\\"MAGA\\\",\\\"rel\\\":\\\"KMD\\\",\\\"relvolume\\\":1,\\\"price\\\":0.11}\"`\nshows me this on alice\n`LP_autobuy MAGA\/KMD price 0.11000000 vol 1.00000000`\n`LP_txfees(0.00100000 0.00010000)`\n`LP_txfees(0.00100000 0.00010000)`\n`LP_buyutxo maxprice 0.11011000 relvol 1.00020000 MAGA\/KMD 0.00100000 0.00010000`\n`[0\/1 {\"coin\":\"MAGA\",\"address\":\"AdQoxJG7g7PEZAVWtGEg7Q7HTEZJ4iowVJ\",\"price\":0.09000000,\"numutxos\":2,\"minvolume\":0.90000000,\"maxvolume\":1.08000000,\"pubkey\":\"3d0efe5aaba2ea9cf093054d5cc88fcf15accb5ddf71ee626387553655806768\",\"age\":33} pubcmp -1 price 0.09000000 vs maxprice 0.11011000`\n`no unspents MAGA AdQoxJG7g7PEZAVWtGEg7Q7HTEZJ4iowVJ 3d0efe5aaba2ea9cf093054d5cc88fcf15accb5ddf71ee626387553655806768`\n`bestutxo.(nil) ordermatchprice 0.00000000 bestdestsatoshis 0.00000000`\nbut a listunspent call on the same node like this\n`curl --url \"<http:\/\/127.0.0.1:7783>\" --data \"{\\\"userpass\\\":\\\"$userpass\\\",\\\"method\\\":\\\"listunspent\\\",\\\"coin\\\":\\\"MAGA\\\",\\\"address\\\":\\\"AdQoxJG7g7PEZAVWtGEg7Q7HTEZJ4iowVJ\\\"}\"`\nshows me this\n`[{\"tx_hash\":\"f3b2d3727ec8d0279561c1dadbf5309cfca56f386ca5cdafa955b48a6304c08f\",\"tx_pos\":0,\"height\":57667,\"value\":\"1000000000\"}, {\"tx_hash\":\"6807ccc71e34f999ad7c70f7b3215bc1838344058eca00ba4a530e9824fbc392\",\"tx_pos\":0,\"height\":57667,\"value\":\"1200000000\"}]`",
        "ts": "1507247044.000014"
    },
    {
        "type": "message",
        "user": "U2Q1DP6EQ",
        "text": "this MAGA-thing is running native",
        "ts": "1507247153.000121"
    },
    {
        "type": "message",
        "user": "U2Q1DP6EQ",
        "text": "hmmm, i saw alice loosing her inventory... KMD was simply empty. After a restart is was back. Seems to happen after a swap is done, but not sure.",
        "ts": "1507250994.000019"
    },
    {
        "type": "message",
        "user": "U2Q1DP6EQ",
        "text": "some clients are doing strange things with the REVS electrumx server, this message is in the logs and comes very often",
        "ts": "1507253787.000130"
    },
    {
        "type": "message",
        "user": "U2Q1DP6EQ",
        "text": "ERROR:Daemon:Traceback (most recent call last):\n  File \"\/usr\/local\/lib\/python3.5\/dist-packages\/electrumx-1.1.1-py3.5.egg\/server\/daemon.py\", line 127, in _send\n    result = await self._send_data(data)\n  File \"\/usr\/local\/lib\/python3.5\/dist-packages\/electrumx-1.1.1-py3.5.egg\/server\/daemon.py\", line 101, in _send_data\n    return await resp.json()\n  File \"\/usr\/local\/lib\/python3.5\/dist-packages\/aiohttp-2.2.5-py3.5-linux-x86_64.egg\/aiohttp\/client_reqrep.py\", line 730, in json\n    headers=self.headers)\naiohttp.client_exceptions.ClientResponseError: 0, message='Attempt to decode JSON with unexpected mimetype: text\/html; charset=iso-8859-1'",
        "ts": "1507253789.000009"
    },
    {
        "type": "message",
        "user": "U2Q1DP6EQ",
        "text": "turned out it was electrum-server himself hammering REVS with request resulting in \"ThreadRPCServer incorrect password attempt from 127.0.0.1\" in the daemon... wtf? i didn't changed anything... out of nowhere electrum decided it could be a good idea to start sending wrong data to the daemon... better i go to bed now...",
        "ts": "1507255350.000115",
        "reactions": [
            {
                "name": "joy",
                "users": [
                    "U1SJT84KS"
                ],
                "count": 1
            }
        ]
    },
    {
        "type": "message",
        "user": "U6Y8LSAGH",
        "text": "lmao BarterDEX will have MAGA coin?",
        "ts": "1507259553.000027"
    },
    {
        "type": "message",
        "user": "U5Z26MP60",
        "text": "Those guys are soo excited about it. I told them lol. If barterdex takes off MAGA to moon lol.",
        "ts": "1507260280.000045"
    },
    {
        "type": "message",
        "user": "U6Y8LSAGH",
        "text": "holy shit where can I trade that right now? I would die laughing",
        "ts": "1507261397.000022"
    },
    {
        "type": "message",
        "user": "U6Y8LSAGH",
        "text": "DM",
        "ts": "1507261406.000094"
    },
    {
        "type": "message",
        "user": "U34RJ030D",
        "text": "make america great again - MAGA ?",
        "ts": "1507261541.000113"
    },
    {
        "type": "message",
        "user": "U34RJ030D",
        "text": "lol",
        "ts": "1507261542.000025"
    },
    {
        "type": "message",
        "user": "U5Z26MP60",
        "text": "yeah.. its a clone of litecoin.",
        "ts": "1507261555.000070"
    },
    {
        "type": "message",
        "user": "U5Z26MP60",
        "text": "They changed blockchain to brick wall. Its fucking hilarious",
        "ts": "1507261567.000077"
    },
    {
        "type": "message",
        "user": "U5Z26MP60",
        "text": "I was gonna mine heaps early on, but thaught it was just a shit coin. Its really taken off tho, I think its worth 20sat atm lol.",
        "ts": "1507261613.000154"
    },
    {
        "type": "message",
        "user": "U34RJ030D",
        "text": "we will see how much will barterdex announcement affect their price.",
        "ts": "1507261762.000099"
    },
    {
        "type": "message",
        "user": "U34RJ030D",
        "text": "it affected BATA price for a bit.",
        "edited": {
            "user": "U34RJ030D",
            "ts": "1507261797.000000"
        },
        "ts": "1507261781.000156"
    }
]