[
    {
        "type": "message",
        "user": "U03SKEFEL",
        "text": "chart is not set to change or refresh on change coin",
        "ts": "1512201619.000055"
    },
    {
        "type": "message",
        "user": "U03SKEFEL",
        "text": "it is not a bug, it's yet to be done part",
        "ts": "1512201642.000013",
        "reactions": [
            {
                "name": "+1",
                "users": [
                    "U4Y5ER7NV"
                ],
                "count": 1
            }
        ]
    },
    {
        "type": "message",
        "user": "U5VUWSR0D",
        "text": "`ERROR.({\"method\":\"zeroconf_claim\",\"address\":\"bUVhXqd7W4433AowsJ77bdBoGok72iY9Ji\",\"expiration\":1512201600})`",
        "ts": "1512202929.000033"
    },
    {
        "type": "message",
        "text": "",
        "files": [
            {
                "id": "F88MVSGLA",
                "created": 1512202968,
                "timestamp": 1512202968,
                "name": "Pasted image at 2017_12_02 09_22 AM.png",
                "title": "Pasted image at 2017-12-02, 9:22 AM",
                "mimetype": "image\/png",
                "filetype": "png",
                "pretty_type": "PNG",
                "user": "U5VUWSR0D",
                "editable": false,
                "size": 28435,
                "mode": "hosted",
                "is_external": false,
                "external_type": "",
                "is_public": true,
                "public_url_shared": false,
                "display_as_bot": false,
                "username": "",
                "url_private": "https:\/\/files.slack.com\/files-pri\/T02LAJBUW-F88MVSGLA\/pasted_image_at_2017_12_02_09_22_am.png?t=xoxe-2690623982-420508393732-420508393844-55126cc98091fbe0399fac3c66f6ed8e",
                "url_private_download": "https:\/\/files.slack.com\/files-pri\/T02LAJBUW-F88MVSGLA\/download\/pasted_image_at_2017_12_02_09_22_am.png?t=xoxe-2690623982-420508393732-420508393844-55126cc98091fbe0399fac3c66f6ed8e",
                "thumb_64": "https:\/\/files.slack.com\/files-tmb\/T02LAJBUW-F88MVSGLA-a12e18d901\/pasted_image_at_2017_12_02_09_22_am_64.png?t=xoxe-2690623982-420508393732-420508393844-55126cc98091fbe0399fac3c66f6ed8e",
                "thumb_80": "https:\/\/files.slack.com\/files-tmb\/T02LAJBUW-F88MVSGLA-a12e18d901\/pasted_image_at_2017_12_02_09_22_am_80.png?t=xoxe-2690623982-420508393732-420508393844-55126cc98091fbe0399fac3c66f6ed8e",
                "thumb_360": "https:\/\/files.slack.com\/files-tmb\/T02LAJBUW-F88MVSGLA-a12e18d901\/pasted_image_at_2017_12_02_09_22_am_360.png?t=xoxe-2690623982-420508393732-420508393844-55126cc98091fbe0399fac3c66f6ed8e",
                "thumb_360_w": 360,
                "thumb_360_h": 69,
                "thumb_480": "https:\/\/files.slack.com\/files-tmb\/T02LAJBUW-F88MVSGLA-a12e18d901\/pasted_image_at_2017_12_02_09_22_am_480.png?t=xoxe-2690623982-420508393732-420508393844-55126cc98091fbe0399fac3c66f6ed8e",
                "thumb_480_w": 480,
                "thumb_480_h": 92,
                "thumb_160": "https:\/\/files.slack.com\/files-tmb\/T02LAJBUW-F88MVSGLA-a12e18d901\/pasted_image_at_2017_12_02_09_22_am_160.png?t=xoxe-2690623982-420508393732-420508393844-55126cc98091fbe0399fac3c66f6ed8e",
                "thumb_720": "https:\/\/files.slack.com\/files-tmb\/T02LAJBUW-F88MVSGLA-a12e18d901\/pasted_image_at_2017_12_02_09_22_am_720.png?t=xoxe-2690623982-420508393732-420508393844-55126cc98091fbe0399fac3c66f6ed8e",
                "thumb_720_w": 720,
                "thumb_720_h": 139,
                "thumb_800": "https:\/\/files.slack.com\/files-tmb\/T02LAJBUW-F88MVSGLA-a12e18d901\/pasted_image_at_2017_12_02_09_22_am_800.png?t=xoxe-2690623982-420508393732-420508393844-55126cc98091fbe0399fac3c66f6ed8e",
                "thumb_800_w": 800,
                "thumb_800_h": 154,
                "image_exif_rotation": 1,
                "original_w": 893,
                "original_h": 172,
                "permalink": "https:\/\/komodo-platform.slack.com\/files\/U5VUWSR0D\/F88MVSGLA\/pasted_image_at_2017_12_02_09_22_am.png",
                "permalink_public": "https:\/\/slack-files.com\/T02LAJBUW-F88MVSGLA-87fd18cf95"
            }
        ],
        "upload": true,
        "user": "U5VUWSR0D",
        "display_as_bot": false,
        "ts": "1512202970.000012"
    },
    {
        "type": "message",
        "user": "U03SKEFEL",
        "text": "you are using old GUI",
        "ts": "1512202992.000012"
    },
    {
        "type": "message",
        "user": "U03SKEFEL",
        "text": "told you you will need updated gui from git pull",
        "ts": "1512203012.000053"
    },
    {
        "type": "message",
        "user": "U03SKEFEL",
        "text": "and that yet to add claim button. updating",
        "ts": "1512203040.000083"
    },
    {
        "type": "message",
        "user": "U5VUWSR0D",
        "text": "ok changed to v0.7 now sorry",
        "ts": "1512203304.000060"
    },
    {
        "type": "message",
        "user": "U5VUWSR0D",
        "text": "is there a toggle see \/ hide  the charts?",
        "ts": "1512203373.000010"
    },
    {
        "type": "message",
        "user": "U03SKEFEL",
        "text": "charts is not touched to update yet. it's as is as it was released.",
        "ts": "1512203571.000050"
    },
    {
        "type": "message",
        "text": "Just doing some R&amp;D",
        "files": [
            {
                "id": "F89Q4U8A3",
                "created": 1512204633,
                "timestamp": 1512204633,
                "name": "Screenshot_20171202-034938.png",
                "title": "Screenshot_20171202-034938.png",
                "mimetype": "image\/png",
                "filetype": "png",
                "pretty_type": "PNG",
                "user": "U63EZ8ZS8",
                "editable": false,
                "size": 433733,
                "mode": "hosted",
                "is_external": false,
                "external_type": "",
                "is_public": true,
                "public_url_shared": false,
                "display_as_bot": false,
                "username": "",
                "url_private": "https:\/\/files.slack.com\/files-pri\/T02LAJBUW-F89Q4U8A3\/screenshot_20171202-034938.png?t=xoxe-2690623982-420508393732-420508393844-55126cc98091fbe0399fac3c66f6ed8e",
                "url_private_download": "https:\/\/files.slack.com\/files-pri\/T02LAJBUW-F89Q4U8A3\/download\/screenshot_20171202-034938.png?t=xoxe-2690623982-420508393732-420508393844-55126cc98091fbe0399fac3c66f6ed8e",
                "thumb_64": "https:\/\/files.slack.com\/files-tmb\/T02LAJBUW-F89Q4U8A3-90999b74da\/screenshot_20171202-034938_64.png?t=xoxe-2690623982-420508393732-420508393844-55126cc98091fbe0399fac3c66f6ed8e",
                "thumb_80": "https:\/\/files.slack.com\/files-tmb\/T02LAJBUW-F89Q4U8A3-90999b74da\/screenshot_20171202-034938_80.png?t=xoxe-2690623982-420508393732-420508393844-55126cc98091fbe0399fac3c66f6ed8e",
                "thumb_360": "https:\/\/files.slack.com\/files-tmb\/T02LAJBUW-F89Q4U8A3-90999b74da\/screenshot_20171202-034938_360.png?t=xoxe-2690623982-420508393732-420508393844-55126cc98091fbe0399fac3c66f6ed8e",
                "thumb_360_w": 360,
                "thumb_360_h": 175,
                "thumb_480": "https:\/\/files.slack.com\/files-tmb\/T02LAJBUW-F89Q4U8A3-90999b74da\/screenshot_20171202-034938_480.png?t=xoxe-2690623982-420508393732-420508393844-55126cc98091fbe0399fac3c66f6ed8e",
                "thumb_480_w": 480,
                "thumb_480_h": 234,
                "thumb_160": "https:\/\/files.slack.com\/files-tmb\/T02LAJBUW-F89Q4U8A3-90999b74da\/screenshot_20171202-034938_160.png?t=xoxe-2690623982-420508393732-420508393844-55126cc98091fbe0399fac3c66f6ed8e",
                "thumb_720": "https:\/\/files.slack.com\/files-tmb\/T02LAJBUW-F89Q4U8A3-90999b74da\/screenshot_20171202-034938_720.png?t=xoxe-2690623982-420508393732-420508393844-55126cc98091fbe0399fac3c66f6ed8e",
                "thumb_720_w": 720,
                "thumb_720_h": 350,
                "thumb_800": "https:\/\/files.slack.com\/files-tmb\/T02LAJBUW-F89Q4U8A3-90999b74da\/screenshot_20171202-034938_800.png?t=xoxe-2690623982-420508393732-420508393844-55126cc98091fbe0399fac3c66f6ed8e",
                "thumb_800_w": 800,
                "thumb_800_h": 389,
                "thumb_960": "https:\/\/files.slack.com\/files-tmb\/T02LAJBUW-F89Q4U8A3-90999b74da\/screenshot_20171202-034938_960.png?t=xoxe-2690623982-420508393732-420508393844-55126cc98091fbe0399fac3c66f6ed8e",
                "thumb_960_w": 960,
                "thumb_960_h": 467,
                "thumb_1024": "https:\/\/files.slack.com\/files-tmb\/T02LAJBUW-F89Q4U8A3-90999b74da\/screenshot_20171202-034938_1024.png?t=xoxe-2690623982-420508393732-420508393844-55126cc98091fbe0399fac3c66f6ed8e",
                "thumb_1024_w": 1024,
                "thumb_1024_h": 498,
                "image_exif_rotation": 1,
                "original_w": 2220,
                "original_h": 1080,
                "permalink": "https:\/\/komodo-platform.slack.com\/files\/U63EZ8ZS8\/F89Q4U8A3\/screenshot_20171202-034938.png",
                "permalink_public": "https:\/\/slack-files.com\/T02LAJBUW-F89Q4U8A3-b5a298eaa2"
            }
        ],
        "upload": true,
        "user": "U63EZ8ZS8",
        "display_as_bot": false,
        "ts": "1512204636.000042"
    },
    {
        "type": "message",
        "user": "U02QSHX81",
        "text": "Cool. :slightly_smiling_face:",
        "thread_ts": "1512156326.000385",
        "parent_user_id": "U02QSHX81",
        "ts": "1512207606.000036"
    },
    {
        "type": "message",
        "text": "getting these errors in latest mm for MacOSX",
        "files": [
            {
                "id": "F88NAJUBU",
                "created": 1512212084,
                "timestamp": 1512212084,
                "name": "-.js",
                "title": "Untitled",
                "mimetype": "text\/plain",
                "filetype": "javascript",
                "pretty_type": "JavaScript\/JSON",
                "user": "U7XJFL0Q4",
                "editable": true,
                "size": 275,
                "mode": "snippet",
                "is_external": false,
                "external_type": "",
                "is_public": true,
                "public_url_shared": false,
                "display_as_bot": false,
                "username": "",
                "url_private": "https:\/\/files.slack.com\/files-pri\/T02LAJBUW-F88NAJUBU\/-.js?t=xoxe-2690623982-420508393732-420508393844-55126cc98091fbe0399fac3c66f6ed8e",
                "url_private_download": "https:\/\/files.slack.com\/files-pri\/T02LAJBUW-F88NAJUBU\/download\/-.js?t=xoxe-2690623982-420508393732-420508393844-55126cc98091fbe0399fac3c66f6ed8e",
                "permalink": "https:\/\/komodo-platform.slack.com\/files\/U7XJFL0Q4\/F88NAJUBU\/-.js",
                "permalink_public": "https:\/\/slack-files.com\/T02LAJBUW-F88NAJUBU-f3eac4ae03",
                "edit_link": "https:\/\/komodo-platform.slack.com\/files\/U7XJFL0Q4\/F88NAJUBU\/-.js\/edit",
                "preview": "couldnt open (DB\/instantdex.json)\r\ncouldnt open (DB\/instantdex.json)\r\ncouldnt open (DB\/instantdex.json)\r\nmarketmaker(31924,0x7000028db000) malloc: *** error for object 0x3000000000000: pointer being freed was not allocated\r\n*** set a breakpoint in malloc_error_break to debug",
                "preview_highlight": "<div class=\"CodeMirror cm-s-default CodeMirrorServer\" oncopy=\"if(event.clipboardData){event.clipboardData.setData('text\/plain',window.getSelection().toString().replace(\/\\u200b\/g,''));event.preventDefault();event.stopPropagation();}\">\n<div class=\"CodeMirror-code\">\n<div><pre><span class=\"cm-variable\">couldnt<\/span> <span class=\"cm-variable\">open<\/span> (<span class=\"cm-variable\">DB<\/span><span class=\"cm-operator\">\/<\/span><span class=\"cm-variable\">instantdex<\/span>.<span class=\"cm-property\">json<\/span>)<\/pre><\/div>\n<div><pre><span class=\"cm-variable\">couldnt<\/span> <span class=\"cm-variable\">open<\/span> (<span class=\"cm-variable\">DB<\/span><span class=\"cm-operator\">\/<\/span><span class=\"cm-variable\">instantdex<\/span>.<span class=\"cm-property\">json<\/span>)<\/pre><\/div>\n<div><pre><span class=\"cm-variable\">couldnt<\/span> <span class=\"cm-variable\">open<\/span> (<span class=\"cm-variable\">DB<\/span><span class=\"cm-operator\">\/<\/span><span class=\"cm-variable\">instantdex<\/span>.<span class=\"cm-property\">json<\/span>)<\/pre><\/div>\n<div><pre><span class=\"cm-variable\">marketmaker<\/span>(<span class=\"cm-number\">31924<\/span>,<span class=\"cm-number\">0x7000028db000<\/span>) <span class=\"cm-variable\">malloc<\/span>: <span class=\"cm-operator\">***<\/span> <span class=\"cm-variable\">error<\/span> <span class=\"cm-keyword\">for<\/span> <span class=\"cm-variable\">object<\/span> <span class=\"cm-number\">0x3000000000000<\/span>: <span class=\"cm-variable\">pointer<\/span> <span class=\"cm-variable\">being<\/span> <span class=\"cm-variable\">freed<\/span> <span class=\"cm-variable\">was<\/span> <span class=\"cm-variable\">not<\/span> <span class=\"cm-variable\">allocated<\/span><\/pre><\/div>\n<div><pre><span class=\"cm-operator\">***<\/span> <span class=\"cm-variable\">set<\/span> <span class=\"cm-variable\">a<\/span> <span class=\"cm-variable\">breakpoint<\/span> <span class=\"cm-keyword\">in<\/span> <span class=\"cm-variable\">malloc_error_break<\/span> <span class=\"cm-variable\">to<\/span> <span class=\"cm-variable\">debug<\/span><\/pre><\/div>\n<\/div>\n<\/div>\n",
                "lines": 5,
                "lines_more": 0,
                "preview_is_truncated": false
            }
        ],
        "upload": true,
        "user": "U7XJFL0Q4",
        "display_as_bot": false,
        "ts": "1512212085.000012"
    },
    {
        "type": "message",
        "user": "U7XJFL0Q4",
        "text": "latest pull from BarterDEX-Simple v0.7 branch",
        "ts": "1512212132.000055"
    },
    {
        "type": "message",
        "user": "U02QSHX81",
        "text": "<@U7XJFL0Q4> check if the file is created there",
        "ts": "1512212171.000019"
    },
    {
        "type": "message",
        "user": "U7XJFL0Q4",
        "text": "no `instantdex.json` is not being created",
        "ts": "1512212215.000019"
    },
    {
        "type": "message",
        "user": "U02QSHX81",
        "text": "if not, create a new file `DB\/instantdex.json` and put there the txid of the instantdex_deposit you sent",
        "ts": "1512212226.000070"
    },
    {
        "type": "message",
        "user": "U7XJFL0Q4",
        "text": "ok",
        "ts": "1512212243.000027"
    },
    {
        "type": "message",
        "user": "U02QSHX81",
        "text": "`[\"0604d11bad3ce44c5070c3d11dfc966b8a76be23b9526dcc072bc191db1707a8\"`",
        "ts": "1512212290.000027"
    },
    {
        "type": "message",
        "user": "U02QSHX81",
        "text": "content of the file. replace with your txid",
        "ts": "1512212310.000041"
    },
    {
        "type": "message",
        "user": "U7XJFL0Q4",
        "text": "looks like MNZ chain had no new blocks in a while, is anyone mining it?",
        "ts": "1512214412.000010"
    },
    {
        "type": "message",
        "user": "U4PNWF8Q5",
        "text": "1. I had 10 KMDs in security deposit for speed mode.\n2. I can not see speed mode deposit history with OTHER pc.\nQ1. Still ok to trade in speed mode with other pc?\nQ2. Can i get speed mode deposit history or any flag that I have some in speed mode in another pc?",
        "ts": "1512215251.000065"
    },
    {
        "type": "message",
        "user": "U03SKEFEL",
        "text": "2. the history is stored in a log file on the computer where you made that deposit.",
        "ts": "1512215304.000022"
    },
    {
        "type": "message",
        "user": "U6MTBP2QK",
        "text": "```$ komodo-cli -ac_name=MNZ getmempoolinfo\n{\n  \"size\": 0,\n  \"bytes\": 0,\n  \"usage\": 0\n}\n```",
        "attachments": [
            {
                "fallback": "[December 2nd, 2017 5:33 AM] rentodev: looks like MNZ chain had no new blocks in a while, is anyone mining it?",
                "ts": "1512214412.000010",
                "author_id": "U7XJFL0Q4",
                "author_subname": "Rento",
                "channel_id": "C0MN08277",
                "channel_name": "tradebots",
                "is_msg_unfurl": true,
                "text": "looks like MNZ chain had no new blocks in a while, is anyone mining it?",
                "author_name": "Rento",
                "author_link": "https:\/\/sprnt.slack.com\/team\/U7XJFL0Q4",
                "author_icon": "https:\/\/avatars.slack-edge.com\/2017-11-09\/269792744085_56dd38cb109df5bf2634_48.jpg",
                "mrkdwn_in": [
                    "text"
                ],
                "color": "D0D0D0",
                "from_url": "https:\/\/sprnt.slack.com\/archives\/C0MN08277\/p1512214412000010",
                "is_share": true,
                "footer": "Posted in #tradebots"
            }
        ],
        "ts": "1512215964.000025"
    },
    {
        "type": "message",
        "user": "U81ULJD8A",
        "text": "I updated to the new release, v0.7.1 and noticed that my KMD adress is changed.\nOld adress: RKBHoig9xZjkEAmor9qoEPTAzRBFXyPjd5",
        "ts": "1512217223.000068"
    },
    {
        "type": "message",
        "user": "U81ULJD8A",
        "text": "new: RKBHoig9xZjkEAmor9qoEPTAzRBFXyPjd5",
        "ts": "1512217234.000046"
    },
    {
        "type": "message",
        "user": "U81ULJD8A",
        "text": "I mean new :RDKvK8UK8mm7UAjaau3YET3qTGDfZxGXbr",
        "ts": "1512217266.000081"
    },
    {
        "type": "message",
        "user": "U02QSHX81",
        "text": "you entered wrong passphrase",
        "ts": "1512217282.000006"
    },
    {
        "type": "message",
        "user": "U02QSHX81",
        "text": "same passphrase will always show you the same address",
        "ts": "1512217304.000075"
    },
    {
        "type": "message",
        "user": "U81ULJD8A",
        "text": ":open_mouth: indeed, sry mistyped myself",
        "ts": "1512217396.000007"
    },
    {
        "type": "message",
        "user": "U5ZSN6UAJ",
        "text": "I've updated the Yoututbe channel for the Komodo Walkthrough videos. The next video could be right before the Monaize dICO, to show user how to take part with ease. To do and edit a video I need around 2 days, like my last video I did to show the atomic swap and that was posted on <https:\/\/twitter.com\/barterdex> .",
        "attachments": [
            {
                "title": "BarterDEX (@BarterDex) | Twitter",
                "title_link": "https:\/\/twitter.com\/barterdex",
                "text": "The latest Tweets from BarterDEX (@BarterDex). Decentralized Exchange for Cryptocurrencies by Komodo Platform",
                "fallback": "BarterDEX (@BarterDex) | Twitter",
                "from_url": "https:\/\/twitter.com\/barterdex",
                "service_icon": "https:\/\/abs.twimg.com\/icons\/apple-touch-icon-192x192.png",
                "service_name": "twitter.com",
                "id": 1
            }
        ],
        "ts": "1512217607.000004",
        "reactions": [
            {
                "name": "+1",
                "users": [
                    "U73CJS1S5",
                    "U5RA5G0AY"
                ],
                "count": 2
            }
        ]
    },
    {
        "type": "message",
        "text": "",
        "files": [
            {
                "id": "F8839JU8Y",
                "created": 1512217623,
                "timestamp": 1512217623,
                "name": "komodo-walkthroughs.jpg",
                "title": "komodo-walkthroughs.jpg",
                "mimetype": "image\/jpeg",
                "filetype": "jpg",
                "pretty_type": "JPEG",
                "user": "U5ZSN6UAJ",
                "editable": false,
                "size": 170274,
                "mode": "hosted",
                "is_external": false,
                "external_type": "",
                "is_public": true,
                "public_url_shared": false,
                "display_as_bot": false,
                "username": "",
                "url_private": "https:\/\/files.slack.com\/files-pri\/T02LAJBUW-F8839JU8Y\/komodo-walkthroughs.jpg?t=xoxe-2690623982-420508393732-420508393844-55126cc98091fbe0399fac3c66f6ed8e",
                "url_private_download": "https:\/\/files.slack.com\/files-pri\/T02LAJBUW-F8839JU8Y\/download\/komodo-walkthroughs.jpg?t=xoxe-2690623982-420508393732-420508393844-55126cc98091fbe0399fac3c66f6ed8e",
                "thumb_64": "https:\/\/files.slack.com\/files-tmb\/T02LAJBUW-F8839JU8Y-fe1fb88675\/komodo-walkthroughs_64.jpg?t=xoxe-2690623982-420508393732-420508393844-55126cc98091fbe0399fac3c66f6ed8e",
                "thumb_80": "https:\/\/files.slack.com\/files-tmb\/T02LAJBUW-F8839JU8Y-fe1fb88675\/komodo-walkthroughs_80.jpg?t=xoxe-2690623982-420508393732-420508393844-55126cc98091fbe0399fac3c66f6ed8e",
                "thumb_360": "https:\/\/files.slack.com\/files-tmb\/T02LAJBUW-F8839JU8Y-fe1fb88675\/komodo-walkthroughs_360.jpg?t=xoxe-2690623982-420508393732-420508393844-55126cc98091fbe0399fac3c66f6ed8e",
                "thumb_360_w": 360,
                "thumb_360_h": 360,
                "thumb_480": "https:\/\/files.slack.com\/files-tmb\/T02LAJBUW-F8839JU8Y-fe1fb88675\/komodo-walkthroughs_480.jpg?t=xoxe-2690623982-420508393732-420508393844-55126cc98091fbe0399fac3c66f6ed8e",
                "thumb_480_w": 480,
                "thumb_480_h": 480,
                "thumb_160": "https:\/\/files.slack.com\/files-tmb\/T02LAJBUW-F8839JU8Y-fe1fb88675\/komodo-walkthroughs_160.jpg?t=xoxe-2690623982-420508393732-420508393844-55126cc98091fbe0399fac3c66f6ed8e",
                "thumb_720": "https:\/\/files.slack.com\/files-tmb\/T02LAJBUW-F8839JU8Y-fe1fb88675\/komodo-walkthroughs_720.jpg?t=xoxe-2690623982-420508393732-420508393844-55126cc98091fbe0399fac3c66f6ed8e",
                "thumb_720_w": 720,
                "thumb_720_h": 720,
                "thumb_800": "https:\/\/files.slack.com\/files-tmb\/T02LAJBUW-F8839JU8Y-fe1fb88675\/komodo-walkthroughs_800.jpg?t=xoxe-2690623982-420508393732-420508393844-55126cc98091fbe0399fac3c66f6ed8e",
                "thumb_800_w": 800,
                "thumb_800_h": 800,
                "thumb_960": "https:\/\/files.slack.com\/files-tmb\/T02LAJBUW-F8839JU8Y-fe1fb88675\/komodo-walkthroughs_960.jpg?t=xoxe-2690623982-420508393732-420508393844-55126cc98091fbe0399fac3c66f6ed8e",
                "thumb_960_w": 960,
                "thumb_960_h": 960,
                "thumb_1024": "https:\/\/files.slack.com\/files-tmb\/T02LAJBUW-F8839JU8Y-fe1fb88675\/komodo-walkthroughs_1024.jpg?t=xoxe-2690623982-420508393732-420508393844-55126cc98091fbe0399fac3c66f6ed8e",
                "thumb_1024_w": 1024,
                "thumb_1024_h": 1024,
                "image_exif_rotation": 1,
                "original_w": 1200,
                "original_h": 1200,
                "permalink": "https:\/\/komodo-platform.slack.com\/files\/U5ZSN6UAJ\/F8839JU8Y\/komodo-walkthroughs.jpg",
                "permalink_public": "https:\/\/slack-files.com\/T02LAJBUW-F8839JU8Y-ac45ba7818",
                "reactions": [
                    {
                        "name": "+1",
                        "users": [
                            "U73CJS1S5",
                            "U5RA5G0AY",
                            "U34RJ030D"
                        ],
                        "count": 3
                    }
                ]
            }
        ],
        "upload": true,
        "user": "U5ZSN6UAJ",
        "display_as_bot": false,
        "reactions": [
            {
                "name": "+1",
                "users": [
                    "U73CJS1S5",
                    "U5RA5G0AY",
                    "U34RJ030D"
                ],
                "count": 3
            }
        ],
        "ts": "1512217625.000073"
    },
    {
        "type": "message",
        "user": "U02LQ1WHQ",
        "text": "<@U4PNWF8Q5> speed mode is automatically determined by both nodes",
        "ts": "1512218663.000090"
    },
    {
        "type": "message",
        "user": "U02LQ1WHQ",
        "text": "MNZ is an on-demand chain, if not tx in mempool no new blocks",
        "ts": "1512218772.000061"
    },
    {
        "type": "message",
        "user": "U81ULJD8A",
        "text": "I have another little problem,\nKMD 100% synced in agama wallet. when i start barterdex, add kmd native i get this error:\n\"Coin status: coin can't be activated till synced\"",
        "ts": "1512219125.000036"
    },
    {
        "type": "message",
        "user": "U81ULJD8A",
        "text": "Did I missed something?",
        "ts": "1512219161.000030"
    },
    {
        "type": "message",
        "user": "U02QSHX81",
        "text": "<@U81ULJD8A> What are the contents of your `enable` script?",
        "edited": {
            "user": "U02QSHX81",
            "ts": "1512219487.000000"
        },
        "ts": "1512219436.000010"
    },
    {
        "type": "message",
        "user": "U81ULJD8A",
        "text": "<@U02QSHX81> Where can i find it @ windows gui?",
        "ts": "1512219793.000049"
    },
    {
        "type": "message",
        "user": "U02QSHX81",
        "text": "<https:\/\/github.com\/SuperNETorg\/BarterDEX-Simple\/releases>",
        "attachments": [
            {
                "service_name": "GitHub",
                "title": "SuperNETorg\/BarterDEX-Simple",
                "title_link": "https:\/\/github.com\/SuperNETorg\/BarterDEX-Simple\/releases",
                "text": "BarterDEX-Simple - barterDEX Simple GUI",
                "fallback": "GitHub: SuperNETorg\/BarterDEX-Simple",
                "from_url": "https:\/\/github.com\/SuperNETorg\/BarterDEX-Simple\/releases",
                "thumb_url": "https:\/\/avatars2.githubusercontent.com\/u\/13786768?s=400&v=4",
                "thumb_width": 150,
                "thumb_height": 150,
                "service_icon": "https:\/\/a.slack-edge.com\/bfaba\/img\/unfurl_icons\/github.png",
                "id": 1
            }
        ],
        "ts": "1512219812.000025"
    },
    {
        "type": "message",
        "user": "U81ULJD8A",
        "text": "I am running windows gui v0.7.1, but where can i find the contents of my \"enable\" script?",
        "ts": "1512219875.000034"
    },
    {
        "type": "message",
        "user": "U02QSHX81",
        "text": "how you were running before?",
        "ts": "1512219962.000042"
    },
    {
        "type": "message",
        "user": "U81ULJD8A",
        "text": "always in electrum mode..",
        "ts": "1512220016.000058"
    },
    {
        "type": "message",
        "user": "U03SKEFEL",
        "text": "rpc settings done ?",
        "ts": "1512220117.000067"
    },
    {
        "type": "message",
        "user": "U02QSHX81",
        "text": "you don't need `enable` script if you are running gui. if KMD is running on native mode, it will be automatically addred",
        "ts": "1512220120.000029"
    },
    {
        "type": "message",
        "text": "Agama is running, KMD can't be added in native",
        "files": [
            {
                "id": "F88LMN3NX",
                "created": 1512220291,
                "timestamp": 1512220291,
                "name": "image.png",
                "title": "Coin status.png",
                "mimetype": "image\/png",
                "filetype": "png",
                "pretty_type": "PNG",
                "user": "U81ULJD8A",
                "editable": false,
                "size": 68818,
                "mode": "hosted",
                "is_external": false,
                "external_type": "",
                "is_public": true,
                "public_url_shared": false,
                "display_as_bot": false,
                "username": "",
                "url_private": "https:\/\/files.slack.com\/files-pri\/T02LAJBUW-F88LMN3NX\/image.png?t=xoxe-2690623982-420508393732-420508393844-55126cc98091fbe0399fac3c66f6ed8e",
                "url_private_download": "https:\/\/files.slack.com\/files-pri\/T02LAJBUW-F88LMN3NX\/download\/image.png?t=xoxe-2690623982-420508393732-420508393844-55126cc98091fbe0399fac3c66f6ed8e",
                "thumb_64": "https:\/\/files.slack.com\/files-tmb\/T02LAJBUW-F88LMN3NX-94c4a509cb\/image_64.png?t=xoxe-2690623982-420508393732-420508393844-55126cc98091fbe0399fac3c66f6ed8e",
                "thumb_80": "https:\/\/files.slack.com\/files-tmb\/T02LAJBUW-F88LMN3NX-94c4a509cb\/image_80.png?t=xoxe-2690623982-420508393732-420508393844-55126cc98091fbe0399fac3c66f6ed8e",
                "thumb_360": "https:\/\/files.slack.com\/files-tmb\/T02LAJBUW-F88LMN3NX-94c4a509cb\/image_360.png?t=xoxe-2690623982-420508393732-420508393844-55126cc98091fbe0399fac3c66f6ed8e",
                "thumb_360_w": 360,
                "thumb_360_h": 46,
                "thumb_480": "https:\/\/files.slack.com\/files-tmb\/T02LAJBUW-F88LMN3NX-94c4a509cb\/image_480.png?t=xoxe-2690623982-420508393732-420508393844-55126cc98091fbe0399fac3c66f6ed8e",
                "thumb_480_w": 480,
                "thumb_480_h": 61,
                "thumb_160": "https:\/\/files.slack.com\/files-tmb\/T02LAJBUW-F88LMN3NX-94c4a509cb\/image_160.png?t=xoxe-2690623982-420508393732-420508393844-55126cc98091fbe0399fac3c66f6ed8e",
                "thumb_720": "https:\/\/files.slack.com\/files-tmb\/T02LAJBUW-F88LMN3NX-94c4a509cb\/image_720.png?t=xoxe-2690623982-420508393732-420508393844-55126cc98091fbe0399fac3c66f6ed8e",
                "thumb_720_w": 720,
                "thumb_720_h": 92,
                "thumb_800": "https:\/\/files.slack.com\/files-tmb\/T02LAJBUW-F88LMN3NX-94c4a509cb\/image_800.png?t=xoxe-2690623982-420508393732-420508393844-55126cc98091fbe0399fac3c66f6ed8e",
                "thumb_800_w": 800,
                "thumb_800_h": 102,
                "thumb_960": "https:\/\/files.slack.com\/files-tmb\/T02LAJBUW-F88LMN3NX-94c4a509cb\/image_960.png?t=xoxe-2690623982-420508393732-420508393844-55126cc98091fbe0399fac3c66f6ed8e",
                "thumb_960_w": 960,
                "thumb_960_h": 122,
                "thumb_1024": "https:\/\/files.slack.com\/files-tmb\/T02LAJBUW-F88LMN3NX-94c4a509cb\/image_1024.png?t=xoxe-2690623982-420508393732-420508393844-55126cc98091fbe0399fac3c66f6ed8e",
                "thumb_1024_w": 1024,
                "thumb_1024_h": 130,
                "image_exif_rotation": 1,
                "original_w": 1899,
                "original_h": 242,
                "permalink": "https:\/\/komodo-platform.slack.com\/files\/U81ULJD8A\/F88LMN3NX\/image.png",
                "permalink_public": "https:\/\/slack-files.com\/T02LAJBUW-F88LMN3NX-8b7ecf5a10"
            }
        ],
        "upload": true,
        "user": "U81ULJD8A",
        "display_as_bot": false,
        "ts": "1512220294.000041"
    },
    {
        "type": "message",
        "user": "U81ULJD8A",
        "text": "Didn't do anything on RPC settings. Necessary?",
        "ts": "1512220319.000065"
    },
    {
        "type": "message",
        "user": "U02QSHX81",
        "text": "restart your computer",
        "ts": "1512220338.000034"
    },
    {
        "type": "message",
        "user": "U4Y5ER7NV",
        "text": "good that GUI more simple but place order in left :dizzy_face:",
        "ts": "1512220379.000033"
    },
    {
        "type": "message",
        "user": "U4Y5ER7NV",
        "text": "but i know people ask for this",
        "ts": "1512220430.000059"
    },
    {
        "type": "message",
        "text": "Known electrum issue in 0.7.1 or another just me issue?",
        "files": [
            {
                "id": "F887SCBMX",
                "created": 1512222245,
                "timestamp": 1512222245,
                "name": "Capture.JPG",
                "title": "Capture.JPG",
                "mimetype": "image\/jpeg",
                "filetype": "jpg",
                "pretty_type": "JPEG",
                "user": "U6MTBP2QK",
                "editable": false,
                "size": 39949,
                "mode": "hosted",
                "is_external": false,
                "external_type": "",
                "is_public": true,
                "public_url_shared": false,
                "display_as_bot": false,
                "username": "",
                "url_private": "https:\/\/files.slack.com\/files-pri\/T02LAJBUW-F887SCBMX\/capture.jpg?t=xoxe-2690623982-420508393732-420508393844-55126cc98091fbe0399fac3c66f6ed8e",
                "url_private_download": "https:\/\/files.slack.com\/files-pri\/T02LAJBUW-F887SCBMX\/download\/capture.jpg?t=xoxe-2690623982-420508393732-420508393844-55126cc98091fbe0399fac3c66f6ed8e",
                "thumb_64": "https:\/\/files.slack.com\/files-tmb\/T02LAJBUW-F887SCBMX-2ce45f0676\/capture_64.jpg?t=xoxe-2690623982-420508393732-420508393844-55126cc98091fbe0399fac3c66f6ed8e",
                "thumb_80": "https:\/\/files.slack.com\/files-tmb\/T02LAJBUW-F887SCBMX-2ce45f0676\/capture_80.jpg?t=xoxe-2690623982-420508393732-420508393844-55126cc98091fbe0399fac3c66f6ed8e",
                "thumb_360": "https:\/\/files.slack.com\/files-tmb\/T02LAJBUW-F887SCBMX-2ce45f0676\/capture_360.jpg?t=xoxe-2690623982-420508393732-420508393844-55126cc98091fbe0399fac3c66f6ed8e",
                "thumb_360_w": 360,
                "thumb_360_h": 59,
                "thumb_480": "https:\/\/files.slack.com\/files-tmb\/T02LAJBUW-F887SCBMX-2ce45f0676\/capture_480.jpg?t=xoxe-2690623982-420508393732-420508393844-55126cc98091fbe0399fac3c66f6ed8e",
                "thumb_480_w": 480,
                "thumb_480_h": 79,
                "thumb_160": "https:\/\/files.slack.com\/files-tmb\/T02LAJBUW-F887SCBMX-2ce45f0676\/capture_160.jpg?t=xoxe-2690623982-420508393732-420508393844-55126cc98091fbe0399fac3c66f6ed8e",
                "thumb_720": "https:\/\/files.slack.com\/files-tmb\/T02LAJBUW-F887SCBMX-2ce45f0676\/capture_720.jpg?t=xoxe-2690623982-420508393732-420508393844-55126cc98091fbe0399fac3c66f6ed8e",
                "thumb_720_w": 720,
                "thumb_720_h": 118,
                "thumb_800": "https:\/\/files.slack.com\/files-tmb\/T02LAJBUW-F887SCBMX-2ce45f0676\/capture_800.jpg?t=xoxe-2690623982-420508393732-420508393844-55126cc98091fbe0399fac3c66f6ed8e",
                "thumb_800_w": 800,
                "thumb_800_h": 131,
                "thumb_960": "https:\/\/files.slack.com\/files-tmb\/T02LAJBUW-F887SCBMX-2ce45f0676\/capture_960.jpg?t=xoxe-2690623982-420508393732-420508393844-55126cc98091fbe0399fac3c66f6ed8e",
                "thumb_960_w": 960,
                "thumb_960_h": 157,
                "thumb_1024": "https:\/\/files.slack.com\/files-tmb\/T02LAJBUW-F887SCBMX-2ce45f0676\/capture_1024.jpg?t=xoxe-2690623982-420508393732-420508393844-55126cc98091fbe0399fac3c66f6ed8e",
                "thumb_1024_w": 1024,
                "thumb_1024_h": 168,
                "image_exif_rotation": 1,
                "original_w": 1439,
                "original_h": 236,
                "permalink": "https:\/\/komodo-platform.slack.com\/files\/U6MTBP2QK\/F887SCBMX\/capture.jpg",
                "permalink_public": "https:\/\/slack-files.com\/T02LAJBUW-F887SCBMX-666bb0ba72"
            }
        ],
        "upload": true,
        "user": "U6MTBP2QK",
        "display_as_bot": false,
        "ts": "1512222248.000005"
    },
    {
        "type": "message",
        "user": "U63EZ8ZS8",
        "text": "I think it can be rearrainged many times until perfection and intelligents prevail... please research many trading software or websites an give us examples you prefere <@U4Y5ER7NV> ",
        "ts": "1512222295.000031"
    },
    {
        "type": "message",
        "user": "U02QSHX81",
        "text": "`failed blockchain.transaction.get REVS 64a8b0d1f7771ebe9c7b21c5fdfdc1f21a65e98cf894253f94b4fc27f897a4da`\n`reserved quote validate error -2`\njust pupped up.",
        "ts": "1512222362.000044"
    },
    {
        "type": "message",
        "user": "U02LQ1WHQ",
        "text": "seems the first error in a few days. maybe one out of a few thousand tx will get such errors",
        "ts": "1512222529.000069"
    },
    {
        "type": "message",
        "user": "U4Y5ER7NV",
        "text": "<@U63EZ8ZS8> for me not big deal\ni like other way but see many ask so better go with most like\nwas not complain",
        "ts": "1512222933.000005"
    },
    {
        "type": "message",
        "user": "U63EZ8ZS8",
        "text": "Ok ....but if you see a good set up, please show everybody <@U4Y5ER7NV>",
        "edited": {
            "user": "U63EZ8ZS8",
            "ts": "1512223065.000000"
        },
        "ts": "1512223043.000033"
    },
    {
        "type": "message",
        "user": "U4Y5ER7NV",
        "text": "ok",
        "ts": "1512223070.000051"
    },
    {
        "type": "message",
        "text": "",
        "files": [
            {
                "id": "F88QACDRA",
                "created": 1512223097,
                "timestamp": 1512223097,
                "name": "Screen Shot 2017-12-03 at 2.57.40 AM.png",
                "title": "Screen Shot 2017-12-03 at 2.57.40 AM.png",
                "mimetype": "image\/png",
                "filetype": "png",
                "pretty_type": "PNG",
                "user": "U03SKEFEL",
                "editable": false,
                "size": 865956,
                "mode": "hosted",
                "is_external": false,
                "external_type": "",
                "is_public": true,
                "public_url_shared": false,
                "display_as_bot": false,
                "username": "",
                "url_private": "https:\/\/files.slack.com\/files-pri\/T02LAJBUW-F88QACDRA\/screen_shot_2017-12-03_at_2.57.40_am.png?t=xoxe-2690623982-420508393732-420508393844-55126cc98091fbe0399fac3c66f6ed8e",
                "url_private_download": "https:\/\/files.slack.com\/files-pri\/T02LAJBUW-F88QACDRA\/download\/screen_shot_2017-12-03_at_2.57.40_am.png?t=xoxe-2690623982-420508393732-420508393844-55126cc98091fbe0399fac3c66f6ed8e",
                "thumb_64": "https:\/\/files.slack.com\/files-tmb\/T02LAJBUW-F88QACDRA-66b65a0588\/screen_shot_2017-12-03_at_2.57.40_am_64.png?t=xoxe-2690623982-420508393732-420508393844-55126cc98091fbe0399fac3c66f6ed8e",
                "thumb_80": "https:\/\/files.slack.com\/files-tmb\/T02LAJBUW-F88QACDRA-66b65a0588\/screen_shot_2017-12-03_at_2.57.40_am_80.png?t=xoxe-2690623982-420508393732-420508393844-55126cc98091fbe0399fac3c66f6ed8e",
                "thumb_360": "https:\/\/files.slack.com\/files-tmb\/T02LAJBUW-F88QACDRA-66b65a0588\/screen_shot_2017-12-03_at_2.57.40_am_360.png?t=xoxe-2690623982-420508393732-420508393844-55126cc98091fbe0399fac3c66f6ed8e",
                "thumb_360_w": 360,
                "thumb_360_h": 229,
                "thumb_480": "https:\/\/files.slack.com\/files-tmb\/T02LAJBUW-F88QACDRA-66b65a0588\/screen_shot_2017-12-03_at_2.57.40_am_480.png?t=xoxe-2690623982-420508393732-420508393844-55126cc98091fbe0399fac3c66f6ed8e",
                "thumb_480_w": 480,
                "thumb_480_h": 305,
                "thumb_160": "https:\/\/files.slack.com\/files-tmb\/T02LAJBUW-F88QACDRA-66b65a0588\/screen_shot_2017-12-03_at_2.57.40_am_160.png?t=xoxe-2690623982-420508393732-420508393844-55126cc98091fbe0399fac3c66f6ed8e",
                "thumb_720": "https:\/\/files.slack.com\/files-tmb\/T02LAJBUW-F88QACDRA-66b65a0588\/screen_shot_2017-12-03_at_2.57.40_am_720.png?t=xoxe-2690623982-420508393732-420508393844-55126cc98091fbe0399fac3c66f6ed8e",
                "thumb_720_w": 720,
                "thumb_720_h": 458,
                "thumb_800": "https:\/\/files.slack.com\/files-tmb\/T02LAJBUW-F88QACDRA-66b65a0588\/screen_shot_2017-12-03_at_2.57.40_am_800.png?t=xoxe-2690623982-420508393732-420508393844-55126cc98091fbe0399fac3c66f6ed8e",
                "thumb_800_w": 800,
                "thumb_800_h": 509,
                "thumb_960": "https:\/\/files.slack.com\/files-tmb\/T02LAJBUW-F88QACDRA-66b65a0588\/screen_shot_2017-12-03_at_2.57.40_am_960.png?t=xoxe-2690623982-420508393732-420508393844-55126cc98091fbe0399fac3c66f6ed8e",
                "thumb_960_w": 960,
                "thumb_960_h": 611,
                "thumb_1024": "https:\/\/files.slack.com\/files-tmb\/T02LAJBUW-F88QACDRA-66b65a0588\/screen_shot_2017-12-03_at_2.57.40_am_1024.png?t=xoxe-2690623982-420508393732-420508393844-55126cc98091fbe0399fac3c66f6ed8e",
                "thumb_1024_w": 1024,
                "thumb_1024_h": 651,
                "image_exif_rotation": 1,
                "original_w": 3584,
                "original_h": 2280,
                "permalink": "https:\/\/komodo-platform.slack.com\/files\/U03SKEFEL\/F88QACDRA\/screen_shot_2017-12-03_at_2.57.40_am.png",
                "permalink_public": "https:\/\/slack-files.com\/T02LAJBUW-F88QACDRA-ea8769f7b3"
            }
        ],
        "upload": true,
        "user": "U03SKEFEL",
        "display_as_bot": false,
        "ts": "1512223101.000051"
    },
    {
        "type": "message",
        "user": "U03SKEFEL",
        "text": "settings applied to the app",
        "ts": "1512223103.000030"
    },
    {
        "type": "message",
        "text": "",
        "files": [
            {
                "id": "F89R6QD63",
                "created": 1512223105,
                "timestamp": 1512223105,
                "name": "Screen Shot 2017-12-03 at 2.57.25 AM.png",
                "title": "Screen Shot 2017-12-03 at 2.57.25 AM.png",
                "mimetype": "image\/png",
                "filetype": "png",
                "pretty_type": "PNG",
                "user": "U03SKEFEL",
                "editable": false,
                "size": 361042,
                "mode": "hosted",
                "is_external": false,
                "external_type": "",
                "is_public": true,
                "public_url_shared": false,
                "display_as_bot": false,
                "username": "",
                "url_private": "https:\/\/files.slack.com\/files-pri\/T02LAJBUW-F89R6QD63\/screen_shot_2017-12-03_at_2.57.25_am.png?t=xoxe-2690623982-420508393732-420508393844-55126cc98091fbe0399fac3c66f6ed8e",
                "url_private_download": "https:\/\/files.slack.com\/files-pri\/T02LAJBUW-F89R6QD63\/download\/screen_shot_2017-12-03_at_2.57.25_am.png?t=xoxe-2690623982-420508393732-420508393844-55126cc98091fbe0399fac3c66f6ed8e",
                "thumb_64": "https:\/\/files.slack.com\/files-tmb\/T02LAJBUW-F89R6QD63-0a8ce46e73\/screen_shot_2017-12-03_at_2.57.25_am_64.png?t=xoxe-2690623982-420508393732-420508393844-55126cc98091fbe0399fac3c66f6ed8e",
                "thumb_80": "https:\/\/files.slack.com\/files-tmb\/T02LAJBUW-F89R6QD63-0a8ce46e73\/screen_shot_2017-12-03_at_2.57.25_am_80.png?t=xoxe-2690623982-420508393732-420508393844-55126cc98091fbe0399fac3c66f6ed8e",
                "thumb_360": "https:\/\/files.slack.com\/files-tmb\/T02LAJBUW-F89R6QD63-0a8ce46e73\/screen_shot_2017-12-03_at_2.57.25_am_360.png?t=xoxe-2690623982-420508393732-420508393844-55126cc98091fbe0399fac3c66f6ed8e",
                "thumb_360_w": 360,
                "thumb_360_h": 235,
                "thumb_480": "https:\/\/files.slack.com\/files-tmb\/T02LAJBUW-F89R6QD63-0a8ce46e73\/screen_shot_2017-12-03_at_2.57.25_am_480.png?t=xoxe-2690623982-420508393732-420508393844-55126cc98091fbe0399fac3c66f6ed8e",
                "thumb_480_w": 480,
                "thumb_480_h": 314,
                "thumb_160": "https:\/\/files.slack.com\/files-tmb\/T02LAJBUW-F89R6QD63-0a8ce46e73\/screen_shot_2017-12-03_at_2.57.25_am_160.png?t=xoxe-2690623982-420508393732-420508393844-55126cc98091fbe0399fac3c66f6ed8e",
                "thumb_720": "https:\/\/files.slack.com\/files-tmb\/T02LAJBUW-F89R6QD63-0a8ce46e73\/screen_shot_2017-12-03_at_2.57.25_am_720.png?t=xoxe-2690623982-420508393732-420508393844-55126cc98091fbe0399fac3c66f6ed8e",
                "thumb_720_w": 720,
                "thumb_720_h": 471,
                "thumb_800": "https:\/\/files.slack.com\/files-tmb\/T02LAJBUW-F89R6QD63-0a8ce46e73\/screen_shot_2017-12-03_at_2.57.25_am_800.png?t=xoxe-2690623982-420508393732-420508393844-55126cc98091fbe0399fac3c66f6ed8e",
                "thumb_800_w": 800,
                "thumb_800_h": 523,
                "thumb_960": "https:\/\/files.slack.com\/files-tmb\/T02LAJBUW-F89R6QD63-0a8ce46e73\/screen_shot_2017-12-03_at_2.57.25_am_960.png?t=xoxe-2690623982-420508393732-420508393844-55126cc98091fbe0399fac3c66f6ed8e",
                "thumb_960_w": 960,
                "thumb_960_h": 628,
                "thumb_1024": "https:\/\/files.slack.com\/files-tmb\/T02LAJBUW-F89R6QD63-0a8ce46e73\/screen_shot_2017-12-03_at_2.57.25_am_1024.png?t=xoxe-2690623982-420508393732-420508393844-55126cc98091fbe0399fac3c66f6ed8e",
                "thumb_1024_w": 1024,
                "thumb_1024_h": 670,
                "image_exif_rotation": 1,
                "original_w": 2648,
                "original_h": 1732,
                "permalink": "https:\/\/komodo-platform.slack.com\/files\/U03SKEFEL\/F89R6QD63\/screen_shot_2017-12-03_at_2.57.25_am.png",
                "permalink_public": "https:\/\/slack-files.com\/T02LAJBUW-F89R6QD63-cc276c8099"
            }
        ],
        "upload": true,
        "user": "U03SKEFEL",
        "display_as_bot": false,
        "ts": "1512223108.000068"
    },
    {
        "type": "message",
        "user": "U03SKEFEL",
        "text": "this update pushed to github",
        "ts": "1512223110.000063"
    },
    {
        "type": "message",
        "user": "U63EZ8ZS8",
        "text": "Looking sexy... <@U03SKEFEL>  darkmode switch in future.... updates.looks badass so far....",
        "ts": "1512223409.000037"
    },
    {
        "type": "message",
        "user": "U03SKEFEL",
        "text": "I'll think about dark mode :slightly_smiling_face:",
        "ts": "1512223428.000097"
    },
    {
        "type": "message",
        "user": "U33CGLNNR",
        "text": "Dark mode sounds sexy",
        "ts": "1512223439.000041"
    },
    {
        "type": "message",
        "text": "I like this one",
        "files": [
            {
                "id": "F89KA7PTQ",
                "created": 1512223575,
                "timestamp": 1512223575,
                "name": "Screenshot_20171202-034938.png",
                "title": "Screenshot_20171202-034938.png",
                "mimetype": "image\/png",
                "filetype": "png",
                "pretty_type": "PNG",
                "user": "U63EZ8ZS8",
                "editable": false,
                "size": 433733,
                "mode": "hosted",
                "is_external": false,
                "external_type": "",
                "is_public": true,
                "public_url_shared": false,
                "display_as_bot": false,
                "username": "",
                "url_private": "https:\/\/files.slack.com\/files-pri\/T02LAJBUW-F89KA7PTQ\/screenshot_20171202-034938.png?t=xoxe-2690623982-420508393732-420508393844-55126cc98091fbe0399fac3c66f6ed8e",
                "url_private_download": "https:\/\/files.slack.com\/files-pri\/T02LAJBUW-F89KA7PTQ\/download\/screenshot_20171202-034938.png?t=xoxe-2690623982-420508393732-420508393844-55126cc98091fbe0399fac3c66f6ed8e",
                "thumb_64": "https:\/\/files.slack.com\/files-tmb\/T02LAJBUW-F89KA7PTQ-4a17eb8e7c\/screenshot_20171202-034938_64.png?t=xoxe-2690623982-420508393732-420508393844-55126cc98091fbe0399fac3c66f6ed8e",
                "thumb_80": "https:\/\/files.slack.com\/files-tmb\/T02LAJBUW-F89KA7PTQ-4a17eb8e7c\/screenshot_20171202-034938_80.png?t=xoxe-2690623982-420508393732-420508393844-55126cc98091fbe0399fac3c66f6ed8e",
                "thumb_360": "https:\/\/files.slack.com\/files-tmb\/T02LAJBUW-F89KA7PTQ-4a17eb8e7c\/screenshot_20171202-034938_360.png?t=xoxe-2690623982-420508393732-420508393844-55126cc98091fbe0399fac3c66f6ed8e",
                "thumb_360_w": 360,
                "thumb_360_h": 175,
                "thumb_480": "https:\/\/files.slack.com\/files-tmb\/T02LAJBUW-F89KA7PTQ-4a17eb8e7c\/screenshot_20171202-034938_480.png?t=xoxe-2690623982-420508393732-420508393844-55126cc98091fbe0399fac3c66f6ed8e",
                "thumb_480_w": 480,
                "thumb_480_h": 234,
                "thumb_160": "https:\/\/files.slack.com\/files-tmb\/T02LAJBUW-F89KA7PTQ-4a17eb8e7c\/screenshot_20171202-034938_160.png?t=xoxe-2690623982-420508393732-420508393844-55126cc98091fbe0399fac3c66f6ed8e",
                "thumb_720": "https:\/\/files.slack.com\/files-tmb\/T02LAJBUW-F89KA7PTQ-4a17eb8e7c\/screenshot_20171202-034938_720.png?t=xoxe-2690623982-420508393732-420508393844-55126cc98091fbe0399fac3c66f6ed8e",
                "thumb_720_w": 720,
                "thumb_720_h": 350,
                "thumb_800": "https:\/\/files.slack.com\/files-tmb\/T02LAJBUW-F89KA7PTQ-4a17eb8e7c\/screenshot_20171202-034938_800.png?t=xoxe-2690623982-420508393732-420508393844-55126cc98091fbe0399fac3c66f6ed8e",
                "thumb_800_w": 800,
                "thumb_800_h": 389,
                "thumb_960": "https:\/\/files.slack.com\/files-tmb\/T02LAJBUW-F89KA7PTQ-4a17eb8e7c\/screenshot_20171202-034938_960.png?t=xoxe-2690623982-420508393732-420508393844-55126cc98091fbe0399fac3c66f6ed8e",
                "thumb_960_w": 960,
                "thumb_960_h": 467,
                "thumb_1024": "https:\/\/files.slack.com\/files-tmb\/T02LAJBUW-F89KA7PTQ-4a17eb8e7c\/screenshot_20171202-034938_1024.png?t=xoxe-2690623982-420508393732-420508393844-55126cc98091fbe0399fac3c66f6ed8e",
                "thumb_1024_w": 1024,
                "thumb_1024_h": 498,
                "image_exif_rotation": 1,
                "original_w": 2220,
                "original_h": 1080,
                "permalink": "https:\/\/komodo-platform.slack.com\/files\/U63EZ8ZS8\/F89KA7PTQ\/screenshot_20171202-034938.png",
                "permalink_public": "https:\/\/slack-files.com\/T02LAJBUW-F89KA7PTQ-95cbed66c5"
            }
        ],
        "upload": true,
        "user": "U63EZ8ZS8",
        "display_as_bot": false,
        "ts": "1512223578.000069"
    },
    {
        "type": "message",
        "user": "U33CGLNNR",
        "text": "waves has something similar going on right?",
        "ts": "1512223604.000094"
    },
    {
        "type": "message",
        "user": "U63EZ8ZS8",
        "text": "Color scheme ....locations... a lot are using it",
        "ts": "1512223626.000108"
    },
    {
        "type": "message",
        "user": "U33CGLNNR",
        "text": "or is it exodus? i can’t remember but i enjoy looking at that style",
        "ts": "1512223628.000096"
    },
    {
        "type": "message",
        "user": "U33CGLNNR",
        "text": "true",
        "ts": "1512223633.000028"
    },
    {
        "type": "message",
        "user": "U63EZ8ZS8",
        "text": "That one is BTS ...",
        "ts": "1512223670.000028"
    },
    {
        "type": "message",
        "user": "U63EZ8ZS8",
        "text": "But - i could post 5 more that look close",
        "ts": "1512223705.000046"
    },
    {
        "type": "message",
        "user": "U02LQ1WHQ",
        "text": "keep in mind not all the data is available the same due to p2p nature",
        "ts": "1512223739.000023"
    },
    {
        "type": "message",
        "user": "U63EZ8ZS8",
        "text": "Yes - but grandma wont really know....as long as buy and sell and for what price are easy to figure out ... and the cool factor always brings gawkers....",
        "ts": "1512223897.000064"
    },
    {
        "type": "message",
        "user": "U63EZ8ZS8",
        "text": "I just like the dark theme...easy to read sometimes",
        "ts": "1512223932.000024"
    },
    {
        "type": "message",
        "text": "",
        "files": [
            {
                "id": "F88QEGQ0L",
                "created": 1512224543,
                "timestamp": 1512224543,
                "name": "Screen Shot 2017-12-03 at 3.22.11 AM.png",
                "title": "Screen Shot 2017-12-03 at 3.22.11 AM.png",
                "mimetype": "image\/png",
                "filetype": "png",
                "pretty_type": "PNG",
                "user": "U03SKEFEL",
                "editable": false,
                "size": 979995,
                "mode": "hosted",
                "is_external": false,
                "external_type": "",
                "is_public": true,
                "public_url_shared": false,
                "display_as_bot": false,
                "username": "",
                "url_private": "https:\/\/files.slack.com\/files-pri\/T02LAJBUW-F88QEGQ0L\/screen_shot_2017-12-03_at_3.22.11_am.png?t=xoxe-2690623982-420508393732-420508393844-55126cc98091fbe0399fac3c66f6ed8e",
                "url_private_download": "https:\/\/files.slack.com\/files-pri\/T02LAJBUW-F88QEGQ0L\/download\/screen_shot_2017-12-03_at_3.22.11_am.png?t=xoxe-2690623982-420508393732-420508393844-55126cc98091fbe0399fac3c66f6ed8e",
                "thumb_64": "https:\/\/files.slack.com\/files-tmb\/T02LAJBUW-F88QEGQ0L-e2bd64f5b0\/screen_shot_2017-12-03_at_3.22.11_am_64.png?t=xoxe-2690623982-420508393732-420508393844-55126cc98091fbe0399fac3c66f6ed8e",
                "thumb_80": "https:\/\/files.slack.com\/files-tmb\/T02LAJBUW-F88QEGQ0L-e2bd64f5b0\/screen_shot_2017-12-03_at_3.22.11_am_80.png?t=xoxe-2690623982-420508393732-420508393844-55126cc98091fbe0399fac3c66f6ed8e",
                "thumb_360": "https:\/\/files.slack.com\/files-tmb\/T02LAJBUW-F88QEGQ0L-e2bd64f5b0\/screen_shot_2017-12-03_at_3.22.11_am_360.png?t=xoxe-2690623982-420508393732-420508393844-55126cc98091fbe0399fac3c66f6ed8e",
                "thumb_360_w": 360,
                "thumb_360_h": 229,
                "thumb_480": "https:\/\/files.slack.com\/files-tmb\/T02LAJBUW-F88QEGQ0L-e2bd64f5b0\/screen_shot_2017-12-03_at_3.22.11_am_480.png?t=xoxe-2690623982-420508393732-420508393844-55126cc98091fbe0399fac3c66f6ed8e",
                "thumb_480_w": 480,
                "thumb_480_h": 305,
                "thumb_160": "https:\/\/files.slack.com\/files-tmb\/T02LAJBUW-F88QEGQ0L-e2bd64f5b0\/screen_shot_2017-12-03_at_3.22.11_am_160.png?t=xoxe-2690623982-420508393732-420508393844-55126cc98091fbe0399fac3c66f6ed8e",
                "thumb_720": "https:\/\/files.slack.com\/files-tmb\/T02LAJBUW-F88QEGQ0L-e2bd64f5b0\/screen_shot_2017-12-03_at_3.22.11_am_720.png?t=xoxe-2690623982-420508393732-420508393844-55126cc98091fbe0399fac3c66f6ed8e",
                "thumb_720_w": 720,
                "thumb_720_h": 458,
                "thumb_800": "https:\/\/files.slack.com\/files-tmb\/T02LAJBUW-F88QEGQ0L-e2bd64f5b0\/screen_shot_2017-12-03_at_3.22.11_am_800.png?t=xoxe-2690623982-420508393732-420508393844-55126cc98091fbe0399fac3c66f6ed8e",
                "thumb_800_w": 800,
                "thumb_800_h": 509,
                "thumb_960": "https:\/\/files.slack.com\/files-tmb\/T02LAJBUW-F88QEGQ0L-e2bd64f5b0\/screen_shot_2017-12-03_at_3.22.11_am_960.png?t=xoxe-2690623982-420508393732-420508393844-55126cc98091fbe0399fac3c66f6ed8e",
                "thumb_960_w": 960,
                "thumb_960_h": 611,
                "thumb_1024": "https:\/\/files.slack.com\/files-tmb\/T02LAJBUW-F88QEGQ0L-e2bd64f5b0\/screen_shot_2017-12-03_at_3.22.11_am_1024.png?t=xoxe-2690623982-420508393732-420508393844-55126cc98091fbe0399fac3c66f6ed8e",
                "thumb_1024_w": 1024,
                "thumb_1024_h": 651,
                "image_exif_rotation": 1,
                "original_w": 3584,
                "original_h": 2280,
                "permalink": "https:\/\/komodo-platform.slack.com\/files\/U03SKEFEL\/F88QEGQ0L\/screen_shot_2017-12-03_at_3.22.11_am.png",
                "permalink_public": "https:\/\/slack-files.com\/T02LAJBUW-F88QEGQ0L-dcf0bb3001",
                "reactions": [
                    {
                        "name": "+1",
                        "users": [
                            "U02QSHX81",
                            "U63EZ8ZS8",
                            "U7UHF2S4V",
                            "U5WU93QUQ",
                            "U030L14Q0"
                        ],
                        "count": 5
                    },
                    {
                        "name": "fire",
                        "users": [
                            "U63EZ8ZS8",
                            "U7UHF2S4V",
                            "U5WU93QUQ",
                            "U030L14Q0"
                        ],
                        "count": 4
                    }
                ]
            }
        ],
        "upload": true,
        "user": "U03SKEFEL",
        "display_as_bot": false,
        "reactions": [
            {
                "name": "+1",
                "users": [
                    "U02QSHX81",
                    "U63EZ8ZS8",
                    "U7UHF2S4V",
                    "U5WU93QUQ",
                    "U030L14Q0"
                ],
                "count": 5
            },
            {
                "name": "fire",
                "users": [
                    "U63EZ8ZS8",
                    "U7UHF2S4V",
                    "U5WU93QUQ",
                    "U030L14Q0"
                ],
                "count": 4
            }
        ],
        "ts": "1512224546.000043"
    },
    {
        "type": "message",
        "text": "",
        "files": [
            {
                "id": "F88LZ0EUT",
                "created": 1512224550,
                "timestamp": 1512224550,
                "name": "Screen Shot 2017-12-03 at 3.21.59 AM.png",
                "title": "Screen Shot 2017-12-03 at 3.21.59 AM.png",
                "mimetype": "image\/png",
                "filetype": "png",
                "pretty_type": "PNG",
                "user": "U03SKEFEL",
                "editable": false,
                "size": 468953,
                "mode": "hosted",
                "is_external": false,
                "external_type": "",
                "is_public": true,
                "public_url_shared": false,
                "display_as_bot": false,
                "username": "",
                "url_private": "https:\/\/files.slack.com\/files-pri\/T02LAJBUW-F88LZ0EUT\/screen_shot_2017-12-03_at_3.21.59_am.png?t=xoxe-2690623982-420508393732-420508393844-55126cc98091fbe0399fac3c66f6ed8e",
                "url_private_download": "https:\/\/files.slack.com\/files-pri\/T02LAJBUW-F88LZ0EUT\/download\/screen_shot_2017-12-03_at_3.21.59_am.png?t=xoxe-2690623982-420508393732-420508393844-55126cc98091fbe0399fac3c66f6ed8e",
                "thumb_64": "https:\/\/files.slack.com\/files-tmb\/T02LAJBUW-F88LZ0EUT-b87528b2a2\/screen_shot_2017-12-03_at_3.21.59_am_64.png?t=xoxe-2690623982-420508393732-420508393844-55126cc98091fbe0399fac3c66f6ed8e",
                "thumb_80": "https:\/\/files.slack.com\/files-tmb\/T02LAJBUW-F88LZ0EUT-b87528b2a2\/screen_shot_2017-12-03_at_3.21.59_am_80.png?t=xoxe-2690623982-420508393732-420508393844-55126cc98091fbe0399fac3c66f6ed8e",
                "thumb_360": "https:\/\/files.slack.com\/files-tmb\/T02LAJBUW-F88LZ0EUT-b87528b2a2\/screen_shot_2017-12-03_at_3.21.59_am_360.png?t=xoxe-2690623982-420508393732-420508393844-55126cc98091fbe0399fac3c66f6ed8e",
                "thumb_360_w": 360,
                "thumb_360_h": 229,
                "thumb_480": "https:\/\/files.slack.com\/files-tmb\/T02LAJBUW-F88LZ0EUT-b87528b2a2\/screen_shot_2017-12-03_at_3.21.59_am_480.png?t=xoxe-2690623982-420508393732-420508393844-55126cc98091fbe0399fac3c66f6ed8e",
                "thumb_480_w": 480,
                "thumb_480_h": 305,
                "thumb_160": "https:\/\/files.slack.com\/files-tmb\/T02LAJBUW-F88LZ0EUT-b87528b2a2\/screen_shot_2017-12-03_at_3.21.59_am_160.png?t=xoxe-2690623982-420508393732-420508393844-55126cc98091fbe0399fac3c66f6ed8e",
                "thumb_720": "https:\/\/files.slack.com\/files-tmb\/T02LAJBUW-F88LZ0EUT-b87528b2a2\/screen_shot_2017-12-03_at_3.21.59_am_720.png?t=xoxe-2690623982-420508393732-420508393844-55126cc98091fbe0399fac3c66f6ed8e",
                "thumb_720_w": 720,
                "thumb_720_h": 458,
                "thumb_800": "https:\/\/files.slack.com\/files-tmb\/T02LAJBUW-F88LZ0EUT-b87528b2a2\/screen_shot_2017-12-03_at_3.21.59_am_800.png?t=xoxe-2690623982-420508393732-420508393844-55126cc98091fbe0399fac3c66f6ed8e",
                "thumb_800_w": 800,
                "thumb_800_h": 509,
                "thumb_960": "https:\/\/files.slack.com\/files-tmb\/T02LAJBUW-F88LZ0EUT-b87528b2a2\/screen_shot_2017-12-03_at_3.21.59_am_960.png?t=xoxe-2690623982-420508393732-420508393844-55126cc98091fbe0399fac3c66f6ed8e",
                "thumb_960_w": 960,
                "thumb_960_h": 611,
                "thumb_1024": "https:\/\/files.slack.com\/files-tmb\/T02LAJBUW-F88LZ0EUT-b87528b2a2\/screen_shot_2017-12-03_at_3.21.59_am_1024.png?t=xoxe-2690623982-420508393732-420508393844-55126cc98091fbe0399fac3c66f6ed8e",
                "thumb_1024_w": 1024,
                "thumb_1024_h": 651,
                "image_exif_rotation": 1,
                "original_w": 3584,
                "original_h": 2280,
                "permalink": "https:\/\/komodo-platform.slack.com\/files\/U03SKEFEL\/F88LZ0EUT\/screen_shot_2017-12-03_at_3.21.59_am.png",
                "permalink_public": "https:\/\/slack-files.com\/T02LAJBUW-F88LZ0EUT-c025003302",
                "reactions": [
                    {
                        "name": "+1",
                        "users": [
                            "U02QSHX81",
                            "U63EZ8ZS8"
                        ],
                        "count": 2
                    },
                    {
                        "name": "fire",
                        "users": [
                            "U63EZ8ZS8"
                        ],
                        "count": 1
                    }
                ]
            }
        ],
        "upload": true,
        "user": "U03SKEFEL",
        "display_as_bot": false,
        "reactions": [
            {
                "name": "+1",
                "users": [
                    "U02QSHX81",
                    "U63EZ8ZS8"
                ],
                "count": 2
            },
            {
                "name": "fire",
                "users": [
                    "U63EZ8ZS8"
                ],
                "count": 1
            }
        ],
        "ts": "1512224554.000068"
    },
    {
        "type": "message",
        "user": "U03SKEFEL",
        "text": "that's ugly dark :smile:",
        "ts": "1512224561.000084"
    },
    {
        "type": "message",
        "user": "U03SKEFEL",
        "text": "it was just a quick test, not applied to the code anywhere.",
        "ts": "1512224634.000033"
    },
    {
        "type": "message",
        "user": "U63EZ8ZS8",
        "text": "Flash is CASH!",
        "ts": "1512224672.000012"
    },
    {
        "type": "message",
        "user": "U63EZ8ZS8",
        "text": "Some tweaks with other colors",
        "ts": "1512224701.000020"
    },
    {
        "type": "message",
        "user": "U63EZ8ZS8",
        "text": "I love it - almost",
        "ts": "1512224771.000086"
    },
    {
        "type": "message",
        "user": "U63EZ8ZS8",
        "text": "White text to light grey",
        "ts": "1512224839.000034"
    },
    {
        "type": "message",
        "text": "",
        "files": [
            {
                "id": "F88TDMTPF",
                "created": 1512224860,
                "timestamp": 1512224860,
                "name": "Screen Shot 2017-12-03 at 3.27.27 AM.png",
                "title": "Screen Shot 2017-12-03 at 3.27.27 AM.png",
                "mimetype": "image\/png",
                "filetype": "png",
                "pretty_type": "PNG",
                "user": "U03SKEFEL",
                "editable": false,
                "size": 976234,
                "mode": "hosted",
                "is_external": false,
                "external_type": "",
                "is_public": true,
                "public_url_shared": false,
                "display_as_bot": false,
                "username": "",
                "url_private": "https:\/\/files.slack.com\/files-pri\/T02LAJBUW-F88TDMTPF\/screen_shot_2017-12-03_at_3.27.27_am.png?t=xoxe-2690623982-420508393732-420508393844-55126cc98091fbe0399fac3c66f6ed8e",
                "url_private_download": "https:\/\/files.slack.com\/files-pri\/T02LAJBUW-F88TDMTPF\/download\/screen_shot_2017-12-03_at_3.27.27_am.png?t=xoxe-2690623982-420508393732-420508393844-55126cc98091fbe0399fac3c66f6ed8e",
                "thumb_64": "https:\/\/files.slack.com\/files-tmb\/T02LAJBUW-F88TDMTPF-42a7f8b183\/screen_shot_2017-12-03_at_3.27.27_am_64.png?t=xoxe-2690623982-420508393732-420508393844-55126cc98091fbe0399fac3c66f6ed8e",
                "thumb_80": "https:\/\/files.slack.com\/files-tmb\/T02LAJBUW-F88TDMTPF-42a7f8b183\/screen_shot_2017-12-03_at_3.27.27_am_80.png?t=xoxe-2690623982-420508393732-420508393844-55126cc98091fbe0399fac3c66f6ed8e",
                "thumb_360": "https:\/\/files.slack.com\/files-tmb\/T02LAJBUW-F88TDMTPF-42a7f8b183\/screen_shot_2017-12-03_at_3.27.27_am_360.png?t=xoxe-2690623982-420508393732-420508393844-55126cc98091fbe0399fac3c66f6ed8e",
                "thumb_360_w": 360,
                "thumb_360_h": 229,
                "thumb_480": "https:\/\/files.slack.com\/files-tmb\/T02LAJBUW-F88TDMTPF-42a7f8b183\/screen_shot_2017-12-03_at_3.27.27_am_480.png?t=xoxe-2690623982-420508393732-420508393844-55126cc98091fbe0399fac3c66f6ed8e",
                "thumb_480_w": 480,
                "thumb_480_h": 305,
                "thumb_160": "https:\/\/files.slack.com\/files-tmb\/T02LAJBUW-F88TDMTPF-42a7f8b183\/screen_shot_2017-12-03_at_3.27.27_am_160.png?t=xoxe-2690623982-420508393732-420508393844-55126cc98091fbe0399fac3c66f6ed8e",
                "thumb_720": "https:\/\/files.slack.com\/files-tmb\/T02LAJBUW-F88TDMTPF-42a7f8b183\/screen_shot_2017-12-03_at_3.27.27_am_720.png?t=xoxe-2690623982-420508393732-420508393844-55126cc98091fbe0399fac3c66f6ed8e",
                "thumb_720_w": 720,
                "thumb_720_h": 458,
                "thumb_800": "https:\/\/files.slack.com\/files-tmb\/T02LAJBUW-F88TDMTPF-42a7f8b183\/screen_shot_2017-12-03_at_3.27.27_am_800.png?t=xoxe-2690623982-420508393732-420508393844-55126cc98091fbe0399fac3c66f6ed8e",
                "thumb_800_w": 800,
                "thumb_800_h": 509,
                "thumb_960": "https:\/\/files.slack.com\/files-tmb\/T02LAJBUW-F88TDMTPF-42a7f8b183\/screen_shot_2017-12-03_at_3.27.27_am_960.png?t=xoxe-2690623982-420508393732-420508393844-55126cc98091fbe0399fac3c66f6ed8e",
                "thumb_960_w": 960,
                "thumb_960_h": 611,
                "thumb_1024": "https:\/\/files.slack.com\/files-tmb\/T02LAJBUW-F88TDMTPF-42a7f8b183\/screen_shot_2017-12-03_at_3.27.27_am_1024.png?t=xoxe-2690623982-420508393732-420508393844-55126cc98091fbe0399fac3c66f6ed8e",
                "thumb_1024_w": 1024,
                "thumb_1024_h": 651,
                "image_exif_rotation": 1,
                "original_w": 3584,
                "original_h": 2280,
                "permalink": "https:\/\/komodo-platform.slack.com\/files\/U03SKEFEL\/F88TDMTPF\/screen_shot_2017-12-03_at_3.27.27_am.png",
                "permalink_public": "https:\/\/slack-files.com\/T02LAJBUW-F88TDMTPF-4b01bcc478",
                "reactions": [
                    {
                        "name": "heart",
                        "users": [
                            "U5VUWSR0D",
                            "U41M5AAJW"
                        ],
                        "count": 2
                    }
                ]
            }
        ],
        "upload": true,
        "user": "U03SKEFEL",
        "display_as_bot": false,
        "reactions": [
            {
                "name": "heart",
                "users": [
                    "U5VUWSR0D",
                    "U41M5AAJW"
                ],
                "count": 2
            }
        ],
        "ts": "1512224864.000005"
    },
    {
        "type": "message",
        "user": "U03SKEFEL",
        "text": "okay, that table's border was making it lil ugly",
        "ts": "1512224872.000013"
    },
    {
        "type": "message",
        "user": "U03SKEFEL",
        "text": "now that fixed so looks much better",
        "ts": "1512224879.000029"
    },
    {
        "type": "message",
        "user": "U63EZ8ZS8",
        "text": "Mute the buy sell buttons ...opacity ",
        "ts": "1512224926.000025"
    },
    {
        "type": "message",
        "user": "U02LQ1WHQ",
        "text": "dark is better, I always like dark background as it made it easier to tell apart the colors. of course I was using a 16 different colored lines with shading for my visualizations",
        "ts": "1512225008.000075"
    },
    {
        "type": "message",
        "user": "U63EZ8ZS8",
        "text": "Absolutely love it",
        "ts": "1512225012.000055"
    },
    {
        "type": "message",
        "user": "U63EZ8ZS8",
        "text": "Mute the buttons and bam",
        "ts": "1512225036.000020"
    },
    {
        "type": "message",
        "user": "U02QSHX81",
        "text": "i like dark as well",
        "ts": "1512225041.000030"
    },
    {
        "type": "message",
        "user": "U03SKEFEL",
        "text": "ohkay :thinking_face: then I have to make this theme changeable in settings :slightly_smiling_face:",
        "ts": "1512225049.000012"
    },
    {
        "type": "message",
        "user": "U0325KXM5",
        "text": "Definitely easier on my eyes, I like it",
        "ts": "1512225058.000009"
    },
    {
        "type": "message",
        "user": "U03SKEFEL",
        "text": "will make a css for these and put that in settings",
        "ts": "1512225067.000052"
    },
    {
        "type": "message",
        "user": "U02LQ1WHQ",
        "text": "plz make dark the default",
        "ts": "1512225124.000044",
        "reactions": [
            {
                "name": "white_check_mark",
                "users": [
                    "U02QSHX81",
                    "U03SKEFEL",
                    "U0325KXM5",
                    "U5RA5G0AY",
                    "U4PNWF8Q5",
                    "U7UHF2S4V",
                    "U5WU93QUQ",
                    "U66KG95QW",
                    "U34N4U0JZ"
                ],
                "count": 9
            }
        ]
    },
    {
        "type": "message",
        "user": "U33CGLNNR",
        "text": "Looks sharper grewal :+1::skin-tone-3: ",
        "ts": "1512225166.000016"
    },
    {
        "type": "message",
        "user": "U03SKEFEL",
        "text": "<@U02LQ1WHQ> sure James :slightly_smiling_face: :+1: can't deny your request",
        "ts": "1512225178.000008"
    },
    {
        "type": "message",
        "user": "U5RA5G0AY",
        "text": "<@U03SKEFEL> i love the dark look. Everything needs dark mode. lol",
        "ts": "1512225329.000066"
    },
    {
        "type": "message",
        "user": "U03SKEFEL",
        "text": ":smile:",
        "ts": "1512225339.000048"
    },
    {
        "type": "message",
        "user": "U5RA5G0AY",
        "text": "iots like wearing permanent sunglasses",
        "ts": "1512225344.000070"
    },
    {
        "type": "message",
        "user": "U33CGLNNR",
        "text": "we are so dark",
        "ts": "1512225798.000006"
    },
    {
        "type": "message",
        "user": "U33CGLNNR",
        "text": ":nerd_face:",
        "ts": "1512225809.000012"
    },
    {
        "type": "message",
        "user": "U03SKEFEL",
        "text": "cleared the logic to dynamically change theme. making dark theme css right now",
        "ts": "1512225855.000031"
    },
    {
        "type": "message",
        "user": "U81ULJD8A",
        "text": "Dark theme is nice!",
        "ts": "1512226044.000044"
    },
    {
        "type": "message",
        "user": "U4Y5ER7NV",
        "text": "now be accused for color &amp; font frontrunning deluxe",
        "ts": "1512226083.000042"
    },
    {
        "type": "message",
        "user": "U4Y5ER7NV",
        "text": ":joy:",
        "ts": "1512226088.000033"
    },
    {
        "type": "message",
        "user": "U81ULJD8A",
        "text": "<@U02QSHX81> tried rebooting, agama synced again but still the same error \"coin cant be activated untill synced\"",
        "ts": "1512226108.000010"
    },
    {
        "type": "message",
        "user": "U02QSHX81",
        "text": "please DM me the screenshots",
        "ts": "1512226274.000046"
    },
    {
        "type": "message",
        "user": "U02QSHX81",
        "text": "after a swap completed using electrum, the console went crazy and started printing \n```\nno more electrum data when expected2\nerror RE-connecting to 136.243.45.140:10001\nbackup electrum server closing\n&gt;&gt;&gt;&gt;&gt;&gt;&gt;&gt;&gt;&gt; electrum close 136.243.45.140:10001\ncouldnt find electrum server for (server.banner []) or no retjsonp.0x7fb0d7ffee38\ncouldnt find electrum server for (server.banner []) or no retjsonp.0x7fb0d7ffee38\ncouldnt find electrum server for (server.banner []) or no retjsonp.0x7fb0d7ffee38\ncouldnt find electrum server for (server.banner []) or no retjsonp.0x7fb0d7ffee38\ncouldnt find electrum server for (server.banner []) or no retjsonp.0x7fb0d7ffee38\ncouldnt find electrum server for (server.banner []) or no retjsonp.0x7fb0d7ffee38\ncouldnt find electrum server for (server.banner []) or no retjsonp.0x7fb0d7ffee38\ncouldnt find electrum server for (server.banner []) or no retjsonp.0x7fb0d7ffee38\ncouldnt find electrum server for (server.banner []) or no retjsonp.0x7fb0d7ffee38\ncouldnt find electrum server for (server.banner []) or no retjsonp.0x7fb0d7ffee38\ncouldnt find electrum server for (server.banner []) or no retjsonp.0x7fb0d7ffee38\n```",
        "ts": "1512227806.000020"
    },
    {
        "type": "message",
        "user": "U6ZES59AA",
        "text": "Thanks <@U03SKEFEL>, the dark theme is great!",
        "ts": "1512230827.000052"
    },
    {
        "type": "message",
        "user": "U41M5AAJW",
        "text": " Awesome theme <@U03SKEFEL> ",
        "ts": "1512231149.000003"
    },
    {
        "type": "message",
        "user": "U02LQ1WHQ",
        "text": "<@U02QSHX81> pushed spvdex without that message",
        "ts": "1512231454.000047"
    },
    {
        "type": "message",
        "user": "U02QSHX81",
        "text": "Thanks James. Testing the new source",
        "ts": "1512231493.000011"
    },
    {
        "type": "message",
        "user": "U03SKEFEL",
        "text": "css ready",
        "ts": "1512232133.000065"
    },
    {
        "type": "message",
        "text": "",
        "files": [
            {
                "id": "F88PV585Q",
                "created": 1512232132,
                "timestamp": 1512232132,
                "name": "Screen Shot 2017-12-03 at 5.28.34 AM.png",
                "title": "Screen Shot 2017-12-03 at 5.28.34 AM.png",
                "mimetype": "image\/png",
                "filetype": "png",
                "pretty_type": "PNG",
                "user": "U03SKEFEL",
                "editable": false,
                "size": 979279,
                "mode": "hosted",
                "is_external": false,
                "external_type": "",
                "is_public": true,
                "public_url_shared": false,
                "display_as_bot": false,
                "username": "",
                "url_private": "https:\/\/files.slack.com\/files-pri\/T02LAJBUW-F88PV585Q\/screen_shot_2017-12-03_at_5.28.34_am.png?t=xoxe-2690623982-420508393732-420508393844-55126cc98091fbe0399fac3c66f6ed8e",
                "url_private_download": "https:\/\/files.slack.com\/files-pri\/T02LAJBUW-F88PV585Q\/download\/screen_shot_2017-12-03_at_5.28.34_am.png?t=xoxe-2690623982-420508393732-420508393844-55126cc98091fbe0399fac3c66f6ed8e",
                "thumb_64": "https:\/\/files.slack.com\/files-tmb\/T02LAJBUW-F88PV585Q-53576d2901\/screen_shot_2017-12-03_at_5.28.34_am_64.png?t=xoxe-2690623982-420508393732-420508393844-55126cc98091fbe0399fac3c66f6ed8e",
                "thumb_80": "https:\/\/files.slack.com\/files-tmb\/T02LAJBUW-F88PV585Q-53576d2901\/screen_shot_2017-12-03_at_5.28.34_am_80.png?t=xoxe-2690623982-420508393732-420508393844-55126cc98091fbe0399fac3c66f6ed8e",
                "thumb_360": "https:\/\/files.slack.com\/files-tmb\/T02LAJBUW-F88PV585Q-53576d2901\/screen_shot_2017-12-03_at_5.28.34_am_360.png?t=xoxe-2690623982-420508393732-420508393844-55126cc98091fbe0399fac3c66f6ed8e",
                "thumb_360_w": 360,
                "thumb_360_h": 229,
                "thumb_480": "https:\/\/files.slack.com\/files-tmb\/T02LAJBUW-F88PV585Q-53576d2901\/screen_shot_2017-12-03_at_5.28.34_am_480.png?t=xoxe-2690623982-420508393732-420508393844-55126cc98091fbe0399fac3c66f6ed8e",
                "thumb_480_w": 480,
                "thumb_480_h": 305,
                "thumb_160": "https:\/\/files.slack.com\/files-tmb\/T02LAJBUW-F88PV585Q-53576d2901\/screen_shot_2017-12-03_at_5.28.34_am_160.png?t=xoxe-2690623982-420508393732-420508393844-55126cc98091fbe0399fac3c66f6ed8e",
                "thumb_720": "https:\/\/files.slack.com\/files-tmb\/T02LAJBUW-F88PV585Q-53576d2901\/screen_shot_2017-12-03_at_5.28.34_am_720.png?t=xoxe-2690623982-420508393732-420508393844-55126cc98091fbe0399fac3c66f6ed8e",
                "thumb_720_w": 720,
                "thumb_720_h": 458,
                "thumb_800": "https:\/\/files.slack.com\/files-tmb\/T02LAJBUW-F88PV585Q-53576d2901\/screen_shot_2017-12-03_at_5.28.34_am_800.png?t=xoxe-2690623982-420508393732-420508393844-55126cc98091fbe0399fac3c66f6ed8e",
                "thumb_800_w": 800,
                "thumb_800_h": 509,
                "thumb_960": "https:\/\/files.slack.com\/files-tmb\/T02LAJBUW-F88PV585Q-53576d2901\/screen_shot_2017-12-03_at_5.28.34_am_960.png?t=xoxe-2690623982-420508393732-420508393844-55126cc98091fbe0399fac3c66f6ed8e",
                "thumb_960_w": 960,
                "thumb_960_h": 611,
                "thumb_1024": "https:\/\/files.slack.com\/files-tmb\/T02LAJBUW-F88PV585Q-53576d2901\/screen_shot_2017-12-03_at_5.28.34_am_1024.png?t=xoxe-2690623982-420508393732-420508393844-55126cc98091fbe0399fac3c66f6ed8e",
                "thumb_1024_w": 1024,
                "thumb_1024_h": 651,
                "image_exif_rotation": 1,
                "original_w": 3584,
                "original_h": 2280,
                "permalink": "https:\/\/komodo-platform.slack.com\/files\/U03SKEFEL\/F88PV585Q\/screen_shot_2017-12-03_at_5.28.34_am.png",
                "permalink_public": "https:\/\/slack-files.com\/T02LAJBUW-F88PV585Q-18532e2d23",
                "reactions": [
                    {
                        "name": "heart",
                        "users": [
                            "U34RJ030D",
                            "U0325KXM5",
                            "U41JPDUSG"
                        ],
                        "count": 3
                    },
                    {
                        "name": "fire",
                        "users": [
                            "U63EZ8ZS8",
                            "U41M5AAJW"
                        ],
                        "count": 2
                    }
                ]
            }
        ],
        "upload": true,
        "user": "U03SKEFEL",
        "display_as_bot": false,
        "reactions": [
            {
                "name": "heart",
                "users": [
                    "U34RJ030D",
                    "U0325KXM5",
                    "U41JPDUSG"
                ],
                "count": 3
            },
            {
                "name": "fire",
                "users": [
                    "U63EZ8ZS8",
                    "U41M5AAJW"
                ],
                "count": 2
            }
        ],
        "ts": "1512232135.000090"
    },
    {
        "type": "message",
        "user": "U03SKEFEL",
        "text": "default theme is now this.",
        "ts": "1512232139.000041"
    },
    {
        "type": "message",
        "text": "",
        "files": [
            {
                "id": "F88R57Y5A",
                "created": 1512232143,
                "timestamp": 1512232143,
                "name": "Screen Shot 2017-12-03 at 5.28.20 AM.png",
                "title": "Screen Shot 2017-12-03 at 5.28.20 AM.png",
                "mimetype": "image\/png",
                "filetype": "png",
                "pretty_type": "PNG",
                "user": "U03SKEFEL",
                "editable": false,
                "size": 422063,
                "mode": "hosted",
                "is_external": false,
                "external_type": "",
                "is_public": true,
                "public_url_shared": false,
                "display_as_bot": false,
                "username": "",
                "url_private": "https:\/\/files.slack.com\/files-pri\/T02LAJBUW-F88R57Y5A\/screen_shot_2017-12-03_at_5.28.20_am.png?t=xoxe-2690623982-420508393732-420508393844-55126cc98091fbe0399fac3c66f6ed8e",
                "url_private_download": "https:\/\/files.slack.com\/files-pri\/T02LAJBUW-F88R57Y5A\/download\/screen_shot_2017-12-03_at_5.28.20_am.png?t=xoxe-2690623982-420508393732-420508393844-55126cc98091fbe0399fac3c66f6ed8e",
                "thumb_64": "https:\/\/files.slack.com\/files-tmb\/T02LAJBUW-F88R57Y5A-7c3d2dbfd2\/screen_shot_2017-12-03_at_5.28.20_am_64.png?t=xoxe-2690623982-420508393732-420508393844-55126cc98091fbe0399fac3c66f6ed8e",
                "thumb_80": "https:\/\/files.slack.com\/files-tmb\/T02LAJBUW-F88R57Y5A-7c3d2dbfd2\/screen_shot_2017-12-03_at_5.28.20_am_80.png?t=xoxe-2690623982-420508393732-420508393844-55126cc98091fbe0399fac3c66f6ed8e",
                "thumb_360": "https:\/\/files.slack.com\/files-tmb\/T02LAJBUW-F88R57Y5A-7c3d2dbfd2\/screen_shot_2017-12-03_at_5.28.20_am_360.png?t=xoxe-2690623982-420508393732-420508393844-55126cc98091fbe0399fac3c66f6ed8e",
                "thumb_360_w": 360,
                "thumb_360_h": 268,
                "thumb_480": "https:\/\/files.slack.com\/files-tmb\/T02LAJBUW-F88R57Y5A-7c3d2dbfd2\/screen_shot_2017-12-03_at_5.28.20_am_480.png?t=xoxe-2690623982-420508393732-420508393844-55126cc98091fbe0399fac3c66f6ed8e",
                "thumb_480_w": 480,
                "thumb_480_h": 357,
                "thumb_160": "https:\/\/files.slack.com\/files-tmb\/T02LAJBUW-F88R57Y5A-7c3d2dbfd2\/screen_shot_2017-12-03_at_5.28.20_am_160.png?t=xoxe-2690623982-420508393732-420508393844-55126cc98091fbe0399fac3c66f6ed8e",
                "thumb_720": "https:\/\/files.slack.com\/files-tmb\/T02LAJBUW-F88R57Y5A-7c3d2dbfd2\/screen_shot_2017-12-03_at_5.28.20_am_720.png?t=xoxe-2690623982-420508393732-420508393844-55126cc98091fbe0399fac3c66f6ed8e",
                "thumb_720_w": 720,
                "thumb_720_h": 535,
                "thumb_800": "https:\/\/files.slack.com\/files-tmb\/T02LAJBUW-F88R57Y5A-7c3d2dbfd2\/screen_shot_2017-12-03_at_5.28.20_am_800.png?t=xoxe-2690623982-420508393732-420508393844-55126cc98091fbe0399fac3c66f6ed8e",
                "thumb_800_w": 800,
                "thumb_800_h": 595,
                "thumb_960": "https:\/\/files.slack.com\/files-tmb\/T02LAJBUW-F88R57Y5A-7c3d2dbfd2\/screen_shot_2017-12-03_at_5.28.20_am_960.png?t=xoxe-2690623982-420508393732-420508393844-55126cc98091fbe0399fac3c66f6ed8e",
                "thumb_960_w": 960,
                "thumb_960_h": 714,
                "thumb_1024": "https:\/\/files.slack.com\/files-tmb\/T02LAJBUW-F88R57Y5A-7c3d2dbfd2\/screen_shot_2017-12-03_at_5.28.20_am_1024.png?t=xoxe-2690623982-420508393732-420508393844-55126cc98091fbe0399fac3c66f6ed8e",
                "thumb_1024_w": 1024,
                "thumb_1024_h": 761,
                "image_exif_rotation": 1,
                "original_w": 2720,
                "original_h": 2022,
                "permalink": "https:\/\/komodo-platform.slack.com\/files\/U03SKEFEL\/F88R57Y5A\/screen_shot_2017-12-03_at_5.28.20_am.png",
                "permalink_public": "https:\/\/slack-files.com\/T02LAJBUW-F88R57Y5A-5ee6ea7a5f",
                "reactions": [
                    {
                        "name": "100",
                        "users": [
                            "U714M9PTP",
                            "U41JPDUSG",
                            "U5RA5G0AY",
                            "U0325KXM5",
                            "U63EZ8ZS8",
                            "U41M5AAJW",
                            "U5QE1NGJX",
                            "U6Y8LSAGH",
                            "U2PSPGFJS"
                        ],
                        "count": 9
                    },
                    {
                        "name": "heart",
                        "users": [
                            "U34RJ030D",
                            "U0325KXM5",
                            "U5RA5G0AY",
                            "U63EZ8ZS8",
                            "U41M5AAJW"
                        ],
                        "count": 5
                    },
                    {
                        "name": "fire",
                        "users": [
                            "U63EZ8ZS8",
                            "U5RA5G0AY",
                            "U41M5AAJW"
                        ],
                        "count": 3
                    },
                    {
                        "name": "+1::skin-tone-2",
                        "users": [
                            "U7ZQEKBGE",
                            "U63EZ8ZS8",
                            "U41M5AAJW",
                            "U803MB9U4",
                            "U2PSPGFJS"
                        ],
                        "count": 5
                    }
                ]
            }
        ],
        "upload": true,
        "user": "U03SKEFEL",
        "display_as_bot": false,
        "reactions": [
            {
                "name": "100",
                "users": [
                    "U714M9PTP",
                    "U41JPDUSG",
                    "U5RA5G0AY",
                    "U0325KXM5",
                    "U63EZ8ZS8",
                    "U41M5AAJW",
                    "U5QE1NGJX",
                    "U6Y8LSAGH",
                    "U2PSPGFJS"
                ],
                "count": 9
            },
            {
                "name": "heart",
                "users": [
                    "U34RJ030D",
                    "U0325KXM5",
                    "U5RA5G0AY",
                    "U63EZ8ZS8",
                    "U41M5AAJW"
                ],
                "count": 5
            },
            {
                "name": "fire",
                "users": [
                    "U63EZ8ZS8",
                    "U5RA5G0AY",
                    "U41M5AAJW"
                ],
                "count": 3
            },
            {
                "name": "+1::skin-tone-2",
                "users": [
                    "U7ZQEKBGE",
                    "U63EZ8ZS8",
                    "U41M5AAJW",
                    "U803MB9U4",
                    "U2PSPGFJS"
                ],
                "count": 5
            }
        ],
        "ts": "1512232147.000003"
    },
    {
        "type": "message",
        "user": "U03SKEFEL",
        "text": "making settings for theme change right now.",
        "ts": "1512232211.000012"
    },
    {
        "type": "message",
        "user": "U02LQ1WHQ",
        "text": "claim worked for me: {\"result\":\"success\",\"claimed\":10.01346925,\"txids\":[{\"txid\":\"2facdacba4eea593d2803b85a31a56e4cac45ec485f8984af4b733f87ac90460\",\"deposit\":10,\"interest\":0.01356925,\"claimtxid\":\"b8d89ab8613727fc95c61d7c976588a9f72b2fb3f0dbf9836e70d43cdc426b22\"}]}",
        "ts": "1512233082.000008",
        "reactions": [
            {
                "name": "muscle",
                "users": [
                    "U1SJT84KS"
                ],
                "count": 1
            }
        ]
    },
    {
        "type": "message",
        "user": "U02LQ1WHQ",
        "text": "and the instantdex.json file had that txid removed, but the instantdex_append.json has all deposits so acts as a backup in case something happens to the instantdex.json file",
        "ts": "1512233175.000073"
    },
    {
        "type": "message",
        "user": "U037WCD9N",
        "text": "Looks really good <@U03SKEFEL> ",
        "ts": "1512234047.000017"
    },
    {
        "type": "message",
        "user": "U03SKEFEL",
        "text": "theme settings pushed to github",
        "ts": "1512236704.000030"
    },
    {
        "type": "message",
        "user": "U4Y5ER7NV",
        "text": "<@U03SKEFEL> when switch to light theme chart stay black\nonly say if you want different",
        "ts": "1512236915.000087"
    },
    {
        "type": "message",
        "user": "U03SKEFEL",
        "text": "yes that's hard coded in the Js. charts need work.",
        "ts": "1512237145.000010"
    },
    {
        "type": "message",
        "user": "U03SKEFEL",
        "text": "there are limitations to it as I could only do stuff which I could figure out with chart",
        "ts": "1512237169.000049"
    },
    {
        "type": "message",
        "user": "U03SKEFEL",
        "text": "I need help with charts",
        "ts": "1512237173.000016"
    },
    {
        "type": "message",
        "user": "U4Y5ER7NV",
        "text": "also Settings not open correctly depend where you are",
        "ts": "1512237182.000049"
    },
    {
        "type": "message",
        "user": "U4Y5ER7NV",
        "text": "mean if are in Trade History, etc",
        "ts": "1512237197.000068"
    },
    {
        "type": "message",
        "user": "U03SKEFEL",
        "text": "yea noticed just a sec",
        "ts": "1512237212.000055"
    },
    {
        "type": "message",
        "user": "U4Y5ER7NV",
        "text": "<@U03SKEFEL> yes, no big problem this\nSimple GUI is ahead\nenough time do everything future :+1:",
        "edited": {
            "user": "U4Y5ER7NV",
            "ts": "1512237347.000000"
        },
        "ts": "1512237292.000084"
    },
    {
        "type": "message",
        "user": "U02QSHX81",
        "text": "```\n{\"ipaddr\":\"173.212.225.176\",\"port\":10003,\"result\":\"success\"}\n{\"ipaddr\":\"136.243.45.140\",\"port\":10003,\"error\":\"couldnt connect to electrum server\"}\n{\"ipaddr\":\"136.243.45.140\",\"port\":10001,\"error\":\"couldnt connect to electrum server\"}\n{\"ipaddr\":\"173.212.225.176\",\"port\":10001,\"result\":\"success\"}\n{\"ipaddr\":\"<http:\/\/electrum1.cipig.net|electrum1.cipig.net>\",\"port\":10000,\"result\":\"success\"}\n```\nelectrum servers of `136.243.45.140` are not working.",
        "ts": "1512238010.000086"
    },
    {
        "type": "message",
        "user": "U2Q1DP6EQ",
        "text": "please look in <http:\/\/pad.supernet.org\/electrum-servers>, i am about to install the assetchains on the electrum servers and some things have changed... best to use <http:\/\/electrum1.cipig.net|electrum1.cipig.net> and <http:\/\/electrum2.cipig.net|electrum2.cipig.net> where available because they always resolve to running instances (health-checks active)",
        "ts": "1512240775.000087"
    },
    {
        "type": "message",
        "user": "U02QSHX81",
        "text": "Thanks <@U2Q1DP6EQ>",
        "ts": "1512240802.000084"
    },
    {
        "type": "message",
        "user": "U2Q1DP6EQ",
        "text": "ah, and you could also try the new one for DEX, SUPERNET and so on... he is alone atm, but more will follow soon",
        "ts": "1512240838.000013"
    },
    {
        "type": "message",
        "user": "U02QSHX81",
        "text": "cool :tada:",
        "ts": "1512240860.000018"
    },
    {
        "type": "message",
        "user": "U03SKEFEL",
        "text": "few more gui updates needed before I release it. will get some rest, do those update after rest, and then hopefully release it tomorrow.",
        "ts": "1512240869.000069"
    },
    {
        "type": "message",
        "user": "U03SKEFEL",
        "text": "- electrum-listunspent output fix\n- option to change active coin pair to different\n- alert, notification, news in case there is important message need to convey to *ALL* BarterDEX installs. Like important bugfix update etc.\n- passphrase api update\n- explorers links to all supported coins",
        "edited": {
            "user": "U03SKEFEL",
            "ts": "1512241023.000000"
        },
        "ts": "1512240983.000097",
        "reactions": [
            {
                "name": "tada",
                "users": [
                    "U02QSHX81",
                    "U030L14Q0",
                    "U4Y5ER7NV",
                    "U6HRVSVR7",
                    "U02PH4RHZ",
                    "U34RJ030D",
                    "U7UHF2S4V",
                    "U37CPU0CA",
                    "U6U67BH37"
                ],
                "count": 9
            },
            {
                "name": "100",
                "users": [
                    "U02QSHX81",
                    "U030L14Q0",
                    "U4Y5ER7NV",
                    "U6HRVSVR7",
                    "U7UHF2S4V",
                    "U37CPU0CA",
                    "U6U67BH37"
                ],
                "count": 7
            },
            {
                "name": "dex_logo",
                "users": [
                    "U033ZAN4U",
                    "U4Y5ER7NV",
                    "U6HRVSVR7",
                    "U7UHF2S4V",
                    "U37CPU0CA"
                ],
                "count": 5
            },
            {
                "name": "octocat",
                "users": [
                    "U7UHF2S4V"
                ],
                "count": 1
            }
        ]
    },
    {
        "type": "message",
        "user": "U2Q1DP6EQ",
        "text": "very cool, i hope i have by then electrum-servers for assetchains \"production-ready\"",
        "ts": "1512240993.000015",
        "reactions": [
            {
                "name": "+1",
                "users": [
                    "U030L14Q0",
                    "U63EZ8ZS8",
                    "U02QSHX81",
                    "U41M5AAJW"
                ],
                "count": 4
            }
        ]
    },
    {
        "type": "message",
        "user": "U02LQ1WHQ",
        "text": "SWAP 2492398357-3491001225 finished LP_numfinished.176 !",
        "ts": "1512249408.000021"
    },
    {
        "type": "message",
        "user": "U02LQ1WHQ",
        "text": "SWAP 2443137476-2734695365 finished LP_numfinished.634 !",
        "ts": "1512280183.000018"
    },
    {
        "type": "message",
        "user": "U037WCD9N",
        "text": "<@U03SKEFEL> would it be better if users can disable and enable coins from dashboard view instead of from trading view? Just a thought....",
        "ts": "1512284291.000024"
    },
    {
        "type": "message",
        "user": "U03SKEFEL",
        "text": "Yes will add those buttons there too",
        "ts": "1512284337.000020"
    }
]