[
    {
        "type": "message",
        "user": "U02QSHX81",
        "text": "<@U2PSPGFJS> if you can, please can you share the txid's with me that the coins went out of your wallet? I'd like to see if it is back. also, are you using native or electrum mode?",
        "thread_ts": "1514370183.000196",
        "reply_count": 3,
        "replies": [
            {
                "user": "U2PSPGFJS",
                "ts": "1514393111.000222"
            },
            {
                "user": "U2PSPGFJS",
                "ts": "1514393130.000171"
            },
            {
                "user": "U02QSHX81",
                "ts": "1514398709.000229"
            }
        ],
        "unread_count": 3,
        "ts": "1514370183.000196"
    },
    {
        "type": "message",
        "user": "U02LQ1WHQ",
        "text": "post the actual swapstatus, it helps",
        "ts": "1514371047.000220"
    },
    {
        "type": "message",
        "user": "U02LQ1WHQ",
        "text": "<@U2Q1DP6EQ> updated CRW and MOON",
        "ts": "1514371058.000134"
    },
    {
        "type": "message",
        "user": "U4JNHKH0C",
        "text": "Do we have komodo wallet for mobile",
        "ts": "1514380937.000179"
    },
    {
        "type": "message",
        "user": "U5U0T947P",
        "text": "only beta, not released yet (as far as I know).",
        "ts": "1514381466.000085"
    },
    {
        "type": "message",
        "user": "U02QSHX81",
        "text": "here is the github repo <https:\/\/github.com\/KomodoPlatform\/agama-mobile>",
        "attachments": [
            {
                "service_name": "GitHub",
                "title": "KomodoPlatform\/agama-mobile",
                "title_link": "https:\/\/github.com\/KomodoPlatform\/agama-mobile",
                "text": "Contribute to agama-mobile development by creating an account on GitHub.",
                "fallback": "GitHub: KomodoPlatform\/agama-mobile",
                "from_url": "https:\/\/github.com\/KomodoPlatform\/agama-mobile",
                "thumb_url": "https:\/\/avatars2.githubusercontent.com\/u\/21276113?s=400&v=4",
                "thumb_width": 250,
                "thumb_height": 250,
                "service_icon": "https:\/\/a.slack-edge.com\/bfaba\/img\/unfurl_icons\/github.png",
                "id": 1
            }
        ],
        "ts": "1514381521.000089"
    },
    {
        "type": "message",
        "user": "U4JNHKH0C",
        "text": "thanks",
        "ts": "1514381867.000095"
    },
    {
        "type": "message",
        "user": "U42RD3BB6",
        "text": "Not interested in becoming one, but how are the liquidity providers making money?",
        "ts": "1514384066.000027"
    },
    {
        "type": "message",
        "user": "U6MTBP2QK",
        "text": "same as any other trader",
        "ts": "1514384132.000203"
    },
    {
        "type": "message",
        "user": "U42RD3BB6",
        "text": "got ya",
        "ts": "1514384444.000181"
    },
    {
        "type": "message",
        "user": "U03SKEFEL",
        "text": "<@U41M5AAJW> <@U02QSHX81> <@U5UHJM2K1> <@U5MMET0SG> <@U0R20NHBR> <@U66KG95QW> <@U4JNHKH0C> <@U6MTBP2QK> <@U2Q1DP6EQ> <@U0394QTC7> <@U6MTBP2QK> <@U6U5LQEAG> \npushed latest commit which I think covers almost all english word strings in language file",
        "ts": "1514385283.000187",
        "reactions": [
            {
                "name": "+1",
                "users": [
                    "U41M5AAJW",
                    "U0R20NHBR",
                    "U02QSHX81"
                ],
                "count": 3
            }
        ]
    },
    {
        "type": "message",
        "user": "U03SKEFEL",
        "text": "Please test and see if anything breaks",
        "ts": "1514385294.000119"
    },
    {
        "type": "message",
        "user": "U03SKEFEL",
        "text": "if in case anything doesn't act as expected, I need screen shot of the interface with it's browser console showing the error line and the error",
        "ts": "1514385328.000192"
    },
    {
        "type": "message",
        "user": "U03SKEFEL",
        "text": "else it won't be much help.",
        "ts": "1514385334.000376"
    },
    {
        "type": "message",
        "user": "U6MTBP2QK",
        "text": ":+1:",
        "ts": "1514385374.000229"
    },
    {
        "type": "message",
        "user": "U03SKEFEL",
        "text": "Hindi translation is kinda 90% done, maybe 98%... it still has some english words in it.",
        "ts": "1514385376.000247"
    },
    {
        "type": "message",
        "user": "U03SKEFEL",
        "text": "<@U5MMET0SG> please set your translator army to translate BarterDEX :slightly_smiling_face:",
        "ts": "1514385409.000040"
    },
    {
        "type": "message",
        "user": "U5MMET0SG",
        "text": "<@U03SKEFEL> We are ready whenever you are :joy:",
        "ts": "1514385445.000266"
    },
    {
        "type": "message",
        "user": "U03SKEFEL",
        "text": "<@U5MMET0SG> <https:\/\/github.com\/KomodoPlatform\/BarterDEX\/tree\/v0.8\/assets\/languages>",
        "edited": {
            "user": "U03SKEFEL",
            "ts": "1514385584.000000"
        },
        "ts": "1514385507.000035"
    },
    {
        "type": "message",
        "user": "U03SKEFEL",
        "text": "just use the language files from here",
        "ts": "1514385517.000306"
    },
    {
        "type": "message",
        "user": "U03SKEFEL",
        "text": "I want any new translation file reviewed through you and your team first.",
        "edited": {
            "user": "U03SKEFEL",
            "ts": "1514385544.000000"
        },
        "ts": "1514385532.000104"
    },
    {
        "type": "message",
        "user": "U03SKEFEL",
        "text": "If it's not OK, it won't be added to BarterDEX.",
        "ts": "1514385557.000202"
    },
    {
        "type": "message",
        "user": "U03SKEFEL",
        "text": "<@U6U5LQEAG> please coordinate with <@U5MMET0SG> if you want to push you translation file",
        "ts": "1514385577.000228",
        "reactions": [
            {
                "name": "+1",
                "users": [
                    "U6U5LQEAG"
                ],
                "count": 1
            }
        ]
    },
    {
        "type": "message",
        "user": "U6MTBP2QK",
        "text": "Seems good so far....\nI have just found an issue with the cmc pricing, but it's not related to the lang file.\nSince you're reusing the `trading_pair_coin_price_max_min` for the `%`, certain user clicks change the words back to `Max` or `Min`\nWill file an issue later, I need a nap",
        "ts": "1514386068.000318"
    },
    {
        "type": "message",
        "user": "U03SKEFEL",
        "text": "<https:\/\/twitter.com\/satindergrewal\/status\/946032235047555074>",
        "attachments": [
            {
                "fallback": "<https:\/\/twitter.com\/satindergrewal|@satindergrewal>: <https:\/\/twitter.com\/BarterDex|@BarterDex> <https:\/\/twitter.com\/BarterDex|@BarterDex> Now available with English langauge file to let users translate it to their own native langauge. Please get in touch with our Translator's Manager on our Slack if you are willing to help make a one. I have added Hindi Translation. <https:\/\/twitter.com\/KomodoPlatform|@KomodoPlatform> <https:\/\/pbs.twimg.com\/media\/DSD62DaUEAAj8f7.png>",
                "ts": 1514386635,
                "author_name": "Satinder Grewal",
                "author_link": "https:\/\/twitter.com\/satindergrewal\/status\/946032235047555074",
                "author_icon": "https:\/\/pbs.twimg.com\/profile_images\/790484870501769216\/OG09CMj6_normal.jpg",
                "author_subname": "@satindergrewal",
                "text": "<https:\/\/twitter.com\/BarterDex|@BarterDex> <https:\/\/twitter.com\/BarterDex|@BarterDex> Now available with English langauge file to let users translate it to their own native langauge. Please get in touch with our Translator's Manager on our Slack if you are willing to help make a one. I have added Hindi Translation. <https:\/\/twitter.com\/KomodoPlatform|@KomodoPlatform> <https:\/\/pbs.twimg.com\/media\/DSD62DaUEAAj8f7.png>",
                "service_name": "twitter",
                "service_url": "https:\/\/twitter.com\/",
                "from_url": "https:\/\/twitter.com\/satindergrewal\/status\/946032235047555074",
                "image_url": "https:\/\/pbs.twimg.com\/media\/DSD62DaUEAAj8f7.png",
                "image_width": 1200,
                "image_height": 786,
                "image_bytes": 264356,
                "id": 1,
                "footer": "Twitter",
                "footer_icon": "https:\/\/a.slack-edge.com\/6e067\/img\/services\/twitter_pixel_snapped_32.png"
            },
            {
                "text": "<https:\/\/pbs.twimg.com\/media\/DSD62DWUIAAOSmW.png>",
                "image_url": "https:\/\/pbs.twimg.com\/media\/DSD62DWUIAAOSmW.png",
                "image_width": 1200,
                "image_height": 786,
                "image_bytes": 295928,
                "id": 2
            }
        ],
        "ts": "1514386708.000169"
    },
    {
        "type": "message",
        "user": "U03SKEFEL",
        "text": "<@U5MMET0SG> I have done my part. I think it's all you need to do to manage translators :slightly_smiling_face:",
        "ts": "1514387696.000132"
    },
    {
        "type": "message",
        "user": "U03SKEFEL",
        "text": "you shouldn't wait for me anymore.",
        "ts": "1514387701.000221"
    },
    {
        "type": "message",
        "user": "U5MMET0SG",
        "text": "Great news! Any work from your side needed to integrate the final translations?",
        "ts": "1514387776.000125"
    },
    {
        "type": "message",
        "user": "U03SKEFEL",
        "text": "yes, I'll expect PR request from translators.",
        "edited": {
            "user": "U03SKEFEL",
            "ts": "1514388023.000000"
        },
        "ts": "1514387997.000017"
    },
    {
        "type": "message",
        "user": "U03SKEFEL",
        "text": "and I'll merge them",
        "ts": "1514388003.000251"
    },
    {
        "type": "message",
        "user": "U03SKEFEL",
        "text": "if it's coming from your from <http:\/\/smartcat.ai|smartcat.ai> then you can also provide me the language files, I'll add them to repo.",
        "ts": "1514388076.000309"
    },
    {
        "type": "message",
        "user": "U03SKEFEL",
        "text": "Make sure the language files are translated and reviewed for accuracy.",
        "edited": {
            "user": "U03SKEFEL",
            "ts": "1514388117.000000"
        },
        "ts": "1514388109.000007"
    },
    {
        "type": "message",
        "user": "U5UHJM2K1",
        "text": "<@U03SKEFEL> great, will do russian translation today-tomorrow and will make a PR ...",
        "ts": "1514388209.000093"
    },
    {
        "type": "message",
        "user": "U03SKEFEL",
        "text": "perfect! :slightly_smiling_face: :+1:",
        "ts": "1514388224.000233"
    },
    {
        "type": "message",
        "user": "U5MMET0SG",
        "text": "At everyone who wants to help translsting, please contact me first, so we can work on our online tool.",
        "ts": "1514388440.000206"
    },
    {
        "type": "message",
        "user": "U5MMET0SG",
        "text": "I'll be managing all the translation work",
        "ts": "1514388452.000165"
    },
    {
        "type": "message",
        "user": "U5MMET0SG",
        "text": "This is also to avoid that we have multiple versions",
        "ts": "1514388486.000110"
    },
    {
        "type": "message",
        "user": "U03SKEFEL",
        "text": "<@U5UHJM2K1> <@U6U5LQEAG>",
        "ts": "1514388505.000164"
    },
    {
        "type": "message",
        "user": "U03SKEFEL",
        "text": "better join <#C0362RPU2|translators>",
        "ts": "1514388521.000381",
        "reactions": [
            {
                "name": "ok_hand",
                "users": [
                    "U6U5LQEAG"
                ],
                "count": 1
            }
        ]
    },
    {
        "type": "message",
        "user": "U02LQ1WHQ",
        "text": "let decker do the russian translation, as he is already familiar with GUI",
        "ts": "1514388523.000084"
    },
    {
        "type": "message",
        "user": "U5MMET0SG",
        "text": "Ok, you're the boss :grinning: ",
        "ts": "1514390967.000085"
    },
    {
        "type": "message",
        "user": "U5MMET0SG",
        "text": "Seriously, please contact me first before start to translate so we can better coordinate and manage everything",
        "ts": "1514391017.000272"
    },
    {
        "type": "message",
        "user": "U5MMET0SG",
        "text": "Also guys, everyone wanting to help, feel free to join our <#C0362RPU2|translators> channel",
        "ts": "1514391056.000377"
    },
    {
        "user": "U7DV3EPDY",
        "text": "<@U7DV3EPDY> has joined the channel",
        "type": "message",
        "subtype": "channel_join",
        "ts": "1514391745.000334"
    },
    {
        "type": "message",
        "user": "U2PSPGFJS",
        "text": "Thanks for the help <@U02QSHX81>   <http:\/\/hodl.explorer.supernet.org\/tx\/eddb089958238add1411ad71d56bc01e476a429e1a2217e562c988831afa195c>",
        "thread_ts": "1514370183.000196",
        "parent_user_id": "U02QSHX81",
        "ts": "1514393111.000222"
    },
    {
        "type": "message",
        "user": "U2PSPGFJS",
        "text": "native mode though windows Agama",
        "thread_ts": "1514370183.000196",
        "parent_user_id": "U02QSHX81",
        "ts": "1514393130.000171"
    },
    {
        "type": "message",
        "user": "U41M5AAJW",
        "text": "I can help with spanish translation.",
        "ts": "1514393365.000273"
    },
    {
        "type": "message",
        "user": "U2PSPGFJS",
        "text": "Can we figure out the swapstatus from this screen?",
        "ts": "1514393484.000190"
    },
    {
        "type": "message",
        "text": "",
        "files": [
            {
                "id": "F8K5MQUGH",
                "created": 1514393543,
                "timestamp": 1514393543,
                "name": "image.png",
                "title": "image.png",
                "mimetype": "image\/png",
                "filetype": "png",
                "pretty_type": "PNG",
                "user": "U2PSPGFJS",
                "editable": false,
                "size": 83381,
                "mode": "hosted",
                "is_external": false,
                "external_type": "",
                "is_public": true,
                "public_url_shared": false,
                "display_as_bot": false,
                "username": "",
                "url_private": "https:\/\/files.slack.com\/files-pri\/T02LAJBUW-F8K5MQUGH\/image.png?t=xoxe-2690623982-420508393732-420508393844-55126cc98091fbe0399fac3c66f6ed8e",
                "url_private_download": "https:\/\/files.slack.com\/files-pri\/T02LAJBUW-F8K5MQUGH\/download\/image.png?t=xoxe-2690623982-420508393732-420508393844-55126cc98091fbe0399fac3c66f6ed8e",
                "thumb_64": "https:\/\/files.slack.com\/files-tmb\/T02LAJBUW-F8K5MQUGH-8ba28518ff\/image_64.png?t=xoxe-2690623982-420508393732-420508393844-55126cc98091fbe0399fac3c66f6ed8e",
                "thumb_80": "https:\/\/files.slack.com\/files-tmb\/T02LAJBUW-F8K5MQUGH-8ba28518ff\/image_80.png?t=xoxe-2690623982-420508393732-420508393844-55126cc98091fbe0399fac3c66f6ed8e",
                "thumb_360": "https:\/\/files.slack.com\/files-tmb\/T02LAJBUW-F8K5MQUGH-8ba28518ff\/image_360.png?t=xoxe-2690623982-420508393732-420508393844-55126cc98091fbe0399fac3c66f6ed8e",
                "thumb_360_w": 331,
                "thumb_360_h": 360,
                "thumb_480": "https:\/\/files.slack.com\/files-tmb\/T02LAJBUW-F8K5MQUGH-8ba28518ff\/image_480.png?t=xoxe-2690623982-420508393732-420508393844-55126cc98091fbe0399fac3c66f6ed8e",
                "thumb_480_w": 441,
                "thumb_480_h": 480,
                "thumb_160": "https:\/\/files.slack.com\/files-tmb\/T02LAJBUW-F8K5MQUGH-8ba28518ff\/image_160.png?t=xoxe-2690623982-420508393732-420508393844-55126cc98091fbe0399fac3c66f6ed8e",
                "thumb_720": "https:\/\/files.slack.com\/files-tmb\/T02LAJBUW-F8K5MQUGH-8ba28518ff\/image_720.png?t=xoxe-2690623982-420508393732-420508393844-55126cc98091fbe0399fac3c66f6ed8e",
                "thumb_720_w": 661,
                "thumb_720_h": 720,
                "thumb_800": "https:\/\/files.slack.com\/files-tmb\/T02LAJBUW-F8K5MQUGH-8ba28518ff\/image_800.png?t=xoxe-2690623982-420508393732-420508393844-55126cc98091fbe0399fac3c66f6ed8e",
                "thumb_800_w": 735,
                "thumb_800_h": 800,
                "image_exif_rotation": 1,
                "original_w": 775,
                "original_h": 844,
                "permalink": "https:\/\/komodo-platform.slack.com\/files\/U2PSPGFJS\/F8K5MQUGH\/image.png",
                "permalink_public": "https:\/\/slack-files.com\/T02LAJBUW-F8K5MQUGH-c00e59acff"
            }
        ],
        "upload": true,
        "user": "U2PSPGFJS",
        "display_as_bot": false,
        "ts": "1514393545.000251"
    },
    {
        "type": "message",
        "user": "U6U67BH37",
        "text": "are any ElectrumX servers down right now?",
        "ts": "1514393637.000044"
    },
    {
        "type": "message",
        "user": "U6U67BH37",
        "text": "some Hush people trying out BarterDEX are reporting stuff is down: <https:\/\/github.com\/buildog\/BarterDEX\/issues\/68>",
        "attachments": [
            {
                "service_name": "GitHub",
                "title": "Electrum Connection Error w\/ Wong Result State · Issue #68 · buildog\/BarterDEX",
                "title_link": "https:\/\/github.com\/buildog\/BarterDEX\/issues\/68",
                "text": "{ ipaddr: '<http:\/\/electrum.cipig.net|electrum.cipig.net>', [1] port: 10000, [1] error: 'couldnt connect to electrum server' } [1] { ipaddr: '<http:\/\/electrum1.cipig.net|electrum1.cipig.net>', port: 10000, result: 'success' } [1] { ipaddr: 'electrum2...",
                "fallback": "GitHub: Electrum Connection Error w\/ Wong Result State · Issue #68 · buildog\/BarterDEX",
                "from_url": "https:\/\/github.com\/buildog\/BarterDEX\/issues\/68",
                "thumb_url": "https:\/\/avatars0.githubusercontent.com\/u\/303321?s=400&v=4",
                "thumb_width": 250,
                "thumb_height": 250,
                "service_icon": "https:\/\/a.slack-edge.com\/bfaba\/img\/unfurl_icons\/github.png",
                "id": 1
            }
        ],
        "ts": "1514393864.000073"
    },
    {
        "type": "message",
        "user": "U6U67BH37",
        "text": "i told them to report that on the main barterDEX repo, i am not actually sure what buildog\/BarterDEX is",
        "ts": "1514393883.000277"
    },
    {
        "type": "message",
        "user": "U0325KXM5",
        "text": "buildog is discontinuted app, I had other people on twitter asking about it",
        "ts": "1514394080.000393"
    },
    {
        "type": "message",
        "user": "U0325KXM5",
        "text": "it doesn't work",
        "ts": "1514394089.000081"
    },
    {
        "type": "message",
        "user": "U2Q1DP6EQ",
        "text": "i just had a quick look and the AWS-instances are fine... but i see that CRW on the other 2 instances is messed up again\n```crown\n    \"daemon_height\": 1684988,\n    \"db_height\": 1686036,```\nlol ... wtf ... electrum has more blocks then the daemon itself... since they started to change their stuff, all kind of weird things are happening...\nooohhh, i see that they are using electrum.cipig.net... i removed that DNS-entry to avoid all kind of confusion, and only let electrum1 and electrum2...",
        "ts": "1514394100.000034"
    },
    {
        "type": "message",
        "user": "U2Q1DP6EQ",
        "text": "<@U6U67BH37> must be a very old installation, were did they get it from?",
        "ts": "1514394168.000427"
    },
    {
        "type": "message",
        "user": "U6U67BH37",
        "text": "<@U2Q1DP6EQ> people running old crazy shit, i told them to use the latest coins.json",
        "ts": "1514394234.000223"
    },
    {
        "type": "message",
        "user": "U6U67BH37",
        "text": "people don't listen to me all the time",
        "ts": "1514394242.000271"
    },
    {
        "type": "message",
        "user": "U0325KXM5",
        "text": "it's the app that was being built for monaize, 2 months old and never updated",
        "ts": "1514394250.000366"
    },
    {
        "type": "message",
        "user": "U2Q1DP6EQ",
        "text": "that explains it...",
        "ts": "1514394270.000400"
    },
    {
        "type": "message",
        "user": "U6U67BH37",
        "text": "the buildog repo, people are finding it",
        "ts": "1514394285.000002"
    },
    {
        "type": "message",
        "user": "U0325KXM5",
        "text": "the repo is still online, so people find it and think it's barterdex",
        "ts": "1514394291.000101"
    },
    {
        "type": "message",
        "user": "U6U67BH37",
        "text": "<https:\/\/github.com\/buildog\/BarterDEX>",
        "attachments": [
            {
                "service_name": "GitHub",
                "title": "buildog\/BarterDEX",
                "title_link": "https:\/\/github.com\/buildog\/BarterDEX",
                "text": ":chart_with_upwards_trend: BarterDEX: Decentralized Exchange and Cryptocurrency Market",
                "fallback": "GitHub: buildog\/BarterDEX",
                "from_url": "https:\/\/github.com\/buildog\/BarterDEX",
                "thumb_url": "https:\/\/avatars1.githubusercontent.com\/u\/18439883?s=400&v=4",
                "thumb_width": 250,
                "thumb_height": 250,
                "service_icon": "https:\/\/a.slack-edge.com\/bfaba\/img\/unfurl_icons\/github.png",
                "id": 1
            }
        ],
        "ts": "1514394295.000498"
    },
    {
        "type": "message",
        "user": "U6U67BH37",
        "text": "Hush core devs are thinking that is BarterDEX, so yeah, it's confusing",
        "ts": "1514394305.000422"
    },
    {
        "type": "message",
        "user": "U6U67BH37",
        "text": "i told them what the real repo is",
        "ts": "1514394313.000374"
    },
    {
        "type": "message",
        "user": "U5RA5G0AY",
        "text": "#Decentralised once it released in the wild its free to roam :joy:",
        "ts": "1514394319.000363"
    },
    {
        "type": "message",
        "user": "U2Q1DP6EQ",
        "text": "is that app still maintained by buildog, or did he gave up? If not, he only has to edit the list of electrum-servers and simply use the ones from <http:\/\/pad.supernet.org\/electrum-servers|pad.supernet.org\/electrum-servers>",
        "ts": "1514394571.000257"
    },
    {
        "type": "message",
        "user": "U6MTBP2QK",
        "text": "the git appears to be far enough behind that he'd have to start over with 0.8",
        "ts": "1514394789.000305"
    },
    {
        "type": "message",
        "user": "U5UHJM2K1",
        "text": "<@U5MMET0SG> i can send russian translation to you when it finished, and after you approve it - we will make a PR and use it in release version of BarterDEX. There is a no problem, if some other people (except me) read my translation and may be change something in it - it would be better to BarterDEX. As says here: \"Two heads (minds) are better than one\" ...",
        "ts": "1514395468.000019"
    },
    {
        "type": "message",
        "user": "U1SJT84KS",
        "text": "&gt;the git appears to be far enough behind that he'd have to start over with 0.8\nthat's a quite precise evaluation\nlast few commits broke it",
        "ts": "1514396646.000306"
    },
    {
        "type": "message",
        "user": "U03SKEFEL",
        "text": "_will be back working on new translation_\n_night_ :slightly_smiling_face:",
        "ts": "1514396783.000165",
        "reactions": [
            {
                "name": "zzz",
                "users": [
                    "U1SJT84KS"
                ],
                "count": 1
            }
        ]
    },
    {
        "type": "message",
        "user": "U6U67BH37",
        "text": "Looks like ZCL is forking into \"Bitcoin Private\" BTCP, ZEC codebase with BTC UTXO set <https:\/\/medium.com\/chain-intelligence\/the-resurgence-of-zcl-and-an-upcoming-hardfork-3ba65de3cf21> , (with replay protection <@U02LQ1WHQ> )",
        "ts": "1514398050.000004"
    },
    {
        "type": "message",
        "user": "U6U67BH37",
        "text": "I actually might implement 2way replay for them, if they are not stingy with a bounty: <https:\/\/github.com\/BTCPrivate\/BitcoinPrivate\/issues\/8>",
        "attachments": [
            {
                "service_name": "GitHub",
                "title": "Add Replay Protection (for Zclassic and Bitcoin) · Issue #8 · BTCPrivate\/BitcoinPrivate",
                "title_link": "https:\/\/github.com\/BTCPrivate\/BitcoinPrivate\/issues\/8",
                "text": "We need to add replay protection as it is a requirement for many exchanges and wallets. Here is part of how Bitcoin Cash did it: Bitcoin-ABC\/bitcoin-abc@e49826c And Bitcoin Gold With SIGHASH_FORKID...",
                "fallback": "GitHub: Add Replay Protection (for Zclassic and Bitcoin) · Issue #8 · BTCPrivate\/BitcoinPrivate",
                "from_url": "https:\/\/github.com\/BTCPrivate\/BitcoinPrivate\/issues\/8",
                "thumb_url": "https:\/\/avatars0.githubusercontent.com\/u\/2388024?s=400&v=4",
                "thumb_width": 250,
                "thumb_height": 250,
                "service_icon": "https:\/\/a.slack-edge.com\/bfaba\/img\/unfurl_icons\/github.png",
                "id": 1
            }
        ],
        "ts": "1514398504.000177"
    },
    {
        "type": "message",
        "user": "U02QSHX81",
        "text": "looks like the b address is holding your HODLs. please post console output after you kickstart the swap again",
        "thread_ts": "1514370183.000196",
        "parent_user_id": "U02QSHX81",
        "ts": "1514398709.000229"
    },
    {
        "type": "message",
        "user": "U6U67BH37",
        "text": "this tweet is a good TLDR: <https:\/\/twitter.com\/dukeleto\/status\/946085013610573824>",
        "attachments": [
            {
                "fallback": "<https:\/\/twitter.com\/dukeleto|@dukeleto>: There will be a new \"merge-fork\" of $BTC + $ZCL called \"Bitcoin Private\", Bitcoin and Zcash Classic holders get an airdrop, Zcash codebase with Bitcoin UTXO set for the nerds :nerd_face:🧐 <https:\/\/medium.com\/chain-intelligence\/the-resurgence-of-zcl-and-an-upcoming-hardfork-3ba65de3cf21> I might implement 2way replay protection 4 them <https:\/\/github.com\/BTCPrivate\/BitcoinPrivate\/issues\/8> 🤠:sunglasses: <https:\/\/pbs.twimg.com\/media\/DSEpxqyVQAYntd7.jpg>",
                "ts": 1514399219,
                "author_name": "Duke Leto",
                "author_link": "https:\/\/twitter.com\/dukeleto\/status\/946085013610573824",
                "author_icon": "https:\/\/pbs.twimg.com\/profile_images\/843906183043801088\/BRQvHQnm_normal.jpg",
                "author_subname": "@dukeleto",
                "text": "There will be a new \"merge-fork\" of $BTC + $ZCL called \"Bitcoin Private\", Bitcoin and Zcash Classic holders get an airdrop, Zcash codebase with Bitcoin UTXO set for the nerds :nerd_face:🧐 <https:\/\/medium.com\/chain-intelligence\/the-resurgence-of-zcl-and-an-upcoming-hardfork-3ba65de3cf21> I might implement 2way replay protection 4 them <https:\/\/github.com\/BTCPrivate\/BitcoinPrivate\/issues\/8> 🤠:sunglasses: <https:\/\/pbs.twimg.com\/media\/DSEpxqyVQAYntd7.jpg>",
                "service_name": "twitter",
                "service_url": "https:\/\/twitter.com\/",
                "from_url": "https:\/\/twitter.com\/dukeleto\/status\/946085013610573824",
                "image_url": "https:\/\/pbs.twimg.com\/media\/DSEpxqyVQAYntd7.jpg",
                "image_width": 901,
                "image_height": 545,
                "image_bytes": 80867,
                "id": 1,
                "footer": "Twitter",
                "footer_icon": "https:\/\/a.slack-edge.com\/6e067\/img\/services\/twitter_pixel_snapped_32.png"
            }
        ],
        "ts": "1514399267.000150"
    },
    {
        "type": "message",
        "user": "U2Q1DP6EQ",
        "text": "for me, the most important question is if we will have another 170GB-blockchain-coin :slightly_smiling_face:\ni hope they are using the BTC-data only for their \"airdrop\" and throw it away afterwards",
        "ts": "1514399550.000364"
    },
    {
        "type": "message",
        "user": "U2Q1DP6EQ",
        "text": "hmmm, or someone finds a clever way so that all BTC-forks share the blockchain-data up to the first fork, should be 160GB",
        "ts": "1514399748.000079"
    },
    {
        "type": "message",
        "user": "U0325KXM5",
        "text": "let's make a btc+kmd fork on an assetchain :joy:",
        "ts": "1514399805.000041"
    },
    {
        "type": "message",
        "user": "U2Q1DP6EQ",
        "text": "lol",
        "ts": "1514399825.000139"
    },
    {
        "type": "message",
        "user": "U2Q1DP6EQ",
        "text": "hmmm, what happens if the file `.bitcoingold\/blocks\/blk01012.dat` is not a actual file, but a link (symbolic or hard) to `.bitcoin\/blocks\/blk01012.dat`? Would that work?",
        "ts": "1514400070.000309"
    },
    {
        "type": "message",
        "user": "U2Q1DP6EQ",
        "text": "of course only for the blocks prior to the fork...",
        "ts": "1514400141.000237"
    },
    {
        "type": "message",
        "user": "U6U67BH37",
        "text": "It Might",
        "ts": "1514400421.000001"
    },
    {
        "type": "message",
        "user": "U6U67BH37",
        "text": "symlinks are not first class citizens, tho, many codez treats them different",
        "ts": "1514400437.000291"
    },
    {
        "type": "message",
        "user": "U5MMET0SG",
        "text": "<@U5UHJM2K1> ok, you can do the Russian version. I'd just prefer if you could use our online tool. It's got lots of useful features and makes work a lot easier. It would also be easier to manage if all translations are handled in one place. I'm sure you're going to love it.:grinning: ",
        "ts": "1514401935.000194"
    },
    {
        "type": "message",
        "user": "U5MMET0SG",
        "text": "Just dm me and I'll send an invite once I'm ready",
        "ts": "1514401956.000070"
    },
    {
        "type": "message",
        "user": "U5UHJM2K1",
        "text": "<@U5MMET0SG> i'm already done 49% of translation ...",
        "ts": "1514401986.000033"
    },
    {
        "type": "message",
        "user": "U5UHJM2K1",
        "text": "Seems tomorrow in morning \/ dinner it will be 100% complete ...",
        "ts": "1514402052.000068"
    },
    {
        "type": "message",
        "user": "U5UHJM2K1",
        "text": "It's not always comfortable to use some tools to translate json\/text files, because in this case we make translation in 3rd-party utility \/ tool and can't see results in realtime. This is bad, because some captions can exceed button dimensions (buttons is relative to screen, but i'm trying to make translated text looks comfortable in 1280px width, many english words is short, compared to it's russian translate ... For example \"Add\" - 3 symbols, but in russian it looks like \"Добавить\" - 8 symbols) ... So, i think better i will translate and look results locally in real-time, and when it'll be complete - i will upload ru_RU.json file somewhere.",
        "ts": "1514402446.000181"
    },
    {
        "type": "message",
        "user": "U5MMET0SG",
        "text": "<@U5UHJM2K1> I understand, you can also send me your translation once you finished. I just need to know who is working on what, in order to manage everything properly and to avoid having multiple people working on the same thing.",
        "ts": "1514409828.000217"
    },
    {
        "type": "message",
        "user": "U42RD3BB6",
        "text": "255 UTXOs max limit or is that just shown in the GUI",
        "ts": "1514416024.000018"
    },
    {
        "type": "message",
        "user": "U42RD3BB6",
        "text": "im assuming smart address starts reusing some UTXOs at that point",
        "ts": "1514416961.000008"
    },
    {
        "type": "message",
        "user": "U02QSHX81",
        "text": "you can combine them again by sending some bigger amount to the same address using the GUI :slightly_smiling_face:",
        "ts": "1514417054.000049"
    },
    {
        "type": "message",
        "user": "U02QSHX81",
        "text": "or the GUI will prompt you to do so if needed",
        "ts": "1514417075.000089"
    },
    {
        "type": "message",
        "user": "U42RD3BB6",
        "text": "gotcha. i was gonna ask if there was a way to consolidate. I was gonna send to agama wallet and assumed thatd work too",
        "ts": "1514417105.000042"
    },
    {
        "type": "message",
        "user": "U02QSHX81",
        "text": "It is always better to use only BarterDEX GUI for trading account. The GUI also works as multi coin wallet for supported coins",
        "ts": "1514417173.000036"
    },
    {
        "type": "message",
        "user": "U42RD3BB6",
        "text": "i had 2 weird swaps today, seller payment is stuck on both",
        "ts": "1514417249.000139"
    },
    {
        "type": "message",
        "user": "U42RD3BB6",
        "text": "looks like i paid too",
        "ts": "1514417278.000100"
    },
    {
        "type": "message",
        "user": "U42RD3BB6",
        "text": "I kick started both. One has a purple \"finished\" and the other swap has a teal \"finished\". Upon opening trades I am waiting on seller payment.",
        "ts": "1514417358.000009"
    },
    {
        "type": "message",
        "user": "U02QSHX81",
        "text": "i'd say wait about 4 hours before kickstarting again",
        "ts": "1514417395.000009"
    },
    {
        "type": "message",
        "user": "U42RD3BB6",
        "text": "Alright",
        "ts": "1514417437.000066"
    },
    {
        "type": "message",
        "user": "U02QSHX81",
        "text": "if it doesn't do anything please post the console output and swap details",
        "ts": "1514417438.000032"
    },
    {
        "type": "message",
        "user": "U42RD3BB6",
        "text": "okay, console output might be long gone by  now but i can get the swap details",
        "ts": "1514417457.000175"
    },
    {
        "type": "message",
        "user": "U02QSHX81",
        "text": "someone here will be able to help you out (if i'm away) :slightly_smiling_face:",
        "ts": "1514417481.000030"
    },
    {
        "type": "message",
        "user": "U42RD3BB6",
        "text": "ok :slightly_smiling_face: I am not too concerned, but they were 50 dollar trades",
        "ts": "1514417518.000104"
    },
    {
        "type": "message",
        "user": "U42RD3BB6",
        "text": "Also, just trying to totally understand. Is there a way to offer once and take out a whole buy wall. I would think offering below the min and have a max SELL amount higher than units wanted would work, especially with as many UTXOs as I have",
        "ts": "1514417665.000001"
    },
    {
        "type": "message",
        "user": "U42RD3BB6",
        "text": "So instead I've been just taking on one offer at a time",
        "ts": "1514417678.000191"
    },
    {
        "type": "message",
        "user": "U42RD3BB6",
        "text": "If thats not the case, disregard my question :slightly_smiling_face:",
        "ts": "1514417711.000058"
    },
    {
        "type": "message",
        "user": "U42RD3BB6",
        "text": "I also couldnt get auto-repeat to work either, but perhaps I did that wrong",
        "ts": "1514417786.000083"
    },
    {
        "type": "message",
        "user": "U42RD3BB6",
        "text": "theres a liquidity maker that keeps putting up the same number of units\/price after buying",
        "ts": "1514417829.000072"
    },
    {
        "type": "message",
        "user": "U02QSHX81",
        "text": "BarterDEX has whale resistance :slightly_smiling_face:",
        "ts": "1514417861.000133"
    },
    {
        "type": "message",
        "user": "U42RD3BB6",
        "text": "aha",
        "ts": "1514417876.000161"
    },
    {
        "type": "message",
        "user": "U02QSHX81",
        "text": "you can't wipe out whole buy\/sell order easily",
        "ts": "1514417879.000085"
    },
    {
        "type": "message",
        "user": "U42RD3BB6",
        "text": "well thats good :slightly_smiling_face:",
        "ts": "1514417892.000133"
    },
    {
        "type": "message",
        "user": "U42RD3BB6",
        "text": "I can see the sellers payment in holding. definitely stuck",
        "ts": "1514418098.000188"
    },
    {
        "type": "message",
        "user": "U2PSPGFJS",
        "text": "are there instructions on how to upgrade to the latest BarterDEX GUI software on windows.  I'm still using 7.7 and I want to post console outputs to help get a stuck swap fixed with the help of you experts.",
        "ts": "1514418264.000024"
    },
    {
        "type": "message",
        "user": "U02QSHX81",
        "text": "",
        "attachments": [
            {
                "fallback": "[December 22nd, 2017 11:23 PM] shossain: Use the following commands to run the latest BarterDEX from source:\n`git clone <https:\/\/github.com\/KomodoPlatform\/BarterDEX>`\n`cd BarterDEX`\n`git checkout v0.8`\n`npm install`\n`npm start`",
                "ts": "1513985035.000143",
                "author_id": "U02QSHX81",
                "author_subname": "SHossain",
                "channel_id": "C0MN08277",
                "channel_name": "tradebots",
                "is_msg_unfurl": true,
                "text": "Use the following commands to run the latest BarterDEX from source:\n`git clone <https:\/\/github.com\/KomodoPlatform\/BarterDEX>`\n`cd BarterDEX`\n`git checkout v0.8`\n`npm install`\n`npm start`",
                "author_name": "SHossain",
                "author_link": "https:\/\/komodo-platform.slack.com\/team\/U02QSHX81",
                "author_icon": "https:\/\/avatars.slack-edge.com\/2017-12-14\/287773045143_b8d101ce39a4f6f05e75_48.png",
                "mrkdwn_in": [
                    "text"
                ],
                "color": "D0D0D0",
                "from_url": "https:\/\/komodo-platform.slack.com\/archives\/C0MN08277\/p1513985035000143",
                "is_share": true,
                "footer": "Posted in #tradebots"
            }
        ],
        "ts": "1514418323.000091"
    },
    {
        "type": "message",
        "user": "U02QSHX81",
        "text": "You need to have `git` &amp; `nodejs` installed",
        "ts": "1514418339.000085",
        "reactions": [
            {
                "name": "pray::skin-tone-3",
                "users": [
                    "U2PSPGFJS"
                ],
                "count": 1
            },
            {
                "name": "iguana",
                "users": [
                    "U2PSPGFJS"
                ],
                "count": 1
            }
        ]
    },
    {
        "type": "message",
        "user": "U42RD3BB6",
        "text": "open git bash once downloaded git",
        "ts": "1514418354.000083"
    },
    {
        "type": "message",
        "user": "U42RD3BB6",
        "text": "on windows",
        "ts": "1514418356.000017"
    },
    {
        "type": "message",
        "user": "U42RD3BB6",
        "text": "so u can use linux syntax",
        "ts": "1514418364.000084"
    },
    {
        "type": "message",
        "user": "U02QSHX81",
        "text": "it works for me via command prompt as well",
        "ts": "1514418380.000095"
    },
    {
        "type": "message",
        "user": "U42RD3BB6",
        "text": "yeah i just looked at the keywords there, they would",
        "ts": "1514418390.000137"
    },
    {
        "type": "message",
        "user": "U42RD3BB6",
        "text": "ls is common one that doesnt work tho",
        "ts": "1514418400.000031"
    },
    {
        "type": "message",
        "user": "U42RD3BB6",
        "text": "shossain, did grewal give the ok to upgrade to .8 with that language stuff?",
        "ts": "1514418437.000073"
    },
    {
        "type": "message",
        "user": "U42RD3BB6",
        "text": "i was on .8, had issues on windows, and then just did .7 branch on mac",
        "ts": "1514418469.000155"
    },
    {
        "type": "message",
        "user": "U42RD3BB6",
        "text": "but ill upgrade to .8 if its good",
        "ts": "1514418481.000006"
    },
    {
        "type": "message",
        "user": "U02QSHX81",
        "text": "latest version is 0.8.1",
        "ts": "1514418488.000023"
    },
    {
        "type": "message",
        "user": "U42RD3BB6",
        "text": "ok so he did do the commit then",
        "ts": "1514418496.000092"
    },
    {
        "type": "message",
        "user": "U02QSHX81",
        "text": "Satinder didn't say anything, but i was using, and it is working for me on both Linux and Windows :slightly_smiling_face:",
        "ts": "1514418533.000182"
    },
    {
        "type": "message",
        "user": "U42RD3BB6",
        "text": "great ty",
        "ts": "1514418542.000161"
    },
    {
        "type": "message",
        "user": "U42RD3BB6",
        "text": "i am having a few hiccups on mac every now and then but it runs much better than windows",
        "ts": "1514418573.000148"
    },
    {
        "type": "message",
        "user": "U02QSHX81",
        "text": "best to use unix based system than windows",
        "ts": "1514418598.000039"
    },
    {
        "type": "message",
        "user": "U42RD3BB6",
        "text": "yeah thats the story of my life",
        "ts": "1514418612.000022"
    },
    {
        "type": "message",
        "user": "U6MTBP2QK",
        "text": "How long before a 0conf deposit is claimable is it _supposed to be_ no longer usable?\nIve got 2 deposits that haven't been usable for the last 40+ hrs and are not claimable for almost 5 more hours",
        "ts": "1514419862.000097"
    },
    {
        "type": "message",
        "user": "U02LQ1WHQ",
        "text": "2 day gap is intentional, this prevents attacker from trying to do funny things right before it expires, then claim it before time to resolve any funny business",
        "ts": "1514426000.000115",
        "reactions": [
            {
                "name": "+1",
                "users": [
                    "U6MTBP2QK"
                ],
                "count": 1
            }
        ]
    },
    {
        "type": "message",
        "user": "U2PSPGFJS",
        "text": "I tried to kickstart my stuck HODL trade.",
        "ts": "1514426842.000086"
    },
    {
        "type": "message",
        "text": "",
        "files": [
            {
                "id": "F8KNVV29H",
                "created": 1514426854,
                "timestamp": 1514426854,
                "name": "-.txt",
                "title": "Untitled",
                "mimetype": "text\/plain",
                "filetype": "text",
                "pretty_type": "Plain Text",
                "user": "U2PSPGFJS",
                "editable": true,
                "size": 320,
                "mode": "snippet",
                "is_external": false,
                "external_type": "",
                "is_public": true,
                "public_url_shared": false,
                "display_as_bot": false,
                "username": "",
                "url_private": "https:\/\/files.slack.com\/files-pri\/T02LAJBUW-F8KNVV29H\/-.txt?t=xoxe-2690623982-420508393732-420508393844-55126cc98091fbe0399fac3c66f6ed8e",
                "url_private_download": "https:\/\/files.slack.com\/files-pri\/T02LAJBUW-F8KNVV29H\/download\/-.txt?t=xoxe-2690623982-420508393732-420508393844-55126cc98091fbe0399fac3c66f6ed8e",
                "permalink": "https:\/\/komodo-platform.slack.com\/files\/U2PSPGFJS\/F8KNVV29H\/-.txt",
                "permalink_public": "https:\/\/slack-files.com\/T02LAJBUW-F8KNVV29H-ecd4466dd6",
                "edit_link": "https:\/\/komodo-platform.slack.com\/files\/U2PSPGFJS\/F8KNVV29H\/-.txt\/edit",
                "preview": "CURRENT SENT FLAG IS: alicepayment\r\nsimpledexactions.js:5232 swap detail BLINKING\r\nsimpledexactions.js:5192 btn_kickstart_stuck_trade clicked\r\nsimpledexactions.js:5196 4004686197-1380240235.finished file removed.\r\nsimpledexactions.js:5227 CURRENT SENT FLAG IS: alicepayment\r",
                "preview_highlight": "<div class=\"CodeMirror cm-s-default CodeMirrorServer\" oncopy=\"if(event.clipboardData){event.clipboardData.setData('text\/plain',window.getSelection().toString().replace(\/\\u200b\/g,''));event.preventDefault();event.stopPropagation();}\">\n<div class=\"CodeMirror-code\">\n<div><pre>CURRENT SENT FLAG IS: alicepayment<\/pre><\/div>\n<div><pre>simpledexactions.js:5232 swap detail BLINKING<\/pre><\/div>\n<div><pre>simpledexactions.js:5192 btn_kickstart_stuck_trade clicked<\/pre><\/div>\n<div><pre>simpledexactions.js:5196 4004686197-1380240235.finished file removed.<\/pre><\/div>\n<div><pre>simpledexactions.js:5227 CURRENT SENT FLAG IS: alicepayment<\/pre><\/div>\n<div><pre><\/pre><\/div>\n<\/div>\n<\/div>\n",
                "lines": 6,
                "lines_more": 1,
                "preview_is_truncated": false
            }
        ],
        "upload": true,
        "user": "U2PSPGFJS",
        "display_as_bot": false,
        "ts": "1514426854.000149"
    },
    {
        "type": "message",
        "user": "U2PSPGFJS",
        "text": "anyone know how to get your funds back from  b addresses ?",
        "ts": "1514427484.000049"
    },
    {
        "type": "message",
        "user": "U2PSPGFJS",
        "text": "status now showing undefined finished",
        "ts": "1514427826.000103"
    },
    {
        "type": "message",
        "user": "U02LQ1WHQ",
        "text": "I ask again for swapstatus post",
        "ts": "1514428466.000094"
    },
    {
        "type": "message",
        "user": "U02LQ1WHQ",
        "text": "<@U02QSHX81> can you look into his stuck swap and see if it is a core issue or gui",
        "thread_ts": "1514428483.000162",
        "reply_count": 2,
        "replies": [
            {
                "user": "U2PSPGFJS",
                "ts": "1514442573.000091"
            },
            {
                "user": "U02QSHX81",
                "ts": "1514460046.000076"
            }
        ],
        "unread_count": 2,
        "ts": "1514428483.000162"
    },
    {
        "type": "message",
        "user": "U2GC2GXTP",
        "text": "<!channel> - please do not swap MNZ -&gt; KMD",
        "ts": "1514431471.000077"
    },
    {
        "type": "message",
        "user": "U42RD3BB6",
        "text": "whats going on",
        "ts": "1514431512.000010"
    },
    {
        "type": "message",
        "user": "U81J3QWRG",
        "text": "martial law on vowels",
        "ts": "1514431616.000064",
        "reactions": [
            {
                "name": "joy",
                "users": [
                    "U6MTBP2QK"
                ],
                "count": 1
            }
        ]
    },
    {
        "type": "message",
        "user": "U02LQ1WHQ",
        "text": "my guess is some sort of test of some sort",
        "ts": "1514431672.000044"
    },
    {
        "type": "message",
        "user": "U42RD3BB6",
        "text": "close to 100 atomic swaps now",
        "ts": "1514432140.000023"
    },
    {
        "type": "message",
        "user": "U42RD3BB6",
        "text": "<@U02LQ1WHQ> i also have 2 swaps stuck. But around 12 hours. I figure ill give it a day or 2.",
        "ts": "1514432282.000070"
    },
    {
        "type": "message",
        "user": "U42RD3BB6",
        "text": "been around*",
        "ts": "1514432292.000140"
    },
    {
        "type": "message",
        "user": "U02LQ1WHQ",
        "text": "after 4 hours you should be able to reclaim them",
        "ts": "1514432409.000046"
    },
    {
        "type": "message",
        "user": "U02LQ1WHQ",
        "text": "without the swapstatus details where we can lookup the txids (i dont want to type it in from picture!)",
        "ts": "1514432440.000140"
    },
    {
        "type": "message",
        "user": "U02LQ1WHQ",
        "text": "we can see why it got stuck",
        "ts": "1514432447.000045"
    },
    {
        "type": "message",
        "user": "U02LQ1WHQ",
        "text": "these unfixed stuck swaps are of big concern",
        "ts": "1514432455.000063"
    },
    {
        "type": "message",
        "user": "U42RD3BB6",
        "text": "1 sec ill get the txids",
        "ts": "1514432458.000026"
    },
    {
        "type": "message",
        "user": "U02LQ1WHQ",
        "text": "<@U02QSHX81> plz investigate",
        "ts": "1514432464.000058"
    },
    {
        "type": "message",
        "user": "U6U67BH37",
        "text": "Good news for BarterDEX: <https:\/\/www.reuters.com\/article\/uk-southkorea-bitcoin\/south-korea-to-impose-new-curbs-on-cryptocurrency-trading-idUSKBN1EM05K>",
        "ts": "1514435157.000067"
    },
    {
        "type": "message",
        "user": "U6U67BH37",
        "text": "```The steps will include a ban on opening anonymous cryptocurrency accounts and new legislation to allow regulators to close virtual coin exchanges if needed, a measure recommended by the justice ministry, the statement said.```",
        "ts": "1514435175.000082"
    },
    {
        "type": "message",
        "user": "U6U67BH37",
        "text": "BTC just took a $1200 dive on this news, people are so touchy",
        "ts": "1514435256.000011"
    },
    {
        "type": "message",
        "user": "U02LQ1WHQ",
        "text": "it is translation of 3 weeks old",
        "ts": "1514435658.000078"
    },
    {
        "type": "message",
        "user": "U6U67BH37",
        "text": "so funny, somebody wanted to buy cheap BTC",
        "ts": "1514436331.000095"
    },
    {
        "user": "U8LTK8CBH",
        "text": "<@U8LTK8CBH> has joined the channel",
        "type": "message",
        "subtype": "channel_join",
        "ts": "1514436335.000029"
    },
    {
        "type": "message",
        "user": "U8LTK8CBH",
        "text": "Hello",
        "ts": "1514436347.000029"
    },
    {
        "type": "message",
        "user": "U6U67BH37",
        "text": "<@U8LTK8CBH> welcome",
        "ts": "1514436454.000009"
    },
    {
        "type": "message",
        "user": "U8LTK8CBH",
        "text": "Thanks <@U6U67BH37>",
        "ts": "1514436487.000023"
    },
    {
        "type": "message",
        "user": "U8LTK8CBH",
        "text": "I joined cause i ca't upgrade my barterdex :disappointed:",
        "ts": "1514436513.000098"
    },
    {
        "type": "message",
        "user": "U8LTK8CBH",
        "text": "Running Barterdex 0.7.0 here. Trying to update to 0.7.7 Downloaded zipped folder. Unzipped it. What do i do next? :neutral_face:",
        "ts": "1514436529.000014"
    },
    {
        "type": "message",
        "user": "U6U67BH37",
        "text": "run the latest BarterDEX from source",
        "attachments": [
            {
                "fallback": "[December 22nd, 2017 11:23 PM] shossain: Use the following commands to run the latest BarterDEX from source:\n`git clone <https:\/\/github.com\/KomodoPlatform\/BarterDEX>`\n`cd BarterDEX`\n`git checkout v0.8`\n`npm install`\n`npm start`",
                "ts": "1513985035.000143",
                "author_id": "U02QSHX81",
                "author_subname": "SHossain",
                "channel_id": "C0MN08277",
                "channel_name": "tradebots",
                "is_msg_unfurl": true,
                "text": "Use the following commands to run the latest BarterDEX from source:\n`git clone <https:\/\/github.com\/KomodoPlatform\/BarterDEX>`\n`cd BarterDEX`\n`git checkout v0.8`\n`npm install`\n`npm start`",
                "author_name": "SHossain",
                "author_link": "https:\/\/komodo-platform.slack.com\/team\/U02QSHX81",
                "author_icon": "https:\/\/avatars.slack-edge.com\/2017-12-14\/287773045143_b8d101ce39a4f6f05e75_48.png",
                "mrkdwn_in": [
                    "text"
                ],
                "color": "D0D0D0",
                "from_url": "https:\/\/komodo-platform.slack.com\/archives\/C0MN08277\/p1513985035000143",
                "is_share": true,
                "footer": "Posted in #tradebots"
            }
        ],
        "ts": "1514436861.000083"
    },
    {
        "type": "message",
        "user": "U6U67BH37",
        "text": "<@U8LTK8CBH> v0.7.7 already has some known bugs, beta binaries for 0.8.0 should happen soon, otherwise, the above instructions are best",
        "ts": "1514436900.000177"
    },
    {
        "type": "message",
        "subtype": "pinned_item",
        "text": "<@U02LQ1WHQ> pinned a message to this channel.",
        "user": "U02LQ1WHQ",
        "item_type": "C",
        "attachments": [
            {
                "fallback": "[December 27th, 2017 8:54 PM] dukeleto: run the latest BarterDEX from source",
                "ts": "1514436861.000083",
                "author_id": "U6U67BH37",
                "author_subname": "Duke Leto",
                "channel_id": "C0MN08277",
                "channel_name": "tradebots",
                "is_msg_unfurl": true,
                "text": "run the latest BarterDEX from source\n<https:\/\/komodo-platform.slack.com\/archives\/C0MN08277\/p1513985035000143>",
                "author_name": "Duke Leto",
                "author_link": "https:\/\/komodo-platform.slack.com\/team\/U6U67BH37",
                "author_icon": "https:\/\/avatars.slack-edge.com\/2017-08-25\/231425589424_3b7fdbd1f22854d8980f_48.png",
                "mrkdwn_in": [
                    "text"
                ],
                "from_hidden_wksp": false
            }
        ],
        "ts": "1514436909.000090"
    },
    {
        "type": "message",
        "user": "U6U67BH37",
        "text": "that zip file is just source code, and that is an older release, best to use the v0.8 branch in the instructions above",
        "ts": "1514436930.000104"
    },
    {
        "type": "message",
        "user": "U8LTK8CBH",
        "text": "Gotcha, but i'm not popwer user. Will try to install git and npm though and see what happens :stuck_out_tongue:",
        "ts": "1514436998.000098",
        "reactions": [
            {
                "name": "+1",
                "users": [
                    "U6PPCCQ00",
                    "U2PSPGFJS"
                ],
                "count": 2
            }
        ]
    },
    {
        "type": "message",
        "user": "U02LQ1WHQ",
        "text": "be careful! doing such things might make you into a power user",
        "ts": "1514437019.000067",
        "reactions": [
            {
                "name": "joy",
                "users": [
                    "U6PPCCQ00",
                    "U2PSPGFJS",
                    "U41M5AAJW",
                    "U02QSHX81"
                ],
                "count": 4
            },
            {
                "name": "smirk",
                "users": [
                    "U8LTK8CBH",
                    "U2PSPGFJS",
                    "U4PNWF8Q5",
                    "U41M5AAJW",
                    "U02QSHX81"
                ],
                "count": 5
            }
        ]
    },
    {
        "type": "message",
        "user": "U8LTK8CBH",
        "text": "Like the sound of that! wish me look :stuck_out_tongue:",
        "ts": "1514437046.000145"
    },
    {
        "type": "message",
        "user": "U6U67BH37",
        "text": "right now there are no beta binaries, but I expect to see some soon. this next release has lots of translation files, cool stuff for internationalization",
        "ts": "1514437050.000064"
    },
    {
        "type": "message",
        "user": "U6U67BH37",
        "text": "and being a power user has it's benefits",
        "ts": "1514437059.000035"
    },
    {
        "type": "message",
        "user": "U6U67BH37",
        "text": "i am always happy i understand internals when I run into some bug in a cryptocoin wallet, and can dig into what is going on",
        "ts": "1514437112.000058"
    },
    {
        "type": "message",
        "user": "U6U67BH37",
        "text": "knowledge about cryptocoins has amazing and unforeseen benefits :slightly_smiling_face:",
        "ts": "1514437130.000096",
        "reactions": [
            {
                "name": "+1",
                "users": [
                    "U8LTK8CBH"
                ],
                "count": 1
            }
        ]
    },
    {
        "type": "message",
        "user": "U8LTK8CBH",
        "text": "Default text editor?",
        "ts": "1514437505.000093"
    },
    {
        "type": "message",
        "user": "U8LTK8CBH",
        "text": "for git?",
        "ts": "1514437544.000038"
    },
    {
        "type": "message",
        "user": "U8LTK8CBH",
        "text": "installed git\ninstalled node\ndid thiss:\n`git clone <https:\/\/github.com\/KomodoPlatform\/BarterDEX>`\n`cd BarterDEX`\n`git checkout v0.8`",
        "ts": "1514438596.000004"
    },
    {
        "type": "message",
        "user": "U8LTK8CBH",
        "text": "When i typed \nnpm install got this message: bash: npm: command not found",
        "ts": "1514438645.000002",
        "reactions": [
            {
                "name": "neutral_face",
                "users": [
                    "U8LTK8CBH"
                ],
                "count": 1
            }
        ]
    },
    {
        "type": "message",
        "user": "U6PPCCQ00",
        "text": "<http:\/\/blog.teamtreehouse.com\/install-node-js-npm-windows>\nrelaunch node setup &gt; select custom setup &gt; there is an option NPM package manager",
        "edited": {
            "user": "U6PPCCQ00",
            "ts": "1514439474.000000"
        },
        "ts": "1514439463.000094",
        "reactions": [
            {
                "name": "+1",
                "users": [
                    "U8LTK8CBH"
                ],
                "count": 1
            }
        ]
    },
    {
        "type": "message",
        "user": "U8LTK8CBH",
        "text": "ok will try that thanks <@U6PPCCQ00>",
        "ts": "1514439552.000143"
    },
    {
        "type": "message",
        "user": "U6U67BH37",
        "text": "<@U8LTK8CBH> you are getting close, keep going :slightly_smiling_face:",
        "ts": "1514439735.000037",
        "reactions": [
            {
                "name": "+1",
                "users": [
                    "U8LTK8CBH"
                ],
                "count": 1
            }
        ]
    },
    {
        "type": "message",
        "user": "U2PSPGFJS",
        "text": "<@U8LTK8CBH> did you restart your machine after getting npm ?",
        "ts": "1514441323.000031"
    },
    {
        "type": "message",
        "user": "U8LTK8CBH",
        "text": "Got it! Upgraded to V 0.8.1 and working! Thanks guys! \ntHANKS <@U6PPCCQ00> for the technical support, thanks <@U6U67BH37> for the moral support, thanks <@U02LQ1WHQ> or the sarcasm suport :stuck_out_tongue: and thanks <@U2PSPGFJS> for the intention of help",
        "ts": "1514441491.000111"
    },
    {
        "type": "message",
        "user": "U8LTK8CBH",
        "text": "I'm a power user now! :grinning:",
        "ts": "1514441541.000004"
    },
    {
        "type": "message",
        "user": "U8LTK8CBH",
        "text": "Going to bed now, long day tomorrow at work.",
        "ts": "1514441598.000044"
    },
    {
        "type": "message",
        "user": "U8LTK8CBH",
        "text": "Also i can translate BarterDEX  to spanish, who do i talk to?",
        "ts": "1514441635.000056"
    },
    {
        "type": "message",
        "user": "U2PSPGFJS",
        "text": "<@U8LTK8CBH> you can talk to <@U5MMET0SG> about <#C0362RPU2|translators>   (and check out that channel as well)",
        "ts": "1514441941.000015",
        "reactions": [
            {
                "name": "+1",
                "users": [
                    "U8LTK8CBH"
                ],
                "count": 1
            }
        ]
    },
    {
        "type": "message",
        "user": "U6U67BH37",
        "text": "<@U8LTK8CBH> congrats, nice work",
        "ts": "1514441969.000046",
        "reactions": [
            {
                "name": "+1",
                "users": [
                    "U8LTK8CBH"
                ],
                "count": 1
            }
        ]
    },
    {
        "type": "message",
        "user": "U8LTK8CBH",
        "text": "<@U2PSPGFJS> thanks, will do",
        "ts": "1514442016.000043"
    },
    {
        "type": "message",
        "user": "U8LTK8CBH",
        "text": "<@U6U67BH37> than you, thank you",
        "ts": "1514442052.000008"
    },
    {
        "type": "message",
        "user": "U2PSPGFJS",
        "text": "I will try to post what you are asking for, I think I just located the printouts you want to look at.",
        "thread_ts": "1514428483.000162",
        "parent_user_id": "U02LQ1WHQ",
        "ts": "1514442573.000091"
    },
    {
        "type": "message",
        "user": "U2PSPGFJS",
        "text": "<@U02QSHX81> <@U02LQ1WHQ> I hope these printouts help with the swapstatus:",
        "ts": "1514442646.000165"
    },
    {
        "type": "message",
        "user": "U2PSPGFJS",
        "text": "I saw this printout when I started barterdex:",
        "ts": "1514442668.000091"
    },
    {
        "type": "message",
        "text": "",
        "files": [
            {
                "id": "F8KQ217DH",
                "created": 1514442687,
                "timestamp": 1514442687,
                "name": "-.txt",
                "title": "Untitled",
                "mimetype": "text\/plain",
                "filetype": "text",
                "pretty_type": "Plain Text",
                "user": "U2PSPGFJS",
                "editable": true,
                "size": 735,
                "mode": "snippet",
                "is_external": false,
                "external_type": "",
                "is_public": true,
                "public_url_shared": false,
                "display_as_bot": false,
                "username": "",
                "url_private": "https:\/\/files.slack.com\/files-pri\/T02LAJBUW-F8KQ217DH\/-.txt?t=xoxe-2690623982-420508393732-420508393844-55126cc98091fbe0399fac3c66f6ed8e",
                "url_private_download": "https:\/\/files.slack.com\/files-pri\/T02LAJBUW-F8KQ217DH\/download\/-.txt?t=xoxe-2690623982-420508393732-420508393844-55126cc98091fbe0399fac3c66f6ed8e",
                "permalink": "https:\/\/komodo-platform.slack.com\/files\/U2PSPGFJS\/F8KQ217DH\/-.txt",
                "permalink_public": "https:\/\/slack-files.com\/T02LAJBUW-F8KQ217DH-2f31b1705b",
                "edit_link": "https:\/\/komodo-platform.slack.com\/files\/U2PSPGFJS\/F8KQ217DH\/-.txt\/edit",
                "preview": "Start stats_rpcloop.7782\r\n>>>>>>>>>> DEX stats 127.0.0.1:7783 bind sock.952 DEX stats API enabled at unixtime.1514441974 <<<<<<<<<\r\n>>>>>>>>>> DEX stats 127.0.0.1:7782 bind sock.1916 DEX stats API enabled at unixtime.1514441974 <<<<<<<<<\r\nLP_calc_magic maxn.0 <- 1   | millis 1.000 ave 1.000, aveiters 1.0\r\nunexpected.0 tradestatus aliceid.11605855524501258241 requestid.3592796452 quoteid.898971377\r",
                "preview_highlight": "<div class=\"CodeMirror cm-s-default CodeMirrorServer\" oncopy=\"if(event.clipboardData){event.clipboardData.setData('text\/plain',window.getSelection().toString().replace(\/\\u200b\/g,''));event.preventDefault();event.stopPropagation();}\">\n<div class=\"CodeMirror-code\">\n<div><pre>Start stats_rpcloop.7782<\/pre><\/div>\n<div><pre>&gt;&gt;&gt;&gt;&gt;&gt;&gt;&gt;&gt;&gt; DEX stats 127.0.0.1:7783 bind sock.952 DEX stats API enabled at unixtime.1514441974 &lt;&lt;&lt;&lt;&lt;&lt;&lt;&lt;&lt;<\/pre><\/div>\n<div><pre>&gt;&gt;&gt;&gt;&gt;&gt;&gt;&gt;&gt;&gt; DEX stats 127.0.0.1:7782 bind sock.1916 DEX stats API enabled at unixtime.1514441974 &lt;&lt;&lt;&lt;&lt;&lt;&lt;&lt;&lt;<\/pre><\/div>\n<div><pre>LP_calc_magic maxn.0 &lt;- 1   | millis 1.000 ave 1.000, aveiters 1.0<\/pre><\/div>\n<div><pre>unexpected.0 tradestatus aliceid.11605855524501258241 requestid.3592796452 quoteid.898971377<\/pre><\/div>\n<div><pre><\/pre><\/div>\n<\/div>\n<\/div>\n",
                "lines": 12,
                "lines_more": 7,
                "preview_is_truncated": false
            }
        ],
        "upload": true,
        "user": "U2PSPGFJS",
        "display_as_bot": false,
        "ts": "1514442687.000115"
    },
    {
        "type": "message",
        "user": "U2PSPGFJS",
        "text": "I see this after trying to kickstart:",
        "ts": "1514442706.000147"
    },
    {
        "type": "message",
        "user": "U6U67BH37",
        "text": "<@U02LQ1WHQ> this SuperBitcoin fork has some kind of replay protection but it's not SIGHASH_FORKID, does this document make any sense to you? <https:\/\/github.com\/superbitcoin\/SuperBitcoin\/blob\/master\/doc\/modification%20on%20SBTC%20signature%20connector.md>",
        "attachments": [
            {
                "service_name": "GitHub",
                "title": "superbitcoin\/SuperBitcoin",
                "title_link": "https:\/\/github.com\/superbitcoin\/SuperBitcoin\/blob\/master\/doc\/modification%20on%20SBTC%20signature%20connector.md",
                "text": "Contribute to SuperBitcoin development by creating an account on GitHub.",
                "fallback": "GitHub: superbitcoin\/SuperBitcoin",
                "from_url": "https:\/\/github.com\/superbitcoin\/SuperBitcoin\/blob\/master\/doc\/modification%20on%20SBTC%20signature%20connector.md",
                "thumb_url": "https:\/\/avatars1.githubusercontent.com\/u\/33713971?s=400&v=4",
                "thumb_width": 250,
                "thumb_height": 250,
                "service_icon": "https:\/\/a.slack-edge.com\/bfaba\/img\/unfurl_icons\/github.png",
                "id": 1
            }
        ],
        "ts": "1514442790.000107"
    },
    {
        "type": "message",
        "text": "",
        "files": [
            {
                "id": "F8KSC4D5G",
                "created": 1514442833,
                "timestamp": 1514442833,
                "name": "-.txt",
                "title": "Untitled",
                "mimetype": "text\/plain",
                "filetype": "text",
                "pretty_type": "Plain Text",
                "user": "U2PSPGFJS",
                "editable": true,
                "size": 1066,
                "mode": "snippet",
                "is_external": false,
                "external_type": "",
                "is_public": true,
                "public_url_shared": false,
                "display_as_bot": false,
                "username": "",
                "url_private": "https:\/\/files.slack.com\/files-pri\/T02LAJBUW-F8KSC4D5G\/-.txt?t=xoxe-2690623982-420508393732-420508393844-55126cc98091fbe0399fac3c66f6ed8e",
                "url_private_download": "https:\/\/files.slack.com\/files-pri\/T02LAJBUW-F8KSC4D5G\/download\/-.txt?t=xoxe-2690623982-420508393732-420508393844-55126cc98091fbe0399fac3c66f6ed8e",
                "permalink": "https:\/\/komodo-platform.slack.com\/files\/U2PSPGFJS\/F8KSC4D5G\/-.txt",
                "permalink_public": "https:\/\/slack-files.com\/T02LAJBUW-F8KSC4D5G-caba60672d",
                "edit_link": "https:\/\/komodo-platform.slack.com\/files\/U2PSPGFJS\/F8KSC4D5G\/-.txt\/edit",
                "preview": " command_rpcloop elapsed   16874.00 millis > threshold    2500.00, ave      73.93 millis, count.9840 swapstatus\r\nLP_swap_spendtxid: found 5b7c82ddc480f53f526283f70a517ddbf6ed12914a6363fca66d22a95b069abf\/v0 spends 9548fcf968855b12ea876cfcd4750d1d40587a529e\r\n{ command: 'remove_finished_swap_file',\r\n  quoteid: 1380240235,\r\n  requestid: 4004686197 }\r",
                "preview_highlight": "<div class=\"CodeMirror cm-s-default CodeMirrorServer\" oncopy=\"if(event.clipboardData){event.clipboardData.setData('text\/plain',window.getSelection().toString().replace(\/\\u200b\/g,''));event.preventDefault();event.stopPropagation();}\">\n<div class=\"CodeMirror-code\">\n<div><pre> command_rpcloop elapsed   16874.00 millis &gt; threshold    2500.00, ave      73.93 millis, count.9840 swapstatus<\/pre><\/div>\n<div><pre>LP_swap_spendtxid: found 5b7c82ddc480f53f526283f70a517ddbf6ed12914a6363fca66d22a95b069abf\/v0 spends 9548fcf968855b12ea876cfcd4750d1d40587a529e<\/pre><\/div>\n<div><pre>{ command: 'remove_finished_swap_file',<\/pre><\/div>\n<div><pre>  quoteid: 1380240235,<\/pre><\/div>\n<div><pre>  requestid: 4004686197 }<\/pre><\/div>\n<div><pre><\/pre><\/div>\n<\/div>\n<\/div>\n",
                "lines": 12,
                "lines_more": 7,
                "preview_is_truncated": true
            }
        ],
        "upload": true,
        "user": "U2PSPGFJS",
        "display_as_bot": false,
        "ts": "1514442834.000060"
    },
    {
        "type": "message",
        "user": "U6U67BH37",
        "text": "they wanted to use a later version of BTC core codebase to fork from, so they didn't use the BTG or BCH replay protection implementations, rolled their own",
        "ts": "1514442837.000129"
    },
    {
        "type": "message",
        "user": "U2PSPGFJS",
        "text": "I also see,   \"already spent\" in the prints",
        "ts": "1514442999.000078"
    },
    {
        "type": "message",
        "text": "",
        "files": [
            {
                "id": "F8LN781QW",
                "created": 1514443016,
                "timestamp": 1514443016,
                "name": "-.txt",
                "title": "Untitled",
                "mimetype": "text\/plain",
                "filetype": "text",
                "pretty_type": "Plain Text",
                "user": "U2PSPGFJS",
                "editable": true,
                "size": 2717,
                "mode": "snippet",
                "is_external": false,
                "external_type": "",
                "is_public": true,
                "public_url_shared": false,
                "display_as_bot": false,
                "username": "",
                "url_private": "https:\/\/files.slack.com\/files-pri\/T02LAJBUW-F8LN781QW\/-.txt?t=xoxe-2690623982-420508393732-420508393844-55126cc98091fbe0399fac3c66f6ed8e",
                "url_private_download": "https:\/\/files.slack.com\/files-pri\/T02LAJBUW-F8LN781QW\/download\/-.txt?t=xoxe-2690623982-420508393732-420508393844-55126cc98091fbe0399fac3c66f6ed8e",
                "permalink": "https:\/\/komodo-platform.slack.com\/files\/U2PSPGFJS\/F8LN781QW\/-.txt",
                "permalink_public": "https:\/\/slack-files.com\/T02LAJBUW-F8LN781QW-5765ea2578",
                "edit_link": "https:\/\/komodo-platform.slack.com\/files\/U2PSPGFJS\/F8LN781QW\/-.txt\/edit",
                "preview": " command_rpcloop elapsed   14824.00 millis > threshold    2500.00, ave      73.03 millis, count.10482 swapstatus\r\nLP_swap_spendtxid: found 5b7c82ddc480f53f526283f70a517ddbf6ed12914a6363fca66d22a95b069abf\/v0 spends 9548fcf968855b12ea876cfcd4750d1d40587a529e7296a18a7b2b43db03f430 vs 9548fcf968855b12ea876cfcd4750d1d40587a529e7296a18a7b2b43db03f430 found.1 destaddr.(RQLn2QYwXDemFN3DNigU5qv3wUrA3WqquA)\r\nLP_swap_spendtxid: found 5b7c82ddc480f53f526283f70a517ddbf6ed12914a6363fca66d22a95b069abf\/v0 spends 9548fcf968855b12ea876cfcd4750d1d40587a529e7296a18a7b2b43db03f430 vs 9548fcf968855b12ea876cfcd4750d1d40587a529e7296a18a7b2b43db03f430 found.1 destaddr.(RQLn2QYwXDemFN3DNigU5qv3wUrA3WqquA)\r\nLP_swap_spendtxid: found 5b7c82ddc480f53f526283f70a517ddbf6ed12914a6363fca66d22a95b069abf\/v0 spends 9548fcf968855b12ea876cfcd4750d1d40587a529e7296a18a7b2b43db03f430 vs 9548fcf968855b12ea876cfcd4750d1d40587a529e7296a18a7b2b43db03f430 found.1 destaddr.(RQLn2QYwXDemFN3DNigU5qv3wUrA3WqquA)\r\nLP_swap_spendtxid: found 5b7c82ddc480f53f52628...",
                "preview_highlight": "<div class=\"CodeMirror cm-s-default CodeMirrorServer\" oncopy=\"if(event.clipboardData){event.clipboardData.setData('text\/plain',window.getSelection().toString().replace(\/\\u200b\/g,''));event.preventDefault();event.stopPropagation();}\">\n<div class=\"CodeMirror-code\">\n<div><pre> command_rpcloop elapsed   14824.00 millis &gt; threshold    2500.00, ave      73.03 millis, count.10482 swapstatus<\/pre><\/div>\n<div><pre>LP_swap_spendtxid: found 5b7c82ddc480f53f526283f70a517ddbf6ed12914a6363fca66d22a95b069abf\/v0 spends 9548fcf968855b12ea876cfcd4750d1d40587a529e7296a18a7b2b43db03f430 vs 9548fcf968855b12ea876cfcd4750d1d40587a529e7296a18a7b2b43db03f430 found.1 destaddr.(RQLn2QYwXDemFN3DNigU5qv3wUrA3WqquA)<\/pre><\/div>\n<div><pre>LP_swap_spendtxid: found 5b7c82ddc480f53f526283f70a517ddbf6ed12914a6363fca66d22a95b069abf\/v0 spends 9548fcf968855b12ea876cfcd4750d1d40587a529e7296a18a7b2b43db03f430 vs 9548fcf968855b12ea876cfcd4750d1d40587a529e7296a18a7b2b43db03f430 found.1 destaddr.(RQLn2QYwXDemFN3DNigU5qv3wUrA3WqquA)<\/pre><\/div>\n<div><pre>LP_swap_spendtxid: found 5b7c82ddc480f53f526283f70a517ddbf6ed12914a6363fca66d22a95b069abf\/v0 spends 9548fcf968855b12ea876cfcd4750d1d40587a529e7296a18a7b2b43db03f430 vs 9548fcf968855b12ea876cfcd4750d1d40587a529e7296a18a7b2b43db03f430 found.1 destaddr.(RQLn2QYwXDemFN3DNigU5qv3wUrA3WqquA)<\/pre><\/div>\n<div><pre>LP_swap_spendtxid: found 5b7c82ddc480f53f52628...<\/pre><\/div>\n<\/div>\n<\/div>\n",
                "lines": 20,
                "lines_more": 15,
                "preview_is_truncated": true
            }
        ],
        "upload": true,
        "user": "U2PSPGFJS",
        "display_as_bot": false,
        "ts": "1514443017.000038"
    },
    {
        "type": "message",
        "user": "U0367GLCC",
        "text": "You foot soldiers, a little help\n\n<http:\/\/boards.4chan.org\/biz\/thread\/5547880>",
        "attachments": [
            {
                "title": "\/biz\/ - KMD - Business &amp; Finance - 4chan",
                "title_link": "http:\/\/boards.4chan.org\/biz\/thread\/5547880",
                "text": "KMD - \"\/biz\/ - Business &amp; Finance\" is 4chan's imageboard for the discussion of business and finance, and cryptocurrencies such as Bitcoin and Dogecoin.",
                "fallback": "\/biz\/ - KMD - Business &amp; Finance - 4chan",
                "from_url": "http:\/\/boards.4chan.org\/biz\/thread\/5547880",
                "service_icon": "http:\/\/s.4cdn.org\/image\/favicon-ws.ico",
                "service_name": "boards.4chan.org",
                "id": 1
            }
        ],
        "ts": "1514443646.000031",
        "reactions": [
            {
                "name": "+1",
                "users": [
                    "U6ZSHLN4V"
                ],
                "count": 1
            },
            {
                "name": "raised_hands",
                "users": [
                    "U6ZSHLN4V"
                ],
                "count": 1
            }
        ]
    },
    {
        "type": "message",
        "user": "U0367GLCC",
        "text": "Sorry for the interruption ",
        "ts": "1514443667.000042"
    },
    {
        "type": "message",
        "user": "U6ZSHLN4V",
        "text": "Does anyone here have a moderately solid understanding of the mining process, and if so, can I ask you a few questions about how the Bitcoin protocol works? I'm working on the Komodo Foundations Lightpaper, and am stuck on a topic, and Google isn't helping.",
        "ts": "1514445569.000106"
    },
    {
        "type": "message",
        "user": "U6ZSHLN4V",
        "text": "The question that I'm trying to figure out: \nIn the Bitcoin protocol, can you mine a transaction twice?",
        "ts": "1514446111.000108"
    },
    {
        "type": "message",
        "user": "U6ZSHLN4V",
        "text": "And get profit",
        "ts": "1514446116.000188"
    },
    {
        "type": "message",
        "user": "U34RJ030D",
        "text": "not sure but here is a mastering bitcoin pdf book",
        "ts": "1514446130.000145"
    },
    {
        "type": "message",
        "user": "U34RJ030D",
        "text": "<https:\/\/unglueit-files.s3.amazonaws.com\/ebf\/05db7df4f31840f0a873d6ea14dcc28d.pdf>",
        "ts": "1514446131.000016"
    },
    {
        "type": "message",
        "user": "U6ZSHLN4V",
        "text": "This is useful, thanks. Reading.",
        "ts": "1514446221.000053",
        "reactions": [
            {
                "name": "+1",
                "users": [
                    "U34RJ030D"
                ],
                "count": 1
            }
        ]
    },
    {
        "type": "message",
        "user": "U81J3QWRG",
        "text": "good questions.  has me reading transaction lifecycle chapter.  think that's where you'll find the most useful info.",
        "ts": "1514446525.000086"
    },
    {
        "type": "message",
        "user": "U6ZSHLN4V",
        "text": "interesting, I'll check it out. I'm reading around page 177 rn",
        "ts": "1514446830.000184"
    },
    {
        "type": "message",
        "user": "U6ZSHLN4V",
        "text": "Page 120\n&gt;&gt;&gt;\nTransaction fees serve as an incentive to include (mine) a transaction into the next block\nand also as a disincentive against “spam” transactions or any kind of abuse of the system,\nby  imposing  a  small  cost  on  every  transaction.  Transaction  fees  are  collected  by  the\nminer who mines the block that records the transaction on the blockchain.",
        "ts": "1514447000.000052"
    },
    {
        "type": "message",
        "user": "U6ZSHLN4V",
        "text": "So, I guess what I'm wondering next is, why do miners continually confirm transactions?",
        "ts": "1514447017.000098"
    },
    {
        "type": "message",
        "user": "U6ZSHLN4V",
        "text": "Anyone know?",
        "ts": "1514447019.000085"
    },
    {
        "type": "message",
        "user": "U6ZSHLN4V",
        "text": "After it's been mined for a profit, why would a miner bother creating a merkle root that includes a transaction that no longer produces a profit?",
        "thread_ts": "1514447040.000007",
        "reply_count": 3,
        "replies": [
            {
                "user": "U34RJ030D",
                "ts": "1514447494.000128"
            },
            {
                "user": "U34RJ030D",
                "ts": "1514447495.000151"
            },
            {
                "user": "U6ZSHLN4V",
                "ts": "1514447909.000014"
            }
        ],
        "unread_count": 3,
        "ts": "1514447040.000007"
    },
    {
        "type": "message",
        "user": "U81J3QWRG",
        "text": "Cos transactions are propagated across network and need to be verified by everyone.  a transaction has inputs and outputs. when you get to pg 182, UTXO is covered on pg 114.\nmerkle root as far as i understand is a hash (one way maths function, like a checksum, of all the transactions in that merkle root) - again - it's a trustless environment and each node\/miner needs to verify that the info that is being propagated is correct.",
        "edited": {
            "user": "U81J3QWRG",
            "ts": "1514447233.000000"
        },
        "ts": "1514447224.000073"
    },
    {
        "type": "message",
        "user": "U81J3QWRG",
        "text": "my inner-workings need a bit of review, i think i'll put this book on my safari bookshelf subscription and read it in full rather than skimming.  thanks for the questiontime.",
        "ts": "1514447371.000094"
    },
    {
        "type": "message",
        "user": "U34RJ030D",
        "text": "will this answer the question?",
        "thread_ts": "1514447040.000007",
        "parent_user_id": "U6ZSHLN4V",
        "ts": "1514447494.000128"
    },
    {
        "type": "message",
        "user": "U34RJ030D",
        "text": "<https:\/\/en.bitcoin.it\/wiki\/Confirmation>",
        "thread_ts": "1514447040.000007",
        "parent_user_id": "U6ZSHLN4V",
        "ts": "1514447495.000151"
    },
    {
        "type": "message",
        "user": "U6ZSHLN4V",
        "text": "reading",
        "thread_ts": "1514447040.000007",
        "parent_user_id": "U6ZSHLN4V",
        "ts": "1514447909.000014"
    }
]