[
    {
        "type": "message",
        "text": "",
        "files": [
            {
                "id": "F6RPDS230",
                "created": 1503139306,
                "timestamp": 1503139306,
                "name": "__run.txt",
                "title": ".\/run",
                "mimetype": "text\/plain",
                "filetype": "text",
                "pretty_type": "Plain Text",
                "user": "U66KG95QW",
                "editable": true,
                "size": 143,
                "mode": "snippet",
                "is_external": false,
                "external_type": "",
                "is_public": true,
                "public_url_shared": false,
                "display_as_bot": false,
                "username": "",
                "url_private": "https:\/\/files.slack.com\/files-pri\/T02LAJBUW-F6RPDS230\/__run.txt?t=xoxe-2690623982-420508393732-420508393844-55126cc98091fbe0399fac3c66f6ed8e",
                "url_private_download": "https:\/\/files.slack.com\/files-pri\/T02LAJBUW-F6RPDS230\/download\/__run.txt?t=xoxe-2690623982-420508393732-420508393844-55126cc98091fbe0399fac3c66f6ed8e",
                "permalink": "https:\/\/komodo-platform.slack.com\/files\/U66KG95QW\/F6RPDS230\/__run.txt",
                "permalink_public": "https:\/\/slack-files.com\/T02LAJBUW-F6RPDS230-24467966ca",
                "edit_link": "https:\/\/komodo-platform.slack.com\/files\/U66KG95QW\/F6RPDS230\/__run.txt\/edit",
                "preview": ">>>>>>>>> myipaddr.88.99.103.133 (tcp:\/\/88.99.103.133:7781) pullsock.0\r\ngot 88.99.103.133, initpeers\r\ncouldnt get myipaddr or null mypeer.(nil)",
                "preview_highlight": "<div class=\"CodeMirror cm-s-default CodeMirrorServer\" oncopy=\"if(event.clipboardData){event.clipboardData.setData('text\/plain',window.getSelection().toString().replace(\/\\u200b\/g,''));event.preventDefault();event.stopPropagation();}\">\n<div class=\"CodeMirror-code\">\n<div><pre>&gt;&gt;&gt;&gt;&gt;&gt;&gt;&gt;&gt; myipaddr.88.99.103.133 (tcp:\/\/88.99.103.133:7781) pullsock.0<\/pre><\/div>\n<div><pre>got 88.99.103.133, initpeers<\/pre><\/div>\n<div><pre>couldnt get myipaddr or null mypeer.(nil)<\/pre><\/div>\n<\/div>\n<\/div>\n",
                "lines": 3,
                "lines_more": 0,
                "preview_is_truncated": false
            }
        ],
        "upload": true,
        "user": "U66KG95QW",
        "display_as_bot": false,
        "ts": "1503139306.000058"
    },
    {
        "type": "message",
        "user": "U66KG95QW",
        "text": "<@U03SKEFEL> can you please help me with this error",
        "ts": "1503139340.000064"
    },
    {
        "type": "message",
        "user": "U02LQ1WHQ",
        "text": "pushed fix for that, try again",
        "ts": "1503139586.000086"
    },
    {
        "type": "message",
        "user": "U66KG95QW",
        "text": ":+1:",
        "ts": "1503139891.000086"
    },
    {
        "type": "message",
        "user": "U66KG95QW",
        "text": "thanks",
        "ts": "1503139896.000027"
    },
    {
        "type": "message",
        "user": "U41M5AAJW",
        "text": "good morning",
        "ts": "1503145162.000012"
    },
    {
        "type": "message",
        "user": "U0EGQUAPJ",
        "text": "Gmornin siu. ",
        "ts": "1503158131.000016"
    },
    {
        "type": "message",
        "user": "U2Q1DP6EQ",
        "text": "I am searching for a good source of information about the status of different blockchains because i want to monitor all my wallets with icinga... I found this: <https:\/\/chainz.cryptoid.info\/api.dws> Are there others\/better ones?",
        "ts": "1503159141.000051"
    },
    {
        "type": "message",
        "user": "U66KG95QW",
        "text": "good morning!!!! siu",
        "ts": "1503161070.000092"
    },
    {
        "type": "message",
        "user": "U2Q1DP6EQ",
        "text": "Wondering if i can run DASH in litemode for barterDEX. Do we need some of this features for barterDEX?",
        "ts": "1503161687.000059"
    },
    {
        "type": "message",
        "user": "U2Q1DP6EQ",
        "text": "-litemode=&lt;n&gt;\n    Disable all Dash specific functionality (Masternodes, PrivateSend,\n    InstantSend, Governance) (0-1, default: 0)",
        "ts": "1503161689.000035"
    },
    {
        "type": "message",
        "user": "U02LQ1WHQ",
        "text": "we certainly are not using any dash specific api",
        "ts": "1503164671.000007"
    },
    {
        "type": "message",
        "user": "U02LQ1WHQ",
        "text": "should work in litemode if all it does is disable the dash specific stuff",
        "ts": "1503164687.000035"
    },
    {
        "type": "message",
        "user": "U2Q1DP6EQ",
        "text": "ok, i will set litemode=1 to all wallets, there are some more like SIB, PIVX, CRW and so on. I observed that some of this wallets take long to return from a getinfo call and i hope that litemode will help.",
        "ts": "1503165078.000035"
    },
    {
        "type": "message",
        "user": "U2Q1DP6EQ",
        "text": "oh yes, that helped a lot... no more hanging wallets with litemode=1",
        "ts": "1503167965.000062"
    },
    {
        "type": "message",
        "user": "U030GR95W",
        "text": "any idea when dex comes alive?",
        "ts": "1503172866.000068"
    },
    {
        "type": "message",
        "user": "U030GR95W",
        "text": "<@U02LQ1WHQ>",
        "ts": "1503172877.000063"
    },
    {
        "type": "message",
        "user": "U02LQ1WHQ",
        "text": "its been live for a month",
        "ts": "1503172893.000016"
    },
    {
        "type": "message",
        "user": "U030GR95W",
        "text": "huh",
        "ts": "1503172901.000035"
    },
    {
        "type": "message",
        "user": "U030GR95W",
        "text": "also announced?",
        "ts": "1503172908.000037"
    },
    {
        "type": "message",
        "user": "U030GR95W",
        "text": "never had any notice of it",
        "ts": "1503172926.000017"
    },
    {
        "type": "message",
        "user": "U030GR95W",
        "text": "is there a GUI for it?",
        "ts": "1503172943.000045"
    },
    {
        "type": "message",
        "user": "U02LQ1WHQ",
        "text": "only test GUI",
        "ts": "1503172954.000047"
    },
    {
        "type": "message",
        "user": "U02LQ1WHQ",
        "text": "but so far command line is working fine for quite a few coins",
        "ts": "1503172966.000030"
    },
    {
        "type": "message",
        "user": "U030GR95W",
        "text": "where can i get it to compile it?",
        "ts": "1503172985.000063"
    },
    {
        "type": "message",
        "user": "U02LQ1WHQ",
        "text": "SuperNET dev branch",
        "ts": "1503173002.000048"
    },
    {
        "type": "message",
        "user": "U030GR95W",
        "text": "nvmd..i see a readme in the topic",
        "ts": "1503173007.000050"
    },
    {
        "type": "message",
        "user": "U02LQ1WHQ",
        "text": "GUI are in different places, not sure the URL",
        "ts": "1503173023.000052"
    },
    {
        "type": "message",
        "user": "U030GR95W",
        "text": "ah ok",
        "ts": "1503173042.000014"
    },
    {
        "type": "message",
        "user": "U02LQ1WHQ",
        "text": "user friendly installers and GUI are... no idea how long",
        "ts": "1503173080.000087"
    }
]