[
    {
        "user": "U5MMET0SG",
        "text": "<@U5MMET0SG> has joined the channel",
        "type": "message",
        "subtype": "channel_join",
        "ts": "1505157682.000224"
    },
    {
        "user": "U728VUVRC",
        "text": "<@U728VUVRC> has joined the channel",
        "type": "message",
        "subtype": "channel_join",
        "ts": "1505158996.000015"
    },
    {
        "user": "U727ZBFSS",
        "text": "<@U727ZBFSS> has joined the channel",
        "type": "message",
        "subtype": "channel_join",
        "ts": "1505163878.000272"
    },
    {
        "user": "U700Q1V4M",
        "text": "<@U700Q1V4M> has joined the channel",
        "type": "message",
        "subtype": "channel_join",
        "ts": "1505180939.000146"
    }
]