[
    {
        "type": "message",
        "user": "U41M5AAJW",
        "text": "{\n  \"base\": \"BTC\",\n  \"rel\": \"KMD\",\n  \"address\": \"1DMYqSRu7A3Z3yL8LvCDP9hcNpeShRHXJ9\",\n  \"timestamp\": 1503924122,\n  \"txid\": \"b9db2c619fe08e571989fb514c5e3ab769d8bfceca273cd0451f044b7404df7a\",\n  \"vout\": 1,\n  \"srchash\": \"7db93bf02299a62905f78a2de3d1fd42d8f5433729e096a66c99c14a52cf936d\",\n  \"txfee\": \"47076\",\n  \"satoshis\": \"1578904\",\n  \"desthash\": \"f2a44cb2cc5f2e95cfbc6754f6e786a796930749d85aa2d8ddf01215e9b37640\",\n  \"txid2\": \"ce58c3f5c652462c667d16af0442644860da9368cd4aaa0d86bb55e5c9b1f275\",\n  \"vout2\": 0,\n  \"destaddr\": \"RAxJZhfTnyC62wV8cYZAcS4b1vTpZf1DoY\",\n  \"desttxid\": \"60d0a8a5faef67c7493a745c8b4872220df6b03e59dd0ed6af5acdd1b2268cc5\",\n  \"destvout\": 1,\n  \"feetxid\": \"4608d4956a72710fbdd45e5a7cf4f21be844e2c9c23c72e1db11c010091c79bc\",\n  \"feevout\": 1,\n  \"desttxfee\": \"10000\",\n  \"destsatoshis\": \"4162072700\",\n  \"price\": <tel:2636.05178022|2636.05178022>,\n  \"maxprice\": <tel:2559.73179253|2559.73179253>,\n  \"status\": \"no response to request\"\n}",
        "ts": "1503924141.000198"
    },
    {
        "type": "message",
        "user": "U41M5AAJW",
        "text": "no response to request, yet again",
        "ts": "1503924162.000012"
    },
    {
        "type": "message",
        "user": "U0394QTC7",
        "text": "my btc node is synced",
        "ts": "1503926554.000037"
    },
    {
        "type": "message",
        "user": "U0394QTC7",
        "text": "or is only buying the problem?",
        "ts": "1503926576.000091"
    },
    {
        "type": "message",
        "user": "U0394QTC7",
        "text": "in other words: need help?",
        "ts": "1503926883.000479"
    },
    {
        "type": "message",
        "user": "U41M5AAJW",
        "text": "if you can try and do a kmd\/btc swap and let me know how it goes",
        "ts": "1503926938.000238"
    },
    {
        "type": "message",
        "user": "U0394QTC7",
        "text": "busy with it, btc transfers take a while",
        "ts": "1503929699.000315"
    },
    {
        "type": "message",
        "user": "U41M5AAJW",
        "text": "<@U0394QTC7> where you able to do a swap?",
        "ts": "1503938425.000140"
    },
    {
        "type": "message",
        "user": "U33CGLNNR",
        "text": "Record the swaps!",
        "ts": "1503938747.000548"
    },
    {
        "type": "message",
        "user": "U33CGLNNR",
        "text": "Do old PTY a solid:trollface: ",
        "ts": "1503938760.000267"
    },
    {
        "type": "message",
        "user": "U0394QTC7",
        "text": "not yet! sorry",
        "ts": "1503939800.000026"
    },
    {
        "type": "message",
        "user": "U0394QTC7",
        "text": "<@U02LQ1WHQ>, why is the userpass file in exchanges edited?",
        "ts": "1503939824.000442"
    },
    {
        "type": "message",
        "user": "U0394QTC7",
        "text": "git is complaining",
        "ts": "1503939833.000351"
    },
    {
        "type": "message",
        "user": "U0394QTC7",
        "text": "i can revert of course, but i looked it up on github, and it shows a userpass there. you need it?",
        "ts": "1503939854.000687"
    },
    {
        "type": "message",
        "user": "U0394QTC7",
        "text": "<@U33CGLNNR> my voice isn't as good as yours",
        "ts": "1503940002.000447"
    },
    {
        "type": "message",
        "user": "U33CGLNNR",
        "text": "No voice needed",
        "ts": "1503940019.000311"
    },
    {
        "type": "message",
        "user": "U33CGLNNR",
        "text": "Just smooth trades",
        "ts": "1503940022.000613"
    },
    {
        "type": "message",
        "user": "U33CGLNNR",
        "text": "I'll do the voiceover",
        "ts": "1503940029.000187"
    },
    {
        "type": "message",
        "user": "U0394QTC7",
        "text": "what cam software do you use?",
        "ts": "1503940032.000307"
    },
    {
        "type": "message",
        "user": "U0394QTC7",
        "text": "camtasia or sth?",
        "ts": "1503940039.000344"
    },
    {
        "type": "message",
        "user": "U33CGLNNR",
        "text": "Screencastomatic",
        "ts": "1503940040.000093"
    },
    {
        "type": "message",
        "user": "U33CGLNNR",
        "text": "Or camtasia if you can",
        "ts": "1503940045.000452"
    },
    {
        "type": "message",
        "user": "U0394QTC7",
        "text": "<@U02LQ1WHQ> also, when running .\/client I get these two lines right after my userpass: \n&lt;&lt;&lt;&lt;&lt;&lt;&lt;&lt;&lt;&lt;&lt; bitcoind_RPC: ZET post_process_bitcoind_RPC.validateaddress.[]\n&lt;&lt;&lt;&lt;&lt;&lt;&lt;&lt;&lt;&lt;&lt; bitcoind_RPC: ZET post_process_bitcoind_RPC.importprivkey.[]",
        "ts": "1503940622.000161"
    },
    {
        "type": "message",
        "user": "U0394QTC7",
        "text": "I have no ZET running whatsoever",
        "ts": "1503940635.000010"
    },
    {
        "type": "message",
        "user": "U0394QTC7",
        "text": "wow and now my printout is vomiting error messages:",
        "ts": "1503940745.000218"
    },
    {
        "type": "message",
        "user": "U0394QTC7",
        "text": "LP_transactioninit error for BTC 0fdbaaac5b2beaa1f67689b5ddb60fcc404422166f00d72a23806d093034b4b4",
        "ts": "1503940754.000744"
    },
    {
        "type": "message",
        "user": "U0394QTC7",
        "text": "lots",
        "ts": "1503940758.000066"
    },
    {
        "type": "message",
        "user": "U2Q1DP6EQ",
        "text": "the rpcport of BDL, ZET and HODLC is also used by some other coin, there is a collision, but i think it does not matter as long as you dont't activate both coins and also put the same rpcusername and rpcpassword in both",
        "ts": "1503941590.000440"
    },
    {
        "type": "message",
        "user": "U2Q1DP6EQ",
        "text": "i also get tons of this LP_transactioninit errors, it does also not seam to matter as long as your marketmaker does not crash :slightly_smiling_face:",
        "ts": "1503941641.000534"
    },
    {
        "type": "message",
        "user": "U0394QTC7",
        "text": "i looked at zet and saw the same rpcport indeed, thanks for clearing up",
        "ts": "1503941723.000072"
    },
    {
        "type": "message",
        "user": "U0394QTC7",
        "text": "<@U41M5AAJW>, i managed to do a swap",
        "ts": "1503941731.000523"
    },
    {
        "type": "message",
        "user": "U0394QTC7",
        "text": "at least, i'm waiting for bob payment",
        "ts": "1503941739.000333"
    },
    {
        "type": "message",
        "user": "U2Q1DP6EQ",
        "text": "an other question i have... it looks like autoprice is only possible with KMD or BTC as base, i tried LTC and myprice shows me \"no price set\"",
        "ts": "1503941758.000376"
    },
    {
        "type": "message",
        "user": "U2Q1DP6EQ",
        "text": "is it intentionally, or a bug of some kind?",
        "ts": "1503941786.000169"
    },
    {
        "type": "message",
        "user": "U0394QTC7",
        "text": "mmh. 1 side says swap completed, other side still waiting for bobpayment",
        "ts": "1503942077.000071"
    },
    {
        "type": "message",
        "user": "U2Q1DP6EQ",
        "text": "that is normal, i think, also saw this couple of times",
        "ts": "1503942309.000189"
    },
    {
        "type": "message",
        "user": "U0394QTC7",
        "text": "yes, but it's strange since the btc blockchain hasn't mined a block, yet barterdex says swap completed",
        "ts": "1503942351.000116"
    },
    {
        "type": "message",
        "user": "U0394QTC7",
        "text": "that is on bob side",
        "ts": "1503942457.000458"
    },
    {
        "type": "message",
        "user": "U2Q1DP6EQ",
        "text": "jl knows better but i think it is because the side that said \"swap completed\" does not care about the outcome of this specific transaction... just like \"i have my money and i sent you yours, so for me all is ok -&gt; swap completed\"",
        "ts": "1503942468.000369"
    },
    {
        "type": "message",
        "user": "U0394QTC7",
        "text": "could it be that since the btc is gone, barterdex thinks it's completed on bob's side?",
        "ts": "1503942473.000001"
    },
    {
        "type": "message",
        "user": "U0394QTC7",
        "text": "yes indeed",
        "ts": "1503942483.000511"
    },
    {
        "type": "message",
        "user": "U0394QTC7",
        "text": "ok, could be that, would make sense",
        "ts": "1503942489.000544"
    },
    {
        "type": "message",
        "user": "U2Q1DP6EQ",
        "text": "yes, exactly",
        "ts": "1503942491.000523"
    },
    {
        "type": "message",
        "user": "U2Q1DP6EQ",
        "text": "we now have 3-4 asks (for few coins even up to 10) against KMD and BTC for the following coins: ZCL ZER XRE I0C 888 ARG NAV LBC MAC SIB BTX ZET NMC EMC2 SMC ARC DASH SXC TRC UIS ZEC PIVX HUSH XMY LTC DOGE DGB",
        "ts": "1503943104.000050",
        "reactions": [
            {
                "name": "+1",
                "users": [
                    "U0394QTC7"
                ],
                "count": 1
            }
        ]
    },
    {
        "type": "message",
        "user": "U2Q1DP6EQ",
        "text": "5 coins that we support are not traded on Bittrex or Cryptopia, so i did not set up utxos for them, autoprice would not work",
        "ts": "1503943155.000450"
    },
    {
        "type": "message",
        "user": "U0394QTC7",
        "text": "thats great news",
        "ts": "1503943191.000144"
    },
    {
        "type": "message",
        "user": "U2Q1DP6EQ",
        "text": "for 2 other coins i wait till Cryptopia fixes their wallets so i can withdraw them",
        "ts": "1503943197.000612"
    },
    {
        "type": "message",
        "user": "U2Q1DP6EQ",
        "text": "9 coins are missing from the list (SYS CRW VIA MONA VTC FAIR MUE FLO ERC). They are only traded on Bittrex and since they lowered their daily withdraw limit to 0.025 BTC it does not make much sense trying to buy them there",
        "ts": "1503943324.000102"
    },
    {
        "type": "message",
        "user": "U2Q1DP6EQ",
        "text": "i think the next big thing for me would be to setup a monitoring for like 3 servers with Nagios\/Icinga, making some check-scripts with perl and monitoring all these wallets on 3 servers together with many other parameters from the server itself (diskspace, cpu, traffic and so on)... will also have to find a good way of determining if a wallet is out of sync",
        "ts": "1503943507.000203"
    },
    {
        "type": "message",
        "user": "U2Q1DP6EQ",
        "text": "aahh, and monitoring the available utxos would also be nice",
        "ts": "1503943585.000431"
    },
    {
        "type": "message",
        "user": "U41M5AAJW",
        "text": "Why am i consistently getting no response to request no matter the machine i use?",
        "ts": "1503944253.000408"
    },
    {
        "type": "message",
        "user": "U0394QTC7",
        "text": "are you sure about your autotrade parameters?",
        "ts": "1503944399.000706"
    },
    {
        "type": "message",
        "user": "U2Q1DP6EQ",
        "text": "i think there were some nodes who posted some bid\/asks a while ago and went offline after that. The order is still in the orderbook, but the node is gone... i am just guessing",
        "ts": "1503944400.000100"
    },
    {
        "type": "message",
        "user": "U0394QTC7",
        "text": "can you message?",
        "ts": "1503944421.000250"
    },
    {
        "type": "message",
        "user": "U0394QTC7",
        "text": "btw, 1 btc barterdex trade cost me around 14 bucks. safety comes at a price",
        "edited": {
            "user": "U0394QTC7",
            "ts": "1503944556.000000"
        },
        "ts": "1503944531.000422"
    },
    {
        "type": "message",
        "user": "U2Q1DP6EQ",
        "text": "i am also wondering if autotrade also accepts the \"duration\"-parameter... if so, you could try use it with a lower duration",
        "ts": "1503944533.000566"
    },
    {
        "type": "message",
        "user": "U0394QTC7",
        "text": "yes, it can",
        "ts": "1503944543.000509"
    },
    {
        "type": "message",
        "user": "U2Q1DP6EQ",
        "text": "oh, cool, it means it could work... so setting duration lower would only try to trade with nodes who recently posted their prices\/utxos...",
        "ts": "1503944605.000264"
    },
    {
        "type": "message",
        "user": "U2Q1DP6EQ",
        "text": "in the orderbook there is an \"age\" for each bid\/asks...",
        "ts": "1503944673.000284"
    },
    {
        "type": "message",
        "user": "U0394QTC7",
        "text": "i guess that works, never tested that",
        "ts": "1503944764.000492"
    },
    {
        "type": "message",
        "user": "U41M5AAJW",
        "text": "I had a successful trade yesterday with kmd ltc",
        "ts": "1503944774.000440"
    },
    {
        "type": "message",
        "user": "U41M5AAJW",
        "text": "Also ive had the same error for the last 2 weeks",
        "ts": "1503944808.000417"
    },
    {
        "type": "message",
        "user": "U41M5AAJW",
        "text": "I think even more",
        "ts": "1503944814.000105"
    },
    {
        "type": "message",
        "user": "U41M5AAJW",
        "text": "I downloaded the chain in other machine and have the same error",
        "ts": "1503944828.000547"
    },
    {
        "type": "message",
        "user": "U2Q1DP6EQ",
        "text": "very strange, i saw this problem very seldom... could be because i mainly tested swaps between 2 nodes of me, without other bid\/asks lurking around from other nodes",
        "ts": "1503944892.000390"
    },
    {
        "type": "message",
        "user": "U41M5AAJW",
        "text": "I think the asks listing, mostly with btc is kind of delicate",
        "ts": "1503944964.000257"
    },
    {
        "type": "message",
        "user": "U41M5AAJW",
        "text": "For example, there should be a mechanism to unlist offline server orders",
        "ts": "1503945012.000208"
    },
    {
        "type": "message",
        "user": "U2Q1DP6EQ",
        "text": "yes, that would be nice",
        "ts": "1503945031.000618"
    },
    {
        "type": "message",
        "user": "U2Q1DP6EQ",
        "text": "and some other cases when this can happen come to my mind... just think about someone who has marketmaker running and restarts\/stops his bitcoind... not sure what happens then if you try to trade with him",
        "ts": "1503945140.000072"
    },
    {
        "type": "message",
        "user": "U41M5AAJW",
        "text": "That too",
        "ts": "1503945195.000298"
    },
    {
        "type": "message",
        "user": "U2Q1DP6EQ",
        "text": "could also be some simple, temporary networking issues, timeouts somewhere and so on...",
        "ts": "1503945235.000267"
    },
    {
        "type": "message",
        "user": "U41M5AAJW",
        "text": "But ive been consistrntly having exactly the same issue",
        "ts": "1503945549.000036"
    },
    {
        "type": "message",
        "user": "U41M5AAJW",
        "text": "Tried canbind 0, 1 and 1779",
        "ts": "1503945558.000261"
    },
    {
        "type": "message",
        "user": "U41M5AAJW",
        "text": "Also tried reondexing my chains",
        "ts": "1503945569.000665"
    },
    {
        "type": "message",
        "user": "U41M5AAJW",
        "text": "Tried reinstalling supernet",
        "ts": "1503945583.000564"
    },
    {
        "type": "message",
        "user": "U0394QTC7",
        "text": "can you tell the parameters you use for autotrade and setprice?",
        "ts": "1503945597.000179"
    },
    {
        "type": "message",
        "user": "U41M5AAJW",
        "text": "Even different networks and machines",
        "ts": "1503945602.000053"
    },
    {
        "type": "message",
        "user": "U0394QTC7",
        "text": "who is alice?",
        "ts": "1503945607.000271"
    },
    {
        "type": "message",
        "user": "U0394QTC7",
        "text": "(pun intended)",
        "ts": "1503945613.000108"
    },
    {
        "type": "message",
        "user": "U41M5AAJW",
        "text": "I copy the price in the trade ",
        "ts": "1503945644.000318"
    },
    {
        "type": "message",
        "user": "U41M5AAJW",
        "text": "I mean, the price in the order",
        "ts": "1503945653.000369"
    },
    {
        "type": "message",
        "user": "U2Q1DP6EQ",
        "text": "the thing with \"canbind: 17779\" is unfortunately not so simple... you will also have to open\/forward this port in your firewall",
        "ts": "1503945664.000519"
    },
    {
        "type": "message",
        "user": "U0394QTC7",
        "text": "do you have an output?",
        "ts": "1503945668.000059"
    },
    {
        "type": "message",
        "user": "U41M5AAJW",
        "text": "And then use the quantity of kmd o have in my utxo",
        "ts": "1503945670.000385"
    },
    {
        "type": "message",
        "user": "U41M5AAJW",
        "text": "Forewall is down",
        "ts": "1503945686.000623"
    },
    {
        "type": "message",
        "user": "U2Q1DP6EQ",
        "text": "are you on a home connection? because normally (at least here it is so) you are then NATed... i assume your pc does not have a real IP from the internet, just a private one in the 192.x.x.x range",
        "ts": "1503945822.000497"
    },
    {
        "type": "message",
        "user": "U0394QTC7",
        "text": "i did a swap with btc on bob side, which was a home connection. no canbind whatsoever. kmd was on alice, on a vps somewhere in germany",
        "ts": "1503945897.000041"
    },
    {
        "type": "message",
        "user": "U2Q1DP6EQ",
        "text": "i would also use canbind:0 or nothing (default) when at home, everything else is not so simple",
        "ts": "1503945966.000576"
    },
    {
        "type": "message",
        "user": "U41M5AAJW",
        "text": "I dont have canbind or anything and was able to do a ltc trade yesterday",
        "ts": "1503946469.000273"
    },
    {
        "type": "message",
        "user": "U02LQ1WHQ",
        "text": "the new userpass is just the one that is matched to the silly password, it is not needed, just an example",
        "ts": "1503946913.000060"
    },
    {
        "type": "message",
        "user": "U2Q1DP6EQ",
        "text": "just saw your bct postings and they already answered me some questions... but i also found new questions about the barterDEX API :slightly_smiling_face:",
        "ts": "1503948819.000178"
    },
    {
        "type": "message",
        "user": "U2Q1DP6EQ",
        "text": "autoprice(base, rel, price, margin, type) ... what is type?",
        "ts": "1503948829.000228"
    },
    {
        "type": "message",
        "user": "U02LQ1WHQ",
        "text": "ignored for now",
        "ts": "1503948845.000005"
    },
    {
        "type": "message",
        "user": "U2Q1DP6EQ",
        "text": "ok... and the timeout with \"trade\"?",
        "ts": "1503948868.000018"
    },
    {
        "type": "message",
        "user": "U2Q1DP6EQ",
        "text": "or autotrade",
        "ts": "1503948884.000105"
    },
    {
        "type": "message",
        "user": "U02LQ1WHQ",
        "text": "that is how long alice waits before declaring there was a timeout waiting for bob",
        "ts": "1503948960.000327"
    },
    {
        "type": "message",
        "user": "U2Q1DP6EQ",
        "text": "thanks",
        "ts": "1503948996.000378"
    },
    {
        "type": "message",
        "user": "U2Q1DP6EQ",
        "text": "oh, almost forgot... setting autoprice with base other then KMD or BTC in not possible. Is it intentionally?",
        "ts": "1503949214.000211"
    },
    {
        "type": "message",
        "user": "U02LQ1WHQ",
        "text": "i forget",
        "ts": "1503949277.000057"
    },
    {
        "type": "message",
        "user": "U5LNQT2QL",
        "text": "Guy, are there people here willing the help the coins that have approached us to get integrated in the BarterDEX for a bounty?",
        "ts": "1503955281.000305"
    },
    {
        "type": "message",
        "user": "U33CGLNNR",
        "text": "We are maxed out diesmaster. We need people to help us do some dev work and add such coins",
        "ts": "1503955340.000193"
    },
    {
        "type": "message",
        "user": "U5LNQT2QL",
        "text": "ah",
        "ts": "1503955354.000121"
    },
    {
        "type": "message",
        "user": "U33CGLNNR",
        "text": "I don't think we have anyone here who isn't already working on something",
        "ts": "1503955360.000212"
    },
    {
        "type": "message",
        "user": "U5LNQT2QL",
        "text": "yes I understand",
        "ts": "1503955391.000051"
    },
    {
        "type": "message",
        "user": "U33CGLNNR",
        "text": "We need to start posting on <http:\/\/www.moneo.io|www.moneo.io>",
        "ts": "1503955457.000247"
    },
    {
        "type": "message",
        "user": "U41M5AAJW",
        "text": "What coins are approaching you <@U5LNQT2QL> ?",
        "ts": "1503955464.000445"
    },
    {
        "type": "message",
        "user": "U33CGLNNR",
        "text": "And othet blockchain freelancer websites",
        "ts": "1503955469.000229"
    },
    {
        "type": "message",
        "user": "U41M5AAJW",
        "text": "Maybe they are already integrated",
        "ts": "1503955476.000044"
    },
    {
        "type": "message",
        "user": "U33CGLNNR",
        "text": "We should have a public doc that shows people who have contacted us",
        "ts": "1503955506.000271"
    },
    {
        "type": "message",
        "user": "U33CGLNNR",
        "text": "And the status",
        "ts": "1503955514.000124"
    },
    {
        "type": "message",
        "user": "U5LNQT2QL",
        "text": "I’ve not approched yet",
        "ts": "1503955540.000431"
    },
    {
        "type": "message",
        "user": "U5LNQT2QL",
        "text": "people are filling our form",
        "ts": "1503955546.000407"
    },
    {
        "type": "message",
        "user": "U41M5AAJW",
        "text": "Ok",
        "ts": "1503955638.000195"
    },
    {
        "type": "message",
        "user": "U33CGLNNR",
        "text": "diesmaster how are you planning to organize it all?",
        "ts": "1503955680.000107"
    },
    {
        "type": "message",
        "user": "U33CGLNNR",
        "text": "Are you using some type of tracking system?",
        "ts": "1503955688.000503"
    },
    {
        "type": "message",
        "user": "U33CGLNNR",
        "text": "Because if you arent, maybe we can use Bittrix24 as a CRM",
        "ts": "1503955721.000347"
    },
    {
        "type": "message",
        "user": "U5LNQT2QL",
        "text": "I’ll put it in google spreadsheat",
        "ts": "1503955725.000170"
    },
    {
        "type": "message",
        "user": "U5LNQT2QL",
        "text": "My dad is a CRM expert",
        "ts": "1503955734.000183"
    },
    {
        "type": "message",
        "user": "U33CGLNNR",
        "text": "Ok",
        "ts": "1503955734.000237"
    },
    {
        "type": "message",
        "user": "U33CGLNNR",
        "text": "I am dead set on using a CRM for everything",
        "ts": "1503955749.000034"
    },
    {
        "type": "message",
        "user": "U5LNQT2QL",
        "text": "I’ll ask him if he is down to do it",
        "ts": "1503955764.000357"
    },
    {
        "type": "message",
        "user": "U33CGLNNR",
        "text": "We need to have centralized platform to assign tasks and keep track of many things",
        "ts": "1503955771.000173"
    },
    {
        "type": "message",
        "user": "U33CGLNNR",
        "text": "Im experienced with bittrix and can manage it well",
        "ts": "1503955786.000249"
    },
    {
        "type": "message",
        "user": "U5LNQT2QL",
        "text": "we have asana",
        "ts": "1503955790.000197"
    },
    {
        "type": "message",
        "user": "U5LNQT2QL",
        "text": "he has experiance with sugar openCRM",
        "ts": "1503955801.000215"
    },
    {
        "type": "message",
        "user": "U5LNQT2QL",
        "text": "something like that",
        "ts": "1503955804.000336"
    },
    {
        "type": "message",
        "user": "U33CGLNNR",
        "text": "Ive used it to organize construction projects",
        "ts": "1503955810.000080"
    },
    {
        "type": "message",
        "user": "U5LNQT2QL",
        "text": "cool",
        "ts": "1503955816.000173"
    },
    {
        "type": "message",
        "user": "U33CGLNNR",
        "text": "OpenCRM is too ambiguous",
        "ts": "1503955820.000450"
    },
    {
        "type": "message",
        "user": "U33CGLNNR",
        "text": "It will take forever to tweak",
        "ts": "1503955826.000335"
    },
    {
        "type": "message",
        "user": "U5LNQT2QL",
        "text": "His compeny tweeked for people",
        "ts": "1503955838.000027"
    },
    {
        "type": "message",
        "user": "U5LNQT2QL",
        "text": "that was the thing",
        "ts": "1503955842.000328"
    },
    {
        "type": "message",
        "user": "U33CGLNNR",
        "text": "Oh nice",
        "ts": "1503955843.000263"
    },
    {
        "type": "message",
        "user": "U33CGLNNR",
        "text": "Well i know eith opencrm we can modify everything",
        "ts": "1503955852.000303"
    },
    {
        "type": "message",
        "user": "U5LNQT2QL",
        "text": "He sold it though",
        "ts": "1503955853.000123"
    },
    {
        "type": "message",
        "user": "U5LNQT2QL",
        "text": ":joy:",
        "ts": "1503955858.000294"
    },
    {
        "type": "message",
        "user": "U5LNQT2QL",
        "text": "but he can still help I think",
        "ts": "1503955869.000334"
    },
    {
        "type": "message",
        "user": "U33CGLNNR",
        "text": "Please do ask him. If we had a custom crm solution.....man we would optimize our work 10 fold",
        "ts": "1503955884.000240"
    },
    {
        "type": "message",
        "user": "U5LNQT2QL",
        "text": "I’ll consult him on what type of CRM to use ASAP",
        "ts": "1503955897.000297"
    },
    {
        "type": "message",
        "user": "U5LNQT2QL",
        "text": "and tell you about it",
        "ts": "1503955902.000125"
    },
    {
        "type": "message",
        "user": "U5LNQT2QL",
        "text": "in the mean time if someone wants to help the helpless coinz",
        "ts": "1503955913.000481"
    },
    {
        "type": "message",
        "user": "U5LNQT2QL",
        "text": "contact me please",
        "ts": "1503955923.000381"
    },
    {
        "type": "message",
        "user": "U5LNQT2QL",
        "text": "A nice bounty awayts",
        "ts": "1503955929.000288"
    },
    {
        "type": "message",
        "user": "U33CGLNNR",
        "text": "Thanks, tell him we can use it to keep track of community contact and tasks for BarterDex campaign ",
        "ts": "1503955935.000480"
    },
    {
        "type": "message",
        "user": "U33CGLNNR",
        "text": "Which coins, what tasks, and how much of a bounty?  We have many testers who can integrate coins. If they need dev work though.....it's not as simple",
        "edited": {
            "user": "U33CGLNNR",
            "ts": "1503956026.000000"
        },
        "ts": "1503956016.000193"
    },
    {
        "type": "message",
        "user": "U5LNQT2QL",
        "text": "no just testing",
        "ts": "1503956142.000054"
    },
    {
        "type": "message",
        "user": "U5LNQT2QL",
        "text": "he says we should try zoho CRM",
        "ts": "1503956160.000111"
    },
    {
        "type": "message",
        "user": "U5LNQT2QL",
        "text": "it’s cheap and does the job",
        "ts": "1503956168.000304"
    },
    {
        "type": "message",
        "user": "U5LNQT2QL",
        "text": "if we want something specific we could use SugarCRM",
        "ts": "1503956181.000262"
    },
    {
        "type": "message",
        "user": "U5LNQT2QL",
        "text": "it’s a bit more expensive, but we could do more with it",
        "ts": "1503956201.000408"
    },
    {
        "type": "message",
        "user": "U2Q1DP6EQ",
        "text": "i could test new coins, just need the link their source-code",
        "ts": "1503956320.000187"
    },
    {
        "type": "message",
        "user": "U5LNQT2QL",
        "text": "Cool!",
        "ts": "1503956329.000386"
    },
    {
        "type": "message",
        "user": "U5LNQT2QL",
        "text": "<@U33CGLNNR> I’ll do some more resugre on the CRM and discuse the topic thurday at the meeting",
        "ts": "1503956476.000053"
    },
    {
        "type": "message",
        "user": "U5LNQT2QL",
        "text": "is that all right for you",
        "ts": "1503956483.000293"
    },
    {
        "type": "message",
        "user": "U33CGLNNR",
        "text": "Sure",
        "ts": "1503956498.000159"
    },
    {
        "type": "message",
        "user": "U33CGLNNR",
        "text": "<@U5LNQT2QL> please send me your email",
        "ts": "1503957206.000041"
    },
    {
        "type": "message",
        "user": "U33CGLNNR",
        "text": "i am going to invite you to bitrix so we can play around with it",
        "ts": "1503957224.000198"
    },
    {
        "type": "message",
        "user": "U5LNQT2QL",
        "text": "<mailto:chris@vanmaarseveen.net|chris@vanmaarseveen.net>",
        "ts": "1503957231.000371"
    },
    {
        "type": "message",
        "user": "U5LNQT2QL",
        "text": "or <mailto:eyesofclarity@protonmail.com|eyesofclarity@protonmail.com>",
        "ts": "1503957240.000200"
    },
    {
        "type": "message",
        "user": "U5LNQT2QL",
        "text": "whatever suits you",
        "ts": "1503957249.000435"
    },
    {
        "type": "message",
        "user": "U33CGLNNR",
        "text": "proton",
        "ts": "1503957261.000258"
    },
    {
        "type": "message",
        "user": "U5LNQT2QL",
        "text": "okey",
        "ts": "1503958267.000102"
    },
    {
        "type": "message",
        "user": "U5LNQT2QL",
        "text": "will look into it tomorrow",
        "ts": "1503958275.000380"
    },
    {
        "type": "message",
        "user": "U5LNQT2QL",
        "text": "I have to get up in 6 hours",
        "ts": "1503958285.000292"
    },
    {
        "type": "message",
        "user": "U5LNQT2QL",
        "text": "so ima sleep now",
        "ts": "1503958292.000109"
    },
    {
        "type": "message",
        "user": "U6PPCCQ00",
        "text": "<@U33CGLNNR>  may be you should look for Jira application altassian  Product",
        "ts": "1503965618.000025"
    }
]