[
    {
        "user": "U0EGQUAPJ",
        "text": "<@U0EGQUAPJ> has joined the channel",
        "type": "message",
        "subtype": "channel_join",
        "ts": "1497167309.582659"
    },
    {
        "type": "message",
        "user": "U02LQ1WHQ",
        "text": "I will be updating the LP nodes with dev branch version, which means old DEX versions wont work. Not sure how long it will take to debug, I had to make sweeping changes internally to support the new feature",
        "ts": "1497167894.603514"
    },
    {
        "type": "message",
        "user": "U1SJT84KS",
        "text": "<@U2PSPGFJS> you can try using prune mode to save precious ssd space\notherwise be ready to keep ~140gb available :slightly_smiling_face:",
        "ts": "1497172392.776165"
    },
    {
        "user": "U5SNBRR39",
        "inviter": "U02LAJBUY",
        "text": "<@U5SNBRR39> has joined the channel",
        "type": "message",
        "subtype": "channel_join",
        "ts": "1497180553.079701"
    },
    {
        "type": "message",
        "user": "U03UJ5TP3",
        "text": "what value is it that goes in userpass?",
        "ts": "1497228119.562905"
    },
    {
        "type": "message",
        "user": "U03UJ5TP3",
        "text": "i think mine was wrong, so i deleted it, but now i can't get it to regenerate",
        "ts": "1497228998.619755"
    },
    {
        "type": "message",
        "user": "U03UJ5TP3",
        "text": "i think the call was .\/inv_kmd which i made from .\/inv, but its staying command not recognized",
        "ts": "1497229017.620865"
    },
    {
        "type": "message",
        "user": "U03SKEFEL",
        "text": "after starting .\/client, and when you execute any script like inv, inv_kmd or getprice or getpeers etc, on it's first time execution it answers userpass and logged in wallet's addresses.",
        "ts": "1497229725.674760"
    },
    {
        "type": "message",
        "user": "U03SKEFEL",
        "text": "you use that userpass in file userpass",
        "ts": "1497229734.675368"
    },
    {
        "type": "message",
        "user": "U03SKEFEL",
        "text": "the second time you execute these scripts\/curl commands and in case the userpass is correct you will get the intended answer",
        "edited": {
            "user": "U03SKEFEL",
            "ts": "1497229785.000000"
        },
        "ts": "1497229778.678567"
    }
]