[
    {
        "type": "message",
        "user": "U66KG95QW",
        "text": "{\n  \"error\": \"cant find utxo that is big enough\"\n}",
        "ts": "1501610082.317190"
    },
    {
        "type": "message",
        "user": "U5L1NSR5E",
        "text": "I'm following the guide on <http:\/\/pad.supernet.org\/barterdex-readme>. On line 130 it says run .\/client. I don't see an file named client. Nor do I see one named orderbook. I searched for that file name and found both in ~\/SuperNET\/iguana\/exchanges. Do I have to use those?",
        "ts": "1501612621.823109"
    },
    {
        "type": "message",
        "user": "U5L1NSR5E",
        "text": "if so, can you please change the guide so it says to go there",
        "ts": "1501612644.836477"
    },
    {
        "type": "message",
        "user": "U02LQ1WHQ",
        "text": "did you run .\/install fro exchanges dir, like the README file says",
        "ts": "1501612654.842049"
    },
    {
        "type": "message",
        "user": "U5L1NSR5E",
        "text": "no",
        "ts": "1501612666.849088"
    },
    {
        "type": "message",
        "user": "U02LQ1WHQ",
        "text": "if you dont run install, the files wont be installed into the dexscripts dir",
        "ts": "1501612680.856586"
    },
    {
        "type": "message",
        "user": "U5L1NSR5E",
        "text": "Thanks",
        "ts": "1501612688.861191"
    },
    {
        "type": "message",
        "user": "U5L1NSR5E",
        "text": "forgot to read the readme",
        "ts": "1501612701.868961"
    },
    {
        "type": "message",
        "user": "U5L1NSR5E",
        "text": "if I have downloaded the kmd blockchain on one pc, can I copy it then to another pc? So I don't have to download the kmd blockchain on that pc as well",
        "ts": "1501614449.874703"
    },
    {
        "type": "message",
        "user": "U5L1NSR5E",
        "text": "still have trouble with iguana",
        "ts": "1501614526.916389"
    },
    {
        "type": "message",
        "user": "U5L1NSR5E",
        "text": "is this good? \n```cd ~\/SuperNET\/iguana\/exchanges\n.\/install\ncd ..\/dexscripts\n.\/client \n.\/orderbook```",
        "edited": {
            "user": "U5L1NSR5E",
            "ts": "1501614674.000000"
        },
        "ts": "1501614590.950064"
    },
    {
        "type": "message",
        "user": "U41M5AAJW",
        "text": "You need to copy and edit the userpass and passphrase files to the dexscripts dir first",
        "ts": "1501615982.685755"
    },
    {
        "type": "message",
        "user": "U41M5AAJW",
        "text": "<@U5L1NSR5E> ",
        "ts": "1501616010.700561"
    },
    {
        "type": "message",
        "user": "U5L1NSR5E",
        "text": "Thanks and about my other question. Do you have to download the blockchain from the internet or can I also copy it from my other pc ",
        "ts": "1501616458.933293"
    },
    {
        "type": "message",
        "user": "U5Y4YA799",
        "text": "you can copy it",
        "ts": "1501618465.010820"
    },
    {
        "type": "message",
        "user": "U41M5AAJW",
        "text": "You can copy it",
        "ts": "1501619699.681197"
    },
    {
        "type": "message",
        "user": "U41M5AAJW",
        "text": "Just change the wallet.dat file so that it becomes another wallet",
        "ts": "1501619720.693071"
    },
    {
        "type": "message",
        "user": "U41M5AAJW",
        "text": "Is it possible to add bcc to barterdex?",
        "ts": "1501622374.070758"
    },
    {
        "type": "message",
        "user": "U41M5AAJW",
        "text": "base58Prefixes[PUBKEY_ADDRESS] = std::vector&lt;unsigned char&gt;(1, 0);\n        base58Prefixes[SCRIPT_ADDRESS] = std::vector&lt;unsigned char&gt;(1, 5);\nbase58Prefixes[SECRET_KEY] = std::vector&lt;unsigned char&gt;(1, 128);",
        "ts": "1501622625.188329"
    },
    {
        "type": "message",
        "user": "U41M5AAJW",
        "text": "bitcoinabc wallt",
        "ts": "1501622632.191423"
    },
    {
        "type": "message",
        "user": "U41M5AAJW",
        "text": "<https:\/\/github.com\/Bitcoin-ABC>",
        "ts": "1501622656.202636"
    },
    {
        "type": "message",
        "user": "U2Q1DP6EQ",
        "text": "i downloaded and compiled the wallet for BCH (BitcoinCash). The problem is that BCH also uses .bitcoin-datadir in your home and also uses the same ports as bitcoin. You will have to separate the two (BTC and BCH)... the config would be {\\\"coin\\\":\\\"BCH\\\",\\\"name\\\":\\\"bitcoin\\\",\\\"rpcport\\\":8332,\\\"pubtype\\\":0,\\\"p2shtype\\\":5,\\\"wiftype\\\":128,\\\"txfee\\\":1000}",
        "ts": "1501623723.685929"
    },
    {
        "type": "message",
        "user": "U33CGLNNR",
        "text": "Won't there be conflicts from using the same port?",
        "ts": "1501625359.347790"
    },
    {
        "type": "message",
        "user": "U2Q1DP6EQ",
        "text": "yes, there will be. You have to decide if you want to use BTC or BCH, or you have to change things if you want both, like starting the wallet with couple of options to use another rpcport, to use another datadir for wallet.dat and so on. And you have to download the whole blockchain again, so another 140GB.",
        "ts": "1501626322.680685"
    },
    {
        "type": "message",
        "user": "U2Q1DP6EQ",
        "text": "I will try all this and post my results.",
        "ts": "1501626468.729098"
    },
    {
        "type": "message",
        "user": "U33CGLNNR",
        "text": "140GB of blockchain",
        "ts": "1501626935.878063"
    },
    {
        "type": "message",
        "user": "U33CGLNNR",
        "text": "Damn",
        "ts": "1501626936.878564"
    },
    {
        "type": "message",
        "user": "U2Q1DP6EQ",
        "text": "yes, the same as bitcoin, it is a fork...",
        "ts": "1501627266.978041"
    },
    {
        "type": "message",
        "text": "not seeing inv for vtc",
        "files": [
            {
                "id": "F6G8HTLNM",
                "created": 1501627480,
                "timestamp": 1501627480,
                "name": "-.txt",
                "title": "Untitled",
                "mimetype": "text\/plain",
                "filetype": "text",
                "pretty_type": "Plain Text",
                "user": "U5Y4YA799",
                "editable": true,
                "size": 190,
                "mode": "snippet",
                "is_external": false,
                "external_type": "",
                "is_public": true,
                "public_url_shared": false,
                "display_as_bot": false,
                "username": "",
                "url_private": "https:\/\/files.slack.com\/files-pri\/T02LAJBUW-F6G8HTLNM\/-.txt?t=xoxe-2690623982-420508393732-420508393844-55126cc98091fbe0399fac3c66f6ed8e",
                "url_private_download": "https:\/\/files.slack.com\/files-pri\/T02LAJBUW-F6G8HTLNM\/download\/-.txt?t=xoxe-2690623982-420508393732-420508393844-55126cc98091fbe0399fac3c66f6ed8e",
                "permalink": "https:\/\/komodo-platform.slack.com\/files\/U5Y4YA799\/F6G8HTLNM\/-.txt",
                "permalink_public": "https:\/\/slack-files.com\/T02LAJBUW-F6G8HTLNM-960787858a",
                "edit_link": "https:\/\/komodo-platform.slack.com\/files\/U5Y4YA799\/F6G8HTLNM\/-.txt\/edit",
                "preview": "\r\n\r\nroot@Ubuntu-1604-xenial-64-minimal ~\/SuperNET\/iguana\/dexscripts # .\/inv_vtc\r\n{\"result\":\"success\",\"coin\":\"VTC\",\"timestamp\":1501627394,\"alice\":[],\"bob\":[]}\r\n\r",
                "preview_highlight": "<div class=\"CodeMirror cm-s-default CodeMirrorServer\" oncopy=\"if(event.clipboardData){event.clipboardData.setData('text\/plain',window.getSelection().toString().replace(\/\\u200b\/g,''));event.preventDefault();event.stopPropagation();}\">\n<div class=\"CodeMirror-code\">\n<div><pre><\/pre><\/div>\n<div><pre><\/pre><\/div>\n<div><pre>root@Ubuntu-1604-xenial-64-minimal ~\/SuperNET\/iguana\/dexscripts # .\/inv_vtc<\/pre><\/div>\n<div><pre>{&quot;result&quot;:&quot;success&quot;,&quot;coin&quot;:&quot;VTC&quot;,&quot;timestamp&quot;:1501627394,&quot;alice&quot;:[],&quot;bob&quot;:[]}<\/pre><\/div>\n<div><pre><\/pre><\/div>\n<div><pre><\/pre><\/div>\n<\/div>\n<\/div>\n",
                "lines": 7,
                "lines_more": 2,
                "preview_is_truncated": false
            }
        ],
        "upload": true,
        "user": "U5Y4YA799",
        "display_as_bot": false,
        "ts": "1501627481.042763"
    },
    {
        "type": "message",
        "text": "and yet market maker says its added",
        "files": [
            {
                "id": "F6GN2RNUT",
                "created": 1501627495,
                "timestamp": 1501627495,
                "name": "-.txt",
                "title": "Untitled",
                "mimetype": "text\/plain",
                "filetype": "text",
                "pretty_type": "Plain Text",
                "user": "U5Y4YA799",
                "editable": true,
                "size": 366,
                "mode": "snippet",
                "is_external": false,
                "external_type": "",
                "is_public": true,
                "public_url_shared": false,
                "display_as_bot": false,
                "username": "",
                "url_private": "https:\/\/files.slack.com\/files-pri\/T02LAJBUW-F6GN2RNUT\/-.txt?t=xoxe-2690623982-420508393732-420508393844-55126cc98091fbe0399fac3c66f6ed8e",
                "url_private_download": "https:\/\/files.slack.com\/files-pri\/T02LAJBUW-F6GN2RNUT\/download\/-.txt?t=xoxe-2690623982-420508393732-420508393844-55126cc98091fbe0399fac3c66f6ed8e",
                "permalink": "https:\/\/komodo-platform.slack.com\/files\/U5Y4YA799\/F6GN2RNUT\/-.txt",
                "permalink_public": "https:\/\/slack-files.com\/T02LAJBUW-F6GN2RNUT-35ebd47922",
                "edit_link": "https:\/\/komodo-platform.slack.com\/files\/U5Y4YA799\/F6GN2RNUT\/-.txt\/edit",
                "preview": "1.20000000 0.10000000 VuSFpuSNfzRigwTqfnp8uragAKJd3ESNzX iambob.0 VTC utxoadd.(1.20000000 0.10000000) 328e5cd75ae9732a8f8cf153a45a4008434f5ae13a86d03758163e4ec4bf9a08 c069d8c9e203ee41be21a54e76c739699c6efae568971c018ab2c62b3438ef2a\r\nU.-1 VTC 1.20000000 0.10000000 addutxo.1 pubkey.0d62d62784c96312cb80b421820a810e5b8e02c47f6922e6a50a4c7a113cdb17 session.1501625188\r\n",
                "preview_highlight": "<div class=\"CodeMirror cm-s-default CodeMirrorServer\" oncopy=\"if(event.clipboardData){event.clipboardData.setData('text\/plain',window.getSelection().toString().replace(\/\\u200b\/g,''));event.preventDefault();event.stopPropagation();}\">\n<div class=\"CodeMirror-code\">\n<div><pre>1.20000000 0.10000000 VuSFpuSNfzRigwTqfnp8uragAKJd3ESNzX iambob.0 VTC utxoadd.(1.20000000 0.10000000) 328e5cd75ae9732a8f8cf153a45a4008434f5ae13a86d03758163e4ec4bf9a08 c069d8c9e203ee41be21a54e76c739699c6efae568971c018ab2c62b3438ef2a<\/pre><\/div>\n<div><pre>U.-1 VTC 1.20000000 0.10000000 addutxo.1 pubkey.0d62d62784c96312cb80b421820a810e5b8e02c47f6922e6a50a4c7a113cdb17 session.1501625188<\/pre><\/div>\n<div><pre><\/pre><\/div>\n<\/div>\n<\/div>\n",
                "lines": 3,
                "lines_more": 0,
                "preview_is_truncated": false
            }
        ],
        "upload": true,
        "user": "U5Y4YA799",
        "display_as_bot": false,
        "ts": "1501627496.047098"
    },
    {
        "type": "message",
        "user": "U5Y4YA799",
        "text": "does any body have an idea why its not displaying on inv?",
        "ts": "1501627537.059966"
    },
    {
        "type": "message",
        "user": "U2Q1DP6EQ",
        "text": "try and send another transaction to your smartaddress of 1 VTC. I think the utxo-pair 1.2 - 0.1 will not work, 1.2 - 1.0 would work... but jl knows better :slightly_smiling_face:",
        "ts": "1501627954.182109"
    },
    {
        "type": "message",
        "user": "U02LQ1WHQ",
        "text": "for alice it should work",
        "ts": "1501627986.191308"
    },
    {
        "type": "message",
        "user": "U02LQ1WHQ",
        "text": "and it seems to have added it",
        "ts": "1501627990.192528"
    },
    {
        "type": "message",
        "user": "U02LQ1WHQ",
        "text": "strange it doesnt show in inventory without any other messages about it",
        "ts": "1501628007.197517"
    },
    {
        "type": "message",
        "user": "U5Y4YA799",
        "text": "sending another utxo worked  - just weird that market maker said it added an utxo-pair and its not showing on inv",
        "ts": "1501630040.762441"
    },
    {
        "type": "message",
        "user": "U2Q1DP6EQ",
        "text": "here is a new swap... ERC\/KMD",
        "ts": "1501632010.253958"
    },
    {
        "type": "message",
        "user": "U2Q1DP6EQ",
        "text": "{\"requestid\":3890863296,\"quoteid\":2439124334,\"txs\":[],\"sentflags\":[\"alicespend\", \"bobspend\", \"bobpayment\", \"alicepayment\", \"bobdeposit\", \"bobrefund\"],\"values\":[1.06006085, 0.19979999, 1.06016085, 0.19989999, 1.19266845, 0, 0, 1.19256845, 0, 0, 0],\"result\":\"success\",\"status\":\"finished\",\"paymentspent\":\"85e4c500923cf4b22294ab9417a4eb8a3ebbafb381160d6f91ce07beddf6f75e\",\"Apaymentspent\":\"023beb370a308198baabba2672beccc90b0247ff71af20ff48a82d0654dcf46d\",\"depositspent\":\"34fad0bbf892fd6aa471158ef0d9c3ab60ecdef7e0046ef2e62b3ee691569a23\"}",
        "ts": "1501632012.254702"
    },
    {
        "type": "message",
        "user": "U2Q1DP6EQ",
        "text": "<@U02LQ1WHQ> please add Europecoin to coins file: {\\\"coin\\\":\\\"ERC\\\",\\\"name\\\":\\\"europecoin\\\",\\\"rpcport\\\":11989,\\\"pubtype\\\":33,\\\"p2shtype\\\":5,\\\"wiftype\\\":168,\\\"txfee\\\":10000}",
        "ts": "1501632064.268755"
    },
    {
        "type": "message",
        "text": "question: i post an sell order for KMD\/VTC",
        "files": [
            {
                "id": "F6HU33L87",
                "created": 1501634073,
                "timestamp": 1501634073,
                "name": "-.txt",
                "title": "Untitled",
                "mimetype": "text\/plain",
                "filetype": "text",
                "pretty_type": "Plain Text",
                "user": "U5Y4YA799",
                "editable": true,
                "size": 145,
                "mode": "snippet",
                "is_external": false,
                "external_type": "",
                "is_public": true,
                "public_url_shared": false,
                "display_as_bot": false,
                "username": "",
                "url_private": "https:\/\/files.slack.com\/files-pri\/T02LAJBUW-F6HU33L87\/-.txt?t=xoxe-2690623982-420508393732-420508393844-55126cc98091fbe0399fac3c66f6ed8e",
                "url_private_download": "https:\/\/files.slack.com\/files-pri\/T02LAJBUW-F6HU33L87\/download\/-.txt?t=xoxe-2690623982-420508393732-420508393844-55126cc98091fbe0399fac3c66f6ed8e",
                "permalink": "https:\/\/komodo-platform.slack.com\/files\/U5Y4YA799\/F6HU33L87\/-.txt",
                "permalink_public": "https:\/\/slack-files.com\/T02LAJBUW-F6HU33L87-277a32f7b9",
                "edit_link": "https:\/\/komodo-platform.slack.com\/files\/U5Y4YA799\/F6HU33L87\/-.txt\/edit",
                "preview": "curl --url \"http:\/\/127.0.0.1:7779\" --data \"{\\\"userpass\\\":\\\"$userpass\\\",\\\"method\\\":\\\"setprice\\\",\\\"base\\\":\\\"KMD\\\",\\\"rel\\\":\\\"VTC\\\",\\\"price\\\":2.1}\"\r\n",
                "preview_highlight": "<div class=\"CodeMirror cm-s-default CodeMirrorServer\" oncopy=\"if(event.clipboardData){event.clipboardData.setData('text\/plain',window.getSelection().toString().replace(\/\\u200b\/g,''));event.preventDefault();event.stopPropagation();}\">\n<div class=\"CodeMirror-code\">\n<div><pre>curl --url &quot;http:\/\/127.0.0.1:7779&quot; --data &quot;{\\&quot;userpass\\&quot;:\\&quot;$userpass\\&quot;,\\&quot;method\\&quot;:\\&quot;setprice\\&quot;,\\&quot;base\\&quot;:\\&quot;KMD\\&quot;,\\&quot;rel\\&quot;:\\&quot;VTC\\&quot;,\\&quot;price\\&quot;:2.1}&quot;<\/pre><\/div>\n<div><pre><\/pre><\/div>\n<\/div>\n<\/div>\n",
                "lines": 2,
                "lines_more": 0,
                "preview_is_truncated": false
            }
        ],
        "upload": true,
        "user": "U5Y4YA799",
        "display_as_bot": false,
        "ts": "1501634074.723441"
    },
    {
        "type": "message",
        "text": "i dont have that much rel volume",
        "files": [
            {
                "id": "F6GSYAG92",
                "created": 1501634085,
                "timestamp": 1501634085,
                "name": "-.txt",
                "title": "Untitled",
                "mimetype": "text\/plain",
                "filetype": "text",
                "pretty_type": "Plain Text",
                "user": "U5Y4YA799",
                "editable": true,
                "size": 2482,
                "mode": "snippet",
                "is_external": false,
                "external_type": "",
                "is_public": true,
                "public_url_shared": false,
                "display_as_bot": false,
                "username": "",
                "url_private": "https:\/\/files.slack.com\/files-pri\/T02LAJBUW-F6GSYAG92\/-.txt?t=xoxe-2690623982-420508393732-420508393844-55126cc98091fbe0399fac3c66f6ed8e",
                "url_private_download": "https:\/\/files.slack.com\/files-pri\/T02LAJBUW-F6GSYAG92\/download\/-.txt?t=xoxe-2690623982-420508393732-420508393844-55126cc98091fbe0399fac3c66f6ed8e",
                "permalink": "https:\/\/komodo-platform.slack.com\/files\/U5Y4YA799\/F6GSYAG92\/-.txt",
                "permalink_public": "https:\/\/slack-files.com\/T02LAJBUW-F6GSYAG92-7e3c676c26",
                "edit_link": "https:\/\/komodo-platform.slack.com\/files\/U5Y4YA799\/F6GSYAG92\/-.txt\/edit",
                "preview": "root@Ubuntu-1604-xenial-64-minimal ~\/SuperNET\/iguana\/dexscripts # .\/orderbook| json_pp\r\n  % Total    % Received % Xferd  Average Speed   Time    Time     Time  Current\r\n                                 Dload  Upload   Total   Spent    Left  Speed\r\n100   428    0   303  100   125  62941  25965 --:--:-- --:--:-- --:--:-- 75750\r\n{\r",
                "preview_highlight": "<div class=\"CodeMirror cm-s-default CodeMirrorServer\" oncopy=\"if(event.clipboardData){event.clipboardData.setData('text\/plain',window.getSelection().toString().replace(\/\\u200b\/g,''));event.preventDefault();event.stopPropagation();}\">\n<div class=\"CodeMirror-code\">\n<div><pre>root@Ubuntu-1604-xenial-64-minimal ~\/SuperNET\/iguana\/dexscripts # .\/orderbook| json_pp<\/pre><\/div>\n<div><pre>  % Total    % Received % Xferd  Average Speed   Time    Time     Time  Current<\/pre><\/div>\n<div><pre>                                 Dload  Upload   Total   Spent    Left  Speed<\/pre><\/div>\n<div><pre>100   428    0   303  100   125  62941  25965 --:--:-- --:--:-- --:--:-- 75750<\/pre><\/div>\n<div><pre>{<\/pre><\/div>\n<div><pre><\/pre><\/div>\n<\/div>\n<\/div>\n",
                "lines": 68,
                "lines_more": 63,
                "preview_is_truncated": true
            }
        ],
        "upload": true,
        "user": "U5Y4YA799",
        "display_as_bot": false,
        "ts": "1501634086.725915"
    },
    {
        "type": "message",
        "user": "U5Y4YA799",
        "text": "is the volume of ask order showing up correctly here?",
        "ts": "1501634157.741072"
    },
    {
        "type": "message",
        "user": "U5Y4YA799",
        "text": "ooops - i got it backwards. never mind the question above",
        "ts": "1501635377.985540"
    },
    {
        "type": "message",
        "text": "swap completed for VTC\/KMD!  -  the JSON is already on barterdex but hasn't been tested.  Can someone with access rights to the excel file tag this as done please? thanks!",
        "files": [
            {
                "id": "F6GRFB5JN",
                "created": 1501635935,
                "timestamp": 1501635935,
                "name": "-.txt",
                "title": "Untitled",
                "mimetype": "text\/plain",
                "filetype": "text",
                "pretty_type": "Plain Text",
                "user": "U5Y4YA799",
                "editable": true,
                "size": 1122,
                "mode": "snippet",
                "is_external": false,
                "external_type": "",
                "is_public": true,
                "public_url_shared": false,
                "display_as_bot": false,
                "username": "",
                "url_private": "https:\/\/files.slack.com\/files-pri\/T02LAJBUW-F6GRFB5JN\/-.txt?t=xoxe-2690623982-420508393732-420508393844-55126cc98091fbe0399fac3c66f6ed8e",
                "url_private_download": "https:\/\/files.slack.com\/files-pri\/T02LAJBUW-F6GRFB5JN\/download\/-.txt?t=xoxe-2690623982-420508393732-420508393844-55126cc98091fbe0399fac3c66f6ed8e",
                "permalink": "https:\/\/komodo-platform.slack.com\/files\/U5Y4YA799\/F6GRFB5JN\/-.txt",
                "permalink_public": "https:\/\/slack-files.com\/T02LAJBUW-F6GRFB5JN-6263c4d21d",
                "edit_link": "https:\/\/komodo-platform.slack.com\/files\/U5Y4YA799\/F6GRFB5JN\/-.txt\/edit",
                "preview": "SWAP completed! 2914068912-1510539433 {\"requestid\":2914068912,\"quoteid\":1510539433,\"txs\":[],\"sentflags\":[\"alicespend\", \"bobspend\", \"bobpayment\", \"alicepayment\", \"bobdeposit\", \"bobrefund\"],\"values\":[0.99600000, 0.46896000, 0.99700000, 0.46906000, 1.12150000, 0, 0, 1.12050000, 0, 0, 0],\"result\":\"success\",\"status\":\"finished\",\"paymentspent\":\"57784caa3b474b31a96417247ec58b2d2ae558047fa06a031d548722f65c9cdf\",\"Apaymentspent\":\"02db0c498cc105f2cfbb1f53549aaa7b75edd8136a74a50c4a5bc1969b03766a\",\"depositspent\":\"310e1f7120b4a77b32abb70f1c9c5c4b97bd1e2be7b19d53af53c7f402f2ded7\"}\r\nsecond call.({\"requestid\":2914068912,\"quoteid\":1510539433,\"txs\":[],\"sentflags\":[\"alicespend\", \"bobspend\", \"bobpayment\", \"alicepayment\", \"bobdeposit\", \"bobrefund\"],\"values\":[0.99600000, 0.46896000, 0.99700000, 0.46906000, 1.12150000, 0, 0, 1.12050000, 0, 0, 0],\"result\":\"success\",\"status\":\"finished\",\"paymentspent\":\"57784caa3b474b31a96417247ec58b2d2ae558047fa06a031d548722f65c9cdf\",\"Apaymentspent\":\"02db0c498cc105f2cfbb1f53549aaa7b75edd8136a74a50c4a5bc...",
                "preview_highlight": "<div class=\"CodeMirror cm-s-default CodeMirrorServer\" oncopy=\"if(event.clipboardData){event.clipboardData.setData('text\/plain',window.getSelection().toString().replace(\/\\u200b\/g,''));event.preventDefault();event.stopPropagation();}\">\n<div class=\"CodeMirror-code\">\n<div><pre>SWAP completed! 2914068912-1510539433 {&quot;requestid&quot;:2914068912,&quot;quoteid&quot;:1510539433,&quot;txs&quot;:[],&quot;sentflags&quot;:[&quot;alicespend&quot;, &quot;bobspend&quot;, &quot;bobpayment&quot;, &quot;alicepayment&quot;, &quot;bobdeposit&quot;, &quot;bobrefund&quot;],&quot;values&quot;:[0.99600000, 0.46896000, 0.99700000, 0.46906000, 1.12150000, 0, 0, 1.12050000, 0, 0, 0],&quot;result&quot;:&quot;success&quot;,&quot;status&quot;:&quot;finished&quot;,&quot;paymentspent&quot;:&quot;57784caa3b474b31a96417247ec58b2d2ae558047fa06a031d548722f65c9cdf&quot;,&quot;Apaymentspent&quot;:&quot;02db0c498cc105f2cfbb1f53549aaa7b75edd8136a74a50c4a5bc1969b03766a&quot;,&quot;depositspent&quot;:&quot;310e1f7120b4a77b32abb70f1c9c5c4b97bd1e2be7b19d53af53c7f402f2ded7&quot;}<\/pre><\/div>\n<div><pre>second call.({&quot;requestid&quot;:2914068912,&quot;quoteid&quot;:1510539433,&quot;txs&quot;:[],&quot;sentflags&quot;:[&quot;alicespend&quot;, &quot;bobspend&quot;, &quot;bobpayment&quot;, &quot;alicepayment&quot;, &quot;bobdeposit&quot;, &quot;bobrefund&quot;],&quot;values&quot;:[0.99600000, 0.46896000, 0.99700000, 0.46906000, 1.12150000, 0, 0, 1.12050000, 0, 0, 0],&quot;result&quot;:&quot;success&quot;,&quot;status&quot;:&quot;finished&quot;,&quot;paymentspent&quot;:&quot;57784caa3b474b31a96417247ec58b2d2ae558047fa06a031d548722f65c9cdf&quot;,&quot;Apaymentspent&quot;:&quot;02db0c498cc105f2cfbb1f53549aaa7b75edd8136a74a50c4a5bc...<\/pre><\/div>\n<\/div>\n<\/div>\n",
                "lines": 3,
                "lines_more": 1,
                "preview_is_truncated": true
            }
        ],
        "upload": true,
        "user": "U5Y4YA799",
        "display_as_bot": false,
        "ts": "1501635936.100454"
    },
    {
        "type": "message",
        "user": "U5Y4YA799",
        "text": "im going to try and test YBC (YbCoin) - can someone  who has access to the coin file update this info? <@U63EZ8ZS8> <@U33CGLNNR>",
        "ts": "1501637593.436852"
    },
    {
        "type": "message",
        "user": "U5Y4YA799",
        "text": "or much better yet, give me write access to this file",
        "ts": "1501637616.441834"
    },
    {
        "type": "message",
        "user": "U63EZ8ZS8",
        "text": "Traveling ",
        "ts": "1501638410.598054"
    },
    {
        "type": "message",
        "user": "U63EZ8ZS8",
        "text": "Clam nodes almost synved",
        "ts": "1501638464.608757"
    },
    {
        "type": "message",
        "user": "U33CGLNNR",
        "text": "<@U5Y4YA799> we aren't giving out access too all the coins. I'm not at my desk but I thought we were giving out partial access to testers based on what they requested. Once I'm at my laptop I will give you access to it. ",
        "ts": "1501639321.782178"
    },
    {
        "type": "message",
        "user": "U33CGLNNR",
        "text": "What info do you need to update?",
        "ts": "1501639334.785178"
    },
    {
        "type": "message",
        "user": "U5Y4YA799",
        "text": "just completed testing for vtc and  downloading for YBC",
        "ts": "1501639362.790844"
    },
    {
        "type": "message",
        "user": "U33CGLNNR",
        "text": "Ok so you need the json script for ybc?",
        "ts": "1501639388.795771"
    },
    {
        "type": "message",
        "user": "U5Y4YA799",
        "text": "nope. i have view only access to the sheet that has all the json file",
        "ts": "1501639409.799914"
    },
    {
        "type": "message",
        "user": "U33CGLNNR",
        "text": "I see. Ok no problem. ",
        "ts": "1501639447.807570"
    },
    {
        "type": "message",
        "user": "U5Y4YA799",
        "text": "Thanks :slightly_smiling_face:",
        "ts": "1501639468.811955"
    },
    {
        "type": "message",
        "user": "U63EZ8ZS8",
        "text": "Will trading ever be accomplished via Basilisk mode?.....clam nodes are rediculas!!!....and I'm sure there are others...",
        "ts": "1501642324.339819"
    },
    {
        "type": "message",
        "user": "U33CGLNNR",
        "text": "Jl told me there will be no basilisk mode for other coins other than KMD. ",
        "ts": "1501643013.464883"
    },
    {
        "type": "message",
        "user": "U63EZ8ZS8",
        "text": "Damn...",
        "ts": "1501643561.558400"
    },
    {
        "type": "message",
        "user": "U63EZ8ZS8",
        "text": "Even in Agama wallet?...Ding...lightbulb ...",
        "ts": "1501644073.644852"
    },
    {
        "type": "message",
        "user": "U63EZ8ZS8",
        "text": "I'll just keep testing coins......im over thinking the model ---again",
        "ts": "1501644437.704396"
    },
    {
        "type": "message",
        "user": "U41M5AAJW",
        "text": "Im officially arriving fron vacations... will start tomorrow to test on a regular basis",
        "ts": "1501645201.827436"
    },
    {
        "type": "message",
        "user": "U41M5AAJW",
        "text": "Lets get this boy up and ready for prime time!!!",
        "ts": "1501645222.830738",
        "reactions": [
            {
                "name": "+1::skin-tone-2",
                "users": [
                    "U0A6XAZ98",
                    "U5Y4YA799",
                    "U0394QTC7",
                    "U03SKEFEL",
                    "U02SX3EJB",
                    "U0EGQUAPJ"
                ],
                "count": 6
            }
        ]
    },
    {
        "type": "message",
        "user": "U5Y4YA799",
        "text": "starting to sync   feathercoin  -  can someone please update the coin files please. thanks",
        "ts": "1501651461.846155"
    }
]