[
    {
        "type": "message",
        "text": "",
        "files": [
            {
                "id": "F5RC6ME0N",
                "created": 1496914775,
                "timestamp": 1496914775,
                "name": "Screen Shot 2017-06-08 at 9.16.15 PM.png",
                "title": "almost finish and in progress Ugly EasyDEX GUI",
                "mimetype": "image\/png",
                "filetype": "png",
                "pretty_type": "PNG",
                "user": "U03SKEFEL",
                "editable": false,
                "size": 428409,
                "mode": "hosted",
                "is_external": false,
                "external_type": "",
                "is_public": true,
                "public_url_shared": false,
                "display_as_bot": false,
                "username": "",
                "url_private": "https:\/\/files.slack.com\/files-pri\/T02LAJBUW-F5RC6ME0N\/screen_shot_2017-06-08_at_9.16.15_pm.png?t=xoxe-2690623982-420508393732-420508393844-55126cc98091fbe0399fac3c66f6ed8e",
                "url_private_download": "https:\/\/files.slack.com\/files-pri\/T02LAJBUW-F5RC6ME0N\/download\/screen_shot_2017-06-08_at_9.16.15_pm.png?t=xoxe-2690623982-420508393732-420508393844-55126cc98091fbe0399fac3c66f6ed8e",
                "thumb_64": "https:\/\/files.slack.com\/files-tmb\/T02LAJBUW-F5RC6ME0N-c806637839\/screen_shot_2017-06-08_at_9.16.15_pm_64.png?t=xoxe-2690623982-420508393732-420508393844-55126cc98091fbe0399fac3c66f6ed8e",
                "thumb_80": "https:\/\/files.slack.com\/files-tmb\/T02LAJBUW-F5RC6ME0N-c806637839\/screen_shot_2017-06-08_at_9.16.15_pm_80.png?t=xoxe-2690623982-420508393732-420508393844-55126cc98091fbe0399fac3c66f6ed8e",
                "thumb_360": "https:\/\/files.slack.com\/files-tmb\/T02LAJBUW-F5RC6ME0N-c806637839\/screen_shot_2017-06-08_at_9.16.15_pm_360.png?t=xoxe-2690623982-420508393732-420508393844-55126cc98091fbe0399fac3c66f6ed8e",
                "thumb_360_w": 360,
                "thumb_360_h": 225,
                "thumb_480": "https:\/\/files.slack.com\/files-tmb\/T02LAJBUW-F5RC6ME0N-c806637839\/screen_shot_2017-06-08_at_9.16.15_pm_480.png?t=xoxe-2690623982-420508393732-420508393844-55126cc98091fbe0399fac3c66f6ed8e",
                "thumb_480_w": 480,
                "thumb_480_h": 300,
                "thumb_160": "https:\/\/files.slack.com\/files-tmb\/T02LAJBUW-F5RC6ME0N-c806637839\/screen_shot_2017-06-08_at_9.16.15_pm_160.png?t=xoxe-2690623982-420508393732-420508393844-55126cc98091fbe0399fac3c66f6ed8e",
                "thumb_720": "https:\/\/files.slack.com\/files-tmb\/T02LAJBUW-F5RC6ME0N-c806637839\/screen_shot_2017-06-08_at_9.16.15_pm_720.png?t=xoxe-2690623982-420508393732-420508393844-55126cc98091fbe0399fac3c66f6ed8e",
                "thumb_720_w": 720,
                "thumb_720_h": 450,
                "thumb_800": "https:\/\/files.slack.com\/files-tmb\/T02LAJBUW-F5RC6ME0N-c806637839\/screen_shot_2017-06-08_at_9.16.15_pm_800.png?t=xoxe-2690623982-420508393732-420508393844-55126cc98091fbe0399fac3c66f6ed8e",
                "thumb_800_w": 800,
                "thumb_800_h": 500,
                "thumb_960": "https:\/\/files.slack.com\/files-tmb\/T02LAJBUW-F5RC6ME0N-c806637839\/screen_shot_2017-06-08_at_9.16.15_pm_960.png?t=xoxe-2690623982-420508393732-420508393844-55126cc98091fbe0399fac3c66f6ed8e",
                "thumb_960_w": 960,
                "thumb_960_h": 600,
                "thumb_1024": "https:\/\/files.slack.com\/files-tmb\/T02LAJBUW-F5RC6ME0N-c806637839\/screen_shot_2017-06-08_at_9.16.15_pm_1024.png?t=xoxe-2690623982-420508393732-420508393844-55126cc98091fbe0399fac3c66f6ed8e",
                "thumb_1024_w": 1024,
                "thumb_1024_h": 640,
                "image_exif_rotation": 1,
                "original_w": 3360,
                "original_h": 2100,
                "permalink": "https:\/\/komodo-platform.slack.com\/files\/U03SKEFEL\/F5RC6ME0N\/screen_shot_2017-06-08_at_9.16.15_pm.png",
                "permalink_public": "https:\/\/slack-files.com\/T02LAJBUW-F5RC6ME0N-d49ebacfed",
                "reactions": [
                    {
                        "name": "clap",
                        "users": [
                            "U4WE4CKK8",
                            "U047X3GAM",
                            "U41JPDUSG",
                            "U034A5DJC",
                            "U034PLSCK",
                            "U33CGLNNR",
                            "U2GC2GXTP",
                            "U3X56GA7J",
                            "U04F8NTQ4",
                            "U0EGQUAPJ",
                            "U2QJ3ACN9"
                        ],
                        "count": 11
                    },
                    {
                        "name": "+1",
                        "users": [
                            "U2GC2GXTP",
                            "U3X56GA7J",
                            "U0EGQUAPJ",
                            "U5RA5G0AY",
                            "U2QJ3ACN9"
                        ],
                        "count": 5
                    },
                    {
                        "name": "iguana",
                        "users": [
                            "U2GC2GXTP",
                            "U3X56GA7J",
                            "U0EGQUAPJ"
                        ],
                        "count": 3
                    }
                ]
            }
        ],
        "upload": true,
        "user": "U03SKEFEL",
        "display_as_bot": false,
        "reactions": [
            {
                "name": "clap",
                "users": [
                    "U4WE4CKK8",
                    "U047X3GAM",
                    "U41JPDUSG",
                    "U034A5DJC",
                    "U034PLSCK",
                    "U33CGLNNR",
                    "U2GC2GXTP",
                    "U3X56GA7J",
                    "U04F8NTQ4",
                    "U0EGQUAPJ",
                    "U2QJ3ACN9"
                ],
                "count": 11
            },
            {
                "name": "+1",
                "users": [
                    "U2GC2GXTP",
                    "U3X56GA7J",
                    "U0EGQUAPJ",
                    "U5RA5G0AY",
                    "U2QJ3ACN9"
                ],
                "count": 5
            },
            {
                "name": "iguana",
                "users": [
                    "U2GC2GXTP",
                    "U3X56GA7J",
                    "U0EGQUAPJ"
                ],
                "count": 3
            }
        ],
        "ts": "1496914779.988963"
    },
    {
        "type": "message",
        "text": "",
        "files": [
            {
                "id": "F5QGE7WEP",
                "created": 1496917925,
                "timestamp": 1496917925,
                "name": "Screen Shot 2017-06-08 at 10.31.34 PM.png",
                "title": "I think it's ready",
                "mimetype": "image\/png",
                "filetype": "png",
                "pretty_type": "PNG",
                "user": "U03SKEFEL",
                "editable": false,
                "size": 486353,
                "mode": "hosted",
                "is_external": false,
                "external_type": "",
                "is_public": true,
                "public_url_shared": false,
                "display_as_bot": false,
                "username": "",
                "url_private": "https:\/\/files.slack.com\/files-pri\/T02LAJBUW-F5QGE7WEP\/screen_shot_2017-06-08_at_10.31.34_pm.png?t=xoxe-2690623982-420508393732-420508393844-55126cc98091fbe0399fac3c66f6ed8e",
                "url_private_download": "https:\/\/files.slack.com\/files-pri\/T02LAJBUW-F5QGE7WEP\/download\/screen_shot_2017-06-08_at_10.31.34_pm.png?t=xoxe-2690623982-420508393732-420508393844-55126cc98091fbe0399fac3c66f6ed8e",
                "thumb_64": "https:\/\/files.slack.com\/files-tmb\/T02LAJBUW-F5QGE7WEP-67a918cc98\/screen_shot_2017-06-08_at_10.31.34_pm_64.png?t=xoxe-2690623982-420508393732-420508393844-55126cc98091fbe0399fac3c66f6ed8e",
                "thumb_80": "https:\/\/files.slack.com\/files-tmb\/T02LAJBUW-F5QGE7WEP-67a918cc98\/screen_shot_2017-06-08_at_10.31.34_pm_80.png?t=xoxe-2690623982-420508393732-420508393844-55126cc98091fbe0399fac3c66f6ed8e",
                "thumb_360": "https:\/\/files.slack.com\/files-tmb\/T02LAJBUW-F5QGE7WEP-67a918cc98\/screen_shot_2017-06-08_at_10.31.34_pm_360.png?t=xoxe-2690623982-420508393732-420508393844-55126cc98091fbe0399fac3c66f6ed8e",
                "thumb_360_w": 360,
                "thumb_360_h": 225,
                "thumb_480": "https:\/\/files.slack.com\/files-tmb\/T02LAJBUW-F5QGE7WEP-67a918cc98\/screen_shot_2017-06-08_at_10.31.34_pm_480.png?t=xoxe-2690623982-420508393732-420508393844-55126cc98091fbe0399fac3c66f6ed8e",
                "thumb_480_w": 480,
                "thumb_480_h": 300,
                "thumb_160": "https:\/\/files.slack.com\/files-tmb\/T02LAJBUW-F5QGE7WEP-67a918cc98\/screen_shot_2017-06-08_at_10.31.34_pm_160.png?t=xoxe-2690623982-420508393732-420508393844-55126cc98091fbe0399fac3c66f6ed8e",
                "thumb_720": "https:\/\/files.slack.com\/files-tmb\/T02LAJBUW-F5QGE7WEP-67a918cc98\/screen_shot_2017-06-08_at_10.31.34_pm_720.png?t=xoxe-2690623982-420508393732-420508393844-55126cc98091fbe0399fac3c66f6ed8e",
                "thumb_720_w": 720,
                "thumb_720_h": 450,
                "thumb_800": "https:\/\/files.slack.com\/files-tmb\/T02LAJBUW-F5QGE7WEP-67a918cc98\/screen_shot_2017-06-08_at_10.31.34_pm_800.png?t=xoxe-2690623982-420508393732-420508393844-55126cc98091fbe0399fac3c66f6ed8e",
                "thumb_800_w": 800,
                "thumb_800_h": 500,
                "thumb_960": "https:\/\/files.slack.com\/files-tmb\/T02LAJBUW-F5QGE7WEP-67a918cc98\/screen_shot_2017-06-08_at_10.31.34_pm_960.png?t=xoxe-2690623982-420508393732-420508393844-55126cc98091fbe0399fac3c66f6ed8e",
                "thumb_960_w": 960,
                "thumb_960_h": 600,
                "thumb_1024": "https:\/\/files.slack.com\/files-tmb\/T02LAJBUW-F5QGE7WEP-67a918cc98\/screen_shot_2017-06-08_at_10.31.34_pm_1024.png?t=xoxe-2690623982-420508393732-420508393844-55126cc98091fbe0399fac3c66f6ed8e",
                "thumb_1024_w": 1024,
                "thumb_1024_h": 640,
                "image_exif_rotation": 1,
                "original_w": 3360,
                "original_h": 2100,
                "permalink": "https:\/\/komodo-platform.slack.com\/files\/U03SKEFEL\/F5QGE7WEP\/screen_shot_2017-06-08_at_10.31.34_pm.png",
                "permalink_public": "https:\/\/slack-files.com\/T02LAJBUW-F5QGE7WEP-e12732ed3b",
                "reactions": [
                    {
                        "name": "rocket",
                        "users": [
                            "U02N0EWT4",
                            "U34RJ030D",
                            "U3ZG5SUD6"
                        ],
                        "count": 3
                    },
                    {
                        "name": "iguana",
                        "users": [
                            "U2PSPGFJS"
                        ],
                        "count": 1
                    },
                    {
                        "name": "tada",
                        "users": [
                            "U2PSPGFJS"
                        ],
                        "count": 1
                    }
                ]
            }
        ],
        "upload": true,
        "user": "U03SKEFEL",
        "display_as_bot": false,
        "reactions": [
            {
                "name": "rocket",
                "users": [
                    "U02N0EWT4",
                    "U34RJ030D",
                    "U3ZG5SUD6"
                ],
                "count": 3
            },
            {
                "name": "iguana",
                "users": [
                    "U2PSPGFJS"
                ],
                "count": 1
            },
            {
                "name": "tada",
                "users": [
                    "U2PSPGFJS"
                ],
                "count": 1
            }
        ],
        "ts": "1496917930.697697"
    },
    {
        "type": "message",
        "user": "U03SKEFEL",
        "text": "the ugly gui is ready",
        "ts": "1496917931.697827",
        "reactions": [
            {
                "name": "+1",
                "users": [
                    "U41JPDUSG",
                    "U034A5DJC",
                    "U0EVBU5GC",
                    "U030L14Q0",
                    "U02MY8F39",
                    "U2PSPGFJS",
                    "U034PLSCK"
                ],
                "count": 7
            },
            {
                "name": "clap",
                "users": [
                    "U1SJT84KS",
                    "U41JPDUSG",
                    "U2PSPGFJS"
                ],
                "count": 3
            },
            {
                "name": "iguana",
                "users": [
                    "U2PSPGFJS"
                ],
                "count": 1
            }
        ]
    },
    {
        "type": "message",
        "user": "U03SKEFEL",
        "text": "<@U02LQ1WHQ> and <!here|@here> I updated DEX Ugly GUI repository and instructions to install and start Market Maker to test Client side DEX",
        "ts": "1496920131.133870"
    },
    {
        "type": "message",
        "user": "U03SKEFEL",
        "text": "<https:\/\/github.com\/SuperNETorg\/dexuglygui\/tree\/v0.1>",
        "ts": "1496920135.134617"
    },
    {
        "type": "message",
        "user": "U03SKEFEL",
        "text": "Please see the ReadMe, and follow the instructions to get started",
        "ts": "1496920150.137386"
    },
    {
        "user": "U5QKF7UGJ",
        "text": "<@U5QKF7UGJ> has joined the channel",
        "type": "message",
        "subtype": "channel_join",
        "ts": "1496921060.311725"
    },
    {
        "type": "message",
        "user": "U034A5DJC",
        "text": "Excellent <@U03SKEFEL>,  thank you!\nUnfortunately no time to test it before this weekend bit will do then. ",
        "ts": "1496928389.129361"
    },
    {
        "type": "message",
        "user": "U1SJT84KS",
        "text": "<@U03SKEFEL> doesn't look so ugly :wink:\ngj mate",
        "ts": "1496946185.921760"
    },
    {
        "type": "message",
        "user": "U33CGLNNR",
        "text": "looks organized",
        "ts": "1496946604.075249"
    },
    {
        "type": "message",
        "user": "U03SKEFEL",
        "text": "Thanks mates :slightly_smiling_face: ",
        "ts": "1496965412.235798"
    },
    {
        "type": "message",
        "user": "U033CV1T1",
        "text": "I'm still getting a handle on interacting with dex via command line. I know this is only a debugging mission but I think that a guide is warranted. I'm a bad coder but I can interact with json. If i do a blog post\/tutorial on my journey would that be bounty worthy?",
        "ts": "1496977381.741226"
    },
    {
        "type": "message",
        "user": "U033CV1T1",
        "text": "Or rather, if i can bring more novices like myself to the party would that be worth something?",
        "ts": "1496977491.753368"
    },
    {
        "type": "message",
        "user": "U33CGLNNR",
        "text": "<@U03SKEFEL> what would that be worth?",
        "ts": "1496978247.831254"
    },
    {
        "type": "message",
        "user": "U03SKEFEL",
        "text": "it would be only worth the users to get test it who are:\n- linux command line friendly, and don't get scared of installing and troubleshooting dependency installs for required software. less headache for us to support such users\n- who understand the meaning of bitcoin UTXOs, vouts, and feel easy with doing command line `komodo-cli` command where possible",
        "ts": "1496979232.928726"
    },
    {
        "type": "message",
        "user": "U03SKEFEL",
        "text": ":slightly_smiling_face:",
        "ts": "1496979234.928826"
    },
    {
        "type": "message",
        "user": "U03SKEFEL",
        "text": "other users will be needed after we are through this test phase. that's what I think",
        "ts": "1496979257.931144"
    },
    {
        "type": "message",
        "user": "U03SKEFEL",
        "text": "for new incoming users who are new to the idea of UTXOs, we'll be kinda busy explaining what and why are utxos used in our DEX implementation in straight user inputs",
        "ts": "1496979310.936643"
    },
    {
        "type": "message",
        "user": "U03SKEFEL",
        "text": "the expected result of the final EasyDEX GUI in Agama will be totally different GUI. Nothing like you see in the GUI I made. It is advanced but at least gives a new tester the ability to click and do actions for client DEX testing. That's why I called it ugly.",
        "ts": "1496979370.942245"
    },
    {
        "type": "message",
        "user": "U03SKEFEL",
        "text": "but the Agama version of EasyDEX GUI will be most probably kinda GUI of <http:\/\/ShapeShift.io|ShapeShift.io> or something like that. but with far different options, and I'm sure with more superior options than centralised exchanges.",
        "ts": "1496979414.946526"
    },
    {
        "type": "message",
        "user": "U03SKEFEL",
        "text": "that would be amazing to see in visual way :slightly_smiling_face:",
        "ts": "1496979466.951662"
    },
    {
        "type": "message",
        "user": "U03SKEFEL",
        "text": "That's the idea of what kinda of users I expect who'll be testing in this advanced stage",
        "ts": "1496979484.953326"
    },
    {
        "type": "message",
        "user": "U03SKEFEL",
        "text": "<@U033CV1T1> <@U33CGLNNR>",
        "ts": "1496979489.953893"
    },
    {
        "user": "U45HQAKCK",
        "text": "<@U45HQAKCK> has left the channel",
        "type": "message",
        "subtype": "channel_leave",
        "ts": "1496986650.680368"
    }
]