[
    {
        "type": "message",
        "user": "U02LQ1WHQ",
        "text": "<@U03SKEFEL> maybe just call it the \"komodo\" iOs app",
        "ts": "1502178925.338565"
    },
    {
        "type": "message",
        "user": "U66KG95QW",
        "text": "<@U03SKEFEL>  I have downloaded and installed \"breadwallet - Komodo Wallet\" on iOs",
        "edited": {
            "user": "U66KG95QW",
            "ts": "1502185899.000000"
        },
        "ts": "1502181477.220828"
    },
    {
        "type": "message",
        "user": "U66KG95QW",
        "text": "<@U02LQ1WHQ> Breadwallet IOS: Syncing not progressing after relaunching",
        "edited": {
            "user": "U66KG95QW",
            "ts": "1502187999.000000"
        },
        "ts": "1502187979.510656"
    },
    {
        "type": "message",
        "user": "U02LQ1WHQ",
        "text": "did you achieve full sync the first time?",
        "ts": "1502188084.543922"
    },
    {
        "type": "message",
        "user": "U66KG95QW",
        "text": "yes",
        "ts": "1502188102.549483"
    },
    {
        "type": "message",
        "user": "U02LQ1WHQ",
        "text": "it reached current block 400K+?",
        "ts": "1502188119.554704"
    },
    {
        "type": "message",
        "user": "U66KG95QW",
        "text": "sorry i missed to check for the first time",
        "ts": "1502188483.668327"
    },
    {
        "type": "message",
        "user": "U66KG95QW",
        "text": "but  i succesfully  made 2 transactions",
        "ts": "1502188509.676686"
    },
    {
        "type": "message",
        "user": "U66KG95QW",
        "text": "then  i relaunch the app and now it is  stuck up  on syncing",
        "ts": "1502188563.693012"
    },
    {
        "type": "message",
        "text": "",
        "files": [
            {
                "id": "F6KMLNN4V",
                "created": 1502188638,
                "timestamp": 1502188638,
                "name": "IMG-20170808-WA0009.jpg",
                "title": "Slack for Android Upload",
                "mimetype": "image\/jpeg",
                "filetype": "jpg",
                "pretty_type": "JPEG",
                "user": "U66KG95QW",
                "editable": false,
                "size": 53172,
                "mode": "hosted",
                "is_external": false,
                "external_type": "",
                "is_public": true,
                "public_url_shared": false,
                "display_as_bot": false,
                "username": "",
                "url_private": "https:\/\/files.slack.com\/files-pri\/T02LAJBUW-F6KMLNN4V\/img-20170808-wa0009.jpg?t=xoxe-2690623982-420508393732-420508393844-55126cc98091fbe0399fac3c66f6ed8e",
                "url_private_download": "https:\/\/files.slack.com\/files-pri\/T02LAJBUW-F6KMLNN4V\/download\/img-20170808-wa0009.jpg?t=xoxe-2690623982-420508393732-420508393844-55126cc98091fbe0399fac3c66f6ed8e",
                "thumb_64": "https:\/\/files.slack.com\/files-tmb\/T02LAJBUW-F6KMLNN4V-75949ee10a\/img-20170808-wa0009_64.jpg?t=xoxe-2690623982-420508393732-420508393844-55126cc98091fbe0399fac3c66f6ed8e",
                "thumb_80": "https:\/\/files.slack.com\/files-tmb\/T02LAJBUW-F6KMLNN4V-75949ee10a\/img-20170808-wa0009_80.jpg?t=xoxe-2690623982-420508393732-420508393844-55126cc98091fbe0399fac3c66f6ed8e",
                "thumb_360": "https:\/\/files.slack.com\/files-tmb\/T02LAJBUW-F6KMLNN4V-75949ee10a\/img-20170808-wa0009_360.jpg?t=xoxe-2690623982-420508393732-420508393844-55126cc98091fbe0399fac3c66f6ed8e",
                "thumb_360_w": 202,
                "thumb_360_h": 360,
                "thumb_480": "https:\/\/files.slack.com\/files-tmb\/T02LAJBUW-F6KMLNN4V-75949ee10a\/img-20170808-wa0009_480.jpg?t=xoxe-2690623982-420508393732-420508393844-55126cc98091fbe0399fac3c66f6ed8e",
                "thumb_480_w": 270,
                "thumb_480_h": 480,
                "thumb_160": "https:\/\/files.slack.com\/files-tmb\/T02LAJBUW-F6KMLNN4V-75949ee10a\/img-20170808-wa0009_160.jpg?t=xoxe-2690623982-420508393732-420508393844-55126cc98091fbe0399fac3c66f6ed8e",
                "thumb_720": "https:\/\/files.slack.com\/files-tmb\/T02LAJBUW-F6KMLNN4V-75949ee10a\/img-20170808-wa0009_720.jpg?t=xoxe-2690623982-420508393732-420508393844-55126cc98091fbe0399fac3c66f6ed8e",
                "thumb_720_w": 404,
                "thumb_720_h": 720,
                "thumb_800": "https:\/\/files.slack.com\/files-tmb\/T02LAJBUW-F6KMLNN4V-75949ee10a\/img-20170808-wa0009_800.jpg?t=xoxe-2690623982-420508393732-420508393844-55126cc98091fbe0399fac3c66f6ed8e",
                "thumb_800_w": 449,
                "thumb_800_h": 800,
                "thumb_960": "https:\/\/files.slack.com\/files-tmb\/T02LAJBUW-F6KMLNN4V-75949ee10a\/img-20170808-wa0009_960.jpg?t=xoxe-2690623982-420508393732-420508393844-55126cc98091fbe0399fac3c66f6ed8e",
                "thumb_960_w": 539,
                "thumb_960_h": 960,
                "thumb_1024": "https:\/\/files.slack.com\/files-tmb\/T02LAJBUW-F6KMLNN4V-75949ee10a\/img-20170808-wa0009_1024.jpg?t=xoxe-2690623982-420508393732-420508393844-55126cc98091fbe0399fac3c66f6ed8e",
                "thumb_1024_w": 575,
                "thumb_1024_h": 1024,
                "image_exif_rotation": 1,
                "original_w": 719,
                "original_h": 1280,
                "permalink": "https:\/\/komodo-platform.slack.com\/files\/U66KG95QW\/F6KMLNN4V\/img-20170808-wa0009.jpg",
                "permalink_public": "https:\/\/slack-files.com\/T02LAJBUW-F6KMLNN4V-3106851e44"
            }
        ],
        "upload": false,
        "user": "U66KG95QW",
        "display_as_bot": false,
        "ts": "1502188680.727740"
    },
    {
        "type": "message",
        "user": "U2N405TRT",
        "text": "Does anyone remember how to recover old marketmaker\/jumblr transactions that failed? I cannot recall the prefix that was used for it..",
        "edited": {
            "user": "U2N405TRT",
            "ts": "1502188938.000000"
        },
        "ts": "1502188921.798486"
    },
    {
        "type": "message",
        "user": "U02LQ1WHQ",
        "text": "<@U66KG95QW> you tried restarting the iphone app, or delete app data?",
        "ts": "1502189167.871268"
    },
    {
        "type": "message",
        "user": "U02LQ1WHQ",
        "text": "<@U2N405TRT> not sure what you mean",
        "ts": "1502189178.874757"
    },
    {
        "type": "message",
        "user": "U66KG95QW",
        "text": "i tried restarting iphone app",
        "edited": {
            "user": "U66KG95QW",
            "ts": "1502189231.000000"
        },
        "ts": "1502189214.885673"
    },
    {
        "type": "message",
        "user": "U02LQ1WHQ",
        "text": "if that doesnt work, try deleting the iOs app's appdata",
        "ts": "1502189248.895973"
    },
    {
        "type": "message",
        "user": "U66KG95QW",
        "text": "ok",
        "ts": "1502189260.899716"
    },
    {
        "type": "message",
        "user": "U2N405TRT",
        "text": "I mean, how to recover from smart addresses it was sent to, there was a prefix for the Iguana psswd of the sending address, or something like that...",
        "ts": "1502189339.922943"
    },
    {
        "type": "message",
        "user": "U02LQ1WHQ",
        "text": "ah, prefix \"jumblr deposit \"",
        "ts": "1502189356.928381"
    },
    {
        "type": "message",
        "user": "U02LQ1WHQ",
        "text": "or \"jumblr \"",
        "ts": "1502189363.930630"
    },
    {
        "type": "message",
        "user": "U2N405TRT",
        "text": "thx..I will check if something is still left before I \"forget\" addresses that were used",
        "ts": "1502189398.941123"
    },
    {
        "type": "message",
        "user": "U03SKEFEL",
        "text": "<@U66KG95QW> in any case you can delete app. it will delete the app and data. and make sure you have the breadwallet passphrase. install the app again, and use existing passphrase\/recover option on starting wizard if that asks you. most likely it will not ask and just start resyncing blockchain. or you can not go for deleting the app and data, just go to the settings and select option from there to resync blockchain again.",
        "ts": "1502192202.780413"
    },
    {
        "type": "message",
        "user": "U03SKEFEL",
        "text": "that should help you",
        "ts": "1502192206.781534"
    },
    {
        "type": "message",
        "user": "U03SKEFEL",
        "text": "it may show the progress bar going to the same level where you did sync it first time then back to 0, then again to the same progress level very quickly, but if you leave your wallet running alone letting it complete sync and not close the app, you should be fine.",
        "ts": "1502192265.799587"
    },
    {
        "type": "message",
        "user": "U03SKEFEL",
        "text": "<@U02LQ1WHQ> sure, I can change the graphics then and launch image title, the wallet inside title to say 'Komodo Wallet'",
        "edited": {
            "user": "U03SKEFEL",
            "ts": "1502192384.000000"
        },
        "ts": "1502192332.819613"
    },
    {
        "type": "message",
        "user": "U03SKEFEL",
        "text": "the options to mention breadwallet is in app name, subtitle of name, launch image, about app.",
        "ts": "1502192366.829694"
    },
    {
        "type": "message",
        "user": "U66KG95QW",
        "text": "<@U03SKEFEL>  Deleted the app and installed again",
        "ts": "1502192440.852454"
    },
    {
        "type": "message",
        "user": "U66KG95QW",
        "text": "It is syncing",
        "ts": "1502192445.853989"
    },
    {
        "type": "message",
        "user": "U66KG95QW",
        "text": "But it is still taking longer to sync.",
        "ts": "1502192548.884410"
    },
    {
        "type": "message",
        "user": "U66KG95QW",
        "text": "almost 35 mins past",
        "ts": "1502192554.886252"
    },
    {
        "type": "message",
        "user": "U03SKEFEL",
        "text": "yes I had the same experience",
        "ts": "1502192967.010784"
    },
    {
        "type": "message",
        "user": "U03SKEFEL",
        "text": "just don't close it and leave it",
        "ts": "1502192984.016384"
    },
    {
        "type": "message",
        "user": "U03SKEFEL",
        "text": "or may be do settings &gt;resync blockchain",
        "ts": "1502192994.019206"
    },
    {
        "type": "message",
        "user": "U03SKEFEL",
        "text": "to start over",
        "ts": "1502193008.023508"
    },
    {
        "type": "message",
        "user": "U66KG95QW",
        "text": "Okay. Thanks a lot",
        "ts": "1502193036.032509"
    },
    {
        "type": "message",
        "user": "U03SKEFEL",
        "text": "let us know how it goes :slightly_smiling_face:",
        "ts": "1502193108.054843"
    },
    {
        "type": "message",
        "user": "U66KG95QW",
        "text": "Sure",
        "ts": "1502193230.092841"
    },
    {
        "type": "message",
        "user": "U66KG95QW",
        "text": "The same progress still",
        "ts": "1502195977.053580"
    },
    {
        "type": "message",
        "user": "U03SKEFEL",
        "text": "<@U41M5AAJW> still not correct branch merge. try this:\n<https:\/\/github.com\/SuperNETorg\/dexuglygui\/compare\/v0.2...siulynot:v0.2?expand=1>",
        "ts": "1502196106.104727"
    },
    {
        "type": "message",
        "user": "U41M5AAJW",
        "text": "Ok. ",
        "ts": "1502203802.402275"
    },
    {
        "type": "message",
        "user": "U33CGLNNR",
        "text": "What about android? Will bread wallet only work for ios",
        "ts": "1502205899.774595"
    },
    {
        "type": "message",
        "user": "U03SKEFEL",
        "text": "so far only iOS",
        "ts": "1502205919.787466"
    },
    {
        "type": "message",
        "user": "U03SKEFEL",
        "text": "I am not able to build android version as of yet",
        "ts": "1502205930.794397"
    },
    {
        "type": "message",
        "user": "U03SKEFEL",
        "text": "ran through build errors",
        "ts": "1502205936.798379"
    },
    {
        "type": "message",
        "user": "U03SKEFEL",
        "text": "and trying to slowly follow up with the devs on github",
        "ts": "1502205948.805972"
    },
    {
        "type": "message",
        "user": "U03SKEFEL",
        "text": "<https:\/\/github.com\/breadwallet\/breadwallet-android\/issues\/21>",
        "ts": "1502205972.821418"
    },
    {
        "type": "message",
        "user": "U03SKEFEL",
        "text": "<@U41M5AAJW> is also trying the same",
        "ts": "1502205983.828997"
    },
    {
        "type": "message",
        "user": "U03SKEFEL",
        "text": "whenever we'll be able to successfully compile and run android bitcoin wallet and able to use it as usual, we can proceed with Komodo changes to it.",
        "ts": "1502206031.859720"
    },
    {
        "type": "message",
        "user": "U03SKEFEL",
        "text": "it's just when we are able to run breadwallet for android in our dev setup",
        "ts": "1502206045.869115"
    },
    {
        "type": "message",
        "user": "U03SKEFEL",
        "text": "<https:\/\/github.com\/breadwallet\/breadwallet-android\/issues\/20>",
        "ts": "1502206072.886149"
    },
    {
        "type": "message",
        "user": "U03SKEFEL",
        "text": "looks like me and siu are on same errors :slightly_smiling_face:",
        "ts": "1502206085.894010"
    },
    {
        "type": "message",
        "user": "U03SKEFEL",
        "text": "<@U41M5AAJW> when providing them console output use these:",
        "ts": "1502206146.933685"
    },
    {
        "type": "message",
        "text": "",
        "files": [
            {
                "id": "F6LQX07HV",
                "created": 1502206177,
                "timestamp": 1502206177,
                "name": "-.sh",
                "title": "Untitled",
                "mimetype": "text\/plain",
                "filetype": "shell",
                "pretty_type": "Shell",
                "user": "U03SKEFEL",
                "editable": true,
                "size": 39,
                "mode": "snippet",
                "is_external": false,
                "external_type": "",
                "is_public": true,
                "public_url_shared": false,
                "display_as_bot": false,
                "username": "",
                "url_private": "https:\/\/files.slack.com\/files-pri\/T02LAJBUW-F6LQX07HV\/-.sh?t=xoxe-2690623982-420508393732-420508393844-55126cc98091fbe0399fac3c66f6ed8e",
                "url_private_download": "https:\/\/files.slack.com\/files-pri\/T02LAJBUW-F6LQX07HV\/download\/-.sh?t=xoxe-2690623982-420508393732-420508393844-55126cc98091fbe0399fac3c66f6ed8e",
                "permalink": "https:\/\/komodo-platform.slack.com\/files\/U03SKEFEL\/F6LQX07HV\/-.sh",
                "permalink_public": "https:\/\/slack-files.com\/T02LAJBUW-F6LQX07HV-685afe28bf",
                "edit_link": "https:\/\/komodo-platform.slack.com\/files\/U03SKEFEL\/F6LQX07HV\/-.sh\/edit",
                "preview": "```shell\r\nyour console output here\r\n```",
                "preview_highlight": "<div class=\"CodeMirror cm-s-default CodeMirrorServer\" oncopy=\"if(event.clipboardData){event.clipboardData.setData('text\/plain',window.getSelection().toString().replace(\/\\u200b\/g,''));event.preventDefault();event.stopPropagation();}\">\n<div class=\"CodeMirror-code\">\n<div><pre><span class=\"cm-quote\">``<\/span><span class=\"cm-quote\">`shell<\/span><\/pre><\/div>\n<div><pre>your console output here<\/pre><\/div>\n<div><pre><span class=\"cm-quote\">``<\/span><span class=\"cm-quote\">`<\/span><\/pre><\/div>\n<\/div>\n<\/div>\n",
                "lines": 3,
                "lines_more": 0,
                "preview_is_truncated": false
            }
        ],
        "upload": true,
        "user": "U03SKEFEL",
        "display_as_bot": false,
        "ts": "1502206178.954099"
    },
    {
        "type": "message",
        "user": "U41M5AAJW",
        "text": "ohh thats for formating?",
        "ts": "1502210237.439073"
    },
    {
        "type": "message",
        "user": "U41M5AAJW",
        "text": "thanks!",
        "ts": "1502210240.440841"
    },
    {
        "type": "message",
        "user": "U41M5AAJW",
        "text": "ill try it next time.",
        "ts": "1502210249.446080"
    },
    {
        "type": "message",
        "user": "U41M5AAJW",
        "text": "btw, <@U03SKEFEL> i went to the secp256k1 folder he wrote you to delete, but there was nothing on mine",
        "ts": "1502210516.597792"
    },
    {
        "type": "message",
        "user": "U41M5AAJW",
        "text": "also i tought it was an issue with java, but downgraded java to 7 and that didnt work either",
        "ts": "1502210536.609524"
    },
    {
        "type": "message",
        "user": "U41M5AAJW",
        "text": "Fixed the code in the issue thread... :p",
        "ts": "1502210716.710702"
    },
    {
        "type": "message",
        "user": "U41M5AAJW",
        "text": "<http:\/\/i.imgur.com\/YhQl8bj.png>",
        "attachments": [
            {
                "fallback": "1600x900px image",
                "image_url": "http:\/\/i.imgur.com\/YhQl8bj.png",
                "image_width": 1600,
                "image_height": 900,
                "image_bytes": 75824,
                "from_url": "http:\/\/i.imgur.com\/YhQl8bj.png",
                "id": 1
            }
        ],
        "ts": "1502212560.781081"
    },
    {
        "type": "message",
        "user": "U41M5AAJW",
        "text": "crw added to ugly gui",
        "ts": "1502212567.784976"
    },
    {
        "type": "message",
        "user": "U33CGLNNR",
        "text": ":sunglasses:",
        "ts": "1502213558.359256"
    },
    {
        "type": "message",
        "user": "U41M5AAJW",
        "text": "<http:\/\/i.imgur.com\/AYRK9lk.png>",
        "attachments": [
            {
                "fallback": "1600x900px image",
                "image_url": "http:\/\/i.imgur.com\/AYRK9lk.png",
                "image_width": 1600,
                "image_height": 900,
                "image_bytes": 74248,
                "from_url": "http:\/\/i.imgur.com\/AYRK9lk.png",
                "id": 1
            }
        ],
        "ts": "1502213579.371407"
    },
    {
        "type": "message",
        "user": "U41M5AAJW",
        "text": "dash added",
        "ts": "1502213583.373334"
    },
    {
        "type": "message",
        "user": "U33CGLNNR",
        "text": "F DASH and amanda",
        "ts": "1502213697.439469"
    },
    {
        "type": "message",
        "user": "U33CGLNNR",
        "text": "she never returned my calls",
        "ts": "1502213700.441003",
        "reactions": [
            {
                "name": "trollface",
                "users": [
                    "U33CGLNNR",
                    "U41M5AAJW",
                    "U6F99LGU9"
                ],
                "count": 3
            }
        ]
    },
    {
        "type": "message",
        "user": "U41M5AAJW",
        "text": "i think she retired from dash",
        "ts": "1502213756.473324"
    },
    {
        "type": "message",
        "user": "U41M5AAJW",
        "text": "maybe thats why :stuck_out_tongue:",
        "ts": "1502213760.475676"
    },
    {
        "type": "message",
        "user": "U33CGLNNR",
        "text": ":disappointed:",
        "ts": "1502213926.568539"
    },
    {
        "type": "message",
        "user": "U41M5AAJW",
        "text": "there is a new guy now doing videos",
        "ts": "1502214015.618815"
    },
    {
        "type": "message",
        "user": "U41M5AAJW",
        "text": "the community say he is boring",
        "ts": "1502214022.623159"
    },
    {
        "type": "message",
        "user": "U41M5AAJW",
        "text": "lol",
        "ts": "1502214024.623811"
    },
    {
        "type": "message",
        "user": "U33CGLNNR",
        "text": "i loved amanda",
        "ts": "1502214033.629388"
    },
    {
        "type": "message",
        "user": "U33CGLNNR",
        "text": "never could listen to her more than 2 minutes but loved her nontheless",
        "ts": "1502214046.636937"
    },
    {
        "type": "message",
        "user": "U33CGLNNR",
        "text": ":joy:",
        "ts": "1502214059.643937"
    },
    {
        "type": "message",
        "user": "U41M5AAJW",
        "text": "who wouldnt",
        "ts": "1502214076.653822"
    },
    {
        "type": "message",
        "user": "U41M5AAJW",
        "text": "she was like the only woman in this dick fest",
        "ts": "1502214086.659268"
    },
    {
        "type": "message",
        "user": "U41M5AAJW",
        "text": "and she is hot",
        "ts": "1502214094.663901"
    },
    {
        "type": "message",
        "user": "U33CGLNNR",
        "text": ":joy: not that hot",
        "ts": "1502214107.671452"
    },
    {
        "type": "message",
        "user": "U33CGLNNR",
        "text": "but hot enough",
        "ts": "1502214109.672693"
    },
    {
        "type": "message",
        "user": "U41M5AAJW",
        "text": "yeah",
        "ts": "1502214116.676753"
    },
    {
        "type": "message",
        "user": "U41M5AAJW",
        "text": "i would do her, if i could... hot enough for me",
        "ts": "1502214132.685826"
    },
    {
        "type": "message",
        "user": "U41M5AAJW",
        "text": "lol",
        "ts": "1502214135.687471"
    },
    {
        "type": "message",
        "user": "U41M5AAJW",
        "text": "<http:\/\/i.imgur.com\/ZVrItwD.png>",
        "attachments": [
            {
                "fallback": "1600x900px image",
                "image_url": "http:\/\/i.imgur.com\/ZVrItwD.png",
                "image_width": 1600,
                "image_height": 900,
                "image_bytes": 127437,
                "from_url": "http:\/\/i.imgur.com\/ZVrItwD.png",
                "id": 1
            }
        ],
        "ts": "1502216214.920972"
    },
    {
        "type": "message",
        "user": "U41M5AAJW",
        "text": "placed coins in alphabetical order for easier search",
        "ts": "1502216226.928199"
    },
    {
        "type": "message",
        "user": "U41M5AAJW",
        "text": "also added some more coins",
        "ts": "1502216233.931870"
    },
    {
        "type": "message",
        "user": "U41M5AAJW",
        "text": "my goal is to add to the ugly gui as many of the already tested coins",
        "ts": "1502216256.945686"
    },
    {
        "type": "message",
        "user": "U41M5AAJW",
        "text": "tested and working*",
        "ts": "1502216263.949535"
    },
    {
        "type": "message",
        "user": "U41M5AAJW",
        "text": "the ones highlighted green on the document",
        "ts": "1502216283.961231"
    },
    {
        "type": "message",
        "user": "U33CGLNNR",
        "text": "Great job siu let me know when it's ready to test",
        "edited": {
            "user": "U33CGLNNR",
            "ts": "1502217383.000000"
        },
        "ts": "1502217371.611904"
    },
    {
        "type": "message",
        "user": "U41M5AAJW",
        "text": "if you go to <http:\/\/www.github.com\/siulynot\/dexuglygui|www.github.com\/siulynot\/dexuglygui>",
        "ts": "1502218502.267903"
    },
    {
        "type": "message",
        "user": "U41M5AAJW",
        "text": "you can get the latest version until <@U03SKEFEL> merges to his",
        "ts": "1502218519.278193"
    },
    {
        "type": "message",
        "user": "U33CGLNNR",
        "text": "Ok",
        "ts": "1502218538.289279"
    },
    {
        "type": "message",
        "user": "U33CGLNNR",
        "text": "Cool",
        "ts": "1502218540.290390"
    },
    {
        "type": "message",
        "user": "U41M5AAJW",
        "text": "once you clone it, please do a git checkout v0.2",
        "ts": "1502218566.305306"
    },
    {
        "type": "message",
        "user": "U33CGLNNR",
        "text": "I'll just download it on a zip",
        "ts": "1502218612.332736"
    },
    {
        "type": "message",
        "user": "U33CGLNNR",
        "text": "Meanwhile",
        "ts": "1502218616.335011"
    },
    {
        "type": "message",
        "user": "U41M5AAJW",
        "text": "ok",
        "ts": "1502218618.336150"
    },
    {
        "type": "message",
        "user": "U33CGLNNR",
        "text": "I finished the Agama MacOS install and update video",
        "edited": {
            "user": "U33CGLNNR",
            "ts": "1502218642.000000"
        },
        "ts": "1502218636.346997"
    },
    {
        "type": "message",
        "user": "U33CGLNNR",
        "text": "Audo should be publishing it sometime today",
        "ts": "1502218656.358372"
    },
    {
        "type": "message",
        "user": "U41M5AAJW",
        "text": "nice!!! :smile:",
        "ts": "1502218664.363196"
    },
    {
        "type": "message",
        "user": "U33CGLNNR",
        "text": "Not sure if the videos help the price but I'm hoping it keeps the momentum going on BitcoinTalk",
        "ts": "1502218688.377612"
    },
    {
        "type": "message",
        "user": "U41M5AAJW",
        "text": "what is the thread in btctalk? got link?",
        "ts": "1502218728.401471"
    },
    {
        "type": "message",
        "user": "U33CGLNNR",
        "text": "<https:\/\/bitcointalk.org\/index.php?topic=1605144.0>",
        "attachments": [
            {
                "title": "[ANN][KMD][dPoW] Komodo - Zcash Zero Knowledge Privacy Secured by Bitcoin",
                "title_link": "https:\/\/bitcointalk.org\/index.php?topic=1605144.0",
                "text": "[ANN][KMD][dPoW] Komodo - Zcash Zero Knowledge Privacy Secured by Bitcoin",
                "fallback": "[ANN][KMD][dPoW] Komodo - Zcash Zero Knowledge Privacy Secured by Bitcoin",
                "from_url": "https:\/\/bitcointalk.org\/index.php?topic=1605144.0",
                "service_icon": "https:\/\/bitcointalk.org\/favicon.ico",
                "service_name": "bitcointalk.org",
                "id": 1
            }
        ],
        "ts": "1502218752.415779"
    },
    {
        "type": "message",
        "user": "U2Q1DP6EQ",
        "text": "done a new swap HUC\/KMD",
        "ts": "1502219699.931476"
    },
    {
        "type": "message",
        "user": "U2Q1DP6EQ",
        "text": "{\"requestid\":526737911,\"quoteid\":119263021,\"txs\":[],\"sentflags\":[\"alicespend\", \"bobspend\", \"bobpayment\", \"alicepayment\", \"bobdeposit\", \"bobrefund\"],\"values\":[0.82750230, 0.08285024, 0.82850230, 0.08295023, 0.93194008, 0, 0, 0.93094008, 0, 0, 0],\"result\":\"success\",\"status\":\"finished\",\"paymentspent\":\"7ecdd02327748fbfb0c0d8178312a0643783bf1644dc0f47aad933e6ab5931b2\",\"Apaymentspent\":\"bba82f32ff274f19e55b8f82c98a886bdb7bfb7e6bb985f06497ffadeb8d77ec\",\"depositspent\":\"1d78e07762f93fb0c97e62aeaa2287e9c0b385b7a111a17359a78726a0a78247\"}",
        "ts": "1502219702.933065"
    },
    {
        "type": "message",
        "user": "U2Q1DP6EQ",
        "text": "<@U02LQ1WHQ> please add HUC to coins file: {\\\"coin\\\":\\\"HUC\\\",\\\"name\\\":\\\"huntercoin\\\",\\\"rpcport\\\":8399,\\\"pubtype\\\":40,\\\"p2shtype\\\":13,\\\"wiftype\\\":168,\\\"txfee\\\":100000}",
        "ts": "1502219724.944928"
    },
    {
        "type": "message",
        "user": "U2Q1DP6EQ",
        "text": "there are coins in file, which do not work and are incomplete (for example missing rpcport) like MZC, BTM, ANC and others. Should we remove them?",
        "ts": "1502219880.024380"
    },
    {
        "type": "message",
        "user": "U41M5AAJW",
        "text": "nice cipi!",
        "edited": {
            "user": "U41M5AAJW",
            "ts": "1502219892.000000"
        },
        "ts": "1502219883.026092"
    },
    {
        "type": "message",
        "user": "U02LQ1WHQ",
        "text": "added HUC",
        "ts": "1502219907.038422"
    },
    {
        "type": "message",
        "user": "U41M5AAJW",
        "text": "is this legit? <https:\/\/uquid.com\/komodo-debit-card>",
        "attachments": [
            {
                "title": "Komodo (KMD) Debit Card | UQUID",
                "title_link": "https:\/\/uquid.com\/komodo-debit-card",
                "text": "Komodo (KMD) Debit Card uquid is reloadable debit card with high limit, multi buy supported. All Countries APPROVED and No ID required.",
                "fallback": "Komodo (KMD) Debit Card | UQUID",
                "from_url": "https:\/\/uquid.com\/komodo-debit-card",
                "service_icon": "https:\/\/uquid.com\/apple-touch-icon.png",
                "service_name": "uquid.com",
                "id": 1
            }
        ],
        "ts": "1502219934.052374"
    },
    {
        "type": "message",
        "user": "U33CGLNNR",
        "text": "yes",
        "ts": "1502220413.302814"
    },
    {
        "type": "message",
        "user": "U33CGLNNR",
        "text": "We can load cards with Komodo at Uquid, Spectrocoin, and any other Shapeshift enabled payment processor",
        "ts": "1502220441.316799"
    },
    {
        "type": "message",
        "user": "U41M5AAJW",
        "text": ":open_mouth:",
        "ts": "1502220461.327769"
    },
    {
        "type": "message",
        "user": "U41M5AAJW",
        "text": "nice!",
        "ts": "1502220463.329030"
    },
    {
        "type": "message",
        "user": "U41M5AAJW",
        "text": "didnt know about them",
        "ts": "1502220476.335086"
    },
    {
        "type": "message",
        "user": "U2Q1DP6EQ",
        "text": "ooohhh sh**, my 16GB RAM PC has reached his limits.... \"virtual memory exhausted: Cannot allocate memory\" while trying to compile another wallet... will have to stop some of them... and get another server soon",
        "ts": "1502221043.635940"
    },
    {
        "type": "message",
        "user": "U41M5AAJW",
        "text": "i was going to ask you how the hell you where able to trade so many coins! :stuck_out_tongue_winking_eye:",
        "ts": "1502221099.664659"
    },
    {
        "type": "message",
        "user": "U2Q1DP6EQ",
        "text": "the server which i use for testing has 64GB, my PC at home only 16GB, should have bought more...",
        "ts": "1502221169.700647"
    },
    {
        "type": "message",
        "user": "U41M5AAJW",
        "text": "oh",
        "ts": "1502221192.712661"
    },
    {
        "type": "message",
        "user": "U2Q1DP6EQ",
        "text": "I have found this <https:\/\/contabo.com\/?show=servers> ... very cheap and a lot of RAM, but i heard they are not very reliable... think i will try it out",
        "attachments": [
            {
                "title": "Fast and reliable Dedicated Servers for low cost - Contabo.com",
                "title_link": "https:\/\/contabo.com\/?show=servers",
                "text": "Server hosting for professionals and beginners - get your own dedicated server for all your needs. Affordable dedicated servers from 49.99 EUR\/month.",
                "fallback": "Fast and reliable Dedicated Servers for low cost - Contabo.com",
                "from_url": "https:\/\/contabo.com\/?show=servers",
                "service_icon": "https:\/\/contabo.com\/Bilder\/favicon.ico",
                "service_name": "contabo.com",
                "id": 1
            }
        ],
        "thread_ts": "1502221421.832611",
        "reply_count": 2,
        "replies": [
            {
                "user": "U0394QTC7",
                "ts": "1502229013.685948"
            },
            {
                "user": "U2Q1DP6EQ",
                "ts": "1502232711.963454"
            }
        ],
        "unread_count": 2,
        "ts": "1502221421.832611"
    },
    {
        "type": "message",
        "user": "U41M5AAJW",
        "text": "noashh is offering vps for tester ASFAIK",
        "ts": "1502221451.847878"
    },
    {
        "type": "message",
        "user": "U33CGLNNR",
        "text": "Yes he is",
        "ts": "1502221513.880546"
    },
    {
        "type": "message",
        "user": "U2Q1DP6EQ",
        "text": "lol, yes, the server i use for testing is from pondsea, but i think it is time for my own server",
        "ts": "1502221549.900405"
    },
    {
        "type": "message",
        "user": "U41M5AAJW",
        "text": "ok",
        "ts": "1502221569.910844"
    },
    {
        "type": "message",
        "user": "U41M5AAJW",
        "text": "you should buy a box and get a public ip",
        "ts": "1502221583.917595"
    },
    {
        "type": "message",
        "user": "U41M5AAJW",
        "text": "its way cheaper",
        "ts": "1502221588.920527"
    },
    {
        "type": "message",
        "user": "U2Q1DP6EQ",
        "text": "yes, the problem is only that it is hard to get a normal speed internet connection here in Germany, they are like centuries behind",
        "ts": "1502221712.985151"
    },
    {
        "type": "message",
        "user": "U33CGLNNR",
        "text": "I thought Germany had great internet speed",
        "ts": "1502221768.015199"
    },
    {
        "type": "message",
        "user": "U2Q1DP6EQ",
        "text": "no, just propaganda, i think, the reality is another",
        "ts": "1502221810.038599"
    },
    {
        "type": "message",
        "user": "U02LQ1WHQ",
        "text": "hertzner has 1 gigabit\/second connections, quite fast",
        "ts": "1502221849.059892"
    },
    {
        "type": "message",
        "user": "U2Q1DP6EQ",
        "text": "yes, i was talking about internet at home, the datacenters are good",
        "ts": "1502221898.086267"
    },
    {
        "type": "message",
        "user": "U02LQ1WHQ",
        "text": "makes sense",
        "ts": "1502221948.112976"
    },
    {
        "type": "message",
        "user": "U2Q1DP6EQ",
        "text": "this is internet for home: <http:\/\/www.rcs-rds.ro\/internet-digi-net\/fiberlink?t=internet-fix&amp;pachet=digi_net_fiberlink_1000>",
        "ts": "1502222161.230470"
    },
    {
        "type": "message",
        "user": "U2Q1DP6EQ",
        "text": "1000MBit Down, 500 MBit up, unlimited and for 10$\/month",
        "ts": "1502222196.250111"
    },
    {
        "type": "message",
        "user": "U2Q1DP6EQ",
        "text": "but not in germany",
        "ts": "1502222210.257850"
    },
    {
        "type": "message",
        "user": "U02LQ1WHQ",
        "text": "that is pretty good",
        "ts": "1502222214.259940"
    },
    {
        "type": "message",
        "user": "U41M5AAJW",
        "text": "10$ for 100mb? thats awesome!",
        "ts": "1502222486.410360"
    },
    {
        "type": "message",
        "user": "U2Q1DP6EQ",
        "text": "1000MBit, so 1GBit :slightly_smiling_face:",
        "ts": "1502222509.423575"
    },
    {
        "type": "message",
        "user": "U41M5AAJW",
        "text": "ohh i missread",
        "ts": "1502222520.429659"
    },
    {
        "type": "message",
        "user": "U41M5AAJW",
        "text": "thats like SUPER awesome",
        "ts": "1502222527.433393"
    },
    {
        "type": "message",
        "user": "U41M5AAJW",
        "text": "i pay $50 for 20mb",
        "ts": "1502222535.437942"
    },
    {
        "type": "message",
        "user": "U41M5AAJW",
        "text": "i feel robbed now",
        "ts": "1502222541.441529"
    },
    {
        "type": "message",
        "user": "U41M5AAJW",
        "text": "1gb connections here are around $350",
        "ts": "1502222570.457569"
    },
    {
        "type": "message",
        "user": "U2Q1DP6EQ",
        "text": "yes, me too, 40$ for 16mb, but i will get 100mb, at least i hope so",
        "ts": "1502222593.470001"
    },
    {
        "type": "message",
        "user": "U02PH4RHZ",
        "text": "We paid 50 billion in tax dollars to get a screwed up national broadband connection that is slower than what adsl can provide...",
        "ts": "1502225059.801917"
    },
    {
        "type": "message",
        "user": "U02PH4RHZ",
        "text": "And we pay 50 usd for 25mb speeds",
        "ts": "1502225077.811466"
    },
    {
        "type": "message",
        "user": "U02PH4RHZ",
        "text": "May the polititions go to help for that.",
        "ts": "1502225120.834634"
    },
    {
        "type": "message",
        "user": "U02PH4RHZ",
        "text": ":triumph: ",
        "ts": "1502225135.843085"
    },
    {
        "type": "message",
        "user": "U02PH4RHZ",
        "text": "Hell not help lol",
        "ts": "1502225158.855560"
    },
    {
        "type": "message",
        "text": "",
        "files": [
            {
                "id": "F6KC48LNM",
                "created": 1502225576,
                "timestamp": 1502225576,
                "name": "Image uploaded from iOS.jpg",
                "title": "Komodo iOS testing",
                "mimetype": "image\/jpeg",
                "filetype": "jpg",
                "pretty_type": "JPEG",
                "user": "U03UJ5TP3",
                "editable": false,
                "size": 255126,
                "mode": "hosted",
                "is_external": false,
                "external_type": "",
                "is_public": true,
                "public_url_shared": false,
                "display_as_bot": false,
                "username": "",
                "url_private": "https:\/\/files.slack.com\/files-pri\/T02LAJBUW-F6KC48LNM\/image_uploaded_from_ios.jpg?t=xoxe-2690623982-420508393732-420508393844-55126cc98091fbe0399fac3c66f6ed8e",
                "url_private_download": "https:\/\/files.slack.com\/files-pri\/T02LAJBUW-F6KC48LNM\/download\/image_uploaded_from_ios.jpg?t=xoxe-2690623982-420508393732-420508393844-55126cc98091fbe0399fac3c66f6ed8e",
                "thumb_64": "https:\/\/files.slack.com\/files-tmb\/T02LAJBUW-F6KC48LNM-e27eecaa0e\/image_uploaded_from_ios_64.jpg?t=xoxe-2690623982-420508393732-420508393844-55126cc98091fbe0399fac3c66f6ed8e",
                "thumb_80": "https:\/\/files.slack.com\/files-tmb\/T02LAJBUW-F6KC48LNM-e27eecaa0e\/image_uploaded_from_ios_80.jpg?t=xoxe-2690623982-420508393732-420508393844-55126cc98091fbe0399fac3c66f6ed8e",
                "thumb_360": "https:\/\/files.slack.com\/files-tmb\/T02LAJBUW-F6KC48LNM-e27eecaa0e\/image_uploaded_from_ios_360.jpg?t=xoxe-2690623982-420508393732-420508393844-55126cc98091fbe0399fac3c66f6ed8e",
                "thumb_360_w": 202,
                "thumb_360_h": 360,
                "thumb_480": "https:\/\/files.slack.com\/files-tmb\/T02LAJBUW-F6KC48LNM-e27eecaa0e\/image_uploaded_from_ios_480.jpg?t=xoxe-2690623982-420508393732-420508393844-55126cc98091fbe0399fac3c66f6ed8e",
                "thumb_480_w": 270,
                "thumb_480_h": 480,
                "thumb_160": "https:\/\/files.slack.com\/files-tmb\/T02LAJBUW-F6KC48LNM-e27eecaa0e\/image_uploaded_from_ios_160.jpg?t=xoxe-2690623982-420508393732-420508393844-55126cc98091fbe0399fac3c66f6ed8e",
                "thumb_720": "https:\/\/files.slack.com\/files-tmb\/T02LAJBUW-F6KC48LNM-e27eecaa0e\/image_uploaded_from_ios_720.jpg?t=xoxe-2690623982-420508393732-420508393844-55126cc98091fbe0399fac3c66f6ed8e",
                "thumb_720_w": 405,
                "thumb_720_h": 720,
                "thumb_800": "https:\/\/files.slack.com\/files-tmb\/T02LAJBUW-F6KC48LNM-e27eecaa0e\/image_uploaded_from_ios_800.jpg?t=xoxe-2690623982-420508393732-420508393844-55126cc98091fbe0399fac3c66f6ed8e",
                "thumb_800_w": 450,
                "thumb_800_h": 800,
                "thumb_960": "https:\/\/files.slack.com\/files-tmb\/T02LAJBUW-F6KC48LNM-e27eecaa0e\/image_uploaded_from_ios_960.jpg?t=xoxe-2690623982-420508393732-420508393844-55126cc98091fbe0399fac3c66f6ed8e",
                "thumb_960_w": 540,
                "thumb_960_h": 960,
                "thumb_1024": "https:\/\/files.slack.com\/files-tmb\/T02LAJBUW-F6KC48LNM-e27eecaa0e\/image_uploaded_from_ios_1024.jpg?t=xoxe-2690623982-420508393732-420508393844-55126cc98091fbe0399fac3c66f6ed8e",
                "thumb_1024_w": 576,
                "thumb_1024_h": 1024,
                "image_exif_rotation": 1,
                "original_w": 750,
                "original_h": 1334,
                "permalink": "https:\/\/komodo-platform.slack.com\/files\/U03UJ5TP3\/F6KC48LNM\/image_uploaded_from_ios.jpg",
                "permalink_public": "https:\/\/slack-files.com\/T02LAJBUW-F6KC48LNM-7ffd4a23e1"
            }
        ],
        "upload": true,
        "user": "U03UJ5TP3",
        "display_as_bot": false,
        "upload_reply_to": "20F5802F-09B4-4FD8-A9E9-16FD0813156F",
        "ts": "1502225576.077212"
    },
    {
        "type": "message",
        "user": "U03UJ5TP3",
        "text": "Sending and receiving appear to be working good ",
        "ts": "1502225589.084020"
    },
    {
        "type": "message",
        "user": "U03UJ5TP3",
        "text": "I had trouble with syncing the blocks when I stopped it in the middle and resumed ",
        "ts": "1502225610.095661"
    },
    {
        "type": "message",
        "user": "U03UJ5TP3",
        "text": "I had to delete the app to remove the appdata and then redo the sync ",
        "ts": "1502225625.103625"
    },
    {
        "type": "message",
        "user": "U03UJ5TP3",
        "text": "I recommend using wifi and not leaving the app ",
        "ts": "1502225633.107962"
    },
    {
        "type": "message",
        "text": "Hey guys, here's an updated version of the portfolio, you can try it out and tell me what you think",
        "files": [
            {
                "id": "F6L0XV3CL",
                "created": 1502228817,
                "timestamp": 1502228817,
                "name": "portfolio.zip",
                "title": "Portfolio",
                "mimetype": "application\/zip",
                "filetype": "zip",
                "pretty_type": "Zip",
                "user": "U3NEN6DL1",
                "editable": false,
                "size": 38106,
                "mode": "hosted",
                "is_external": false,
                "external_type": "",
                "is_public": true,
                "public_url_shared": false,
                "display_as_bot": false,
                "username": "",
                "url_private": "https:\/\/files.slack.com\/files-pri\/T02LAJBUW-F6L0XV3CL\/portfolio.zip?t=xoxe-2690623982-420508393732-420508393844-55126cc98091fbe0399fac3c66f6ed8e",
                "url_private_download": "https:\/\/files.slack.com\/files-pri\/T02LAJBUW-F6L0XV3CL\/download\/portfolio.zip?t=xoxe-2690623982-420508393732-420508393844-55126cc98091fbe0399fac3c66f6ed8e",
                "permalink": "https:\/\/komodo-platform.slack.com\/files\/U3NEN6DL1\/F6L0XV3CL\/portfolio.zip",
                "permalink_public": "https:\/\/slack-files.com\/T02LAJBUW-F6L0XV3CL-acb68ab804"
            }
        ],
        "upload": true,
        "user": "U3NEN6DL1",
        "display_as_bot": false,
        "ts": "1502228818.603744"
    },
    {
        "type": "message",
        "text": "",
        "files": [
            {
                "id": "F6KCXCF17",
                "created": 1502228837,
                "timestamp": 1502228837,
                "name": "portfolio3.gif",
                "title": "portfolio3.gif",
                "mimetype": "image\/gif",
                "filetype": "gif",
                "pretty_type": "GIF",
                "user": "U3NEN6DL1",
                "editable": false,
                "size": 496089,
                "mode": "hosted",
                "is_external": false,
                "external_type": "",
                "is_public": true,
                "public_url_shared": false,
                "display_as_bot": false,
                "username": "",
                "url_private": "https:\/\/files.slack.com\/files-pri\/T02LAJBUW-F6KCXCF17\/portfolio3.gif?t=xoxe-2690623982-420508393732-420508393844-55126cc98091fbe0399fac3c66f6ed8e",
                "url_private_download": "https:\/\/files.slack.com\/files-pri\/T02LAJBUW-F6KCXCF17\/download\/portfolio3.gif?t=xoxe-2690623982-420508393732-420508393844-55126cc98091fbe0399fac3c66f6ed8e",
                "thumb_64": "https:\/\/files.slack.com\/files-tmb\/T02LAJBUW-F6KCXCF17-bf8c9757ff\/portfolio3_64.png?t=xoxe-2690623982-420508393732-420508393844-55126cc98091fbe0399fac3c66f6ed8e",
                "thumb_80": "https:\/\/files.slack.com\/files-tmb\/T02LAJBUW-F6KCXCF17-bf8c9757ff\/portfolio3_80.png?t=xoxe-2690623982-420508393732-420508393844-55126cc98091fbe0399fac3c66f6ed8e",
                "thumb_360": "https:\/\/files.slack.com\/files-tmb\/T02LAJBUW-F6KCXCF17-bf8c9757ff\/portfolio3_360.png?t=xoxe-2690623982-420508393732-420508393844-55126cc98091fbe0399fac3c66f6ed8e",
                "thumb_360_w": 360,
                "thumb_360_h": 169,
                "thumb_480": "https:\/\/files.slack.com\/files-tmb\/T02LAJBUW-F6KCXCF17-bf8c9757ff\/portfolio3_480.png?t=xoxe-2690623982-420508393732-420508393844-55126cc98091fbe0399fac3c66f6ed8e",
                "thumb_480_w": 480,
                "thumb_480_h": 225,
                "thumb_160": "https:\/\/files.slack.com\/files-tmb\/T02LAJBUW-F6KCXCF17-bf8c9757ff\/portfolio3_160.png?t=xoxe-2690623982-420508393732-420508393844-55126cc98091fbe0399fac3c66f6ed8e",
                "thumb_720": "https:\/\/files.slack.com\/files-tmb\/T02LAJBUW-F6KCXCF17-bf8c9757ff\/portfolio3_720.png?t=xoxe-2690623982-420508393732-420508393844-55126cc98091fbe0399fac3c66f6ed8e",
                "thumb_720_w": 720,
                "thumb_720_h": 338,
                "thumb_800": "https:\/\/files.slack.com\/files-tmb\/T02LAJBUW-F6KCXCF17-bf8c9757ff\/portfolio3_800.png?t=xoxe-2690623982-420508393732-420508393844-55126cc98091fbe0399fac3c66f6ed8e",
                "thumb_800_w": 800,
                "thumb_800_h": 375,
                "thumb_960": "https:\/\/files.slack.com\/files-tmb\/T02LAJBUW-F6KCXCF17-bf8c9757ff\/portfolio3_960.png?t=xoxe-2690623982-420508393732-420508393844-55126cc98091fbe0399fac3c66f6ed8e",
                "thumb_960_w": 960,
                "thumb_960_h": 450,
                "thumb_1024": "https:\/\/files.slack.com\/files-tmb\/T02LAJBUW-F6KCXCF17-bf8c9757ff\/portfolio3_1024.png?t=xoxe-2690623982-420508393732-420508393844-55126cc98091fbe0399fac3c66f6ed8e",
                "thumb_1024_w": 1024,
                "thumb_1024_h": 480,
                "thumb_360_gif": "https:\/\/files.slack.com\/files-tmb\/T02LAJBUW-F6KCXCF17-bf8c9757ff\/portfolio3_360.gif?t=xoxe-2690623982-420508393732-420508393844-55126cc98091fbe0399fac3c66f6ed8e",
                "thumb_480_gif": "https:\/\/files.slack.com\/files-tmb\/T02LAJBUW-F6KCXCF17-bf8c9757ff\/portfolio3_480.gif?t=xoxe-2690623982-420508393732-420508393844-55126cc98091fbe0399fac3c66f6ed8e",
                "image_exif_rotation": 1,
                "original_w": 1920,
                "original_h": 900,
                "deanimate_gif": "https:\/\/files.slack.com\/files-tmb\/T02LAJBUW-F6KCXCF17-bf8c9757ff\/portfolio3_deanimate_gif.png?t=xoxe-2690623982-420508393732-420508393844-55126cc98091fbe0399fac3c66f6ed8e",
                "permalink": "https:\/\/komodo-platform.slack.com\/files\/U3NEN6DL1\/F6KCXCF17\/portfolio3.gif",
                "permalink_public": "https:\/\/slack-files.com\/T02LAJBUW-F6KCXCF17-08715f0c28"
            }
        ],
        "upload": true,
        "user": "U3NEN6DL1",
        "display_as_bot": false,
        "ts": "1502228865.623697"
    },
    {
        "text": "I use this! Never had a problem with them, and they are indeed quite cheap ",
        "thread_ts": "1502221421.832611",
        "type": "message",
        "subtype": "thread_broadcast",
        "user": "U0394QTC7",
        "root": {
            "type": "message",
            "user": "U2Q1DP6EQ",
            "text": "I have found this <https:\/\/contabo.com\/?show=servers> ... very cheap and a lot of RAM, but i heard they are not very reliable... think i will try it out",
            "attachments": [
                {
                    "title": "Fast and reliable Dedicated Servers for low cost - Contabo.com",
                    "title_link": "https:\/\/contabo.com\/?show=servers",
                    "text": "Server hosting for professionals and beginners - get your own dedicated server for all your needs. Affordable dedicated servers from 49.99 EUR\/month.",
                    "fallback": "Fast and reliable Dedicated Servers for low cost - Contabo.com",
                    "from_url": "https:\/\/contabo.com\/?show=servers",
                    "service_icon": "https:\/\/contabo.com\/Bilder\/favicon.ico",
                    "service_name": "contabo.com",
                    "id": 1
                }
            ],
            "thread_ts": "1502221421.832611",
            "reply_count": 2,
            "replies": [
                {
                    "user": "U0394QTC7",
                    "ts": "1502229013.685948"
                },
                {
                    "user": "U2Q1DP6EQ",
                    "ts": "1502232711.963454"
                }
            ],
            "unread_count": 2,
            "ts": "1502221421.832611"
        },
        "ts": "1502229013.685948"
    },
    {
        "timestamp": "1502229013685948",
        "is_multiteam": false,
        "slog_is_shared": "0",
        "slog_is_mpdm": "0",
        "slog_is_slackbot_dm": false,
        "slog_is_self_dm": false,
        "is_thread_broadcast": true,
        "plain_text": "I use this! Never had a problem with them, and they are indeed quite cheap ",
        "new_broadcast": true,
        "attachments": [
            {
                "from_url": "https:\/\/sprnt.slack.com\/archives\/C0MN08277\/p1502221421832611",
                "fallback": "[August 8th, 2017 12:43 PM] cipi: I have found this <https:\/\/contabo.com\/?show=servers> ... very cheap and a lot of RAM, but i heard they are not very reliable... think i will try it out",
                "ts": "1502221421.832611",
                "author_subname": "cipi",
                "channel_id": "C0MN08277",
                "channel_name": "tradebots",
                "is_msg_unfurl": true,
                "is_thread_root_unfurl": true,
                "text": "I have found this <https:\/\/contabo.com\/?show=servers> ... very cheap and a lot of RAM, but i heard they are not very reliable... think i will try it out",
                "author_name": "Cipi Tor",
                "author_link": "https:\/\/sprnt.slack.com\/team\/cipi",
                "author_icon": "https:\/\/secure.gravatar.com\/avatar\/4d2a61b2751a98e29e9006ba2a16664c.jpg?s=48&d=https%3A%2F%2Fa.slack-edge.com%2F66f9%2Fimg%2Favatars%2Fava_0019-48.png",
                "mrkdwn_in": [
                    "text"
                ],
                "id": 1,
                "footer": "1 reply"
            },
            {
                "fallback": "I use this! Never had a problem with them, and they are indeed quite cheap ",
                "author_name": "",
                "author_subname": "n41r0j",
                "text": "I use this! Never had a problem with them, and they are indeed quite cheap ",
                "mrkdwn_in": [
                    "text"
                ],
                "author_link": "https:\/\/sprnt.slack.com\/team\/n41r0j",
                "from_url": "https:\/\/sprnt.slack.com\/archives\/C0MN08277\/p1502229013685948?thread_ts=1502221421832611&cid=C0MN08277",
                "ts": "1502229013.685948",
                "author_icon": "https:\/\/avatars.slack-edge.com\/2017-01-25\/131826075969_6b9cf55a66e80bcdd76a_48.jpg",
                "id": 2
            }
        ],
        "text": "",
        "type": "message",
        "subtype": "reply_broadcast",
        "user": "U0394QTC7",
        "ts": "1502229013.686019"
    },
    {
        "type": "message",
        "user": "U2Q1DP6EQ",
        "text": "just installed and synced SYS... the rpcport in the coins file on github is wrong, the default port for SYS is 8370, not 8368. I also think that the txfee is too high. The relayfee is 1000, so i think our txfee should also be 1000, not 10000. I have not done a swap with SYS, will do that as soon as i get some of this coins, but the rpcport is definitely wrong... i use this settings: {\\\"coin\\\":\\\"SYS\\\",\\\"name\\\":\\\"syscoin\\\",\\\"rpcport\\\":8370,\\\"pubtype\\\":0,\\\"p2shtype\\\":5,\\\"wiftype\\\":128,\\\"txfee\\\":1000}",
        "ts": "1502229043.698496"
    },
    {
        "type": "message",
        "user": "U2Q1DP6EQ",
        "text": "ok, here we go... done the SYS\/KMD swap",
        "ts": "1502232406.873399"
    },
    {
        "type": "message",
        "user": "U2Q1DP6EQ",
        "text": "{\"requestid\":776031826,\"quoteid\":1902065943,\"txs\":[],\"sentflags\":[\"alicespend\", \"bobspend\", \"bobpayment\", \"alicepayment\", \"bobdeposit\", \"bobrefund\"],\"values\":[7.61538339, 0.99979999, 7.61548339, 0.99989999, 8.56741756, 0, 0, 8.56731756, 0, 0, 0],\"result\":\"success\",\"status\":\"finished\",\"paymentspent\":\"8084021107ac8640c0a85a9f672c6e108ad7cdc63070721720e4c7c54c3cd53f\",\"Apaymentspent\":\"108e6e241df100f4e91e56f945961c41d4d49f7ec5336e0b8dee90bc5dc485b4\",\"depositspent\":\"e281abffeb314a197e2ca873fce5efc5143972eb83a730a8a93b13648a61b95a\"}",
        "ts": "1502232408.873964"
    },
    {
        "type": "message",
        "user": "U2Q1DP6EQ",
        "text": "<@U02LQ1WHQ> please update the infos for SYS in the coins file with this (rpcport and txfee changed)",
        "ts": "1502232454.887517"
    },
    {
        "type": "message",
        "user": "U2Q1DP6EQ",
        "text": "{\\\"coin\\\":\\\"SYS\\\",\\\"name\\\":\\\"syscoin\\\",\\\"rpcport\\\":8370,\\\"pubtype\\\":0,\\\"p2shtype\\\":5,\\\"wiftype\\\":128,\\\"txfee\\\":1000}",
        "ts": "1502232457.888442"
    },
    {
        "type": "message",
        "user": "U2Q1DP6EQ",
        "text": "i will do so... and if i get the biggest server i can surely get some costs back by CPU mining some coins",
        "thread_ts": "1502221421.832611",
        "parent_user_id": "U2Q1DP6EQ",
        "ts": "1502232711.963454"
    },
    {
        "type": "message",
        "user": "U2Q1DP6EQ",
        "text": "and because CRW is missing from github i have also done a CRW\/KMD swap",
        "ts": "1502238145.381065"
    },
    {
        "type": "message",
        "user": "U2Q1DP6EQ",
        "text": "{\"requestid\":1976687119,\"quoteid\":3882126498,\"txs\":[],\"sentflags\":[\"alicespend\", \"bobspend\", \"bobpayment\", \"alicepayment\", \"bobdeposit\", \"bobrefund\"],\"values\":[1.05045285, 0.99980000, 1.05055285, 0.99989999, 1.18185944, 0, 0, 1.18175944, 0, 0, 0],\"result\":\"success\",\"status\":\"finished\",\"paymentspent\":\"e4f5e9fedb836fcba61b28a6a776d5de2f948902ee9adbf8cea58f3d5b3f35c7\",\"Apaymentspent\":\"1533a6562eb0c476e9f484d1ef254b527083285cfe6209047363a8e57006e899\",\"depositspent\":\"599283b801872716ff8d21a38d7fa5636df13e8506908668ac842908e95fee5f\"}",
        "ts": "1502238147.381646"
    },
    {
        "type": "message",
        "user": "U2Q1DP6EQ",
        "text": "<@U02LQ1WHQ> please add CRW to the coins file: {\\\"coin\\\":\\\"CRW\\\",\\\"name\\\":\\\"crown\\\",\\\"rpcport\\\":9341,\\\"pubtype\\\":0,\\\"p2shtype\\\":5,\\\"wiftype\\\":128,\\\"txfee\\\":10000}",
        "ts": "1502238175.387621"
    },
    {
        "type": "message",
        "user": "U41M5AAJW",
        "text": "Breadwallet-android dev said he worked on an updated to the repo since they had not been updating recently it seemed",
        "ts": "1502238689.499995"
    },
    {
        "type": "message",
        "user": "U41M5AAJW",
        "text": "Im not on my pc now, so anyone that can try a build check if it works",
        "ts": "1502238717.506288"
    },
    {
        "type": "message",
        "user": "U03SKEFEL",
        "text": "<@U41M5AAJW> merged. Thanks! :slightly_smiling_face: :+1:",
        "ts": "1502239515.673078",
        "reactions": [
            {
                "name": "+1::skin-tone-3",
                "users": [
                    "U33CGLNNR",
                    "U41M5AAJW",
                    "U030L14Q0"
                ],
                "count": 3
            }
        ]
    },
    {
        "type": "message",
        "user": "U03SKEFEL",
        "text": "for Mobile wallet discussions and testing please join <#C6L0Y5S9G|mobilewallets>",
        "ts": "1502239711.713454"
    },
    {
        "type": "message",
        "user": "U41M5AAJW",
        "text": "ill keep merging the changes i make",
        "ts": "1502250471.696396"
    }
]