[
    {
        "type": "message",
        "user": "U02QSHX81",
        "text": "swaps are working fine for me using electrum",
        "ts": "1511944739.000241"
    },
    {
        "type": "message",
        "user": "U02QSHX81",
        "text": "most of the swaps completing within ~20 seconds.",
        "edited": {
            "user": "U02QSHX81",
            "ts": "1511944779.000000"
        },
        "ts": "1511944764.000231",
        "reactions": [
            {
                "name": "+1",
                "users": [
                    "U7UHF2S4V"
                ],
                "count": 1
            }
        ]
    },
    {
        "type": "message",
        "user": "U02QSHX81",
        "text": "`SWAP 4263430436-875215834 finished LP_numfinished.36 !`",
        "ts": "1511944833.000389"
    },
    {
        "type": "message",
        "user": "U87DUJDEK",
        "text": "is there a coin where it's possible to do a swap on barterdex ? \"Each time i try i have \"order is too small\" because order book is thin",
        "ts": "1511948195.000014"
    },
    {
        "type": "message",
        "user": "U02LQ1WHQ",
        "text": "REVS",
        "thread_ts": "1511948373.000451",
        "reply_count": 5,
        "replies": [
            {
                "user": "U87DUJDEK",
                "ts": "1511948652.000228"
            },
            {
                "user": "U02LQ1WHQ",
                "ts": "1511948682.000015"
            },
            {
                "user": "U02LQ1WHQ",
                "ts": "1511948685.000111"
            },
            {
                "user": "U02LQ1WHQ",
                "ts": "1511948693.000177"
            },
            {
                "user": "U87DUJDEK",
                "ts": "1511948701.000150"
            }
        ],
        "unread_count": 5,
        "ts": "1511948373.000451"
    },
    {
        "type": "message",
        "user": "U02LQ1WHQ",
        "text": "curl --url \"<http:\/\/127.0.0.1:7783>\" --data \"{\\\"userpass\\\":\\\"$userpass\\\",\\\"method\\\":\\\"buy\\\",\\\"base\\\":\\\"REVS\\\",\\\"rel\\\":\\\"KMD\\\",\\\"relvolume\\\":0.0125,\\\"price\\\":2.59}\"\nis working fine to do swaps in seconds",
        "ts": "1511948399.000234"
    },
    {
        "type": "message",
        "user": "U87DUJDEK",
        "text": "0 bid, 0 ask",
        "thread_ts": "1511948373.000451",
        "parent_user_id": "U02LQ1WHQ",
        "ts": "1511948652.000228"
    },
    {
        "type": "message",
        "user": "U02LQ1WHQ",
        "text": "doesnt matter",
        "thread_ts": "1511948373.000451",
        "parent_user_id": "U02LQ1WHQ",
        "ts": "1511948682.000015"
    },
    {
        "type": "message",
        "user": "U02LQ1WHQ",
        "text": "you can still do orders",
        "thread_ts": "1511948373.000451",
        "parent_user_id": "U02LQ1WHQ",
        "ts": "1511948685.000111"
    },
    {
        "type": "message",
        "user": "U02LQ1WHQ",
        "text": "there are offbook orders",
        "thread_ts": "1511948373.000451",
        "parent_user_id": "U02LQ1WHQ",
        "ts": "1511948693.000177"
    },
    {
        "type": "message",
        "user": "U87DUJDEK",
        "text": "ok thanks",
        "thread_ts": "1511948373.000451",
        "parent_user_id": "U02LQ1WHQ",
        "ts": "1511948701.000150"
    },
    {
        "type": "message",
        "user": "U02QSHX81",
        "text": "revs swaps are working for me without orderbook as well",
        "ts": "1511949023.000056"
    },
    {
        "type": "message",
        "user": "U41M5AAJW",
        "text": "<@U87DUJDEK> you can also buy coqui :)",
        "thread_ts": "1511951208.000053",
        "reply_count": 1,
        "replies": [
            {
                "user": "U87DUJDEK",
                "ts": "1511951593.000234"
            }
        ],
        "unread_count": 1,
        "ts": "1511951208.000053"
    },
    {
        "type": "message",
        "user": "U87DUJDEK",
        "text": "thanks :slightly_smiling_face:",
        "ts": "1511951219.000291"
    },
    {
        "type": "message",
        "user": "U0R20NHBR",
        "text": "<@U02QSHX81> Could you provide me with a link to barterdex wiki",
        "ts": "1511951592.000074"
    },
    {
        "type": "message",
        "user": "U87DUJDEK",
        "text": "can't add coqui in barterdex, it does nothing (electrum mode)",
        "thread_ts": "1511951208.000053",
        "parent_user_id": "U41M5AAJW",
        "ts": "1511951593.000234"
    },
    {
        "type": "message",
        "user": "U02QSHX81",
        "text": "<https:\/\/github.com\/SuperNETorg\/komodo\/wiki\/BarterDEX-API-Summary-by-Category>",
        "attachments": [
            {
                "service_name": "GitHub",
                "title": "SuperNETorg\/komodo",
                "title_link": "https:\/\/github.com\/SuperNETorg\/komodo\/wiki\/BarterDEX-API-Summary-by-Category",
                "text": "komodo - Komodo",
                "fallback": "GitHub: SuperNETorg\/komodo",
                "from_url": "https:\/\/github.com\/SuperNETorg\/komodo\/wiki\/BarterDEX-API-Summary-by-Category",
                "thumb_url": "https:\/\/avatars2.githubusercontent.com\/u\/13786768?s=400&v=4",
                "thumb_width": 150,
                "thumb_height": 150,
                "service_icon": "https:\/\/a.slack-edge.com\/bfaba\/img\/unfurl_icons\/github.png",
                "id": 1
            }
        ],
        "ts": "1511951734.000402",
        "reactions": [
            {
                "name": "+1",
                "users": [
                    "U0R20NHBR"
                ],
                "count": 1
            }
        ]
    },
    {
        "type": "message",
        "user": "U5VUWSR0D",
        "text": "<@U02LQ1WHQ> I got the spvdex branch compiled on windows as you suggested. The Electrum part work very nice now. I'm currently swapping my 6 trade no issues.",
        "ts": "1511952444.000445"
    },
    {
        "type": "message",
        "user": "U02LQ1WHQ",
        "text": "good to hear. i have to go to dentist today",
        "ts": "1511952482.000475"
    },
    {
        "type": "message",
        "user": "U4Y5ER7NV",
        "text": "AI have teeth ?",
        "ts": "1511952528.000341"
    },
    {
        "type": "message",
        "user": "U41M5AAJW",
        "text": "Whatch out for dentists, they are scammers sometimes",
        "ts": "1511952538.000039"
    },
    {
        "type": "message",
        "user": "U5VUWSR0D",
        "text": "The dentist across my street accepts bitcoins as payment. I should suggest him KMD. Have a painless session <@U02LQ1WHQ>",
        "edited": {
            "user": "U5VUWSR0D",
            "ts": "1511952642.000000"
        },
        "ts": "1511952608.000034"
    },
    {
        "type": "message",
        "user": "U41M5AAJW",
        "text": "I see someone scooped some really cheap revs",
        "ts": "1511953457.000148"
    },
    {
        "type": "message",
        "user": "U02QSHX81",
        "text": "how much?",
        "ts": "1511953477.000324"
    },
    {
        "type": "message",
        "user": "U02LQ1WHQ",
        "text": "it seems there are no reproducible serious bugs in barterDEX core?",
        "ts": "1511953531.000059"
    },
    {
        "type": "message",
        "user": "U02QSHX81",
        "text": "i didn't find any mustfix yet. will test withdraw",
        "ts": "1511953568.000273"
    },
    {
        "type": "message",
        "user": "U5VUWSR0D",
        "text": "I got some for 1.3KMD not sure if its cheap",
        "ts": "1511953948.000123"
    },
    {
        "type": "message",
        "user": "U02QSHX81",
        "text": "getting the following error on electrum\n```\nsend pubkeys error\nerror LP_sendwait pubkeys\n```",
        "ts": "1511955538.000137"
    },
    {
        "type": "message",
        "user": "U02LQ1WHQ",
        "text": "you need to setup both sides of the swap so you can see the messages bob node is printing",
        "ts": "1511955847.000161"
    },
    {
        "type": "message",
        "user": "U02QSHX81",
        "text": "will do that.",
        "ts": "1511955932.000135"
    },
    {
        "type": "message",
        "user": "U41M5AAJW",
        "text": "<http:\/\/Dexcharts.com|Dexcharts.com> someone scooped some revs at .32kmd price",
        "ts": "1511956699.000014"
    },
    {
        "type": "message",
        "user": "U02QSHX81",
        "text": "really? wow.",
        "ts": "1511956718.000156"
    },
    {
        "type": "message",
        "user": "U41M5AAJW",
        "text": "Is the lucky buyer around?",
        "ts": "1511957079.000376"
    },
    {
        "type": "message",
        "user": "U5VUWSR0D",
        "text": "<@U41M5AAJW> is there an electrum coqui server?",
        "ts": "1511958953.000105"
    },
    {
        "type": "message",
        "user": "U41M5AAJW",
        "text": "Yes",
        "ts": "1511959024.000059"
    },
    {
        "type": "message",
        "user": "U41M5AAJW",
        "text": "78.47.146.222:10011",
        "ts": "1511959096.000123"
    },
    {
        "type": "message",
        "user": "U5VUWSR0D",
        "text": "thanks try try to catch some",
        "ts": "1511959345.000211"
    },
    {
        "type": "message",
        "text": "works. nice!",
        "files": [
            {
                "id": "F870CC7MZ",
                "created": 1511959555,
                "timestamp": 1511959555,
                "name": "-.txt",
                "title": "Untitled",
                "mimetype": "text\/plain",
                "filetype": "text",
                "pretty_type": "Plain Text",
                "user": "U5VUWSR0D",
                "editable": true,
                "size": 1141,
                "mode": "snippet",
                "is_external": false,
                "external_type": "",
                "is_public": true,
                "public_url_shared": false,
                "display_as_bot": false,
                "username": "",
                "url_private": "https:\/\/files.slack.com\/files-pri\/T02LAJBUW-F870CC7MZ\/-.txt?t=xoxe-2690623982-420508393732-420508393844-55126cc98091fbe0399fac3c66f6ed8e",
                "url_private_download": "https:\/\/files.slack.com\/files-pri\/T02LAJBUW-F870CC7MZ\/download\/-.txt?t=xoxe-2690623982-420508393732-420508393844-55126cc98091fbe0399fac3c66f6ed8e",
                "permalink": "https:\/\/komodo-platform.slack.com\/files\/U5VUWSR0D\/F870CC7MZ\/-.txt",
                "permalink_public": "https:\/\/slack-files.com\/T02LAJBUW-F870CC7MZ-78f535826c",
                "edit_link": "https:\/\/komodo-platform.slack.com\/files\/U5VUWSR0D\/F870CC7MZ\/-.txt\/edit",
                "preview": ">>>>>>>>>>>>>>>>>>>>>>>>>\r\nSWAP completed! 227174896-1766362193 {\"expiration\":1511974970,\"tradeid\":2761284761,\"requestid\":227174896,\"quoteid\":1766362193,\"iambob\":0,\"Bgui\":\"\",\"Agui\":\"nogui\",\"gui\":\"nogui\",\"bob\":\"COQUI\",\"srcamount\":28.02527546,\"bobtxfee\":0.00010000,\"alice\":\"KMD\",\"destamount\":0.28028000,\"alicetxfee\":0.00010000,\"aliceid\":\"5993203464401518593\",\"sentflags\":[\"alicespend\", \"bobpayment\", \"alicepayment\", \"bobdeposit\", \"myfee\"],\"values\":[28.02537546, 0, 28.02547546, 0.28048000, 31.52863489, 0, 0.00036072, 0, 0, 0, 0],\"result\":\"success\",\"status\":\"finished\",\"finishtime\":1511959506,\"bobdeposit\":\"d97f92e4bf9451b0d5a4baa2f6adc3515617ade0d483dfa5a989256c140e2fdf\",\"alicepayment\":\"b2a08dfc20c463fe04a36c800faf2c4988daca02a225fb0ce87feb43a47e773f\",\"bobpayment\":\"e332645a47e1df49c223051ddd694654d461db078d0adc82fbc8dee99bae6cfa\",\"paymentspent\":\"9eb305a9d41eeedd2b5e8ae2d89f3d5079ff782a5a6f86e9b956d405234ebcc2\",\"Apaymentspent\":\"0000000000000000000000000000000000000000000000000000000000000000\",\"depositspent\":\"0000000000...",
                "preview_highlight": "<div class=\"CodeMirror cm-s-default CodeMirrorServer\" oncopy=\"if(event.clipboardData){event.clipboardData.setData('text\/plain',window.getSelection().toString().replace(\/\\u200b\/g,''));event.preventDefault();event.stopPropagation();}\">\n<div class=\"CodeMirror-code\">\n<div><pre>&gt;&gt;&gt;&gt;&gt;&gt;&gt;&gt;&gt;&gt;&gt;&gt;&gt;&gt;&gt;&gt;&gt;&gt;&gt;&gt;&gt;&gt;&gt;&gt;&gt;<\/pre><\/div>\n<div><pre>SWAP completed! 227174896-1766362193 {&quot;expiration&quot;:1511974970,&quot;tradeid&quot;:2761284761,&quot;requestid&quot;:227174896,&quot;quoteid&quot;:1766362193,&quot;iambob&quot;:0,&quot;Bgui&quot;:&quot;&quot;,&quot;Agui&quot;:&quot;nogui&quot;,&quot;gui&quot;:&quot;nogui&quot;,&quot;bob&quot;:&quot;COQUI&quot;,&quot;srcamount&quot;:28.02527546,&quot;bobtxfee&quot;:0.00010000,&quot;alice&quot;:&quot;KMD&quot;,&quot;destamount&quot;:0.28028000,&quot;alicetxfee&quot;:0.00010000,&quot;aliceid&quot;:&quot;5993203464401518593&quot;,&quot;sentflags&quot;:[&quot;alicespend&quot;, &quot;bobpayment&quot;, &quot;alicepayment&quot;, &quot;bobdeposit&quot;, &quot;myfee&quot;],&quot;values&quot;:[28.02537546, 0, 28.02547546, 0.28048000, 31.52863489, 0, 0.00036072, 0, 0, 0, 0],&quot;result&quot;:&quot;success&quot;,&quot;status&quot;:&quot;finished&quot;,&quot;finishtime&quot;:1511959506,&quot;bobdeposit&quot;:&quot;d97f92e4bf9451b0d5a4baa2f6adc3515617ade0d483dfa5a989256c140e2fdf&quot;,&quot;alicepayment&quot;:&quot;b2a08dfc20c463fe04a36c800faf2c4988daca02a225fb0ce87feb43a47e773f&quot;,&quot;bobpayment&quot;:&quot;e332645a47e1df49c223051ddd694654d461db078d0adc82fbc8dee99bae6cfa&quot;,&quot;paymentspent&quot;:&quot;9eb305a9d41eeedd2b5e8ae2d89f3d5079ff782a5a6f86e9b956d405234ebcc2&quot;,&quot;Apaymentspent&quot;:&quot;0000000000000000000000000000000000000000000000000000000000000000&quot;,&quot;depositspent&quot;:&quot;0000000000...<\/pre><\/div>\n<\/div>\n<\/div>\n",
                "lines": 2,
                "lines_more": 0,
                "preview_is_truncated": true
            }
        ],
        "upload": true,
        "user": "U5VUWSR0D",
        "display_as_bot": false,
        "ts": "1511959556.000063"
    },
    {
        "type": "message",
        "user": "U41M5AAJW",
        "text": "Nice!",
        "ts": "1511960325.000089"
    },
    {
        "type": "message",
        "user": "U41M5AAJW",
        "text": "morning guys!",
        "ts": "1511960799.000349"
    },
    {
        "type": "message",
        "user": "U5VUWSR0D",
        "text": "hello hello",
        "ts": "1511961070.000488"
    },
    {
        "type": "message",
        "user": "U41M5AAJW",
        "text": "anything up for sale today?",
        "ts": "1511961159.000250"
    },
    {
        "type": "message",
        "user": "U41M5AAJW",
        "text": "other than the usual",
        "ts": "1511961168.000139"
    },
    {
        "type": "message",
        "user": "U5VUWSR0D",
        "text": "lets do something else than KMD",
        "ts": "1511961226.000042"
    },
    {
        "type": "message",
        "user": "U5VUWSR0D",
        "text": "I have some CHIPS to sell if interessted",
        "ts": "1511961240.000276"
    },
    {
        "type": "message",
        "user": "U41M5AAJW",
        "text": "want chips for coqui?",
        "ts": "1511961379.000223"
    },
    {
        "type": "message",
        "user": "U5VUWSR0D",
        "text": "sure",
        "ts": "1511961396.000213"
    },
    {
        "type": "message",
        "user": "U41M5AAJW",
        "text": "or coqui for your chips",
        "ts": "1511961396.000258"
    },
    {
        "type": "message",
        "user": "U5VUWSR0D",
        "text": "coqui for my chips",
        "ts": "1511961407.000083"
    },
    {
        "type": "message",
        "user": "U5VUWSR0D",
        "text": "10\/1?",
        "ts": "1511961418.000119"
    },
    {
        "type": "message",
        "user": "U41M5AAJW",
        "text": "ok.",
        "ts": "1511961428.000288"
    },
    {
        "type": "message",
        "user": "U41M5AAJW",
        "text": "0.10 chips per coqui?",
        "ts": "1511961444.000270"
    },
    {
        "type": "message",
        "user": "U5VUWSR0D",
        "text": "yes",
        "ts": "1511961452.000071"
    },
    {
        "type": "message",
        "user": "U41M5AAJW",
        "text": "ok",
        "ts": "1511961454.000435"
    },
    {
        "type": "message",
        "user": "U41M5AAJW",
        "text": "working on it",
        "ts": "1511961634.000331"
    },
    {
        "type": "message",
        "user": "U5VUWSR0D",
        "text": "me too inventory...",
        "ts": "1511961652.000038"
    },
    {
        "type": "message",
        "user": "U02LQ1WHQ",
        "text": "<@U02QSHX81> I think I reproduced your electrum problems. I am using a horrible internet connection and now i get lots of problems. would you consider your internet from a scale of 1 to 10, how good?",
        "ts": "1511961855.000077"
    },
    {
        "type": "message",
        "user": "U02QSHX81",
        "text": "9",
        "ts": "1511961871.000029"
    },
    {
        "type": "message",
        "user": "U02QSHX81",
        "text": "100 Mbps down, 5.7 Mbps up, 13ms ping",
        "ts": "1511961926.000070"
    },
    {
        "type": "message",
        "user": "U02LQ1WHQ",
        "text": "is it a home connection?",
        "ts": "1511961988.000270"
    },
    {
        "type": "message",
        "user": "U41M5AAJW",
        "text": "my connection was shitty for some time and i had all kinds of issues",
        "ts": "1511962116.000001"
    },
    {
        "type": "message",
        "user": "U02QSHX81",
        "text": "yes, it is a home connection",
        "ts": "1511962147.000105"
    },
    {
        "type": "message",
        "user": "U02LQ1WHQ",
        "text": "ok, can you test from a VPS for now? I have a theory",
        "ts": "1511962176.000297"
    },
    {
        "type": "message",
        "user": "U02QSHX81",
        "text": "sure",
        "ts": "1511962193.000066"
    },
    {
        "type": "message",
        "user": "U41M5AAJW",
        "text": ".\/orderbook\n{\"bids\":[],\"numbids\":0,\"biddepth\":0,\"asks\":[{\"coin\":\"COQUI\",\"address\":\"RL9gqHkKnj1qMYz6S4txWgNR1VbYfThQzp\",\"price\":0.10000000,\"numutxos\":0,\"avevolume\":0,\"maxvolume\":0,\"depth\":0,\"pubkey\":\"2a7e47456255611a85d1f3aeb92f4ddd3d0412638a6b6eaefad8f2a8c7007c70\",\"age\":37,\"zcredits\":0}],\"numasks\":1,\"askdepth\":0,\"base\":\"COQUI\",\"rel\":\"CHIPS\",\"timestamp\":1511962187}",
        "ts": "1511962197.000348"
    },
    {
        "type": "message",
        "user": "U41M5AAJW",
        "text": "<@U5VUWSR0D>",
        "ts": "1511962200.000240"
    },
    {
        "type": "message",
        "user": "U02QSHX81",
        "text": "just give me a moment",
        "ts": "1511962202.000111"
    },
    {
        "type": "message",
        "user": "U02LQ1WHQ",
        "text": "my guess is that home connections have different rules for packet transmission and this leads to generating multipart responses, which likely I am not handling correctly",
        "ts": "1511962272.000073"
    },
    {
        "type": "message",
        "user": "U02QSHX81",
        "text": "i like speed, so went for fibre optic.",
        "ts": "1511962463.000029"
    },
    {
        "type": "message",
        "user": "U2GC2GXTP",
        "text": "big difference is if its business or standard home connection. 100Mbps non-symmetric is like 3-4 out of 10. I have 100Mbps symmetric and would rate it with 6-7\/10. 1Gbps fibre connection non-symmetric is 8\/10. And 1-100 Gbps symmetric is like the king of internet-connections.",
        "edited": {
            "user": "U2GC2GXTP",
            "ts": "1511962635.000000"
        },
        "ts": "1511962505.000146"
    },
    {
        "type": "message",
        "user": "U2GC2GXTP",
        "text": "(regardless of user-experience...)",
        "ts": "1511962519.000081"
    },
    {
        "type": "message",
        "user": "U02QSHX81",
        "text": "then, mine's not 9. would be 4.",
        "ts": "1511962556.000018"
    },
    {
        "type": "message",
        "user": "U5VUWSR0D",
        "text": "<@U41M5AAJW> cant get it to connect but I see your order",
        "ts": "1511962669.000044"
    },
    {
        "type": "message",
        "user": "U41M5AAJW",
        "text": "i have 50, 100, 200 coqui utxos",
        "ts": "1511962688.000168"
    },
    {
        "type": "message",
        "user": "U5VUWSR0D",
        "text": "here we go",
        "ts": "1511962698.000588"
    },
    {
        "type": "message",
        "user": "U41M5AAJW",
        "text": "IAMBOB",
        "ts": "1511962719.000095"
    },
    {
        "type": "message",
        "user": "U41M5AAJW",
        "text": "waitfor timedout\ndidnt get valid data after 120\nerror waitsend pubkeys\n_LP_inuse_delete mark as free bc76e93499c81f52299c1876ce0ab5f984f88a0488ec3a207b9e2dab9715a611\/v1 find.(nil)\n_LP_inuse_delete mark as free b9a897869398fe8ba6ddb78a108b6d3b09c55a136268fe778fd55b812488126b\/v1 find.(nil)",
        "ts": "1511963020.000355"
    },
    {
        "type": "message",
        "user": "U41M5AAJW",
        "text": "try again",
        "ts": "1511963039.000017"
    },
    {
        "type": "message",
        "user": "U5VUWSR0D",
        "text": ",\"error\":\"couldnt connect to electrum server\"\nmight be down for the moment",
        "ts": "1511963160.000043"
    },
    {
        "type": "message",
        "user": "U5VUWSR0D",
        "text": "I will try later again.. got to go now",
        "ts": "1511963308.000113"
    },
    {
        "type": "message",
        "user": "U02LQ1WHQ",
        "text": "<@U02QSHX81> try latest spvdex, I now did an electrum swap on my horrible home isp connection",
        "ts": "1511963406.000179"
    },
    {
        "type": "message",
        "user": "U02QSHX81",
        "text": "ok",
        "ts": "1511963419.000298"
    },
    {
        "type": "message",
        "user": "U02LQ1WHQ",
        "text": "SWAP completed! 427344651-2180716382 {\"expiration\":1511978933,\"tradeid\":1324506994,\"requestid\":427344651,\"quoteid\":2180716382,\"iambob\":0,\"Bgui\":\"\",\"Agui\":\"nogui\",\"gui\":\"nogui\",\"bob\":\"REVS\",\"srcamount\":0.10180466,\"bobtxfee\":0.00010000,\"alice\":\"KMD\",\"destamount\":0.15000000,\"alicetxfee\":0.00010000,\"aliceid\":\"16638248962595094528\",\"sentflags\":[\"alicespend\", \"bobpayment\", \"alicepayment\", \"bobdeposit\", \"myfee\"],\"values\":[0.10190466, 0, 0.10200466, 0.15020000, 0.11473024, 0, 0.00019305, 0, 0, 0, 0],\"result\":\"success\",\"status\":\"finished\",\"finishtime\":1511963415,\"bobdeposit\":\"670da56dd4dec7d6e41d637fcf4172b8bd5b679fe28db2eafa630c889bdeed15\",\"alicepayment\":\"7138844dcbb9dac2046964eca59a30d4ab15208926d18f92feaf95f39fd4e11f\",\"bobpayment\":\"e59e628cb4c4f9c32fb52dc79096a985bc8ae81b94eae4b559fa0d71041e38fd\",\"paymentspent\":\"bd43d46e5f43ed4309bd716744c78fe29868039380d43d4b41b2dd7d8aa1c16f\",\"Apaymentspent\":\"0000000000000000000000000000000000000000000000000000000000000000\",\"depositspent\":\"0000000000000000000000000000000000000000000000000000000000000000\",\"method\":\"tradestatus\",\"finishtime\":1511963415,\"gui\":\"nogui\"}",
        "ts": "1511963423.000420"
    },
    {
        "type": "message",
        "user": "U02QSHX81",
        "text": "trying now",
        "ts": "1511963461.000633"
    },
    {
        "type": "message",
        "user": "U02LQ1WHQ",
        "text": "<@U2Q1DP6EQ> the long running problem of the electrum timeouts that werent timeouts is solved",
        "ts": "1511963614.000077"
    },
    {
        "type": "message",
        "user": "U02LQ1WHQ",
        "text": "i was passing in a giant buffer so assumed it wouldnt be broken apart, but it was, there seems to be some smallish buffer size limit on the electrumX send side",
        "ts": "1511963648.000329"
    },
    {
        "type": "message",
        "user": "U02LQ1WHQ",
        "text": "so any such multipart request got split, and then the remainder(s) confused with the following request(s)",
        "ts": "1511963673.000414"
    },
    {
        "type": "message",
        "user": "U02LQ1WHQ",
        "text": "really it was a very good test of injecting garbage into the electrum data to see how barterDEX handles it, so that is the explanation I will use",
        "ts": "1511963697.000042"
    },
    {
        "type": "message",
        "user": "U02LQ1WHQ",
        "text": "18 seconds to waiting for alicepayment on the first swap after restart",
        "ts": "1511963884.000091"
    },
    {
        "type": "message",
        "user": "U02QSHX81",
        "text": "19 seconds for the 2nd swap to complete in electrum",
        "edited": {
            "user": "U02QSHX81",
            "ts": "1511964120.000000"
        },
        "ts": "1511964108.000041"
    },
    {
        "type": "message",
        "user": "U02QSHX81",
        "text": "electrum feels much better now James.",
        "ts": "1511964141.000638"
    },
    {
        "type": "message",
        "user": "U02QSHX81",
        "text": "`SWAP 1183922993-1022092153 finished LP_numfinished.6 !`",
        "ts": "1511964327.000662"
    },
    {
        "type": "message",
        "user": "U02LQ1WHQ",
        "text": "yes, before it was every larger than some smallish limit (16kb?) the next N requests are messed up. it is a miracle things didnt just crash and explode",
        "ts": "1511964403.000313"
    },
    {
        "type": "message",
        "user": "U41M5AAJW",
        "text": "<https:\/\/www.tradingview.com\/x\/Yn0te4MG>",
        "attachments": [
            {
                "fallback": "1550x780px image",
                "image_url": "https:\/\/www.tradingview.com\/x\/Yn0te4MG",
                "image_width": 1550,
                "image_height": 780,
                "image_bytes": 37463,
                "from_url": "https:\/\/www.tradingview.com\/x\/Yn0te4MG",
                "id": 1
            }
        ],
        "ts": "1511964589.000394",
        "reactions": [
            {
                "name": "+1",
                "users": [
                    "U5RA5G0AY"
                ],
                "count": 1
            },
            {
                "name": "rocket",
                "users": [
                    "U5RA5G0AY"
                ],
                "count": 1
            }
        ]
    },
    {
        "type": "message",
        "user": "U02QSHX81",
        "text": "very fast on electrum and stable. without timeout error with 8 trades done",
        "ts": "1511964594.000310"
    },
    {
        "type": "message",
        "user": "U41M5AAJW",
        "text": "revs ready to moon? :stuck_out_tongue:",
        "ts": "1511964594.000383"
    },
    {
        "type": "message",
        "user": "U87DUJDEK",
        "text": "you are all talking about successfull swap, are you using bartedex ? 2 days i'm trying...",
        "ts": "1511965894.000097"
    },
    {
        "type": "message",
        "user": "U02LQ1WHQ",
        "text": "you need latest spvdex builds, gui isnt updated yet",
        "ts": "1511965923.000043"
    },
    {
        "type": "message",
        "user": "U02QSHX81",
        "text": "electron KMD withdraw works as intended and much better than before.",
        "ts": "1511966231.000456"
    },
    {
        "type": "message",
        "user": "U02QSHX81",
        "text": "it fees a lot faster now.",
        "ts": "1511966246.000213"
    },
    {
        "type": "message",
        "user": "U63EZ8ZS8",
        "text": "will create utxos be put in GUI side or Marketmaker?",
        "ts": "1511966789.000619"
    },
    {
        "type": "message",
        "user": "U02LQ1WHQ",
        "text": "there is a withdraw api in the marketmaker",
        "ts": "1511967256.000354"
    },
    {
        "type": "message",
        "user": "U63EZ8ZS8",
        "text": "I see the path to fruition - and it is good",
        "ts": "1511967938.000315"
    },
    {
        "type": "message",
        "user": "U0A6XAZ98",
        "text": "what's the content of the DB\/SWAPS\/list file, as I think mine is messed up while trying to archive my more than 17000 flat files. now after every start of mm a status call returns about 663 entries, but it should return 2553. also it is stress testing my coin daemons (all native) for  about 15 mins. Any ideas how to resolve this are welcome :smiley:",
        "ts": "1511969169.000103"
    },
    {
        "type": "message",
        "user": "U41M5AAJW",
        "text": "im swapping .53 revs myself",
        "ts": "1511969669.000654"
    },
    {
        "type": "message",
        "user": "U02LQ1WHQ",
        "text": "the list file contains the list of all the swaps. if you have all your swaps completed, you can just rename it to a backup name and start fresh",
        "ts": "1511973627.000055"
    },
    {
        "type": "message",
        "user": "U0A6XAZ98",
        "text": "ahh..thanks. is there a way to recreate it, because i think my list file doesn't corespond to my actual flat files?",
        "ts": "1511974849.000145"
    },
    {
        "type": "message",
        "user": "U02LQ1WHQ",
        "text": "it is a binary file of the requestid + quoteid",
        "ts": "1511974881.000056"
    },
    {
        "type": "message",
        "user": "U02LQ1WHQ",
        "text": "you would need to parse the files, extract the requestid-quoteid and make a list file with their binary",
        "ts": "1511974913.000244"
    },
    {
        "type": "message",
        "user": "U02LQ1WHQ",
        "text": "if ( swapsfp != 0 )\n    {\n        fwrite(&amp;rp-&gt;requestid,1,sizeof(rp-&gt;requestid),swapsfp);\n        fwrite(&amp;rp-&gt;quoteid,1,sizeof(rp-&gt;quoteid),swapsfp);\n        fflush(swapsfp);\n    }",
        "ts": "1511974935.000587"
    },
    {
        "type": "message",
        "user": "U02LQ1WHQ",
        "text": "yes, I know it isnt endian portable across systems that store data in different endian formats",
        "ts": "1511974959.000644"
    },
    {
        "type": "message",
        "user": "U02LQ1WHQ",
        "text": "good thing bigendian is ~1% now",
        "ts": "1511974969.000895"
    },
    {
        "type": "message",
        "user": "U0A6XAZ98",
        "text": "thanks again..I might have some time tomorrow to play around with the information given",
        "ts": "1511975144.000085"
    },
    {
        "type": "message",
        "user": "U41M5AAJW",
        "text": "utually trusted swap, adjust required confirms to: alice.0 bob.0\nNUMCONFIRMS for SWAP alice.0 bob.0, otheristrusted.1 othertrusts.1\nSEND pubA0\/1 215505cb2a562f607026d1e109e1ac52238075a6247b6aa43f4799d6e27660fd\nCUT VERIFIED\nLP_createrawtransaction: internal error 1024 != max.64\nerror alice generating payment.23\nKMD generate fee 0.00010000 from.RJWdZNJSGmkKqZg4rM2NxW31NQCXESM8J7\nLP_createrawtransaction: internal error 1024 != max.64\nerror creating myfee\nbasilisk_alicetxs error\n_LP_inuse_delete mark as free 60c763b4dd9591fe21ed30482256e34709c1441fbe74ed0e3e7806b577088c54\/v1 find.(nil)\n_LP_inuse_delete mark as free c3274b6754100b851dad6b6828e781a50b969f544444d4646eaefde30adc2610\/v1 find.(nil)\nfinish swap.0x7f6c64014ad0",
        "ts": "1511977540.000471"
    },
    {
        "type": "message",
        "user": "U41M5AAJW",
        "text": "<@U02LQ1WHQ>",
        "ts": "1511977543.000419"
    },
    {
        "type": "message",
        "user": "U41M5AAJW",
        "text": "im getting this",
        "ts": "1511977550.000520"
    },
    {
        "type": "message",
        "user": "U02LQ1WHQ",
        "text": "you pulled an inbetween version",
        "ts": "1511977571.000400"
    },
    {
        "type": "message",
        "user": "U02LQ1WHQ",
        "text": "pull again, it was fixed",
        "ts": "1511977576.000639"
    },
    {
        "type": "message",
        "user": "U41M5AAJW",
        "text": "ok",
        "ts": "1511977756.000182"
    },
    {
        "type": "message",
        "user": "U02LQ1WHQ",
        "text": "I activated a BTC\/KMD market making node. timelocked deposit of 1000 KMD",
        "ts": "1511977850.000666"
    },
    {
        "type": "message",
        "user": "U41M5AAJW",
        "text": "?",
        "ts": "1511977861.000493"
    },
    {
        "type": "message",
        "user": "U41M5AAJW",
        "text": "gotta put a 1k kmd deposit?",
        "ts": "1511977873.000187"
    },
    {
        "type": "message",
        "user": "U02LQ1WHQ",
        "text": "no, that node has a 1000 KMD deposit",
        "ts": "1511977892.000647"
    },
    {
        "type": "message",
        "user": "U02LQ1WHQ",
        "text": "so if you also have a deposit up to 1000 KMD, it will go at zeroconf",
        "ts": "1511977907.000215"
    },
    {
        "type": "message",
        "user": "U02LQ1WHQ",
        "text": "if you go above 1000, it wont",
        "ts": "1511977915.000194"
    },
    {
        "type": "message",
        "user": "U41M5AAJW",
        "text": "with 10kmd is enough\n?",
        "ts": "1511977929.000456"
    },
    {
        "type": "message",
        "user": "U02LQ1WHQ",
        "text": "did you read what I wrote?",
        "ts": "1511977944.000249"
    },
    {
        "type": "message",
        "user": "U41M5AAJW",
        "text": "a deposit up to 1k",
        "ts": "1511977976.000202"
    },
    {
        "type": "message",
        "user": "U02QSHX81",
        "text": "the more deposit you have the more power you get",
        "ts": "1511977981.000214"
    },
    {
        "type": "message",
        "user": "U41M5AAJW",
        "text": "no minimun then",
        "ts": "1511977984.000399"
    },
    {
        "type": "message",
        "user": "U41M5AAJW",
        "text": "ok",
        "ts": "1511977989.000106"
    },
    {
        "type": "message",
        "user": "U02LQ1WHQ",
        "text": "minimum is 10",
        "ts": "1511977989.000345"
    },
    {
        "type": "message",
        "user": "U41M5AAJW",
        "text": "ill give it a try",
        "ts": "1511978002.000350"
    },
    {
        "type": "message",
        "user": "U41M5AAJW",
        "text": "{\n\t\t\t\"coin\": \"BTC\",\n\t\t\t\"address\": \"1G4awtfevPrCBMg1uYhLzKarBDPZPKxFux\",\n\t\t\t\"price\": <tel:3815.87475586|3815.87475586>,\n\t\t\t\"numutxos\": 10,\n\t\t\t\"avevolume\": <tel:1343.18791406|1343.18791406>,\n\t\t\t\"maxvolume\": <tel:3052.69980468|3052.69980468>,\n\t\t\t\"depth\": <tel:13431.87914062|13431.87914062>,\n\t\t\t\"pubkey\": \"179e91e610cac25f06cce900de6df12a0febdb43303f59975f1619b1a0b2e030\",\n\t\t\t\"age\": 50,\n\t\t\t\"zcredits\": -944.43454678\n\t\t},",
        "ts": "1511978410.000064"
    },
    {
        "type": "message",
        "user": "U41M5AAJW",
        "text": "this is yours?",
        "ts": "1511978410.000089"
    },
    {
        "type": "message",
        "user": "U41M5AAJW",
        "text": "<@U02LQ1WHQ>",
        "ts": "1511978410.000090"
    },
    {
        "type": "message",
        "user": "U02LQ1WHQ",
        "text": "yes",
        "ts": "1511978444.000029"
    },
    {
        "type": "message",
        "user": "U41M5AAJW",
        "text": "some big orders then :stuck_out_tongue:",
        "ts": "1511978459.000018"
    },
    {
        "type": "message",
        "user": "U02LQ1WHQ",
        "text": "just a few 1 btc utxo",
        "ts": "1511978477.000291"
    },
    {
        "type": "message",
        "user": "U02LQ1WHQ",
        "text": "but most are still unconfirmed",
        "ts": "1511978487.000038"
    },
    {
        "type": "message",
        "user": "U41M5AAJW",
        "text": "ok",
        "ts": "1511978502.000048"
    },
    {
        "type": "message",
        "user": "U02LQ1WHQ",
        "text": "now that we are having a hard time finding core bugs, it is time to start up the actual real world usage",
        "ts": "1511978512.000547"
    },
    {
        "type": "message",
        "user": "U02LQ1WHQ",
        "text": "and that starts with the BTC &lt;-&gt; KMD",
        "ts": "1511978519.000272"
    },
    {
        "type": "message",
        "user": "U02LQ1WHQ",
        "text": "I have a feeling we will get a lot timelocked in the instantdex deposits, BTC atomic swaps are no fun",
        "ts": "1511978543.000333"
    },
    {
        "type": "message",
        "user": "U41M5AAJW",
        "text": "could you do some smaller utxos for testing purposes?",
        "ts": "1511978544.000382"
    },
    {
        "type": "message",
        "user": "U02LQ1WHQ",
        "text": "it has some smaller ones",
        "ts": "1511978558.000646"
    },
    {
        "type": "message",
        "user": "U41M5AAJW",
        "text": "how small?",
        "ts": "1511978575.000102"
    },
    {
        "type": "message",
        "user": "U02LQ1WHQ",
        "text": ".001 and .002 a few",
        "ts": "1511978634.000581"
    },
    {
        "type": "message",
        "user": "U02LQ1WHQ",
        "text": "before you complain that barterDEX is broken because you got not response, my node rightly decided to ignored 0.00094390 -&gt;  0.30010000 price <tel:317.93622206|317.93622206>",
        "ts": "1511978766.000331"
    },
    {
        "type": "message",
        "user": "U02LQ1WHQ",
        "text": "less than 10% of marketprice wont get any response",
        "ts": "1511978783.000261"
    },
    {
        "type": "message",
        "user": "U41M5AAJW",
        "text": "tried again",
        "ts": "1511978809.000486"
    },
    {
        "type": "message",
        "user": "U02LQ1WHQ",
        "text": "29k when market is 27k, nice try",
        "ts": "1511978829.000172"
    },
    {
        "type": "message",
        "user": "U41M5AAJW",
        "text": "with 23 kmd",
        "ts": "1511978848.000640"
    },
    {
        "type": "message",
        "user": "U4Y5ER7NV",
        "text": "<@U02LQ1WHQ> when reach 1000 have to withdraw ?\ndeposit different smart address?",
        "ts": "1511978902.000317"
    },
    {
        "type": "message",
        "user": "U4Y5ER7NV",
        "text": "or when process can do 1000 again?",
        "ts": "1511978928.000593"
    },
    {
        "type": "message",
        "user": "U02LQ1WHQ",
        "text": "no, why would you come up with such a crazy idea?",
        "ts": "1511978930.000477"
    },
    {
        "type": "message",
        "user": "U4Y5ER7NV",
        "text": "paranoid",
        "ts": "1511978942.000669"
    },
    {
        "type": "message",
        "user": "U4Y5ER7NV",
        "text": "haha",
        "ts": "1511978946.000310"
    },
    {
        "type": "message",
        "user": "U02LQ1WHQ",
        "text": "and \"withdraw\" is just to make it similar to exchanges. since you always control your privkeys, it is already withdrawn to your address",
        "ts": "1511978976.000063"
    },
    {
        "type": "message",
        "user": "U4Y5ER7NV",
        "text": "&gt;if you go above 1000, it wont\nso after swap complete for 1000 can do next 1000 ?",
        "ts": "1511979079.000689"
    },
    {
        "type": "message",
        "user": "U4Y5ER7NV",
        "text": "mean for 0-conf continue",
        "ts": "1511979098.000486"
    },
    {
        "type": "message",
        "user": "U02LQ1WHQ",
        "text": "yes",
        "ts": "1511979115.000091",
        "reactions": [
            {
                "name": "+1",
                "users": [
                    "U4Y5ER7NV"
                ],
                "count": 1
            }
        ]
    },
    {
        "type": "message",
        "user": "U02LQ1WHQ",
        "text": "after it is confirmed, it is like your credit limit",
        "ts": "1511979132.000090"
    },
    {
        "type": "message",
        "user": "U4Y5ER7NV",
        "text": "genius",
        "ts": "1511979142.000177"
    },
    {
        "type": "message",
        "user": "U02LQ1WHQ",
        "text": "once you use it up, you cant used it until you pay off the balance",
        "ts": "1511979149.000311"
    },
    {
        "type": "message",
        "user": "U02LQ1WHQ",
        "text": "here just waiting for the swaps to get confirmed is the \"pay off the credit card\" mechanism",
        "ts": "1511979169.000176"
    },
    {
        "type": "message",
        "user": "U02LQ1WHQ",
        "text": "34 minutes,no block. now the txfee wouldnt be high enough due to the extra tx in the mempool...",
        "ts": "1511979201.000565"
    },
    {
        "type": "message",
        "user": "U02LQ1WHQ",
        "text": "<@U41M5AAJW> are you testing the autoprice margin? 3782.72 is the quoted price based on 0.00026436 in the orderbook. your last price came in at <tel:3683.74887339|3683.74887339>",
        "ts": "1511979345.000567"
    },
    {
        "type": "message",
        "user": "U4Y5ER7NV",
        "text": "yesterday ShapeShift can do max 1660 KMD for BTC\ni say for show how genius 0-conf",
        "ts": "1511979466.000412"
    },
    {
        "type": "message",
        "user": "U4Y5ER7NV",
        "text": ":bow:",
        "ts": "1511979471.000565"
    },
    {
        "type": "message",
        "user": "U41M5AAJW",
        "text": "Hmm weird",
        "ts": "1511979522.000178"
    },
    {
        "type": "message",
        "user": "U02LQ1WHQ",
        "text": "txfee is quite large",
        "ts": "1511979533.000177"
    },
    {
        "type": "message",
        "user": "U02LQ1WHQ",
        "text": "distorts price",
        "ts": "1511979537.000490"
    },
    {
        "type": "message",
        "user": "U41M5AAJW",
        "text": "Ohh",
        "ts": "1511979541.000354"
    },
    {
        "type": "message",
        "user": "U41M5AAJW",
        "text": "So i gotta take txfee into accoubt when pricing my order",
        "ts": "1511979566.000372"
    },
    {
        "type": "message",
        "user": "U02LQ1WHQ",
        "text": "this got really confusing internally",
        "ts": "1511979586.000528"
    },
    {
        "type": "message",
        "user": "U41M5AAJW",
        "text": "I had to move, will try again in a few minutes, sorru",
        "ts": "1511979590.000260"
    },
    {
        "type": "message",
        "user": "U02LQ1WHQ",
        "text": "to get all the swaps to work properly the txfee suffered a bit of abuse",
        "ts": "1511979610.000202"
    },
    {
        "type": "message",
        "user": "U02LQ1WHQ",
        "text": "for other coins the 0,0001 txfee just isnt noticeable",
        "ts": "1511979624.000387"
    },
    {
        "type": "message",
        "user": "U41M5AAJW",
        "text": "If the price quoted was 3683, then the fee was quite large",
        "ts": "1511979684.000130"
    },
    {
        "type": "message",
        "user": "U41M5AAJW",
        "text": "I typed 3780",
        "ts": "1511979736.000454"
    },
    {
        "type": "message",
        "user": "U02LQ1WHQ",
        "text": "the fee is quite large, yes that is what i am saying",
        "ts": "1511979780.000096"
    },
    {
        "type": "message",
        "user": "U02LQ1WHQ",
        "text": "44 minutes without a block",
        "ts": "1511979784.000401"
    },
    {
        "type": "message",
        "user": "U41M5AAJW",
        "text": ":\/",
        "ts": "1511979884.000430"
    },
    {
        "type": "message",
        "user": "U02LQ1WHQ",
        "text": "I killed bitcoin, one hour no blocks since the atomic swap. sorry",
        "ts": "1511980643.000426"
    },
    {
        "type": "message",
        "user": "U02QSHX81",
        "text": ":boom:",
        "ts": "1511980999.000546"
    },
    {
        "type": "message",
        "user": "U41M5AAJW",
        "text": "Ohh",
        "ts": "1511981036.000123"
    },
    {
        "type": "message",
        "user": "U41M5AAJW",
        "text": "Btc ded",
        "ts": "1511981077.000393"
    },
    {
        "type": "message",
        "user": "U41M5AAJW",
        "text": ":trollface: ",
        "ts": "1511981081.000244"
    },
    {
        "type": "message",
        "user": "U5VUWSR0D",
        "text": "there were 2 block 8 mins ago",
        "ts": "1511981119.000389"
    },
    {
        "type": "message",
        "user": "U02LQ1WHQ",
        "text": "oh! <http:\/\/blockchain.info|blockchain.info> doesnt update automatic anymore?",
        "ts": "1511981142.000104"
    },
    {
        "type": "message",
        "user": "U5VUWSR0D",
        "text": "<https:\/\/blockchain.info\/block\/000000000000000000424a12fd6dd128e219e03a1f77375b871a29f4f1319168>",
        "attachments": [
            {
                "title": "Bitcoin Block #496730",
                "title_link": "https:\/\/blockchain.info\/block\/000000000000000000424a12fd6dd128e219e03a1f77375b871a29f4f1319168",
                "text": "Transactions contained within bitcoin block 496730",
                "fallback": "Bitcoin Block #496730",
                "from_url": "https:\/\/blockchain.info\/block\/000000000000000000424a12fd6dd128e219e03a1f77375b871a29f4f1319168",
                "service_icon": "https:\/\/blockchain.info\/favicon.ico",
                "service_name": "blockchain.info",
                "id": 1
            }
        ],
        "ts": "1511981172.000175"
    },
    {
        "type": "message",
        "user": "U5VUWSR0D",
        "text": "last one",
        "ts": "1511981174.000458"
    },
    {
        "type": "message",
        "user": "U5VUWSR0D",
        "text": "saving bandwidth maybe:)",
        "ts": "1511981192.000019"
    },
    {
        "type": "message",
        "user": "U5VUWSR0D",
        "text": "<@U352PEKC7> bought 200 of WLC on dex",
        "ts": "1511981729.000587"
    },
    {
        "user": "U352PEKC7",
        "inviter": "U5VUWSR0D",
        "text": "<@U352PEKC7> has joined the channel",
        "type": "message",
        "subtype": "channel_join",
        "ts": "1511981739.000044"
    },
    {
        "type": "message",
        "user": "U5WU93QUQ",
        "text": "is there more?",
        "ts": "1511981745.000667"
    },
    {
        "type": "message",
        "user": "U5VUWSR0D",
        "text": "yes looks like",
        "ts": "1511981761.000538"
    },
    {
        "type": "message",
        "user": "U5VUWSR0D",
        "text": "try volume 100",
        "ts": "1511981767.000740"
    },
    {
        "type": "message",
        "user": "U5VUWSR0D",
        "text": "price 0.00071510",
        "ts": "1511981776.000172"
    },
    {
        "type": "message",
        "user": "U5WU93QUQ",
        "text": "ok",
        "ts": "1511981785.000518"
    },
    {
        "type": "message",
        "user": "U5WU93QUQ",
        "text": "thanks",
        "ts": "1511981787.000619"
    },
    {
        "type": "message",
        "user": "U5VUWSR0D",
        "text": "if you run windows latest marketmaker <http:\/\/www.dexstats.info\/marketmaker.zip|www.dexstats.info\/marketmaker.zip>",
        "ts": "1511981930.000037"
    },
    {
        "type": "message",
        "user": "U5VUWSR0D",
        "text": "<@U5WU93QUQ> I see you got some WLC",
        "ts": "1511982001.000205"
    },
    {
        "type": "message",
        "user": "U5WU93QUQ",
        "text": "yes indeed",
        "ts": "1511982009.000043"
    },
    {
        "type": "message",
        "user": "U5WU93QUQ",
        "text": "been filling up my bag whenever i see it on there",
        "ts": "1511982022.000786"
    },
    {
        "type": "message",
        "user": "U5VUWSR0D",
        "text": "whale it up:)",
        "ts": "1511982036.000339",
        "reactions": [
            {
                "name": "joy",
                "users": [
                    "U5WU93QUQ"
                ],
                "count": 1
            }
        ]
    },
    {
        "type": "message",
        "user": "U5WU93QUQ",
        "text": "its just fun to mess around with the stuff",
        "ts": "1511982064.000810"
    },
    {
        "type": "message",
        "user": "U5VUWSR0D",
        "text": "it is. my wife just did her first atomic swap",
        "ts": "1511982336.000336"
    },
    {
        "type": "message",
        "user": "U5VUWSR0D",
        "text": "not grandma proof yet but lets try that next week.",
        "ts": "1511982377.000769"
    },
    {
        "type": "message",
        "user": "U5VUWSR0D",
        "text": "there are 5 chips for 0.1 kmd each if interessted <@U5WU93QUQ>",
        "ts": "1511982610.000471"
    },
    {
        "type": "message",
        "user": "U5WU93QUQ",
        "text": "i have no chips yet",
        "ts": "1511982630.000639"
    },
    {
        "type": "message",
        "user": "U5VUWSR0D",
        "text": "yes i sell them to you",
        "ts": "1511982642.000671"
    },
    {
        "type": "message",
        "user": "U5WU93QUQ",
        "text": "cool",
        "ts": "1511982651.000060"
    },
    {
        "type": "message",
        "user": "U5WU93QUQ",
        "text": "and thats awesome you got your wife to get through it. i have no grandmas left to try bdex out on :disappointed:",
        "ts": "1511982700.000695"
    },
    {
        "type": "message",
        "user": "U5WU93QUQ",
        "text": "it really is easy to use",
        "ts": "1511982728.000040"
    },
    {
        "type": "message",
        "user": "U5VUWSR0D",
        "text": "it is indeed and with instantdex and all the improvement really fast",
        "ts": "1511982752.000632"
    },
    {
        "type": "message",
        "user": "U5VUWSR0D",
        "text": "ok I got to go I let the machine run maybe you get the chips",
        "ts": "1511982870.000083"
    },
    {
        "type": "message",
        "user": "U5WU93QUQ",
        "text": "working on it now",
        "ts": "1511982896.000526"
    },
    {
        "type": "message",
        "user": "U5WU93QUQ",
        "text": "had to send some fund over",
        "ts": "1511982900.000217"
    },
    {
        "type": "message",
        "user": "U5WU93QUQ",
        "text": "thanks again",
        "ts": "1511982910.000270"
    },
    {
        "type": "message",
        "user": "U02LQ1WHQ",
        "text": "<@U03SKEFEL> latest spvdex is synced with dev and it seems pretty solid so far. fixed major issue with electrum (i think I fixed the false \"timeout\" errors among others) and also made withdraw have a much high chance of success",
        "ts": "1511983065.000313",
        "reactions": [
            {
                "name": "+1",
                "users": [
                    "U7UHF2S4V",
                    "U41M5AAJW",
                    "U02QSHX81",
                    "U03SKEFEL"
                ],
                "count": 4
            }
        ]
    },
    {
        "user": "U72SNN41F",
        "text": "<@U72SNN41F> has joined the channel",
        "type": "message",
        "subtype": "channel_join",
        "ts": "1511984982.000369"
    },
    {
        "type": "message",
        "user": "U2Q1DP6EQ",
        "text": "electrum swaps are working great, i also see much fewer requests in the electrum-server-logs\ni assume this `INFO:ElectrumX:[8] processing {'jsonrpc': '2.0', 'id': 439, 'method': 'server.banner', 'params': []}` is the keepalive :wink:",
        "ts": "1511989065.000763"
    },
    {
        "user": "U81J3QWRG",
        "text": "<@U81J3QWRG> has joined the channel",
        "type": "message",
        "subtype": "channel_join",
        "ts": "1511992820.000221"
    },
    {
        "type": "message",
        "user": "U41M5AAJW",
        "text": "ok, im gonna try the btc-kmd swap now",
        "ts": "1511996068.000204"
    },
    {
        "type": "message",
        "user": "U41M5AAJW",
        "text": "<@U02LQ1WHQ> is it still up?",
        "ts": "1511996076.000444"
    },
    {
        "type": "message",
        "user": "U41M5AAJW",
        "text": "im unable to grab a swap",
        "ts": "1511997885.000140"
    },
    {
        "type": "message",
        "user": "U2Q1DP6EQ",
        "text": "after doing some swaps with electrum mm on alice uses 100% cpu and the swaps are slowing down. Unfortunately the cpu usage stays at 100%, even after all pending swaps are finished.\nwhen i restart mm and enable all electrum coins, but don't start any swaps the cpu usage remains low at under 10%. couldn't find out what mm is doing after swaps that uses the cpu...",
        "ts": "1512000707.000038"
    },
    {
        "type": "message",
        "user": "U2GC2GXTP",
        "text": "&gt;couldn't find out what mm is doing after swaps that uses the cpu...\ndid you debug MM? hexdump? mem-analysis?",
        "ts": "1512000863.000309"
    },
    {
        "type": "message",
        "user": "U2GC2GXTP",
        "text": "or just made conclusion out of the MM std output?",
        "ts": "1512000886.000090"
    },
    {
        "type": "message",
        "user": "U2Q1DP6EQ",
        "text": "i used perf to find out if it is a specific call, but there was nothing special... it seems that only overlapping swaps is triggering this... when i sleep 60 and let every swap to finish before starting a new one it does not happen... at least not till now",
        "ts": "1512001208.000110"
    },
    {
        "type": "message",
        "user": "U2Q1DP6EQ",
        "text": "happened again... `CONNECTED numpending.0` to `CONNECTED numpending.1` seems to trigger it",
        "ts": "1512001577.000263"
    },
    {
        "type": "message",
        "user": "U2Q1DP6EQ",
        "text": "strace output is full of `29545 recvfrom(29, \"\", 4194304, 0, NULL, NULL) = 0` when that happens",
        "ts": "1512003259.000041"
    },
    {
        "type": "message",
        "user": "U2Q1DP6EQ",
        "text": "<https:\/\/linux.die.net\/man\/2\/recvfrom>",
        "attachments": [
            {
                "title": "recvfrom(2): receive message from socket - Linux man page",
                "title_link": "https:\/\/linux.die.net\/man\/2\/recvfrom",
                "text": "The recvfrom() and recvmsg() calls are used to receive messages from a socket, and may be used to receive data on a socket whether or not it is connection-oriented.",
                "fallback": "recvfrom(2): receive message from socket - Linux man page",
                "from_url": "https:\/\/linux.die.net\/man\/2\/recvfrom",
                "service_icon": "https:\/\/linux.die.net\/favicon.ico",
                "service_name": "linux.die.net",
                "id": 1
            }
        ],
        "ts": "1512003280.000084"
    },
    {
        "type": "message",
        "user": "U2Q1DP6EQ",
        "text": "i correct myself, it happened also with numpending.0, after 4 successful swaps during the fifth... cpu usage simply jumped from 10% to 100%... strace output shows same \"symptoms\" `31530 recvfrom(94, \"\", 4194304, 0, NULL, NULL) = 0` lots of them (90% of output)",
        "ts": "1512003982.000284"
    },
    {
        "type": "message",
        "user": "U2Q1DP6EQ",
        "text": "the socket 94 is this one `marketmak 31429 username   94u  IPv4 263408692      0t0  TCP My-PC.lan:55260-&gt;ec2-34-207-169-253.compute-1.amazonaws.com:10001 (CLOSE_WAIT)`, which is KMD electrum server, but the connection is gone, electrum server does not show it any more",
        "ts": "1512004591.000265"
    },
    {
        "type": "message",
        "user": "U2Q1DP6EQ",
        "text": "so mm spends 100% cpu trying to receive data from a closed connection",
        "edited": {
            "user": "U2Q1DP6EQ",
            "ts": "1512004768.000000"
        },
        "ts": "1512004761.000026"
    },
    {
        "type": "message",
        "user": "U2Q1DP6EQ",
        "text": "the connection got closed by electrum server because of `INFO:ElectrumX:[22] too many errors, last: daemon error: {'code': -5, 'message': 'No information available about transaction'}`... i can change electrum-server-code to not close connection on errors, but it would be better if mm could handle this because it could also loose connection out of other reasons",
        "ts": "1512005052.000318"
    },
    {
        "type": "message",
        "user": "U6U67BH37",
        "text": "<@U2Q1DP6EQ> are there any coins that you want help with pushing upstream to electrumX? Let me know",
        "ts": "1512006618.000168"
    },
    {
        "type": "message",
        "user": "U2Q1DP6EQ",
        "text": "REVS, JUMBLR, WLC and COQUI are \"pending\" <https:\/\/github.com\/kyuupichan\/electrumx\/pull\/322> ... my intention was to first get all KMD assetchains+CHIPS and then update all electrumx-aws-instances with that code and with all assetchains ... i am a bit stuck -&gt; see pull request comments :wink:",
        "attachments": [
            {
                "service_name": "GitHub",
                "title": "add REVS, JUMBLR, WLC and COQUI by cipig · Pull Request #322 · kyuupichan\/electrumx",
                "title_link": "https:\/\/github.com\/kyuupichan\/electrumx\/pull\/322",
                "text": "electrumx - Alternative implementation of spesmilo\/electrum-server",
                "fallback": "GitHub: add REVS, JUMBLR, WLC and COQUI by cipig · Pull Request #322 · kyuupichan\/electrumx",
                "from_url": "https:\/\/github.com\/kyuupichan\/electrumx\/pull\/322",
                "thumb_url": "https:\/\/avatars0.githubusercontent.com\/u\/32116761?s=400&v=4",
                "thumb_width": 250,
                "thumb_height": 250,
                "service_icon": "https:\/\/a.slack-edge.com\/bfaba\/img\/unfurl_icons\/github.png",
                "id": 1
            }
        ],
        "ts": "1512006841.000267"
    },
    {
        "type": "message",
        "user": "U2Q1DP6EQ",
        "text": "it is weird because someone else wrote that EquihashMixin and i thought it was already covered by the tests...",
        "ts": "1512006921.000027"
    },
    {
        "type": "message",
        "user": "U6U67BH37",
        "text": "he wrote it",
        "ts": "1512006991.000272"
    },
    {
        "type": "message",
        "user": "U2Q1DP6EQ",
        "text": "but i think he simply wants help in writing all the missing tests, not sure if i am the right person for doing this,",
        "ts": "1512006999.000217"
    },
    {
        "type": "message",
        "user": "U6U67BH37",
        "text": "maybe he forgot he wrote it, or now he wants tests, because lots of people are using",
        "ts": "1512007009.000113"
    },
    {
        "type": "message",
        "user": "U6U67BH37",
        "text": "<@U2Q1DP6EQ> i got your back, I commented and asked for clarification: <https:\/\/github.com\/kyuupichan\/electrumx\/pull\/322#issuecomment-348058011>",
        "attachments": [
            {
                "service_name": "GitHub",
                "title": "add REVS, JUMBLR, WLC and COQUI by cipig · Pull Request #322 · kyuupichan\/electrumx",
                "title_link": "https:\/\/github.com\/kyuupichan\/electrumx\/pull\/322#issuecomment-348058011",
                "text": "electrumx - Alternative implementation of spesmilo\/electrum-server",
                "fallback": "GitHub: add REVS, JUMBLR, WLC and COQUI by cipig · Pull Request #322 · kyuupichan\/electrumx",
                "from_url": "https:\/\/github.com\/kyuupichan\/electrumx\/pull\/322#issuecomment-348058011",
                "thumb_url": "https:\/\/avatars0.githubusercontent.com\/u\/32116761?s=400&v=4",
                "thumb_width": 250,
                "thumb_height": 250,
                "service_icon": "https:\/\/a.slack-edge.com\/bfaba\/img\/unfurl_icons\/github.png",
                "id": 1
            }
        ],
        "ts": "1512007034.000206"
    },
    {
        "type": "message",
        "user": "U2Q1DP6EQ",
        "text": "lol ... thank you",
        "ts": "1512007046.000019"
    },
    {
        "type": "message",
        "user": "U6U67BH37",
        "text": "<@U2Q1DP6EQ> i can write python tests easily, i just need to know wtf he wants",
        "ts": "1512007049.000030"
    },
    {
        "type": "message",
        "user": "U6U67BH37",
        "text": "he was so cryptic trying to help me write the json test data",
        "ts": "1512007063.000180"
    },
    {
        "type": "message",
        "user": "U2Q1DP6EQ",
        "text": "yes, it also took me some time to understand how the data has to look like...",
        "ts": "1512007120.000270"
    },
    {
        "type": "message",
        "user": "U2Q1DP6EQ",
        "text": "atm i am syncing BTG, it already has electrum-support, but it is a mess because the blockchain is huge, like BTC, of course... and i saw SIB got added too recently, wanted to add that too to my electrums, but first i need to update the code",
        "ts": "1512007319.000155"
    },
    {
        "type": "message",
        "user": "U6U67BH37",
        "text": "BTG is a mess",
        "ts": "1512007419.000155"
    },
    {
        "type": "message",
        "user": "U6U67BH37",
        "text": "I was actually giving them code review a while, I pointed them to jl777's 2way replay support",
        "ts": "1512007445.000087"
    },
    {
        "type": "message",
        "user": "U6U67BH37",
        "text": "but then the loonies took over the asylum and I never looked back",
        "ts": "1512007462.000179"
    },
    {
        "type": "message",
        "user": "U6U67BH37",
        "text": "they inherited entire BTC utxo set",
        "ts": "1512007485.000004"
    },
    {
        "type": "message",
        "user": "U6U67BH37",
        "text": "changed address formats for both normal and P2SH under my recommendation",
        "ts": "1512007497.000198"
    },
    {
        "type": "message",
        "user": "U6U67BH37",
        "text": "they almost didn't change their ports until i shamed them into doing it",
        "ts": "1512007546.000151"
    },
    {
        "type": "message",
        "user": "U2Q1DP6EQ",
        "text": "lol, the rpcport is still the same as BTC (8332), so that one they didn't changed, could be they changed the tcpport, didn't looked at it",
        "ts": "1512007642.000067"
    },
    {
        "type": "message",
        "user": "U6U67BH37",
        "text": "lol, they only changed the p2p port",
        "ts": "1512007659.000072"
    },
    {
        "type": "message",
        "user": "U2Q1DP6EQ",
        "text": "yes",
        "ts": "1512007665.000071"
    },
    {
        "type": "message",
        "user": "U6U67BH37",
        "text": "they really don't know what they are doing at all",
        "ts": "1512007666.000266"
    },
    {
        "type": "message",
        "user": "U6U67BH37",
        "text": "anons have dropped the best code that exists in BTG",
        "ts": "1512007686.000241"
    },
    {
        "type": "message",
        "user": "U2Q1DP6EQ",
        "text": "problem is only they are #6 on cmc...",
        "ts": "1512007700.000139"
    },
    {
        "type": "message",
        "user": "U6U67BH37",
        "text": "<@U2Q1DP6EQ> prepare for <http:\/\/supersmartbitcoin.com\/>",
        "ts": "1512007736.000024"
    },
    {
        "type": "message",
        "user": "U6U67BH37",
        "text": "yep, it's coming",
        "ts": "1512007739.000107"
    },
    {
        "type": "message",
        "user": "U2Q1DP6EQ",
        "text": "omg, this will never end :slightly_smiling_face:",
        "ts": "1512007769.000198"
    },
    {
        "type": "message",
        "text": "",
        "files": [
            {
                "id": "F87KMPY3F",
                "created": 1512007807,
                "timestamp": 1512007807,
                "name": "show_me_the_coins.png",
                "title": "Show Me The Coins!!!",
                "mimetype": "image\/png",
                "filetype": "png",
                "pretty_type": "PNG",
                "user": "U6U67BH37",
                "editable": false,
                "size": 192252,
                "mode": "hosted",
                "is_external": false,
                "external_type": "",
                "is_public": true,
                "public_url_shared": false,
                "display_as_bot": false,
                "username": "",
                "url_private": "https:\/\/files.slack.com\/files-pri\/T02LAJBUW-F87KMPY3F\/show_me_the_coins.png?t=xoxe-2690623982-420508393732-420508393844-55126cc98091fbe0399fac3c66f6ed8e",
                "url_private_download": "https:\/\/files.slack.com\/files-pri\/T02LAJBUW-F87KMPY3F\/download\/show_me_the_coins.png?t=xoxe-2690623982-420508393732-420508393844-55126cc98091fbe0399fac3c66f6ed8e",
                "thumb_64": "https:\/\/files.slack.com\/files-tmb\/T02LAJBUW-F87KMPY3F-0671770ef6\/show_me_the_coins_64.png?t=xoxe-2690623982-420508393732-420508393844-55126cc98091fbe0399fac3c66f6ed8e",
                "thumb_80": "https:\/\/files.slack.com\/files-tmb\/T02LAJBUW-F87KMPY3F-0671770ef6\/show_me_the_coins_80.png?t=xoxe-2690623982-420508393732-420508393844-55126cc98091fbe0399fac3c66f6ed8e",
                "thumb_360": "https:\/\/files.slack.com\/files-tmb\/T02LAJBUW-F87KMPY3F-0671770ef6\/show_me_the_coins_360.png?t=xoxe-2690623982-420508393732-420508393844-55126cc98091fbe0399fac3c66f6ed8e",
                "thumb_360_w": 312,
                "thumb_360_h": 360,
                "thumb_160": "https:\/\/files.slack.com\/files-tmb\/T02LAJBUW-F87KMPY3F-0671770ef6\/show_me_the_coins_160.png?t=xoxe-2690623982-420508393732-420508393844-55126cc98091fbe0399fac3c66f6ed8e",
                "image_exif_rotation": 1,
                "original_w": 318,
                "original_h": 367,
                "permalink": "https:\/\/komodo-platform.slack.com\/files\/U6U67BH37\/F87KMPY3F\/show_me_the_coins.png",
                "permalink_public": "https:\/\/slack-files.com\/T02LAJBUW-F87KMPY3F-6c964977d2"
            }
        ],
        "upload": true,
        "user": "U6U67BH37",
        "display_as_bot": false,
        "ts": "1512007809.000132"
    },
    {
        "type": "message",
        "user": "U2Q1DP6EQ",
        "text": "haha... btw, i think QTUM and PIVX could be interesting candidates for next electrumx-inclusion, we have both in barterdex, but no electrum-config for it",
        "ts": "1512007873.000159"
    },
    {
        "type": "message",
        "user": "U6U67BH37",
        "text": "coooolsies",
        "ts": "1512007884.000140"
    },
    {
        "type": "message",
        "user": "U33CGLNNR",
        "text": "do you guys see any revs orders?",
        "ts": "1512010435.000003"
    },
    {
        "type": "message",
        "user": "U2Q1DP6EQ",
        "text": "no, i see no REVS-orderbook...",
        "ts": "1512013070.000097"
    },
    {
        "type": "message",
        "user": "U2Q1DP6EQ",
        "text": "when electrum-server does not disconnect mm (all electrums on the list does not do that, only the one i used for my own testing), electrum-swaps are working great, cpu-usage is low... i will let the buy-loop run and go get some sleep",
        "ts": "1512013262.000147"
    },
    {
        "type": "message",
        "user": "U6U67BH37",
        "text": "<@U2Q1DP6EQ> i think he is asking for test json data, really indirectly, which I thought you had added for those coins",
        "ts": "1512017682.000092"
    },
    {
        "type": "message",
        "user": "U6U67BH37",
        "text": "<@U2Q1DP6EQ> adding the test blocks to the json data directory automates runs those functions on the test data, he is just confusing the hell out of us I think",
        "edited": {
            "user": "U6U67BH37",
            "ts": "1512017752.000000"
        },
        "ts": "1512017733.000100"
    },
    {
        "type": "message",
        "user": "U6U67BH37",
        "text": "<@U2Q1DP6EQ> i don't have nodes of those coins around, so I don't think I am much help to you, you just need to make the exact same test .json file for each coin and the troll will let you over the bridge",
        "ts": "1512017969.000150"
    },
    {
        "type": "message",
        "user": "U02LQ1WHQ",
        "text": "<@U2Q1DP6EQ> I pushed a possible fix for the 100% CPU usage, pretty sure it is from the new electrum multi-part handling. I added a poll call to wait for data available, before it was just looping on the recv and it does seem if the electrum server was slow in returning data it would do 100% CPU",
        "ts": "1512019961.000029"
    },
    {
        "type": "message",
        "user": "U5VUWSR0D",
        "text": "how does instantdex for non KMD pairs like CHIPS\/MNZ does it work? if the max size calculated by current ask?",
        "ts": "1512027868.000064"
    },
    {
        "type": "message",
        "user": "U02LQ1WHQ",
        "text": "orderbook volumes denominated in the rel currency, so for CHIPS\/MNZ it would be in MNZ",
        "ts": "1512027938.000240"
    },
    {
        "type": "message",
        "user": "U5VUWSR0D",
        "text": "thanks",
        "ts": "1512028248.000167"
    }
]