[
    {
        "type": "message",
        "text": "I got error with barterDEX (buildog)",
        "files": [
            {
                "id": "F7MT6B41Z",
                "created": 1508657568,
                "timestamp": 1508657568,
                "name": "Screenshot from 2017-10-22 16-31-19.png",
                "title": "Screenshot from 2017-10-22 16-31-19.png",
                "mimetype": "image\/png",
                "filetype": "png",
                "pretty_type": "PNG",
                "user": "U4PNWF8Q5",
                "editable": false,
                "size": 137868,
                "mode": "hosted",
                "is_external": false,
                "external_type": "",
                "is_public": true,
                "public_url_shared": false,
                "display_as_bot": false,
                "username": "",
                "url_private": "https:\/\/files.slack.com\/files-pri\/T02LAJBUW-F7MT6B41Z\/screenshot_from_2017-10-22_16-31-19.png?t=xoxe-2690623982-420508393732-420508393844-55126cc98091fbe0399fac3c66f6ed8e",
                "url_private_download": "https:\/\/files.slack.com\/files-pri\/T02LAJBUW-F7MT6B41Z\/download\/screenshot_from_2017-10-22_16-31-19.png?t=xoxe-2690623982-420508393732-420508393844-55126cc98091fbe0399fac3c66f6ed8e",
                "thumb_64": "https:\/\/files.slack.com\/files-tmb\/T02LAJBUW-F7MT6B41Z-6e904d919c\/screenshot_from_2017-10-22_16-31-19_64.png?t=xoxe-2690623982-420508393732-420508393844-55126cc98091fbe0399fac3c66f6ed8e",
                "thumb_80": "https:\/\/files.slack.com\/files-tmb\/T02LAJBUW-F7MT6B41Z-6e904d919c\/screenshot_from_2017-10-22_16-31-19_80.png?t=xoxe-2690623982-420508393732-420508393844-55126cc98091fbe0399fac3c66f6ed8e",
                "thumb_360": "https:\/\/files.slack.com\/files-tmb\/T02LAJBUW-F7MT6B41Z-6e904d919c\/screenshot_from_2017-10-22_16-31-19_360.png?t=xoxe-2690623982-420508393732-420508393844-55126cc98091fbe0399fac3c66f6ed8e",
                "thumb_360_w": 360,
                "thumb_360_h": 292,
                "thumb_480": "https:\/\/files.slack.com\/files-tmb\/T02LAJBUW-F7MT6B41Z-6e904d919c\/screenshot_from_2017-10-22_16-31-19_480.png?t=xoxe-2690623982-420508393732-420508393844-55126cc98091fbe0399fac3c66f6ed8e",
                "thumb_480_w": 480,
                "thumb_480_h": 389,
                "thumb_160": "https:\/\/files.slack.com\/files-tmb\/T02LAJBUW-F7MT6B41Z-6e904d919c\/screenshot_from_2017-10-22_16-31-19_160.png?t=xoxe-2690623982-420508393732-420508393844-55126cc98091fbe0399fac3c66f6ed8e",
                "thumb_720": "https:\/\/files.slack.com\/files-tmb\/T02LAJBUW-F7MT6B41Z-6e904d919c\/screenshot_from_2017-10-22_16-31-19_720.png?t=xoxe-2690623982-420508393732-420508393844-55126cc98091fbe0399fac3c66f6ed8e",
                "thumb_720_w": 720,
                "thumb_720_h": 584,
                "thumb_800": "https:\/\/files.slack.com\/files-tmb\/T02LAJBUW-F7MT6B41Z-6e904d919c\/screenshot_from_2017-10-22_16-31-19_800.png?t=xoxe-2690623982-420508393732-420508393844-55126cc98091fbe0399fac3c66f6ed8e",
                "thumb_800_w": 800,
                "thumb_800_h": 649,
                "thumb_960": "https:\/\/files.slack.com\/files-tmb\/T02LAJBUW-F7MT6B41Z-6e904d919c\/screenshot_from_2017-10-22_16-31-19_960.png?t=xoxe-2690623982-420508393732-420508393844-55126cc98091fbe0399fac3c66f6ed8e",
                "thumb_960_w": 960,
                "thumb_960_h": 778,
                "image_exif_rotation": 1,
                "original_w": 993,
                "original_h": 805,
                "permalink": "https:\/\/komodo-platform.slack.com\/files\/U4PNWF8Q5\/F7MT6B41Z\/screenshot_from_2017-10-22_16-31-19.png",
                "permalink_public": "https:\/\/slack-files.com\/T02LAJBUW-F7MT6B41Z-10f5b2e77e"
            }
        ],
        "upload": true,
        "user": "U4PNWF8Q5",
        "display_as_bot": false,
        "ts": "1508657570.000021"
    },
    {
        "type": "message",
        "user": "U03SKEFEL",
        "text": "do this: `npm run dist`",
        "ts": "1508657927.000030"
    },
    {
        "type": "message",
        "user": "U03SKEFEL",
        "text": "and then `npm start`",
        "ts": "1508657934.000049"
    },
    {
        "type": "message",
        "user": "U4PNWF8Q5",
        "text": "thanks, i'm trying",
        "ts": "1508658727.000059"
    },
    {
        "type": "message",
        "user": "U4PNWF8Q5",
        "text": "same failuer :disappointed:",
        "ts": "1508658819.000013"
    },
    {
        "type": "message",
        "user": "U5VUWSR0D",
        "text": "So I managed to build it on Windows but it does not go any further after entering (different passphrases) any idea? Clicking on Login does not do anything.",
        "ts": "1508662216.000073"
    },
    {
        "type": "message",
        "text": "",
        "files": [
            {
                "id": "F7P2RB8HM",
                "created": 1508662226,
                "timestamp": 1508662226,
                "name": "Pasted image at 2017_10_22 10_50 AM.png",
                "title": "Pasted image at 2017-10-22, 10:50 AM",
                "mimetype": "image\/png",
                "filetype": "png",
                "pretty_type": "PNG",
                "user": "U5VUWSR0D",
                "editable": false,
                "size": 37250,
                "mode": "hosted",
                "is_external": false,
                "external_type": "",
                "is_public": true,
                "public_url_shared": false,
                "display_as_bot": false,
                "username": "",
                "url_private": "https:\/\/files.slack.com\/files-pri\/T02LAJBUW-F7P2RB8HM\/pasted_image_at_2017_10_22_10_50_am.png?t=xoxe-2690623982-420508393732-420508393844-55126cc98091fbe0399fac3c66f6ed8e",
                "url_private_download": "https:\/\/files.slack.com\/files-pri\/T02LAJBUW-F7P2RB8HM\/download\/pasted_image_at_2017_10_22_10_50_am.png?t=xoxe-2690623982-420508393732-420508393844-55126cc98091fbe0399fac3c66f6ed8e",
                "thumb_64": "https:\/\/files.slack.com\/files-tmb\/T02LAJBUW-F7P2RB8HM-8b26d6870d\/pasted_image_at_2017_10_22_10_50_am_64.png?t=xoxe-2690623982-420508393732-420508393844-55126cc98091fbe0399fac3c66f6ed8e",
                "thumb_80": "https:\/\/files.slack.com\/files-tmb\/T02LAJBUW-F7P2RB8HM-8b26d6870d\/pasted_image_at_2017_10_22_10_50_am_80.png?t=xoxe-2690623982-420508393732-420508393844-55126cc98091fbe0399fac3c66f6ed8e",
                "thumb_360": "https:\/\/files.slack.com\/files-tmb\/T02LAJBUW-F7P2RB8HM-8b26d6870d\/pasted_image_at_2017_10_22_10_50_am_360.png?t=xoxe-2690623982-420508393732-420508393844-55126cc98091fbe0399fac3c66f6ed8e",
                "thumb_360_w": 213,
                "thumb_360_h": 360,
                "thumb_480": "https:\/\/files.slack.com\/files-tmb\/T02LAJBUW-F7P2RB8HM-8b26d6870d\/pasted_image_at_2017_10_22_10_50_am_480.png?t=xoxe-2690623982-420508393732-420508393844-55126cc98091fbe0399fac3c66f6ed8e",
                "thumb_480_w": 284,
                "thumb_480_h": 480,
                "thumb_160": "https:\/\/files.slack.com\/files-tmb\/T02LAJBUW-F7P2RB8HM-8b26d6870d\/pasted_image_at_2017_10_22_10_50_am_160.png?t=xoxe-2690623982-420508393732-420508393844-55126cc98091fbe0399fac3c66f6ed8e",
                "thumb_720": "https:\/\/files.slack.com\/files-tmb\/T02LAJBUW-F7P2RB8HM-8b26d6870d\/pasted_image_at_2017_10_22_10_50_am_720.png?t=xoxe-2690623982-420508393732-420508393844-55126cc98091fbe0399fac3c66f6ed8e",
                "thumb_720_w": 426,
                "thumb_720_h": 720,
                "image_exif_rotation": 1,
                "original_w": 456,
                "original_h": 770,
                "permalink": "https:\/\/komodo-platform.slack.com\/files\/U5VUWSR0D\/F7P2RB8HM\/pasted_image_at_2017_10_22_10_50_am.png",
                "permalink_public": "https:\/\/slack-files.com\/T02LAJBUW-F7P2RB8HM-e6da9ae3cc"
            }
        ],
        "upload": true,
        "user": "U5VUWSR0D",
        "display_as_bot": false,
        "ts": "1508662228.000014"
    },
    {
        "type": "message",
        "user": "U03SKEFEL",
        "text": "does it have decker's windows marketmaker build in it?",
        "ts": "1508663418.000003"
    },
    {
        "type": "message",
        "user": "U5VUWSR0D",
        "text": "I had to manually add it as per instructions but yes the latest version is it it's place",
        "ts": "1508663886.000009"
    },
    {
        "user": "U6XKKBDNF",
        "text": "<@U6XKKBDNF> has joined the channel",
        "type": "message",
        "subtype": "channel_join",
        "ts": "1508663916.000004"
    },
    {
        "type": "message",
        "user": "U3ZG5SUD6",
        "text": "<@U5VUWSR0D> I have the same issue, followed the guide and all good.  Barterdex starts, I enter the passphrase but cant login",
        "edited": {
            "user": "U3ZG5SUD6",
            "ts": "1508664389.000000"
        },
        "ts": "1508664342.000016"
    },
    {
        "type": "message",
        "text": "",
        "files": [
            {
                "id": "F7P2USW95",
                "created": 1508664497,
                "timestamp": 1508664497,
                "name": "image.png",
                "title": "image.png",
                "mimetype": "image\/png",
                "filetype": "png",
                "pretty_type": "PNG",
                "user": "U3ZG5SUD6",
                "editable": false,
                "size": 15642,
                "mode": "hosted",
                "is_external": false,
                "external_type": "",
                "is_public": true,
                "public_url_shared": false,
                "display_as_bot": false,
                "username": "",
                "url_private": "https:\/\/files.slack.com\/files-pri\/T02LAJBUW-F7P2USW95\/image.png?t=xoxe-2690623982-420508393732-420508393844-55126cc98091fbe0399fac3c66f6ed8e",
                "url_private_download": "https:\/\/files.slack.com\/files-pri\/T02LAJBUW-F7P2USW95\/download\/image.png?t=xoxe-2690623982-420508393732-420508393844-55126cc98091fbe0399fac3c66f6ed8e",
                "thumb_64": "https:\/\/files.slack.com\/files-tmb\/T02LAJBUW-F7P2USW95-e961a93ba5\/image_64.png?t=xoxe-2690623982-420508393732-420508393844-55126cc98091fbe0399fac3c66f6ed8e",
                "thumb_80": "https:\/\/files.slack.com\/files-tmb\/T02LAJBUW-F7P2USW95-e961a93ba5\/image_80.png?t=xoxe-2690623982-420508393732-420508393844-55126cc98091fbe0399fac3c66f6ed8e",
                "thumb_360": "https:\/\/files.slack.com\/files-tmb\/T02LAJBUW-F7P2USW95-e961a93ba5\/image_360.png?t=xoxe-2690623982-420508393732-420508393844-55126cc98091fbe0399fac3c66f6ed8e",
                "thumb_360_w": 205,
                "thumb_360_h": 360,
                "thumb_480": "https:\/\/files.slack.com\/files-tmb\/T02LAJBUW-F7P2USW95-e961a93ba5\/image_480.png?t=xoxe-2690623982-420508393732-420508393844-55126cc98091fbe0399fac3c66f6ed8e",
                "thumb_480_w": 274,
                "thumb_480_h": 480,
                "thumb_160": "https:\/\/files.slack.com\/files-tmb\/T02LAJBUW-F7P2USW95-e961a93ba5\/image_160.png?t=xoxe-2690623982-420508393732-420508393844-55126cc98091fbe0399fac3c66f6ed8e",
                "image_exif_rotation": 1,
                "original_w": 379,
                "original_h": 665,
                "permalink": "https:\/\/komodo-platform.slack.com\/files\/U3ZG5SUD6\/F7P2USW95\/image.png",
                "permalink_public": "https:\/\/slack-files.com\/T02LAJBUW-F7P2USW95-57879ca159"
            }
        ],
        "upload": true,
        "user": "U3ZG5SUD6",
        "display_as_bot": false,
        "ts": "1508664498.000057"
    },
    {
        "type": "message",
        "user": "U5VUWSR0D",
        "text": "ok thanks ping me if you manage it resolve it",
        "ts": "1508664665.000094"
    },
    {
        "type": "message",
        "user": "U037WCD9N",
        "text": "<@U5VUWSR0D> do you see any errors on command line console?",
        "ts": "1508665167.000054"
    },
    {
        "type": "message",
        "user": "U037WCD9N",
        "text": "Hit tab and enter after giving seed? Mouse might not work when clicking login.",
        "edited": {
            "user": "U037WCD9N",
            "ts": "1508665325.000000"
        },
        "ts": "1508665220.000041"
    },
    {
        "type": "message",
        "user": "U037WCD9N",
        "text": "I had same problem bulldogs version.",
        "ts": "1508665267.000031"
    },
    {
        "type": "message",
        "user": "U037WCD9N",
        "text": "<@U3ZG5SUD6> ",
        "ts": "1508665356.000045"
    },
    {
        "type": "message",
        "user": "U5VUWSR0D",
        "text": "C:\\BarterDEX&gt;npm start\n\n&gt; barterDEX@0.0.1 start C:\\BarterDEX\n&gt; cross-env NODE_ENV=production electron .\/main\n\n\nundefined\\marketmaker",
        "ts": "1508665366.000044"
    },
    {
        "type": "message",
        "user": "U5VUWSR0D",
        "text": "that's all",
        "ts": "1508665381.000038"
    },
    {
        "type": "message",
        "user": "U5VUWSR0D",
        "text": "tap did not work for me",
        "ts": "1508665387.000052"
    },
    {
        "type": "message",
        "user": "U5VUWSR0D",
        "text": "when I close the app this is printed to the console",
        "ts": "1508665508.000055"
    },
    {
        "type": "message",
        "user": "U5VUWSR0D",
        "text": "undefined\\marketmaker\n\nnpm ERR! Windows_NT 10.0.15063\nnpm ERR! argv \"C:\\\\nodejs\\\\node.exe\" \"C:\\\\nodejs\\\\node_modules\\\\npm\\\\bin\\\\npm-cli.js\" \"start\"\nnpm ERR! node v6.11.4\nnpm ERR! npm  v3.10.10\nnpm ERR! code ELIFECYCLE\nnpm ERR! barterDEX@0.0.1 start: `cross-env NODE_ENV=production electron .\/main`\nnpm ERR! Exit status 3221225477\nnpm ERR!\nnpm ERR! Failed at the barterDEX@0.0.1 start script 'cross-env NODE_ENV=production electron .\/main'.\nnpm ERR! Make sure you have the latest version of node.js and npm installed.\nnpm ERR! If you do, this is most likely a problem with the barterDEX package,\nnpm ERR! not with npm itself.\nnpm ERR! Tell the author that this fails on your system:\nnpm ERR!     cross-env NODE_ENV=production electron .\/main\nnpm ERR! You can get information on how to open an issue for this project with:\nnpm ERR!     npm bugs barterDEX\nnpm ERR! Or if that isn't available, you can get their info via:\nnpm ERR!     npm owner ls barterDEX\nnpm ERR! There is likely additional logging output above.\n\nnpm ERR! Please include the following file with any support request:\nnpm ERR!     C:\\BarterDEX\\npm-debug.log\n\nC:\\BarterDEX&gt;",
        "ts": "1508665510.000066"
    },
    {
        "type": "message",
        "user": "U3ZG5SUD6",
        "text": "also get \"undefined\\marketmaker\"  is that the issue?",
        "ts": "1508665512.000022"
    },
    {
        "type": "message",
        "user": "U3ZG5SUD6",
        "text": "update",
        "ts": "1508665542.000036"
    },
    {
        "type": "message",
        "user": "U3ZG5SUD6",
        "text": "Tab followed by enter worked :slightly_smiling_face:",
        "ts": "1508665553.000030"
    },
    {
        "type": "message",
        "user": "U037WCD9N",
        "text": "<@U6ZCE4P24> I saw same on your version when running  on Windows. I think marketmaker directory is not defined correctly on Windows.",
        "ts": "1508665555.000013"
    },
    {
        "type": "message",
        "user": "U3ZG5SUD6",
        "text": "well its logging in currently",
        "ts": "1508665571.000008"
    },
    {
        "type": "message",
        "user": "U5VUWSR0D",
        "text": "cool TAP end ENTER",
        "ts": "1508665611.000038"
    },
    {
        "type": "message",
        "text": "",
        "files": [
            {
                "id": "F7N4GDNE9",
                "created": 1508665612,
                "timestamp": 1508665612,
                "name": "image.png",
                "title": "image.png",
                "mimetype": "image\/png",
                "filetype": "png",
                "pretty_type": "PNG",
                "user": "U3ZG5SUD6",
                "editable": false,
                "size": 5305,
                "mode": "hosted",
                "is_external": false,
                "external_type": "",
                "is_public": true,
                "public_url_shared": false,
                "display_as_bot": false,
                "username": "",
                "url_private": "https:\/\/files.slack.com\/files-pri\/T02LAJBUW-F7N4GDNE9\/image.png?t=xoxe-2690623982-420508393732-420508393844-55126cc98091fbe0399fac3c66f6ed8e",
                "url_private_download": "https:\/\/files.slack.com\/files-pri\/T02LAJBUW-F7N4GDNE9\/download\/image.png?t=xoxe-2690623982-420508393732-420508393844-55126cc98091fbe0399fac3c66f6ed8e",
                "thumb_64": "https:\/\/files.slack.com\/files-tmb\/T02LAJBUW-F7N4GDNE9-eda44a57fc\/image_64.png?t=xoxe-2690623982-420508393732-420508393844-55126cc98091fbe0399fac3c66f6ed8e",
                "thumb_80": "https:\/\/files.slack.com\/files-tmb\/T02LAJBUW-F7N4GDNE9-eda44a57fc\/image_80.png?t=xoxe-2690623982-420508393732-420508393844-55126cc98091fbe0399fac3c66f6ed8e",
                "thumb_360": "https:\/\/files.slack.com\/files-tmb\/T02LAJBUW-F7N4GDNE9-eda44a57fc\/image_360.png?t=xoxe-2690623982-420508393732-420508393844-55126cc98091fbe0399fac3c66f6ed8e",
                "thumb_360_w": 199,
                "thumb_360_h": 360,
                "thumb_480": "https:\/\/files.slack.com\/files-tmb\/T02LAJBUW-F7N4GDNE9-eda44a57fc\/image_480.png?t=xoxe-2690623982-420508393732-420508393844-55126cc98091fbe0399fac3c66f6ed8e",
                "thumb_480_w": 266,
                "thumb_480_h": 480,
                "thumb_160": "https:\/\/files.slack.com\/files-tmb\/T02LAJBUW-F7N4GDNE9-eda44a57fc\/image_160.png?t=xoxe-2690623982-420508393732-420508393844-55126cc98091fbe0399fac3c66f6ed8e",
                "image_exif_rotation": 1,
                "original_w": 369,
                "original_h": 666,
                "permalink": "https:\/\/komodo-platform.slack.com\/files\/U3ZG5SUD6\/F7N4GDNE9\/image.png",
                "permalink_public": "https:\/\/slack-files.com\/T02LAJBUW-F7N4GDNE9-b658d16c1b"
            }
        ],
        "upload": true,
        "user": "U3ZG5SUD6",
        "display_as_bot": false,
        "ts": "1508665613.000034"
    },
    {
        "type": "message",
        "user": "U5VUWSR0D",
        "text": "ok now I get coinlistfile doesn't exists\nFile copied! \n\ninvestigatng",
        "ts": "1508665656.000013"
    },
    {
        "type": "message",
        "user": "U3ZG5SUD6",
        "text": "seems to be stuck there now",
        "edited": {
            "user": "U3ZG5SUD6",
            "ts": "1508665669.000000"
        },
        "ts": "1508665661.000016"
    },
    {
        "type": "message",
        "user": "U037WCD9N",
        "text": "On buildog's version got me stuck on this point. It's said that defined directory not found. Then I copied marketmaker on undefined\\marketmaker but then error was directory structure is too long.",
        "ts": "1508665738.000016"
    },
    {
        "type": "message",
        "user": "U037WCD9N",
        "text": "<@U5VUWSR0D> <@U3ZG5SUD6> are you running <@U5UHJM2K1> version currently?",
        "ts": "1508665865.000007"
    },
    {
        "type": "message",
        "user": "U3ZG5SUD6",
        "text": "yes, followed deckers guide above",
        "ts": "1508665895.000016"
    },
    {
        "type": "message",
        "user": "U5VUWSR0D",
        "text": "yes decker vesion 0.07 alpha",
        "ts": "1508665895.000031"
    },
    {
        "type": "message",
        "user": "U3ZG5SUD6",
        "text": "yes",
        "ts": "1508665921.000074"
    },
    {
        "type": "message",
        "text": "that's the current console output",
        "files": [
            {
                "id": "F7MAM8ARW",
                "created": 1508666021,
                "timestamp": 1508666021,
                "name": "Pasted image at 2017_10_22 11_53 AM.png",
                "title": "Pasted image at 2017-10-22, 11:53 AM",
                "mimetype": "image\/png",
                "filetype": "png",
                "pretty_type": "PNG",
                "user": "U5VUWSR0D",
                "editable": false,
                "size": 13787,
                "mode": "hosted",
                "is_external": false,
                "external_type": "",
                "is_public": true,
                "public_url_shared": false,
                "display_as_bot": false,
                "username": "",
                "url_private": "https:\/\/files.slack.com\/files-pri\/T02LAJBUW-F7MAM8ARW\/pasted_image_at_2017_10_22_11_53_am.png?t=xoxe-2690623982-420508393732-420508393844-55126cc98091fbe0399fac3c66f6ed8e",
                "url_private_download": "https:\/\/files.slack.com\/files-pri\/T02LAJBUW-F7MAM8ARW\/download\/pasted_image_at_2017_10_22_11_53_am.png?t=xoxe-2690623982-420508393732-420508393844-55126cc98091fbe0399fac3c66f6ed8e",
                "thumb_64": "https:\/\/files.slack.com\/files-tmb\/T02LAJBUW-F7MAM8ARW-5cb3123f78\/pasted_image_at_2017_10_22_11_53_am_64.png?t=xoxe-2690623982-420508393732-420508393844-55126cc98091fbe0399fac3c66f6ed8e",
                "thumb_80": "https:\/\/files.slack.com\/files-tmb\/T02LAJBUW-F7MAM8ARW-5cb3123f78\/pasted_image_at_2017_10_22_11_53_am_80.png?t=xoxe-2690623982-420508393732-420508393844-55126cc98091fbe0399fac3c66f6ed8e",
                "thumb_360": "https:\/\/files.slack.com\/files-tmb\/T02LAJBUW-F7MAM8ARW-5cb3123f78\/pasted_image_at_2017_10_22_11_53_am_360.png?t=xoxe-2690623982-420508393732-420508393844-55126cc98091fbe0399fac3c66f6ed8e",
                "thumb_360_w": 360,
                "thumb_360_h": 60,
                "thumb_480": "https:\/\/files.slack.com\/files-tmb\/T02LAJBUW-F7MAM8ARW-5cb3123f78\/pasted_image_at_2017_10_22_11_53_am_480.png?t=xoxe-2690623982-420508393732-420508393844-55126cc98091fbe0399fac3c66f6ed8e",
                "thumb_480_w": 480,
                "thumb_480_h": 80,
                "thumb_160": "https:\/\/files.slack.com\/files-tmb\/T02LAJBUW-F7MAM8ARW-5cb3123f78\/pasted_image_at_2017_10_22_11_53_am_160.png?t=xoxe-2690623982-420508393732-420508393844-55126cc98091fbe0399fac3c66f6ed8e",
                "thumb_720": "https:\/\/files.slack.com\/files-tmb\/T02LAJBUW-F7MAM8ARW-5cb3123f78\/pasted_image_at_2017_10_22_11_53_am_720.png?t=xoxe-2690623982-420508393732-420508393844-55126cc98091fbe0399fac3c66f6ed8e",
                "thumb_720_w": 720,
                "thumb_720_h": 120,
                "thumb_800": "https:\/\/files.slack.com\/files-tmb\/T02LAJBUW-F7MAM8ARW-5cb3123f78\/pasted_image_at_2017_10_22_11_53_am_800.png?t=xoxe-2690623982-420508393732-420508393844-55126cc98091fbe0399fac3c66f6ed8e",
                "thumb_800_w": 800,
                "thumb_800_h": 133,
                "image_exif_rotation": 1,
                "original_w": 933,
                "original_h": 155,
                "permalink": "https:\/\/komodo-platform.slack.com\/files\/U5VUWSR0D\/F7MAM8ARW\/pasted_image_at_2017_10_22_11_53_am.png",
                "permalink_public": "https:\/\/slack-files.com\/T02LAJBUW-F7MAM8ARW-eab967099f"
            }
        ],
        "upload": true,
        "user": "U5VUWSR0D",
        "display_as_bot": false,
        "ts": "1508666023.000036"
    },
    {
        "type": "message",
        "user": "U037WCD9N",
        "text": "i will try compile deckers version now.",
        "ts": "1508666054.000040"
    },
    {
        "type": "message",
        "user": "U02QSHX81",
        "text": "Guys, I'm uploading a windows version on my drive now. Compiled based a working version from my Ubuntu. MNZ still doesn't work. <@U6ZCE4P24> has to make this work.",
        "ts": "1508666208.000040",
        "reactions": [
            {
                "name": "+1",
                "users": [
                    "U3ZG5SUD6"
                ],
                "count": 1
            }
        ]
    },
    {
        "type": "message",
        "user": "U02QSHX81",
        "text": "<https:\/\/drive.google.com\/open?id=0B_hln9WZrB2cSGkxMjBiWks3dUE>",
        "ts": "1508666255.000032"
    },
    {
        "type": "message",
        "user": "U02QSHX81",
        "text": "Try this one and please let me know if this works on windows.",
        "ts": "1508666385.000047"
    },
    {
        "type": "message",
        "user": "U02QSHX81",
        "text": "In my test it started up without issue. But, didn't test much.",
        "ts": "1508666439.000067"
    },
    {
        "type": "message",
        "user": "U02QSHX81",
        "text": "All the needed files and library should be inside.",
        "ts": "1508666494.000014"
    },
    {
        "type": "message",
        "user": "U5VUWSR0D",
        "text": "it starts and than it gets stuck at:\nLogin in\nMarketmaker Initialization",
        "ts": "1508666665.000024"
    },
    {
        "type": "message",
        "user": "U02QSHX81",
        "text": "which coin wallet are active?",
        "ts": "1508666683.000040"
    },
    {
        "type": "message",
        "user": "U5VUWSR0D",
        "text": "CHIPS and KMD",
        "ts": "1508666745.000040"
    },
    {
        "type": "message",
        "user": "U02QSHX81",
        "text": "Looks like this is the issue for most of the people. We need to wait for Buildog to release a new version. I even made a KMD\/REVS swap from my Ubuntu on the first day.",
        "ts": "1508666878.000055"
    },
    {
        "type": "message",
        "user": "U02QSHX81",
        "text": "Now testing the good ol' command line dev branch.",
        "ts": "1508666925.000063"
    },
    {
        "type": "message",
        "user": "U037WCD9N",
        "text": "problem seems to be on my machine with deckers version on folder structure. its very propblematic if files are not found. See here like this startup  PS C:\\git\\BarterDEX&gt; npm start\n\n&gt; barterDEX@0.0.1 start C:\\git\\BarterDEX\n&gt; cross-env NODE_ENV=production electron .\/main\n\n\nC:\\Users\\H&amp;M\\AppData\\Roaming\/marketmaker\nC:\\Users\\H&amp;M\\AppData\\Roaming\\marketmaker\n[Decker] main.js - startMarketMaker\npassphare thats not secret anymore\nC:\\Users\\H&amp;M\\AppData\\Roaming\\marketmaker\nC:\\git\\BarterDEX\\node_modules\/marketmaker\/bin\\win32\\x64\\marketmaker.exe \"{\\\"gui\\\":\\\"buildog\\\",\\\"client\\\":1,\\\"userhome\\\":\\\"C:\\\\Users\\\\H&amp;M\\\\AppData\\\\Roaming\\\",\\\"passphrase\\\":\\\"passphare thats not secret anymore\\\"}\"\nstdout: TAINOW.4611686019936055350 1508667436546.000 UTC.1508667436 vs 1508667436 [diff 0]\nWSAStartup called\n\nstderr: Tiedostonimen, hakemistonimen tai levynimen syntaksi ei kelpaa.\n\nexed",
        "ts": "1508667457.000022"
    },
    {
        "type": "message",
        "user": "U037WCD9N",
        "text": "\"Tiedostonimen, hakemistonimen tai levynimen syntaksi ei kelpaa.\" basically means syntax is incorrect for files or folders that are looked,.",
        "ts": "1508667510.000023"
    },
    {
        "type": "message",
        "user": "U5UHJM2K1",
        "text": "<@U3ZG5SUD6> if you see \"undefined\\marketmaker\" string in a log - that means you are running master branch, instead of dev-decker-win32. master branch doesn't have Windows specific changes.",
        "ts": "1508667772.000001"
    },
    {
        "type": "message",
        "user": "U5UHJM2K1",
        "text": "<@U5VUWSR0D> coinslist.json needs to be copied in %APPDATA%\\marketmaker\\coins.json",
        "ts": "1508667915.000018"
    },
    {
        "type": "message",
        "user": "U5UHJM2K1",
        "text": "Today i will shoot a video and post it here.",
        "ts": "1508667941.000029"
    },
    {
        "type": "message",
        "user": "U037WCD9N",
        "text": "I am almost there...",
        "ts": "1508669311.000051"
    },
    {
        "type": "message",
        "user": "U037WCD9N",
        "text": "On myvsystem error was caused by &amp;- mark on my user folder name.",
        "ts": "1508669443.000048"
    },
    {
        "type": "message",
        "user": "U037WCD9N",
        "text": "Re installing Agama and after that fingers crossed.",
        "ts": "1508669470.000027"
    },
    {
        "type": "message",
        "user": "U02LQ1WHQ",
        "text": "<@U2Q1DP6EQ> spvdex has improved latency, but maybe listunspents are not propagating completely. let me know if it is working for trades",
        "ts": "1508669543.000061"
    },
    {
        "type": "message",
        "user": "U02QSHX81",
        "text": "<@U02LQ1WHQ> I have plenty of small utxo's. but getting either `{\"error\":\"cant find alice utxo that is big enough\"}` or `{\"error\":\"cant find ordermatch utxo, need to change relvolume to be closer to available\"}`",
        "ts": "1508669632.000035"
    },
    {
        "type": "message",
        "user": "U02LQ1WHQ",
        "text": "wait a bit, need to add a redundant send. latency warning is set to 100 milliseconds",
        "ts": "1508669651.000022"
    },
    {
        "type": "message",
        "user": "U02LQ1WHQ",
        "text": "<@U02QSHX81> maybe it is too small the utxo, needs to be close  to bob's size",
        "ts": "1508669666.000024"
    },
    {
        "type": "message",
        "user": "U2Q1DP6EQ",
        "text": "cool, i was eagerly waiting for this (dev-branch does not work for me, at least not as bob)...",
        "ts": "1508669680.000006"
    },
    {
        "type": "message",
        "user": "U02QSHX81",
        "text": "OK. I'll send some more tx",
        "ts": "1508669687.000020"
    },
    {
        "type": "message",
        "user": "U2Q1DP6EQ",
        "text": "<@U02QSHX81> what was you trying to trade?",
        "ts": "1508669741.000057"
    },
    {
        "type": "message",
        "text": "This is current output of KMD listunspent",
        "files": [
            {
                "id": "F7MTSDZJ7",
                "created": 1508669773,
                "timestamp": 1508669773,
                "name": "-.js",
                "title": "Untitled",
                "mimetype": "text\/plain",
                "filetype": "javascript",
                "pretty_type": "JavaScript\/JSON",
                "user": "U02QSHX81",
                "editable": true,
                "size": 7274,
                "mode": "snippet",
                "is_external": false,
                "external_type": "",
                "is_public": true,
                "public_url_shared": false,
                "display_as_bot": false,
                "username": "",
                "url_private": "https:\/\/files.slack.com\/files-pri\/T02LAJBUW-F7MTSDZJ7\/-.js?t=xoxe-2690623982-420508393732-420508393844-55126cc98091fbe0399fac3c66f6ed8e",
                "url_private_download": "https:\/\/files.slack.com\/files-pri\/T02LAJBUW-F7MTSDZJ7\/download\/-.js?t=xoxe-2690623982-420508393732-420508393844-55126cc98091fbe0399fac3c66f6ed8e",
                "permalink": "https:\/\/komodo-platform.slack.com\/files\/U02QSHX81\/F7MTSDZJ7\/-.js",
                "permalink_public": "https:\/\/slack-files.com\/T02LAJBUW-F7MTSDZJ7-ebfbdd93b8",
                "edit_link": "https:\/\/komodo-platform.slack.com\/files\/U02QSHX81\/F7MTSDZJ7\/-.js\/edit",
                "preview": "  {\r\n    \"txid\": \"847bd97792fb9fe3286798877fd2304a05d4f549d2b1a3a63516413060da9c07\",\r\n    \"vout\": 0,\r\n    \"address\": \"bHqN7TXxAZgzM7diSdAMuhauSzyuesyLwn\",\r\n    \"account\": \"bHqN7TXxAZgzM7diSdAMuhauSzyuesyLwn\",\r",
                "preview_highlight": "<div class=\"CodeMirror cm-s-default CodeMirrorServer\" oncopy=\"if(event.clipboardData){event.clipboardData.setData('text\/plain',window.getSelection().toString().replace(\/\\u200b\/g,''));event.preventDefault();event.stopPropagation();}\">\n<div class=\"CodeMirror-code\">\n<div><pre>  {<\/pre><\/div>\n<div><pre>    <span class=\"cm-string\">&quot;txid&quot;<\/span>: <span class=\"cm-string\">&quot;847bd97792fb9fe3286798877fd2304a05d4f549d2b1a3a63516413060da9c07&quot;<\/span>,<\/pre><\/div>\n<div><pre>    <span class=\"cm-string\">&quot;vout&quot;<\/span>: <span class=\"cm-number\">0<\/span>,<\/pre><\/div>\n<div><pre>    <span class=\"cm-string\">&quot;address&quot;<\/span>: <span class=\"cm-string\">&quot;bHqN7TXxAZgzM7diSdAMuhauSzyuesyLwn&quot;<\/span>,<\/pre><\/div>\n<div><pre>    <span class=\"cm-string\">&quot;account&quot;<\/span>: <span class=\"cm-string\">&quot;bHqN7TXxAZgzM7diSdAMuhauSzyuesyLwn&quot;<\/span>,<\/pre><\/div>\n<\/div>\n<\/div>\n",
                "lines": 204,
                "lines_more": 199,
                "preview_is_truncated": true
            }
        ],
        "upload": true,
        "user": "U02QSHX81",
        "display_as_bot": false,
        "ts": "1508669774.000044"
    },
    {
        "type": "message",
        "user": "U02QSHX81",
        "text": "<@U2Q1DP6EQ> MNZ",
        "ts": "1508669781.000033"
    },
    {
        "type": "message",
        "user": "U5VUWSR0D",
        "text": "<@U5UHJM2K1> yes the coins.json file is in it's location... I will wait for the video than ..\nmarketmaker\\bin\\win32\\x64\nthe folder win32\\x64 i had to create myself....",
        "ts": "1508670153.000011"
    },
    {
        "type": "message",
        "user": "U5UHJM2K1",
        "text": "Yep, that's right. By default BarterDEX haven't win32\\x64 folder. You need to create it by yourself. This step is right.",
        "ts": "1508670495.000018"
    },
    {
        "type": "message",
        "user": "U5VUWSR0D",
        "text": "ok",
        "ts": "1508670603.000074"
    },
    {
        "type": "message",
        "text": "How to use BarterDEX on Windows platform?",
        "files": [
            {
                "id": "F7MEWMMC1",
                "created": 1508670709,
                "timestamp": 1508670709,
                "name": "barterdex.webm",
                "title": "barterdex.webm",
                "mimetype": "video\/webm",
                "filetype": "webm",
                "pretty_type": "WebM",
                "user": "U5UHJM2K1",
                "editable": false,
                "size": 201078602,
                "mode": "hosted",
                "is_external": false,
                "external_type": "",
                "is_public": true,
                "public_url_shared": false,
                "display_as_bot": false,
                "username": "",
                "url_private": "https:\/\/files.slack.com\/files-pri\/T02LAJBUW-F7MEWMMC1\/barterdex.webm?t=xoxe-2690623982-420508393732-420508393844-55126cc98091fbe0399fac3c66f6ed8e",
                "url_private_download": "https:\/\/files.slack.com\/files-pri\/T02LAJBUW-F7MEWMMC1\/download\/barterdex.webm?t=xoxe-2690623982-420508393732-420508393844-55126cc98091fbe0399fac3c66f6ed8e",
                "thumb_video": "https:\/\/files.slack.com\/files-tmb\/T02LAJBUW-F7MEWMMC1-a872edf1b2\/barterdex_thumb_video.jpeg?t=xoxe-2690623982-420508393732-420508393844-55126cc98091fbe0399fac3c66f6ed8e",
                "permalink": "https:\/\/komodo-platform.slack.com\/files\/U5UHJM2K1\/F7MEWMMC1\/barterdex.webm",
                "permalink_public": "https:\/\/slack-files.com\/T02LAJBUW-F7MEWMMC1-63d2cea381",
                "reactions": [
                    {
                        "name": "+1",
                        "users": [
                            "U02QSHX81",
                            "U037WCD9N",
                            "U03SKEFEL"
                        ],
                        "count": 3
                    }
                ]
            }
        ],
        "upload": true,
        "user": "U5UHJM2K1",
        "display_as_bot": false,
        "reactions": [
            {
                "name": "+1",
                "users": [
                    "U02QSHX81",
                    "U037WCD9N",
                    "U03SKEFEL"
                ],
                "count": 3
            }
        ],
        "ts": "1508670718.000020"
    },
    {
        "type": "message",
        "user": "U5UHJM2K1",
        "text": "If somebody wants to download this video and plays it's locally - use VLC Player.",
        "ts": "1508670766.000002"
    },
    {
        "type": "message",
        "user": "U02QSHX81",
        "text": "got swap done against REVS",
        "ts": "1508672052.000045"
    },
    {
        "type": "message",
        "user": "U5UHJM2K1",
        "text": "If there is someone who has English as native language - it will be nice to voice this video (add audio tracks with voice comments) and place it on YouTube. English is not my mother language ... and if i try to voice this, it will sounds funny )",
        "ts": "1508672096.000082"
    },
    {
        "type": "message",
        "user": "U5UHJM2K1",
        "text": "<@U02QSHX81> you mean you was success with swap with this GUI? Perfect.",
        "ts": "1508672400.000130"
    },
    {
        "type": "message",
        "user": "U02QSHX81",
        "text": "<@U5UHJM2K1>, i was using the cli on ubuntu",
        "ts": "1508672431.000035"
    },
    {
        "type": "message",
        "user": "U5UHJM2K1",
        "text": "))",
        "ts": "1508672437.000050"
    },
    {
        "type": "message",
        "user": "U02QSHX81",
        "text": "Now got success with the gui version in Unix",
        "ts": "1508672472.000069"
    },
    {
        "type": "message",
        "user": "U02QSHX81",
        "text": "actually, my bad. console says success. but, the order doesn't get filled.",
        "ts": "1508672541.000021"
    },
    {
        "type": "message",
        "user": "U02LQ1WHQ",
        "text": "success just means order was attempted",
        "ts": "1508672681.000051"
    },
    {
        "type": "message",
        "user": "U02QSHX81",
        "text": "Right. There is no guarantee that the order will get fullfilled.",
        "ts": "1508672712.000043"
    },
    {
        "type": "message",
        "user": "U02LQ1WHQ",
        "text": "<@U2Q1DP6EQ> try now",
        "ts": "1508672788.000046"
    },
    {
        "type": "message",
        "user": "U2Q1DP6EQ",
        "text": "ok",
        "ts": "1508672853.000009"
    },
    {
        "type": "message",
        "user": "U02QSHX81",
        "text": "Actually, got one confirmed.",
        "ts": "1508673004.000029"
    },
    {
        "type": "message",
        "user": "U2Q1DP6EQ",
        "text": "<@U02LQ1WHQ> i tried MNZ\/KMD and bob said `(0.00000000 0.17598255) quote price 0.17571874 too low vs 0.17598255 for MNZ\/KMD`(was using 0.18)... tried again with 0.19 and the request did not reach bob (at least not mine) and alice stopped at `QUERY.({\"gui\":\"nogui\",\"base\":\"MNZ\",\"rel\":\"KMD\",\"address\":\"RMQFCgreRev8Xs6MAZuNTk5SXfqPUH4RN8\",\"timestamp\":1508674339,\"txid\":\"a2d0df89e199d296cdb1ddfef1ba66a3ff3e8713c3956197c26b281b299359a7\",\"vout\":0,\"srchash\":\"f00c3562c54a7da18000b49a93c4987e0940ad436e8a0f712cdd97d4f6bc996f\",\"txfee\":\"10000\",\"satoshis\":\"51342033\",\"desthash\":\"9ccdde065d69cd153637f82e9f2c281080ddeb15c42690a907ebc7aec0038b42\",\"txid2\":\"8a559a74673970d3d71dd1c1c388e1eb2a576bb4b4aed8e8cbebb0c98d0df6e9\",\"vout2\":1,\"destaddr\":\"RMFCVhhaNnY3DkvThaZBXZwBQ9heZU2NTW\",\"desttxid\":\"0f747c3dce17c34d5b7659dcdd9311dda7769bd5426e270d162ff290b1025e26\",\"destvout\":1,\"feetxid\":\"7be658cad2b601a7c11b5a7093631a24f044aadacc50c605878329963f029532\",\"feevout\":1,\"desttxfee\":\"10000\",\"destsatoshis\":\"9020000\",\"price\":0.17571874,\"pubkey\":\"f00c3562c54a7da18000b49a93c4987e0940ad436e8a0f712cdd97d4f6bc996f\",\"method\":\"request\",\"timestamp\":1508674339})`",
        "ts": "1508674523.000010"
    },
    {
        "type": "message",
        "user": "U02LQ1WHQ",
        "text": "you have the latest version in spvdex?",
        "ts": "1508674592.000012"
    },
    {
        "type": "message",
        "user": "U2Q1DP6EQ",
        "text": "ok, i see, my fault, bob was 2 commits behind... will try again",
        "ts": "1508674663.000054"
    },
    {
        "type": "message",
        "user": "U2Q1DP6EQ",
        "text": "mm used to show this rmd-output at start, like `000 -&gt; rmd160.(878...` some instances don't show this any more, others do.",
        "ts": "1508674968.000008"
    },
    {
        "type": "message",
        "user": "U02LQ1WHQ",
        "text": "yes, I seem to have reduced the broadcast frequency a bit too much",
        "ts": "1508675006.000072"
    },
    {
        "type": "message",
        "user": "U02LQ1WHQ",
        "text": "will fix in next release",
        "ts": "1508675014.000026"
    },
    {
        "type": "message",
        "user": "U2Q1DP6EQ",
        "text": "ok",
        "ts": "1508675031.000021"
    },
    {
        "type": "message",
        "user": "U02LQ1WHQ",
        "text": "but it shouldnt affect trades to the other nodes",
        "ts": "1508675065.000040"
    },
    {
        "type": "message",
        "user": "U2Q1DP6EQ",
        "text": "i am also seeing asks disappearing from the orderbook and coming back after a while (the entire pubkey, not only the utxos)",
        "ts": "1508675167.000043"
    },
    {
        "type": "message",
        "user": "U02LQ1WHQ",
        "text": "could it be due to the elapsed time between seeing the pubkey?",
        "ts": "1508675207.000010"
    },
    {
        "type": "message",
        "user": "U2Q1DP6EQ",
        "text": "yes, i think so",
        "ts": "1508675316.000011"
    },
    {
        "type": "message",
        "user": "U2Q1DP6EQ",
        "text": "tried a MNZ\/KMD swap and alice shows me this, but bob nothing\n```LP_autobuy MNZ\/KMD price 0.19000000 vol 0.09000000 nonce 0\nLP_txfees(0.00010000 0.00010000)\nLP_txfees(0.00010000 0.00010000)\nLP_buyutxo maxprice 0.19019000 relvol 0.09020000 MNZ\/KMD 0.00010000 0.00010000\nLP_listunspent_query.(MNZ RMfQwu5ey23eWJ4as2ckd8dqsQJwo836ny)\nLP_listunspent_query.(MNZ RMQFCgreRev8Xs6MAZuNTk5SXfqPUH4RN8)\nbutxo.0x7f45581829f0 targetval 0.51841010, found val 0.54591011 a2d0df89e199d296cdb1ddfef1ba66a3ff3e8713c3956197c26b281b299359a7 | targetval2 0.58341134 val2 0.60000000 ab800d23aaa209d95f53c834935477afba7952e22da363b665d28d84b3964eec\nj.0\/100 ordermatch 0.17412788 best satoshis 0.51821010 destsatoshis 0.09020000 txfees (0.00010000 0.00010000)\nLP_txfees(0.00010000 0.00010000)\n&gt;&gt;&gt;&gt;&gt;&gt;&gt; quote satoshis.(0.51821010 0.09020000) MNZ 0.51821010 -&gt; KMD 0.09020000\nLP_txfees(0.00010000 0.00010000)\nqprice 0.17409427 &lt;- 0.09020000\/0.51821010 txfees.(0.00010000 0.00010000) vs (0.00010000 0.00010000)\ni.0\/200 qprice 0.17409427 &lt; ordermatchprice 0.17412788\n&gt;&gt;&gt;&gt;&gt;&gt;&gt; quote satoshis.(0.51815827 0.09020000) MNZ 0.51815827 -&gt; KMD 0.09020000\nLP_txfees(0.00010000 0.00010000)\nqprice 0.17411169 &lt;- 0.09020000\/0.51815827 txfees.(0.00010000 0.00010000) vs (0.00010000 0.00010000)\ni.1\/200 qprice 0.17411169 &lt; ordermatchprice 0.17412788\n&gt;&gt;&gt;&gt;&gt;&gt;&gt; quote satoshis.(0.51810645 0.09020000) MNZ 0.51810645 -&gt; KMD 0.09020000\nLP_txfees(0.00010000 0.00010000)\nqprice 0.17412911 &lt;- 0.09020000\/0.51810645 txfees.(0.00010000 0.00010000) vs (0.00010000 0.00010000)\nUTXO.[0] RESERVED 0f747c3dce17c34d5b7659dcdd9311dda7769bd5426e270d162ff290b1025e26\/v1 7be658cad2b601a7c11b5a7093631a24f044aadacc50c605878329963f029532\/v1 collisions.0\nQUERY.({\"gui\":\"nogui\",\"base\":\"MNZ\",\"rel\":\"KMD\",\"address\":\"RMQFCgreRev8Xs6MAZuNTk5SXfqPUH4RN8\",\"timestamp\":1508675231,\"txid\":\"a2d0df89e199d296cdb1ddfef1ba66a3ff3e8713c3956197c26b281b299359a7\",\"vout\":0,\"srchash\":\"f00c3562c54a7da18000b49a93c4987e0940ad436e8a0f712cdd97d4f6bc996f\",\"txfee\":\"10000\",\"satoshis\":\"51810645\",\"desthash\":\"9ccdde065d69cd153637f82e9f2c281080ddeb15c42690a907ebc7aec0038b42\",\"txid2\":\"ab800d23aaa209d95f53c834935477afba7952e22da363b665d28d84b3964eec\",\"vout2\":1,\"destaddr\":\"RMFCVhhaNnY3DkvThaZBXZwBQ9heZU2NTW\",\"desttxid\":\"0f747c3dce17c34d5b7659dcdd9311dda7769bd5426e270d162ff290b1025e26\",\"destvout\":1,\"feetxid\":\"7be658cad2b601a7c11b5a7093631a24f044aadacc50c605878329963f029532\",\"feevout\":1,\"desttxfee\":\"10000\",\"destsatoshis\":\"9020000\",\"price\":0.17412911,\"pubkey\":\"f00c3562c54a7da18000b49a93c4987e0940ad436e8a0f712cdd97d4f6bc996f\",\"method\":\"request\",\"timestamp\":1508675231})\n8426.191 LP_process_message (notify)```\nRMQFCgreRev8Xs6MAZuNTk5SXfqPUH4RN8 is bobs smartaddress, so it should have reached bob",
        "ts": "1508675455.000024"
    },
    {
        "type": "message",
        "user": "U02LQ1WHQ",
        "text": "ok, investigating connectivity issues",
        "ts": "1508675599.000021"
    },
    {
        "type": "message",
        "user": "U02LQ1WHQ",
        "text": "do you get a lot of latency prints?",
        "ts": "1508675611.000092"
    },
    {
        "type": "message",
        "user": "U02LQ1WHQ",
        "text": "I am seeing connect messages",
        "ts": "1508675669.000030"
    },
    {
        "type": "message",
        "user": "U2Q1DP6EQ",
        "text": "tried again and the request has reached bob... last time i saw that bobs asks has disappeared from alices orderbook (could have happened in the midst of ordermatching), so it could explain it... i didn't saw any latency prints...",
        "edited": {
            "user": "U2Q1DP6EQ",
            "ts": "1508675973.000000"
        },
        "ts": "1508675715.000054"
    },
    {
        "type": "message",
        "user": "U2Q1DP6EQ",
        "text": "unfortunately the last swap also failed, last things bob showed was\n```start swap iambob\nBOB pubsock.-1 binds to 19 (9ccdde065d69cd153637f82e9f2c281080ddeb15c42690a907ebc7aec0038b42)\nUTXO.[1] RESERVED a2d0df89e199d296cdb1ddfef1ba66a3ff3e8713c3956197c26b281b299359a7\/v0 57ade989d6b1a854a37940914dc3bbdea8595d1984df381d1f3a3e63cb11704c\/v1 collisions.2\n376.475 LP_process_message (connect)\nwaitfor timedout\ndidnt get valid data after 60\nerror waitsend pubkeys\nUTXO.[1] AVAIL a2d0df89e199d296cdb1ddfef1ba66a3ff3e8713c3956197c26b281b299359a7\/v0 57ade989d6b1a854a37940914dc3bbdea8595d1984df381d1f3a3e63cb11704c\/v1 collisions.2```",
        "ts": "1508675778.000045"
    },
    {
        "type": "message",
        "user": "U5VUWSR0D",
        "text": "<@U5UHJM2K1> git clone <https:\/\/github.com\/DeckerSU\/BarterDEX>\ngit checkout dev-decker-win32",
        "ts": "1508677021.000013"
    },
    {
        "type": "message",
        "user": "U5VUWSR0D",
        "text": "sorry",
        "ts": "1508677024.000091"
    },
    {
        "type": "message",
        "user": "U5VUWSR0D",
        "text": "<@U5UHJM2K1> git clone <https:\/\/github.com\/DeckerSU\/BarterDEX>\ncd BarterDEX\ngit checkout dev-decker-win32",
        "ts": "1508677053.000009"
    },
    {
        "type": "message",
        "user": "U5VUWSR0D",
        "text": "I was not in the dev branch",
        "ts": "1508677066.000021"
    },
    {
        "type": "message",
        "user": "U5VUWSR0D",
        "text": "now it logs in still not working yet but I get a step closer",
        "ts": "1508677096.000063"
    },
    {
        "type": "message",
        "user": "U718J021L",
        "text": "Hi, barterdex windows - I need full node of bitcoin core right? so if I use electrum wallet it wont work right? Does it work between hush and komodo?",
        "ts": "1508677166.000045"
    },
    {
        "type": "message",
        "user": "U5VUWSR0D",
        "text": "<@U5UHJM2K1> stop and restarted again now it works I see the orderbooks",
        "ts": "1508677279.000002"
    },
    {
        "type": "message",
        "user": "U0394QTC7",
        "text": "you don't need a full node of bitcoin core. where did you read that? you only need the two coins you want to trade, either native or as electrum. so if you have electrum hush and komodo, you should be able to trade",
        "ts": "1508677305.000025"
    },
    {
        "type": "message",
        "user": "U718J021L",
        "text": "I have not read that, I just assumed that it might be needed.",
        "ts": "1508677416.000017"
    },
    {
        "type": "message",
        "user": "U02LQ1WHQ",
        "text": "pruned node is fine for bitcoin",
        "ts": "1508677440.000012"
    },
    {
        "type": "message",
        "user": "U0394QTC7",
        "text": "it is not needed for barterdex. you do need it if you want to trade btc for something else and vice versa. and a pruned node is then ok",
        "ts": "1508677514.000111"
    },
    {
        "type": "message",
        "user": "U718J021L",
        "text": "So if I run agama wallet for komodo and Hush swing wallet for hush I should be able to trade then?",
        "ts": "1508678825.000011"
    },
    {
        "type": "message",
        "user": "U33CGLNNR",
        "text": "<@U718J021L> if you have both full daemons synched then you can use BarterDEX",
        "ts": "1508679150.000021"
    },
    {
        "type": "message",
        "user": "U3ZG5SUD6",
        "text": "got it up and running for the first time :slightly_smiling_face:",
        "ts": "1508679229.000018"
    },
    {
        "type": "message",
        "user": "U718J021L",
        "text": "oh so I have to wait for sync ok, I have just 0.69% on komodo so that is why it is not launching i see",
        "ts": "1508679310.000009"
    },
    {
        "type": "message",
        "user": "U718J021L",
        "text": "I suppose it will only work on mainnet. Is it possible to test it on hush testnet? IDK if komodo has testnet. But if I add a new coin to coins.json with proper rpcport i might be able to see it right?",
        "ts": "1508679564.000056"
    },
    {
        "type": "message",
        "user": "U2Q1DP6EQ",
        "text": "only the mainnet config is in barterdex, but in principle you could do whatever you want, e.g. adding testnet coins to barterdex config and trade HUSH testnet coin against KMD mainnet...",
        "ts": "1508680050.000040"
    },
    {
        "type": "message",
        "user": "U718J021L",
        "text": "ok I'll try that too, thx :slightly_smiling_face:",
        "ts": "1508680356.000077"
    },
    {
        "type": "message",
        "user": "U5VUWSR0D",
        "text": "<@U3ZG5SUD6> i also transferd some kmd and it showed up. I think selling ia not enabled yet",
        "ts": "1508680606.000015"
    },
    {
        "type": "message",
        "user": "U3ZG5SUD6",
        "text": "got kmd, jumblr + revs working.  going to add btc next",
        "ts": "1508682011.000053"
    },
    {
        "type": "message",
        "user": "U3ZG5SUD6",
        "text": "stupid newbie question, how do you set your price in barterdex?\nI can manually type the amount of jumblr I want to sell but can only adjust the price by clicking on existing orders.",
        "ts": "1508683738.000065"
    },
    {
        "type": "message",
        "user": "U02LQ1WHQ",
        "text": "there is a setprice api that non-electrum coins can set, likely the gui has yet to utilize this",
        "ts": "1508683882.000017"
    },
    {
        "type": "message",
        "user": "U02LQ1WHQ",
        "text": "maybe can add a github issue for it",
        "ts": "1508683890.000072"
    },
    {
        "type": "message",
        "user": "U02LQ1WHQ",
        "text": "<https:\/\/github.com\/buildog\/BarterDEX\/issues>",
        "ts": "1508683901.000007"
    },
    {
        "type": "message",
        "user": "U3ZG5SUD6",
        "text": "ok, not just me being stupid and missing something obvious",
        "ts": "1508683908.000095"
    },
    {
        "type": "message",
        "user": "U33CGLNNR",
        "text": "<@U3ZG5SUD6> on the buildog build it is missing I believe ",
        "ts": "1508683939.000034"
    },
    {
        "type": "message",
        "user": "U3ZG5SUD6",
        "text": "ok thanks.  Just getting my head around it and thought I was doing something wrong",
        "ts": "1508683977.000019"
    },
    {
        "type": "message",
        "user": "U3ZG5SUD6",
        "text": "Is the total transaction value for Jumblr\/KMD also incorrect :",
        "ts": "1508684675.000060"
    },
    {
        "type": "message",
        "text": "",
        "files": [
            {
                "id": "F7P4K5EP9",
                "created": 1508684679,
                "timestamp": 1508684679,
                "name": "image.png",
                "title": "image.png",
                "mimetype": "image\/png",
                "filetype": "png",
                "pretty_type": "PNG",
                "user": "U3ZG5SUD6",
                "editable": false,
                "size": 32030,
                "mode": "hosted",
                "is_external": false,
                "external_type": "",
                "is_public": true,
                "public_url_shared": false,
                "display_as_bot": false,
                "username": "",
                "url_private": "https:\/\/files.slack.com\/files-pri\/T02LAJBUW-F7P4K5EP9\/image.png?t=xoxe-2690623982-420508393732-420508393844-55126cc98091fbe0399fac3c66f6ed8e",
                "url_private_download": "https:\/\/files.slack.com\/files-pri\/T02LAJBUW-F7P4K5EP9\/download\/image.png?t=xoxe-2690623982-420508393732-420508393844-55126cc98091fbe0399fac3c66f6ed8e",
                "thumb_64": "https:\/\/files.slack.com\/files-tmb\/T02LAJBUW-F7P4K5EP9-b03909f9a3\/image_64.png?t=xoxe-2690623982-420508393732-420508393844-55126cc98091fbe0399fac3c66f6ed8e",
                "thumb_80": "https:\/\/files.slack.com\/files-tmb\/T02LAJBUW-F7P4K5EP9-b03909f9a3\/image_80.png?t=xoxe-2690623982-420508393732-420508393844-55126cc98091fbe0399fac3c66f6ed8e",
                "thumb_360": "https:\/\/files.slack.com\/files-tmb\/T02LAJBUW-F7P4K5EP9-b03909f9a3\/image_360.png?t=xoxe-2690623982-420508393732-420508393844-55126cc98091fbe0399fac3c66f6ed8e",
                "thumb_360_w": 218,
                "thumb_360_h": 360,
                "thumb_480": "https:\/\/files.slack.com\/files-tmb\/T02LAJBUW-F7P4K5EP9-b03909f9a3\/image_480.png?t=xoxe-2690623982-420508393732-420508393844-55126cc98091fbe0399fac3c66f6ed8e",
                "thumb_480_w": 291,
                "thumb_480_h": 480,
                "thumb_160": "https:\/\/files.slack.com\/files-tmb\/T02LAJBUW-F7P4K5EP9-b03909f9a3\/image_160.png?t=xoxe-2690623982-420508393732-420508393844-55126cc98091fbe0399fac3c66f6ed8e",
                "image_exif_rotation": 1,
                "original_w": 368,
                "original_h": 608,
                "permalink": "https:\/\/komodo-platform.slack.com\/files\/U3ZG5SUD6\/F7P4K5EP9\/image.png",
                "permalink_public": "https:\/\/slack-files.com\/T02LAJBUW-F7P4K5EP9-51e0abbe81"
            }
        ],
        "upload": true,
        "user": "U3ZG5SUD6",
        "display_as_bot": false,
        "ts": "1508684681.000015"
    },
    {
        "type": "message",
        "user": "U3ZG5SUD6",
        "text": "1 jumbr = 0.1xxx. total shows 8.43xxxx",
        "ts": "1508684710.000014"
    },
    {
        "type": "message",
        "text": "Ubuntu 16.04 Pending here over an hour.",
        "files": [
            {
                "id": "F7MG86249",
                "created": 1508684797,
                "timestamp": 1508684797,
                "name": "image.png",
                "title": "image.png",
                "mimetype": "image\/png",
                "filetype": "png",
                "pretty_type": "PNG",
                "user": "U4PNWF8Q5",
                "editable": false,
                "size": 14087,
                "mode": "hosted",
                "is_external": false,
                "external_type": "",
                "is_public": true,
                "public_url_shared": false,
                "display_as_bot": false,
                "username": "",
                "url_private": "https:\/\/files.slack.com\/files-pri\/T02LAJBUW-F7MG86249\/image.png?t=xoxe-2690623982-420508393732-420508393844-55126cc98091fbe0399fac3c66f6ed8e",
                "url_private_download": "https:\/\/files.slack.com\/files-pri\/T02LAJBUW-F7MG86249\/download\/image.png?t=xoxe-2690623982-420508393732-420508393844-55126cc98091fbe0399fac3c66f6ed8e",
                "thumb_64": "https:\/\/files.slack.com\/files-tmb\/T02LAJBUW-F7MG86249-b67ef5b3b0\/image_64.png?t=xoxe-2690623982-420508393732-420508393844-55126cc98091fbe0399fac3c66f6ed8e",
                "thumb_80": "https:\/\/files.slack.com\/files-tmb\/T02LAJBUW-F7MG86249-b67ef5b3b0\/image_80.png?t=xoxe-2690623982-420508393732-420508393844-55126cc98091fbe0399fac3c66f6ed8e",
                "thumb_360": "https:\/\/files.slack.com\/files-tmb\/T02LAJBUW-F7MG86249-b67ef5b3b0\/image_360.png?t=xoxe-2690623982-420508393732-420508393844-55126cc98091fbe0399fac3c66f6ed8e",
                "thumb_360_w": 200,
                "thumb_360_h": 360,
                "thumb_480": "https:\/\/files.slack.com\/files-tmb\/T02LAJBUW-F7MG86249-b67ef5b3b0\/image_480.png?t=xoxe-2690623982-420508393732-420508393844-55126cc98091fbe0399fac3c66f6ed8e",
                "thumb_480_w": 267,
                "thumb_480_h": 480,
                "thumb_160": "https:\/\/files.slack.com\/files-tmb\/T02LAJBUW-F7MG86249-b67ef5b3b0\/image_160.png?t=xoxe-2690623982-420508393732-420508393844-55126cc98091fbe0399fac3c66f6ed8e",
                "image_exif_rotation": 1,
                "original_w": 400,
                "original_h": 720,
                "permalink": "https:\/\/komodo-platform.slack.com\/files\/U4PNWF8Q5\/F7MG86249\/image.png",
                "permalink_public": "https:\/\/slack-files.com\/T02LAJBUW-F7MG86249-34745e02b6"
            }
        ],
        "upload": true,
        "user": "U4PNWF8Q5",
        "display_as_bot": false,
        "ts": "1508684798.000051"
    },
    {
        "type": "message",
        "user": "U02LQ1WHQ",
        "text": "if 1 KMD is 0.1xxx JUMBLR, 1 JUMBLR is 8.xxx KMD",
        "ts": "1508684825.000062"
    },
    {
        "type": "message",
        "user": "U4PNWF8Q5",
        "text": "edkim@myUbuntu:~\/BarterDEX\/BarterDEX$ npm start\n\n&gt; barterDEX@0.0.1 start \/home\/edkim\/BarterDEX\/BarterDEX\n&gt; cross-env NODE_ENV=production electron .\/main\n\n\/home\/edkim\/.marketmaker\nstdout: \nstderr: \/home\/edkim\/BarterDEX\/BarterDEX\/node_modules\/marketmaker\/bin\/linux\/x64\/marketmaker: 1: \/home\/edkim\/BarterDEX\/BarterDEX\/node_modules\/marketmaker\/bin\/linux\/x64\/marketmaker: Syntax error: \"(\" unexpected\n\nexed\n-----------\nThis is console i can see.",
        "ts": "1508684843.000081"
    },
    {
        "type": "message",
        "user": "U5K03CYRX",
        "text": "You guys plan to make this standalone without need for iguana\/agama,perhaps with the electrum servers prior the dICO. I think just should be easy to participate without need to download many apps.",
        "edited": {
            "user": "U5K03CYRX",
            "ts": "1508687392.000000"
        },
        "ts": "1508684971.000029",
        "reactions": [
            {
                "name": "bangbang",
                "users": [
                    "U4PNWF8Q5"
                ],
                "count": 1
            }
        ]
    },
    {
        "type": "message",
        "user": "U02LQ1WHQ",
        "text": "yes, that is the plan",
        "ts": "1508686418.000048"
    },
    {
        "type": "message",
        "text": "",
        "files": [
            {
                "id": "F7P4T85EK",
                "created": 1508688005,
                "timestamp": 1508688005,
                "name": "image.png",
                "title": "ok what am I doing wrong now lol :",
                "mimetype": "image\/png",
                "filetype": "png",
                "pretty_type": "PNG",
                "user": "U3ZG5SUD6",
                "editable": false,
                "size": 7691,
                "mode": "hosted",
                "is_external": false,
                "external_type": "",
                "is_public": true,
                "public_url_shared": false,
                "display_as_bot": false,
                "username": "",
                "url_private": "https:\/\/files.slack.com\/files-pri\/T02LAJBUW-F7P4T85EK\/image.png?t=xoxe-2690623982-420508393732-420508393844-55126cc98091fbe0399fac3c66f6ed8e",
                "url_private_download": "https:\/\/files.slack.com\/files-pri\/T02LAJBUW-F7P4T85EK\/download\/image.png?t=xoxe-2690623982-420508393732-420508393844-55126cc98091fbe0399fac3c66f6ed8e",
                "thumb_64": "https:\/\/files.slack.com\/files-tmb\/T02LAJBUW-F7P4T85EK-854715f98e\/image_64.png?t=xoxe-2690623982-420508393732-420508393844-55126cc98091fbe0399fac3c66f6ed8e",
                "thumb_80": "https:\/\/files.slack.com\/files-tmb\/T02LAJBUW-F7P4T85EK-854715f98e\/image_80.png?t=xoxe-2690623982-420508393732-420508393844-55126cc98091fbe0399fac3c66f6ed8e",
                "thumb_360": "https:\/\/files.slack.com\/files-tmb\/T02LAJBUW-F7P4T85EK-854715f98e\/image_360.png?t=xoxe-2690623982-420508393732-420508393844-55126cc98091fbe0399fac3c66f6ed8e",
                "thumb_360_w": 360,
                "thumb_360_h": 22,
                "thumb_480": "https:\/\/files.slack.com\/files-tmb\/T02LAJBUW-F7P4T85EK-854715f98e\/image_480.png?t=xoxe-2690623982-420508393732-420508393844-55126cc98091fbe0399fac3c66f6ed8e",
                "thumb_480_w": 480,
                "thumb_480_h": 29,
                "thumb_160": "https:\/\/files.slack.com\/files-tmb\/T02LAJBUW-F7P4T85EK-854715f98e\/image_160.png?t=xoxe-2690623982-420508393732-420508393844-55126cc98091fbe0399fac3c66f6ed8e",
                "thumb_720": "https:\/\/files.slack.com\/files-tmb\/T02LAJBUW-F7P4T85EK-854715f98e\/image_720.png?t=xoxe-2690623982-420508393732-420508393844-55126cc98091fbe0399fac3c66f6ed8e",
                "thumb_720_w": 720,
                "thumb_720_h": 44,
                "thumb_800": "https:\/\/files.slack.com\/files-tmb\/T02LAJBUW-F7P4T85EK-854715f98e\/image_800.png?t=xoxe-2690623982-420508393732-420508393844-55126cc98091fbe0399fac3c66f6ed8e",
                "thumb_800_w": 800,
                "thumb_800_h": 49,
                "thumb_960": "https:\/\/files.slack.com\/files-tmb\/T02LAJBUW-F7P4T85EK-854715f98e\/image_960.png?t=xoxe-2690623982-420508393732-420508393844-55126cc98091fbe0399fac3c66f6ed8e",
                "thumb_960_w": 960,
                "thumb_960_h": 59,
                "thumb_1024": "https:\/\/files.slack.com\/files-tmb\/T02LAJBUW-F7P4T85EK-854715f98e\/image_1024.png?t=xoxe-2690623982-420508393732-420508393844-55126cc98091fbe0399fac3c66f6ed8e",
                "thumb_1024_w": 1024,
                "thumb_1024_h": 63,
                "image_exif_rotation": 1,
                "original_w": 1416,
                "original_h": 87,
                "permalink": "https:\/\/komodo-platform.slack.com\/files\/U3ZG5SUD6\/F7P4T85EK\/image.png",
                "permalink_public": "https:\/\/slack-files.com\/T02LAJBUW-F7P4T85EK-47a4fdec11"
            }
        ],
        "upload": true,
        "user": "U3ZG5SUD6",
        "display_as_bot": false,
        "ts": "1508688007.000061"
    },
    {
        "type": "message",
        "user": "U3ZG5SUD6",
        "text": "trying to sell jumblr for kmd gives the above error",
        "ts": "1508688182.000121"
    },
    {
        "type": "message",
        "user": "U02LQ1WHQ",
        "text": "<@U2Q1DP6EQ> a lot of trial and error, i think current is not bad. have two alice swaps going at the same time, 2 out of 2 tries",
        "ts": "1508691434.000104"
    },
    {
        "type": "message",
        "user": "U2Q1DP6EQ",
        "text": "great, works for me too and it seems faster then before",
        "ts": "1508692577.000004"
    },
    {
        "type": "message",
        "user": "U6Y8LSAGH",
        "text": "Oh this looks fun! I'm going to give it a go later today... When will the MNZ whale-trial commence?",
        "ts": "1508692787.000079"
    },
    {
        "type": "message",
        "user": "U02LQ1WHQ",
        "text": "we need to stabilize the windows barterDEX gui first",
        "ts": "1508693230.000067"
    },
    {
        "type": "message",
        "user": "U2Q1DP6EQ",
        "text": "i have updated the electrumx-repo to be in line with the original. It now requires python3.6, which is not yet available under plain debian 9, so i have updated only one of the electrumx installations, but now we have at least there a new coin, VIA: <http:\/\/pad.supernet.org\/electrum-servers>",
        "ts": "1508693287.000071"
    },
    {
        "type": "message",
        "user": "U6Y8LSAGH",
        "text": "perhaps i can help with that windows testing",
        "ts": "1508693417.000128"
    },
    {
        "type": "message",
        "user": "U2Q1DP6EQ",
        "text": "hmmm, what's this: `ERROR.({\"pub\":\"bb99c7042e092692191b7b4a636c7da28aeb36497ad038601cd599f356274051\",\"method2\":\"wantnotify\",\"method\":\"wantnotify\"})`\njust started to show up on the nodes",
        "ts": "1508693423.000104"
    },
    {
        "type": "message",
        "user": "U02LQ1WHQ",
        "text": "i am adding a new api",
        "ts": "1508693448.000135"
    },
    {
        "type": "message",
        "user": "U02LQ1WHQ",
        "text": "older versions dont know about it and print it",
        "ts": "1508693456.000075"
    },
    {
        "type": "message",
        "user": "U6Y8LSAGH",
        "text": "Perhaps a noob question: Do private addresses not provide WIF keys?",
        "ts": "1508693468.000054"
    },
    {
        "type": "message",
        "user": "U6Y8LSAGH",
        "text": "just making sure I have my info backed up",
        "ts": "1508693480.000116"
    },
    {
        "type": "message",
        "user": "U6Y8LSAGH",
        "text": "If this is true, maybe remove the WIF key button from the private addresses at some point in the future, because it makes me feel like the button just doesn't work",
        "ts": "1508693569.000042"
    },
    {
        "type": "message",
        "user": "U02LQ1WHQ",
        "text": "<@U2Q1DP6EQ> updated dev with wantnotify support. this should ensure that at most, within a minute all active pubkeys will be propagated",
        "ts": "1508694129.000014"
    },
    {
        "type": "message",
        "user": "U02LQ1WHQ",
        "text": "I added strict signature verification of the pubkey and the secp pubkey, which assures that the rmd160 and thus all the smartaddresses from a pubkey are valie",
        "ts": "1508694167.000096"
    },
    {
        "type": "message",
        "user": "U02LQ1WHQ",
        "text": "versions that dont update will be ignored",
        "ts": "1508694176.000018"
    },
    {
        "type": "message",
        "user": "U2Q1DP6EQ",
        "text": "ok, means i should best use dev branch, not spvdex",
        "ts": "1508694406.000035"
    },
    {
        "type": "message",
        "user": "U02LQ1WHQ",
        "text": "they are both the same right now",
        "ts": "1508694914.000100"
    },
    {
        "type": "message",
        "user": "U02LQ1WHQ",
        "text": "as soon as it verified as stable, i propagated it",
        "ts": "1508694928.000018"
    },
    {
        "type": "message",
        "user": "U02LQ1WHQ",
        "text": "at this point, I have no known bugs (at least I forgot any that I didnt fix)",
        "ts": "1508694954.000055"
    },
    {
        "type": "message",
        "user": "U02LQ1WHQ",
        "text": "so will be working on some spend edge cases and stats",
        "ts": "1508694968.000043"
    },
    {
        "user": "U7N2T6XM0",
        "text": "<@U7N2T6XM0> has joined the channel",
        "type": "message",
        "subtype": "channel_join",
        "ts": "1508695579.000055"
    },
    {
        "type": "message",
        "user": "U037WCD9N",
        "text": "anyone know why i am having this error while executing trade: C:\\git\\BarterDEX\\node_modules\/marketmaker\/bin\\win32\\x64\\marketmaker.exe \"{\\\"gui\\\":\\\"buildog\\\",\\\"client\\\":1,\\\"userhome\\\":\\\"C:\\\\Users\\\\Barterdex\\\\AppData\\\\Roaming\\\",\\\"passphrase\\\":\\\"testiosoite\\\"}\"\nREVS enabled for TradeBase\n[ { coin: 'REVS',\n    installed: true,\n    height: 6014,\n    balance: 0,\n    KMDvalue: 0,\n    status: 'active',\n    smartaddress: 'RTBhptgeH2xq7ihCTtDKNjcYK7XvVrE5h4',\n    rpc: '127.0.0.1:10196',\n    pubtype: 60,\n    p2shtype: 85,\n    wiftype: 188,\n    txfee: 0 } ]\nKMD enabled for TradeRel\n[ { coin: 'KMD',\n    installed: true,\n    height: 547001,\n    balance: 2,\n    KMDvalue: 2,\n    status: 'active',\n    smartaddress: 'RTBhptgeH2xq7ihCTtDKNjcYK7XvVrE5h4',\n    rpc: '127.0.0.1:7771',\n    pubtype: 60,\n    p2shtype: 85,\n    wiftype: 188,\n    txfee: 10000 } ]\ninventory for KMD\n{ result: 'success',\n  coin: 'KMD',\n  timestamp: 1508697053,\n  alice: [] }\nerror inventory KMD\n(node:13048) UnhandledPromiseRejectionWarning: Unhandled promise rejection (rejection id: 1): TypeError: Cannot read property 'address' of undefined\n(node:13048) [DEP0018] DeprecationWarning: Unhandled promise rejections are deprecated. In the future, promise rejections that are not handled will terminate the Node.js process with a non-zero exit code.",
        "ts": "1508697165.000030"
    },
    {
        "type": "message",
        "user": "U037WCD9N",
        "text": "i am runnning  deckers version on windows and always get this issue.",
        "ts": "1508697277.000001"
    },
    {
        "type": "message",
        "user": "U3ZG5SUD6",
        "text": "I have the same error, screenshot a few posts above.  Always nice to know it's not just me :)",
        "edited": {
            "user": "U3ZG5SUD6",
            "ts": "1508697860.000000"
        },
        "ts": "1508697750.000005"
    },
    {
        "type": "message",
        "user": "U037WCD9N",
        "text": "i am trying to update my node js to see if it helps",
        "ts": "1508697999.000025"
    },
    {
        "type": "message",
        "user": "U2Q1DP6EQ",
        "text": "we have a new coin, DSR\n```SWAP completed! 511917227-1638639129 {\"requestid\":511917227,\"quoteid\":1638639129,\"iambob\":1,\"bob\":\"DSR\",\"srcamount\":0.99681547,\"bobtxfee\":0.00010000,\"alice\":\"KMD\",\"destamount\":0.10000000,\"alicetxfee\":0.00010000,\"sentflags\":[\"alicespend\", \"bobspend\", \"bobpayment\", \"alicepayment\", \"bobdeposit\", \"bobrefund\"],\"values\":[0.99681547, 0.10000000, 0.99691547, 0.10010000, 1.12151740, 0, 0, 1.12141740, 0, 0, 0],\"result\":\"success\",\"status\":\"finished\",\"bobdeposit\":\"e095db41d4e0d858cf0e051719aa9b20215d95da3f16fed39423db2aaf92b1d0\",\"alicepayment\":\"4e8f277f65914100df7f17e5036e7dc4dd5ce5443c8105a9afdf31afde715d31\",\"bobpayment\":\"d19294fe6128da14a5b55223a176973a7351c070df000e7b420dd49f7f9c79c8\",\"paymentspent\":\"a528e4ddac4f2241e664a7324ed1b5ae40b826513ef2a09ffdea033e93e592ca\",\"Apaymentspent\":\"a3299b07a3808980cd9674f70940406fed5b0ccce6e198875e7a34447ca166ea\",\"depositspent\":\"4c91e6724123f45fd04ece961d66413f25b3a0e7ebcc888661de8a2010721f0e\"}```\nalicepayment 0.1001 KMD <https:\/\/kmd.explorer.supernet.org\/tx\/4e8f277f65914100df7f17e5036e7dc4dd5ce5443c8105a9afdf31afde715d31>\nbobpayment 0.99691547 DSR <http:\/\/desire.lchain.cc\/tx\/d19294fe6128da14a5b55223a176973a7351c070df000e7b420dd49f7f9c79c8>\nbobdeposit 1.12151740 DSR <http:\/\/desire.lchain.cc\/tx\/e095db41d4e0d858cf0e051719aa9b20215d95da3f16fed39423db2aaf92b1d0>\n<@U02LQ1WHQ> you can add this config to github `{\\\"coin\\\":\\\"DSR\\\",\\\"name\\\":\\\"desire\\\",\\\"confpath\\\":\\\"${HOME#}\/.desirecore\/desire.conf\\\",\\\"rpcport\\\":9918,\\\"pubtype\\\":30,\\\"p2shtype\\\":16,\\\"wiftype\\\":204,\\\"txfee\\\":10000}`",
        "ts": "1508699448.000031"
    },
    {
        "type": "message",
        "user": "U3ZG5SUD6",
        "text": "<@U037WCD9N> I updated node js to latest version and have the same error",
        "ts": "1508700172.000056"
    },
    {
        "type": "message",
        "text": "",
        "files": [
            {
                "id": "F7P5QHNLF",
                "created": 1508700227,
                "timestamp": 1508700227,
                "name": "image.png",
                "title": "image.png",
                "mimetype": "image\/png",
                "filetype": "png",
                "pretty_type": "PNG",
                "user": "U3ZG5SUD6",
                "editable": false,
                "size": 33169,
                "mode": "hosted",
                "is_external": false,
                "external_type": "",
                "is_public": true,
                "public_url_shared": false,
                "display_as_bot": false,
                "username": "",
                "url_private": "https:\/\/files.slack.com\/files-pri\/T02LAJBUW-F7P5QHNLF\/image.png?t=xoxe-2690623982-420508393732-420508393844-55126cc98091fbe0399fac3c66f6ed8e",
                "url_private_download": "https:\/\/files.slack.com\/files-pri\/T02LAJBUW-F7P5QHNLF\/download\/image.png?t=xoxe-2690623982-420508393732-420508393844-55126cc98091fbe0399fac3c66f6ed8e",
                "thumb_64": "https:\/\/files.slack.com\/files-tmb\/T02LAJBUW-F7P5QHNLF-1b0f9d80db\/image_64.png?t=xoxe-2690623982-420508393732-420508393844-55126cc98091fbe0399fac3c66f6ed8e",
                "thumb_80": "https:\/\/files.slack.com\/files-tmb\/T02LAJBUW-F7P5QHNLF-1b0f9d80db\/image_80.png?t=xoxe-2690623982-420508393732-420508393844-55126cc98091fbe0399fac3c66f6ed8e",
                "thumb_360": "https:\/\/files.slack.com\/files-tmb\/T02LAJBUW-F7P5QHNLF-1b0f9d80db\/image_360.png?t=xoxe-2690623982-420508393732-420508393844-55126cc98091fbe0399fac3c66f6ed8e",
                "thumb_360_w": 360,
                "thumb_360_h": 184,
                "thumb_480": "https:\/\/files.slack.com\/files-tmb\/T02LAJBUW-F7P5QHNLF-1b0f9d80db\/image_480.png?t=xoxe-2690623982-420508393732-420508393844-55126cc98091fbe0399fac3c66f6ed8e",
                "thumb_480_w": 480,
                "thumb_480_h": 245,
                "thumb_160": "https:\/\/files.slack.com\/files-tmb\/T02LAJBUW-F7P5QHNLF-1b0f9d80db\/image_160.png?t=xoxe-2690623982-420508393732-420508393844-55126cc98091fbe0399fac3c66f6ed8e",
                "thumb_720": "https:\/\/files.slack.com\/files-tmb\/T02LAJBUW-F7P5QHNLF-1b0f9d80db\/image_720.png?t=xoxe-2690623982-420508393732-420508393844-55126cc98091fbe0399fac3c66f6ed8e",
                "thumb_720_w": 720,
                "thumb_720_h": 368,
                "thumb_800": "https:\/\/files.slack.com\/files-tmb\/T02LAJBUW-F7P5QHNLF-1b0f9d80db\/image_800.png?t=xoxe-2690623982-420508393732-420508393844-55126cc98091fbe0399fac3c66f6ed8e",
                "thumb_800_w": 800,
                "thumb_800_h": 408,
                "thumb_960": "https:\/\/files.slack.com\/files-tmb\/T02LAJBUW-F7P5QHNLF-1b0f9d80db\/image_960.png?t=xoxe-2690623982-420508393732-420508393844-55126cc98091fbe0399fac3c66f6ed8e",
                "thumb_960_w": 960,
                "thumb_960_h": 490,
                "thumb_1024": "https:\/\/files.slack.com\/files-tmb\/T02LAJBUW-F7P5QHNLF-1b0f9d80db\/image_1024.png?t=xoxe-2690623982-420508393732-420508393844-55126cc98091fbe0399fac3c66f6ed8e",
                "thumb_1024_w": 1024,
                "thumb_1024_h": 523,
                "image_exif_rotation": 1,
                "original_w": 1416,
                "original_h": 723,
                "permalink": "https:\/\/komodo-platform.slack.com\/files\/U3ZG5SUD6\/F7P5QHNLF\/image.png",
                "permalink_public": "https:\/\/slack-files.com\/T02LAJBUW-F7P5QHNLF-1596258f9b"
            }
        ],
        "upload": true,
        "user": "U3ZG5SUD6",
        "display_as_bot": false,
        "ts": "1508700229.000052"
    },
    {
        "type": "message",
        "user": "U1SJT84KS",
        "text": "it's code error\nupgrading won't help",
        "ts": "1508700555.000081"
    },
    {
        "type": "message",
        "user": "U2Q1DP6EQ",
        "text": "started 10 MNZ\/KMD swaps at once (in the same millisecond) from 10 different alices trading against 1 bob and 9 were completed without problems, looks pretty stable now",
        "ts": "1508718142.000021"
    },
    {
        "type": "message",
        "user": "U2Q1DP6EQ",
        "text": "tried a couple of times, the success rate was a bit lower, 7 out of 10\nthe alices that didn't make it were showing this\n```&gt;&gt;&gt;&gt;&gt;&gt;&gt;&gt;&gt;&gt; received quote MNZ\/KMD 0.16725324\nreject reserved due to not eligible.1 or mismatched quote price 0.00000000 vs maxprice 0.00000000```",
        "ts": "1508719233.000010"
    },
    {
        "type": "message",
        "user": "U2Q1DP6EQ",
        "text": "the buy command was always the same, price:0.19",
        "ts": "1508719328.000005"
    },
    {
        "type": "message",
        "user": "U2Q1DP6EQ",
        "text": "bob was showing this for the failed swaps\n```bob not eligible {\"gui\":\"nogui\",\"base\":\"MNZ\",\"rel\":\"KMD\",\"address\":\"RMQFCgreRev8Xs6MAZuNTk5SXfqPUH4RN8\",\"timestamp\":1508720395,\"txid\":\"87d57ad2817f482e5abadc10f8b7bd3bc1cad30a86dbc4e850a1c4de42a8b00c\",\"vout\":0,\"srchash\":\"f00c3562c54a7da18000b49a93c4987e0940ad436e8a0f712cdd97d4f6bc996f\",\"txfee\":\"10000\",\"satoshis\":\"34113578\",\"desthash\":\"94b493afe9c8c8cdf4e67327b46e942debee3576b6ae69db00cfaea8c1c3f511\",\"txid2\":\"f507395e77659c014c66c11ae85bb2ac586b5897fb059af4b640a32329ca812a\",\"vout2\":0,\"destaddr\":\"RUaDQVmWseXAbEZ6htoNHTHZSTw99znJjb\",\"desttxid\":\"bf3203ac631c0c10669295eb916b24655f25cec05d8350e08b93ba180e3e321e\",\"destvout\":1,\"feetxid\":\"e0d82e13dc374edcd47ae2780423e89d1ddfd364492aa6bbce864f6c76bb1930\",\"feevout\":1,\"desttxfee\":\"10000\",\"destsatoshis\":\"5895099\",\"price\":0.17285867}\nquote validate error -2```",
        "ts": "1508720773.000014"
    },
    {
        "type": "message",
        "user": "U2Q1DP6EQ",
        "text": "and i used dev branch",
        "ts": "1508720807.000054"
    },
    {
        "type": "message",
        "user": "U02LQ1WHQ",
        "text": "it is a race condition, not sure it can get much better than 70% to 80% with 10 during same millisecond. in reality it should be not so synchronized and this will reduce the race condition. i think to fiddle with this would only make it worse and we just should document that trades are not guaranteed. i assume no funds were lost",
        "ts": "1508721394.000148"
    },
    {
        "type": "message",
        "user": "U2Q1DP6EQ",
        "text": "no, no funds lost, all failed swaps simply didn't start, not even dexfee lost",
        "ts": "1508721807.000054"
    },
    {
        "type": "message",
        "user": "U02LQ1WHQ",
        "text": "spvdex branch has more optimizations that might improve this a bit more, but still tracking down some bugs with recovering funds from failed swaps",
        "ts": "1508721890.000045"
    },
    {
        "type": "message",
        "user": "U02LQ1WHQ",
        "text": "i think the area of different prices to get edge cases of quote validate errors might be one of few places left for bugs",
        "ts": "1508721929.000019"
    },
    {
        "type": "message",
        "user": "U02LQ1WHQ",
        "text": "we can always work around it by having recommended utxo sizes, but would be nice to know that if a quote is created that it will be valid",
        "ts": "1508721953.000130"
    },
    {
        "type": "message",
        "user": "U02LQ1WHQ",
        "text": "with networking stable again (very tricky it was) I wont be doing much more packet optimization as that is what made it unreliable",
        "ts": "1508722001.000095"
    },
    {
        "type": "message",
        "user": "U02LQ1WHQ",
        "text": "the current algo isnt the most efficient, but it seems quite fast",
        "ts": "1508722014.000129"
    },
    {
        "type": "message",
        "user": "U02LQ1WHQ",
        "text": "i will reduce the default autotrade timeout to 15 seconds",
        "ts": "1508722043.000022"
    },
    {
        "type": "message",
        "user": "U02LQ1WHQ",
        "text": "any other areas seems to need improvements?",
        "ts": "1508722072.000080"
    },
    {
        "type": "message",
        "user": "U2Q1DP6EQ",
        "text": "i don't think so, propagation is also really fast... though i haven't payed much attention to other things besides doing swaps",
        "ts": "1508722168.000095"
    },
    {
        "type": "message",
        "user": "U02LQ1WHQ",
        "text": "for swaps to work, all else needs to be working",
        "ts": "1508722239.000012"
    },
    {
        "type": "message",
        "user": "U02LQ1WHQ",
        "text": "and you still have that node with hundreds of utxo?",
        "ts": "1508722254.000141"
    },
    {
        "type": "message",
        "user": "U02LQ1WHQ",
        "text": "now native mode is stable we should start testing electrum mode, might as well do alice all electrum, against bob running native",
        "ts": "1508722312.000111"
    },
    {
        "type": "message",
        "user": "U02LQ1WHQ",
        "text": "i am worried maybe electrum mode is too slow now",
        "ts": "1508722372.000071"
    },
    {
        "type": "message",
        "user": "U2Q1DP6EQ",
        "text": "the one with MNZ? yes, it is running at the moment with over 300 utxos, i only stopped the 10 clients. My own node also has many utxos from other coins and the node at Hetzner has 128 KMD utxos, so there are plenty of utxos flying around.",
        "ts": "1508722416.000034"
    },
    {
        "type": "message",
        "user": "U02LQ1WHQ",
        "text": "ave bandwidth on LP node seems unchanged at about 20kbps",
        "ts": "1508722488.000045"
    },
    {
        "type": "message",
        "user": "U2Q1DP6EQ",
        "text": "i have done today a electrum swap with VIA, so it is basically working. Will switch the 10 AWS clients to electrum and let them do MNZ swaps against the native bob",
        "ts": "1508722501.000102"
    },
    {
        "type": "message",
        "user": "U02LQ1WHQ",
        "text": "you can test the spvdex branch",
        "ts": "1508722525.000056"
    },
    {
        "type": "message",
        "user": "U02LQ1WHQ",
        "text": "i am done with realtime swap code changes and just working on the spending recovery code",
        "ts": "1508722554.000107"
    },
    {
        "type": "message",
        "user": "U02LQ1WHQ",
        "text": "the biggest difference you might notice is lower latency",
        "ts": "1508722580.000091"
    },
    {
        "type": "message",
        "user": "U02LQ1WHQ",
        "text": "which is the key to getting swaps to go smoother, at least one of them",
        "ts": "1508722602.000003"
    },
    {
        "type": "message",
        "user": "U2Q1DP6EQ",
        "text": "sounds good. will do that tomorrow, have to go to sleep some time :slightly_smiling_face:",
        "ts": "1508722673.000163"
    },
    {
        "type": "message",
        "user": "U02LQ1WHQ",
        "text": "oh, yes, i forgot",
        "ts": "1508722697.000101"
    },
    {
        "type": "message",
        "user": "U2Q1DP6EQ",
        "text": "lol, i forget that too",
        "ts": "1508722725.000036"
    },
    {
        "type": "message",
        "user": "U0EGQUAPJ",
        "text": "Whos’s GUI is this? Looking fairly polished in some respects. Is this uglyGUI evolved or a different effort?",
        "attachments": [
            {
                "fallback": "[October 22nd, 2017 8:05 AM] mr-dead: 1 jumbr = 0.1xxx. total shows 8.43xxxx",
                "ts": "1508684710.000014",
                "author_id": "U3ZG5SUD6",
                "author_subname": "mark j",
                "channel_id": "C0MN08277",
                "channel_name": "tradebots",
                "is_msg_unfurl": true,
                "text": "1 jumbr = 0.1xxx. total shows 8.43xxxx",
                "author_name": "mark j",
                "author_link": "https:\/\/sprnt.slack.com\/team\/U3ZG5SUD6",
                "author_icon": "https:\/\/avatars.slack-edge.com\/2017-05-01\/177701830759_f568133d534ee6942e56_48.png",
                "mrkdwn_in": [
                    "text"
                ],
                "color": "D0D0D0",
                "from_url": "https:\/\/sprnt.slack.com\/archives\/C0MN08277\/p1508684710000014",
                "is_share": true,
                "footer": "Posted in #tradebots"
            }
        ],
        "ts": "1508725954.000090"
    },
    {
        "type": "message",
        "user": "U02PH4RHZ",
        "text": "<@U6ZCE4P24> gui. Official one",
        "ts": "1508727167.000134"
    },
    {
        "type": "message",
        "user": "U02LQ1WHQ",
        "text": "<!channel> a must update release in dev branch. the bleeding edge is in spvdex, but at this moment they are synchronized. there is now protection against spoofing for your pubkey&lt;-&gt;smartaddress, prices, utxos. for the listunspent data, there is additional validation, but this prevents injection of bad data that just needs to be pruned out. also for trades, since the first things that get done is a key exchange and some transactions, the signature enforcement has always been there. Now the secondary and tertiary attack vectors are closed.",
        "ts": "1508731474.000062",
        "reactions": [
            {
                "name": "+1",
                "users": [
                    "U04F8NTQ4",
                    "U41JPDUSG",
                    "U02N0EWT4",
                    "U66KG95QW",
                    "U02QSHX81",
                    "U41M5AAJW"
                ],
                "count": 6
            },
            {
                "name": "octopus",
                "users": [
                    "U6U67BH37",
                    "U02N0EWT4"
                ],
                "count": 2
            }
        ]
    },
    {
        "type": "message",
        "user": "U02LQ1WHQ",
        "text": "if you are on spvdex and are not cipi, probably best to git checkout dev",
        "ts": "1508731491.000012"
    },
    {
        "user": "U51N4SPMF",
        "text": "<@U51N4SPMF> has joined the channel",
        "type": "message",
        "subtype": "channel_join",
        "ts": "1508731828.000034"
    }
]