[
    {
        "type": "message",
        "user": "U2Q1DP6EQ",
        "text": "i tried a swap FTC\/KMD... alice bought some FTC from bob with KMD... the icoming FTC transaction is showed on alice side, but with 0 confirmations, bob spent his FTC... last info printed on alice side was this: sentflag.0 [alicespend] blabla RETSTR.({\"result\":null,\"error\":{\"code\":-25,\"message\":\"\"},\"id\":\"jl777\"}",
        "ts": "1502919382.000428"
    },
    {
        "type": "message",
        "user": "U41M5AAJW",
        "text": "Is FTC mined consistently?",
        "ts": "1502921048.000078"
    },
    {
        "type": "message",
        "user": "U2Q1DP6EQ",
        "text": "yes, bobs transaction has 57 confirmations",
        "ts": "1502921779.000236"
    },
    {
        "type": "message",
        "user": "U41M5AAJW",
        "text": "ok, thats weird",
        "ts": "1502923655.000016"
    }
]