[
    {
        "type": "message",
        "user": "U03SKEFEL",
        "text": "<https:\/\/github.com\/SuperNETorg\/komodo\/wiki\/Installing-Komodo-Manually>",
        "ts": "1494147214.802664"
    },
    {
        "type": "message",
        "user": "U03SKEFEL",
        "text": "<https:\/\/github.com\/SuperNETorg\/komodo\/wiki\/Installing-Bitcoin-Wallet>",
        "ts": "1494147220.802841"
    },
    {
        "type": "message",
        "user": "U03SKEFEL",
        "text": "<@U02LQ1WHQ> for compile market maker do I compile `.\/m_LP` from dev branch or `.\/m_mm` ?",
        "ts": "1494148410.853698"
    },
    {
        "type": "message",
        "user": "U03SKEFEL",
        "text": "also it has to be _dev_ branch or can it be _beta_ branch now?",
        "ts": "1494148430.854578"
    },
    {
        "type": "message",
        "user": "U03SKEFEL",
        "text": "I’m writing it in wiki page",
        "thread_ts": "1494148442.855026",
        "reply_count": 0,
        "replies": [],
        "ts": "1494148442.855026"
    },
    {
        "type": "message",
        "user": "U03SKEFEL",
        "text": "got answer. `.\/m_mm`",
        "ts": "1494149115.882722"
    },
    {
        "type": "message",
        "user": "U02LQ1WHQ",
        "text": "dev branch has the latest",
        "ts": "1494151137.968728"
    },
    {
        "type": "message",
        "user": "U02LQ1WHQ",
        "text": "m_mm makes the maketmaker",
        "ts": "1494151147.969200"
    },
    {
        "type": "message",
        "user": "U03SKEFEL",
        "text": "<https:\/\/github.com\/SuperNETorg\/komodo\/wiki\/Setting-up-Liquidity-Provider-(LP)-Node>",
        "ts": "1494151483.984047"
    },
    {
        "type": "message",
        "user": "U03SKEFEL",
        "text": "still in the middle of it",
        "ts": "1494151490.984328"
    },
    {
        "type": "message",
        "user": "U03SKEFEL",
        "text": "once these wiki pages will be made, I’ll link them to a single page, and provide a HTML file(s) stored on the github somewhere to let users make things run via html page.",
        "ts": "1494151573.988286"
    },
    {
        "type": "message",
        "user": "U03SKEFEL",
        "text": "will continue rest tomorrow :slightly_smiling_face:",
        "ts": "1494151917.003242"
    },
    {
        "type": "message",
        "user": "U03SKEFEL",
        "text": "those pad notes are helpful",
        "edited": {
            "user": "U03SKEFEL",
            "ts": "1494151943.000000"
        },
        "ts": "1494151927.003682"
    },
    {
        "type": "message",
        "user": "U03SKEFEL",
        "text": "night",
        "ts": "1494151930.003774"
    },
    {
        "type": "message",
        "user": "U02LAJBUY",
        "text": "We are using 2 wikis now, github and <http:\/\/wiki.supernet.org|wiki.supernet.org>. I'd prefer to use only one, <http:\/\/wiki.supernet.org|wiki.supernet.org>",
        "thread_ts": "1494176320.307351",
        "reply_count": 1,
        "replies": [
            {
                "user": "U0GN0EZ5E",
                "ts": "1494510698.654306"
            }
        ],
        "unread_count": 1,
        "ts": "1494176320.307351"
    }
]