[
    {
        "type": "message",
        "user": "U0394QTC7",
        "text": "i think atm, siu doesn’t care much about chips :sweat_smile:",
        "ts": "1506158375.000017"
    },
    {
        "type": "message",
        "user": "U02LQ1WHQ",
        "text": "<@U2Q1DP6EQ> is there any coherent document for barterDEX API for third party devs?",
        "ts": "1506158932.000004"
    },
    {
        "type": "message",
        "user": "U2Q1DP6EQ",
        "text": "no, no documentation. We will have to write one or expand\/update the existing ones, like this one <http:\/\/pad.supernet.org\/BarterDEX_API>",
        "ts": "1506167935.000047"
    },
    {
        "type": "message",
        "user": "U02LQ1WHQ",
        "text": "thats a good start!",
        "ts": "1506168314.000012"
    },
    {
        "type": "message",
        "user": "U2Q1DP6EQ",
        "text": "but is does not reflect the new API, like the call buy and so on",
        "ts": "1506169310.000051"
    },
    {
        "user": "U2PHQJ47P",
        "text": "<@U2PHQJ47P> has joined the channel",
        "type": "message",
        "subtype": "channel_join",
        "ts": "1506170611.000014"
    },
    {
        "user": "U77LV300K",
        "text": "<@U77LV300K> has joined the channel",
        "type": "message",
        "subtype": "channel_join",
        "ts": "1506176993.000086"
    },
    {
        "type": "message",
        "user": "U030GR95W",
        "text": "<https:\/\/artifacts.supernet.org\/latest\/%22>",
        "ts": "1506178681.000081"
    },
    {
        "type": "message",
        "user": "U030GR95W",
        "text": "this page refers in a news article…but it isnt working..what is the right page?",
        "ts": "1506178700.000125"
    },
    {
        "type": "message",
        "user": "U6U67BH37",
        "text": "<@U2Q1DP6EQ> <@U02LQ1WHQ> does Komodo want to run a Hush electrum server or would y'all prefer that Hush core devs maintain\/pay for that server?  I was reading <http:\/\/coremedia.info\/blockchain-news\/item\/953-breaking-komodo-successfully-makes-atomic-swaps-using-only-electrum-servers>",
        "edited": {
            "user": "U6U67BH37",
            "ts": "1506179682.000000"
        },
        "ts": "1506179676.000047"
    },
    {
        "type": "message",
        "user": "U6U67BH37",
        "text": "pretty sure we would be happy to run it, whatever works",
        "ts": "1506179707.000085"
    },
    {
        "type": "message",
        "user": "U33CGLNNR",
        "text": "<@U6U67BH37> anyone can run a Hush electrum server one they are ready",
        "ts": "1506180724.000097"
    },
    {
        "type": "message",
        "user": "U6U67BH37",
        "text": "<@U33CGLNNR> sure, but barterDEX is going to have Hush support and I am trying to figure out if Komodo project wants to run that Hush electrum server or not",
        "ts": "1506180794.000059"
    },
    {
        "type": "message",
        "user": "U6U67BH37",
        "text": "```Komodo will host some Electrum servers for the most traded coins in the cryptocurrency ecosystem. Other coins are welcome to host their own server in order to participate because it is unlikely the Komodo team can set up Electrum servers for every coin out there.```",
        "ts": "1506180812.000043"
    },
    {
        "type": "message",
        "user": "U6U67BH37",
        "text": "just wondering if the Hush team should be spinning up a server for Hush+Electrum in barterdex, or if that is not needed",
        "ts": "1506180834.000096"
    },
    {
        "type": "message",
        "user": "U33CGLNNR",
        "text": "We will most likely run them at first ",
        "ts": "1506180835.000005"
    },
    {
        "type": "message",
        "user": "U6U67BH37",
        "text": ":+1:",
        "ts": "1506180840.000019"
    },
    {
        "type": "message",
        "user": "U6U67BH37",
        "text": "we will of course have our own, we are playing with it right now :slightly_smiling_face:",
        "ts": "1506180857.000063"
    },
    {
        "type": "message",
        "user": "U6U67BH37",
        "text": "just wanted to open the comms lines",
        "ts": "1506180859.000024"
    },
    {
        "type": "message",
        "user": "U33CGLNNR",
        "text": "Yes of course ",
        "ts": "1506180872.000021"
    },
    {
        "type": "message",
        "user": "U33CGLNNR",
        "text": "<@U2Q1DP6EQ> have we setup any Hush servers? ",
        "ts": "1506180885.000036"
    },
    {
        "type": "message",
        "user": "U6U67BH37",
        "text": "yes :slightly_smiling_face:",
        "ts": "1506180890.000051"
    },
    {
        "type": "message",
        "user": "U6U67BH37",
        "text": "<@U33CGLNNR> cipi set one up",
        "ts": "1506180898.000072"
    },
    {
        "type": "message",
        "user": "U6U67BH37",
        "text": "173.212.225.176 port 50013.",
        "ts": "1506180910.000029"
    },
    {
        "type": "message",
        "user": "U33CGLNNR",
        "text": "Oh OK understood ",
        "ts": "1506180919.000065"
    },
    {
        "type": "message",
        "user": "U6U67BH37",
        "text": "I got married yesterday, so I haven't had time to play with it a bunch, but <@U3NH4B5HR> is poking at it",
        "ts": "1506180933.000054"
    },
    {
        "type": "message",
        "user": "U33CGLNNR",
        "text": "Congrats ",
        "ts": "1506180954.000009"
    },
    {
        "type": "message",
        "user": "U6U67BH37",
        "text": ":+1:",
        "ts": "1506180956.000044"
    },
    {
        "type": "message",
        "user": "U33CGLNNR",
        "text": "radix42 is basically part of our team too. He has helped out a lot. He can do more than poke",
        "ts": "1506180985.000034"
    },
    {
        "type": "message",
        "user": "U6U67BH37",
        "text": "lol, yeah",
        "ts": "1506180990.000033"
    },
    {
        "type": "message",
        "user": "U33CGLNNR",
        "text": ":wink: ",
        "ts": "1506180991.000031"
    },
    {
        "type": "message",
        "user": "U6U67BH37",
        "text": "it's just that he has been a bit sick",
        "ts": "1506180998.000043"
    },
    {
        "type": "message",
        "user": "U33CGLNNR",
        "text": "I haven't had time to make more video swaps but this week I will attempt a Hush swap",
        "edited": {
            "user": "U33CGLNNR",
            "ts": "1506181018.000000"
        },
        "ts": "1506181010.000064"
    },
    {
        "type": "message",
        "user": "U6U67BH37",
        "text": "<@U33CGLNNR> if you can tell me the steps needed to test, i would love to as well. I am basically reverse engineering it all",
        "ts": "1506181033.000051"
    },
    {
        "type": "message",
        "user": "U6U67BH37",
        "text": "I have BTC\/ZEC\/Hush experience, but not much KMD\/barterdex",
        "ts": "1506181050.000086"
    },
    {
        "type": "message",
        "user": "U6U67BH37",
        "text": "i am a newb",
        "ts": "1506181054.000093"
    },
    {
        "type": "message",
        "user": "U33CGLNNR",
        "text": "I'm unclear on the SPV setup since I haven't used it myself. The atomic swap between Hush and KMD is fairly simple. Have you watched the LTC\/KMD swap on video? ",
        "ts": "1506181081.000036"
    },
    {
        "type": "message",
        "user": "U6U67BH37",
        "text": "<@U33CGLNNR> read about it, where is the video?",
        "ts": "1506181100.000013"
    },
    {
        "type": "message",
        "user": "U33CGLNNR",
        "text": "\nOne sec ",
        "ts": "1506181117.000021"
    },
    {
        "type": "message",
        "user": "U6U67BH37",
        "text": "i guess i would like to do an atomic swap between Hush+ZEC or Hush+KMD, to start things off. That seems like the easiest pairs",
        "ts": "1506181127.000017"
    },
    {
        "type": "message",
        "user": "U33CGLNNR",
        "text": "<https:\/\/youtu.be\/bf371VQRh0M>",
        "attachments": [
            {
                "service_name": "YouTube",
                "service_url": "https:\/\/www.youtube.com\/",
                "title": "How to Swap Komodo to Litecoin in BarterDEX - an atomic swap demonstration",
                "title_link": "https:\/\/youtu.be\/bf371VQRh0M",
                "author_name": "SuperNET",
                "author_link": "https:\/\/www.youtube.com\/channel\/UCQM0CcC4tKli3W5WNy1uUSA",
                "thumb_url": "https:\/\/i.ytimg.com\/vi\/bf371VQRh0M\/hqdefault.jpg",
                "thumb_width": 480,
                "thumb_height": 360,
                "fallback": "YouTube Video: How to Swap Komodo to Litecoin in BarterDEX - an atomic swap demonstration",
                "video_html": "<iframe width=\"400\" height=\"225\" src=\"https:\/\/www.youtube.com\/embed\/bf371VQRh0M?feature=oembed&autoplay=1&iv_load_policy=3\" frameborder=\"0\" allowfullscreen><\/iframe>",
                "video_html_width": 400,
                "video_html_height": 225,
                "from_url": "https:\/\/youtu.be\/bf371VQRh0M",
                "service_icon": "https:\/\/a.slack-edge.com\/2089\/img\/unfurl_icons\/youtube.png",
                "id": 1
            }
        ],
        "ts": "1506181160.000035"
    },
    {
        "type": "message",
        "user": "U33CGLNNR",
        "text": "In the swap demonstrated in the video you see I have a Full KMD and LTC daemon. That's all you need, and of course the uglyGUI app for testing swaps. ",
        "ts": "1506181211.000001"
    },
    {
        "type": "message",
        "user": "U33CGLNNR",
        "text": "Hush\/KMD or Hush\/ZEC should be straight forward. We have a rough guide on how to complete the swaps on native clients but with the SPV implementation it will be much simpler and less time consuming. ",
        "ts": "1506181307.000057"
    },
    {
        "type": "message",
        "user": "U33CGLNNR",
        "text": "<http:\/\/pad.supernet.org\/barterdex-readme> ",
        "ts": "1506181355.000016"
    },
    {
        "type": "message",
        "user": "U6U67BH37",
        "text": "since I am more familiar with ZEC+Hush, i think i will run a full ZEC and full Hush node on the same server",
        "ts": "1506181365.000017"
    },
    {
        "type": "message",
        "user": "U6U67BH37",
        "text": "i already have one of those :slightly_smiling_face:",
        "ts": "1506181368.000061"
    },
    {
        "type": "message",
        "user": "U6U67BH37",
        "text": "and then try to do a ZEC&lt;&gt;HUSH swap",
        "ts": "1506181376.000009"
    },
    {
        "type": "message",
        "user": "U33CGLNNR",
        "text": "Yes that's possible ",
        "ts": "1506181405.000094"
    },
    {
        "type": "message",
        "user": "U6U67BH37",
        "text": "cool",
        "ts": "1506181532.000013"
    },
    {
        "type": "message",
        "user": "U6U67BH37",
        "text": "<@U33CGLNNR> that video helps, thanks",
        "ts": "1506181624.000051"
    },
    {
        "type": "message",
        "user": "U33CGLNNR",
        "text": "I have been very busy but I need to simplify the BarterDEX guide and make more videos",
        "ts": "1506182982.000073"
    },
    {
        "type": "message",
        "user": "U4Y5ER7NV",
        "text": "when sell KMD barterdex is explorer see addresses atomic swap",
        "ts": "1506185036.000039"
    },
    {
        "type": "message",
        "user": "U4Y5ER7NV",
        "text": "or private ?",
        "ts": "1506185044.000054"
    },
    {
        "type": "message",
        "user": "U4Y5ER7NV",
        "text": "mean history",
        "ts": "1506185132.000024"
    },
    {
        "type": "message",
        "user": "U4Y5ER7NV",
        "text": "only user see ?",
        "ts": "1506185169.000011"
    },
    {
        "type": "message",
        "user": "U4Y5ER7NV",
        "text": "two user",
        "ts": "1506185174.000069"
    },
    {
        "type": "message",
        "user": "U02LQ1WHQ",
        "text": "the swaps are transparent",
        "ts": "1506185192.000074"
    },
    {
        "type": "message",
        "user": "U02LQ1WHQ",
        "text": "but if you trade private jumblr outputs it is unlinked",
        "ts": "1506185244.000030"
    },
    {
        "type": "message",
        "user": "U4Y5ER7NV",
        "text": "mean KMD --&gt; jumblr --&gt; address barterdex --&gt; sell",
        "ts": "1506185318.000049"
    },
    {
        "type": "message",
        "user": "U4Y5ER7NV",
        "text": "?",
        "ts": "1506185322.000001"
    },
    {
        "type": "message",
        "user": "U02LQ1WHQ",
        "text": "yes!",
        "ts": "1506185352.000053"
    },
    {
        "type": "message",
        "user": "U02LQ1WHQ",
        "text": "you jumblr ahead of time",
        "ts": "1506185357.000100"
    },
    {
        "type": "message",
        "user": "U02LQ1WHQ",
        "text": "then trade the jumblred funds via barterDEX",
        "ts": "1506185368.000032",
        "reactions": [
            {
                "name": "heart",
                "users": [
                    "U6U67BH37"
                ],
                "count": 1
            },
            {
                "name": "thumbsup_all",
                "users": [
                    "U6U67BH37"
                ],
                "count": 1
            }
        ]
    },
    {
        "type": "message",
        "user": "U4Y5ER7NV",
        "text": "ok\nthank you",
        "ts": "1506185376.000056"
    },
    {
        "type": "message",
        "user": "U02LQ1WHQ",
        "text": "<@U2Q1DP6EQ> dcrd has gettxout now! <https:\/\/bpaste.net\/show\/4d19f74d3816>",
        "ts": "1506186311.000005"
    },
    {
        "type": "message",
        "user": "U02LQ1WHQ",
        "text": "let me know if there are any issues getting it to atomic swap",
        "ts": "1506186324.000033"
    },
    {
        "type": "message",
        "user": "U2Q1DP6EQ",
        "text": "oh wow, cool, that was fast...",
        "ts": "1506193629.000019"
    },
    {
        "type": "message",
        "user": "U02LAJBUY",
        "text": "Do we have a list of barterdex coins?",
        "ts": "1506194164.000005"
    },
    {
        "type": "message",
        "user": "U02LAJBUY",
        "text": "found it",
        "ts": "1506194240.000005"
    },
    {
        "type": "message",
        "user": "U2Q1DP6EQ",
        "text": "<@U33CGLNNR> yes, i have setup some electrum servers, including HUSH. The complete list is included in the install script i posted yesterday. Till now, i have only setup a second electrum server for BTC, KMD and DGB. Will have to do that with more coins and other people setting up more electrum servers would be of great help.",
        "ts": "1506195667.000078"
    },
    {
        "type": "message",
        "user": "U33CGLNNR",
        "text": "i can help with that for sure, i will be contacting you tomorrow to get more details",
        "ts": "1506195692.000039"
    },
    {
        "type": "message",
        "user": "U33CGLNNR",
        "text": "can you send me the link? i haven’t been keeping up with tradebots these past 2 weeks",
        "ts": "1506195702.000038"
    },
    {
        "type": "message",
        "user": "U33CGLNNR",
        "text": "i have a week until we travel again so i can focus on that while we prepare for Barcelona",
        "ts": "1506195719.000022"
    },
    {
        "type": "message",
        "user": "U02LQ1WHQ",
        "text": "i think if each coin community can provide an electrum server, we can add it to the list of active electrums servers and the more such servers, the more reliable the trading with that coin will be",
        "ts": "1506195785.000068"
    },
    {
        "type": "message",
        "user": "U2Q1DP6EQ",
        "text": "yes, that would be perfect",
        "ts": "1506195855.000052"
    },
    {
        "type": "message",
        "user": "U02LQ1WHQ",
        "text": "in the GUI, users will be able to choose which electrum server to use as the primary",
        "ts": "1506195888.000057"
    },
    {
        "type": "message",
        "user": "U2Q1DP6EQ",
        "text": "here is the script for installing barterdex and using the existing electrum servers",
        "ts": "1506195993.000012"
    },
    {
        "type": "message",
        "user": "U02LQ1WHQ",
        "text": "<@U77NFL15K> fyi",
        "ts": "1506196037.000009"
    },
    {
        "user": "U77NFL15K",
        "inviter": "U02LQ1WHQ",
        "text": "<@U77NFL15K> has joined the channel",
        "type": "message",
        "subtype": "channel_join",
        "ts": "1506196043.000060"
    },
    {
        "type": "message",
        "user": "U2Q1DP6EQ",
        "text": "and here is the script for installing electrum servers (KMD as an example)",
        "ts": "1506196062.000037"
    },
    {
        "type": "message",
        "user": "U33CGLNNR",
        "text": "<@U2Q1DP6EQ> got it thanks ",
        "ts": "1506196130.000015"
    },
    {
        "type": "message",
        "user": "U33CGLNNR",
        "text": "i can make this into a guide as well",
        "ts": "1506196255.000056"
    },
    {
        "type": "message",
        "user": "U02LQ1WHQ",
        "text": "perfect!",
        "ts": "1506196262.000036"
    },
    {
        "type": "message",
        "user": "U02LAJBUY",
        "text": "Should we put that into a <http:\/\/github.com\/supernetorg|github.com\/supernetorg> repository? <@U2Q1DP6EQ>",
        "ts": "1506196271.000034"
    },
    {
        "type": "message",
        "user": "U33CGLNNR",
        "text": "with screenshots and all. I will get it done tomorrow.",
        "ts": "1506196281.000040"
    },
    {
        "type": "message",
        "user": "U2Q1DP6EQ",
        "text": "the option txindex=1 is needed in the respective daemon (KMD has it by default)",
        "ts": "1506196285.000071"
    },
    {
        "type": "message",
        "user": "U33CGLNNR",
        "text": "ok",
        "ts": "1506196307.000081"
    },
    {
        "type": "message",
        "user": "U2Q1DP6EQ",
        "text": "yes, would be good to put it where everybody can read it :slightly_smiling_face:",
        "ts": "1506196340.000018"
    },
    {
        "type": "message",
        "subtype": "pinned_item",
        "text": "",
        "user": "U047X3GAM",
        "item_type": "F",
        "ts": "1506196372.000026"
    },
    {
        "user": "U77SCMXU4",
        "text": "<@U77SCMXU4> has joined the channel",
        "type": "message",
        "subtype": "channel_join",
        "ts": "1506197160.000028"
    },
    {
        "type": "message",
        "user": "U77NFL15K",
        "text": "<@U02LQ1WHQ> thanks dude !",
        "ts": "1506197849.000014"
    },
    {
        "type": "message",
        "user": "U6U67BH37",
        "text": "my next test will be a HUSH&lt;&gt;ZEC atomic swap via barterdex electrum server, using the commit I wrote to add hush to electrumx. thanks to <@U33CGLNNR> for making awesome videos! :+1:",
        "ts": "1506202271.000024"
    },
    {
        "type": "message",
        "user": "U2Q1DP6EQ",
        "text": "we now have a github repo for electrumx, forked from the original one. i have merged Hush support from the MyHush guys (many thanks for that) added Komodo and put the short setup docu there. The docu is linked to on the start page. I tried to make as little changes as necessary, that's why i placed my docu in an separate file. Here is the link: <https:\/\/github.com\/SuperNETorg\/electrumx>",
        "ts": "1506216463.000048",
        "reactions": [
            {
                "name": "heart",
                "users": [
                    "U6U67BH37"
                ],
                "count": 1
            }
        ]
    },
    {
        "type": "message",
        "user": "U02LAJBUY",
        "text": "Actually, is <https:\/\/docs.google.com\/spreadsheets\/d\/1ezXr4DBctFy6o4t-C_jCa4BpKBfXN4nCqxcCkx6hl9g\/edit#gid=0> the right link for a list of barterdex coins?",
        "ts": "1506224599.000049"
    },
    {
        "type": "message",
        "user": "U2Q1DP6EQ",
        "text": "the \"JsonInfo\" tab of it, yes. Or better look here <https:\/\/github.com\/jl777\/SuperNET\/blob\/spvdex\/iguana\/exchanges\/coins>",
        "ts": "1506225395.000031"
    },
    {
        "type": "message",
        "user": "U2Q1DP6EQ",
        "text": "I had a closer look at DCR and there are changes needed to barterdex code in order to support it. They separated wallet from blockchain and are running 2 daemons. wallet commands like \"importprivkey\" had to be sent to the wallet daemon and chain related commands like \"gettxout\" to dcrd. The daemons have different rpc ports and different config directories.",
        "ts": "1506235733.000045"
    },
    {
        "type": "message",
        "user": "U2Q1DP6EQ",
        "text": "or use only electrumx, but there is no config for DCR in electrumx",
        "ts": "1506235955.000012"
    },
    {
        "type": "message",
        "user": "U02LQ1WHQ",
        "text": "if you set the electrumX params for it for the non-wallet rpc, it could work",
        "ts": "1506236076.000017"
    },
    {
        "type": "message",
        "user": "U02LQ1WHQ",
        "text": "strange they split it out into two ports",
        "ts": "1506236086.000025"
    }
]