[
    {
        "type": "message",
        "user": "U41M5AAJW",
        "text": "hi guys",
        "ts": "1502710815.671932"
    },
    {
        "type": "message",
        "user": "U41M5AAJW",
        "text": "how is the documentation of the api going?",
        "ts": "1502710825.674457"
    },
    {
        "type": "message",
        "user": "U41M5AAJW",
        "text": "i know there was a different document from the readme",
        "ts": "1502710839.678348"
    },
    {
        "type": "message",
        "user": "U41M5AAJW",
        "text": "but dont remember the link",
        "ts": "1502710845.679823"
    },
    {
        "type": "message",
        "user": "U0394QTC7",
        "text": "it’s in the readme somewhere",
        "ts": "1502711372.814005"
    },
    {
        "type": "message",
        "user": "U0394QTC7",
        "text": "i think cipi was busy with that a while back",
        "ts": "1502711384.816855"
    },
    {
        "type": "message",
        "user": "U0394QTC7",
        "text": "<http:\/\/pad.supernet.org\/BarterDEX_API> this one?",
        "ts": "1502711402.821765"
    },
    {
        "type": "message",
        "user": "U41M5AAJW",
        "text": "that one! thanks!",
        "ts": "1502712579.153731"
    },
    {
        "type": "message",
        "user": "U3YNHFJ9Z",
        "text": "Hey - do we still need a GUI Designer ? ",
        "ts": "1502718492.557040"
    },
    {
        "type": "message",
        "user": "U06LEAJBZ",
        "text": "yes, we need taleted GUI developers",
        "ts": "1502718582.603391"
    },
    {
        "type": "message",
        "user": "U33CGLNNR",
        "text": "<@U3YNHFJ9Z> you wrote me before. What are your skills?",
        "ts": "1502720380.601724"
    },
    {
        "type": "message",
        "user": "U03KCAZ9J",
        "text": "<http:\/\/coremedia.info\/blockchain-news\/item\/869-supernet-comes-to-save-the-gambling-industry>",
        "attachments": [
            {
                "title": "Core Media - SuperNET Comes To Save The Gambling Industry",
                "title_link": "http:\/\/coremedia.info\/blockchain-news\/item\/869-supernet-comes-to-save-the-gambling-industry\\",
                "text": "BlockTech Reviews",
                "fallback": "Core Media - SuperNET Comes To Save The Gambling Industry",
                "image_url": "http:\/\/coremedia.info\/media\/k2\/items\/cache\/639af23831732d3cec36ca36df86cefd_M.jpg",
                "from_url": "http:\/\/coremedia.info\/blockchain-news\/item\/869-supernet-comes-to-save-the-gambling-industry\\",
                "image_width": 320,
                "image_height": 213,
                "image_bytes": 55113,
                "service_name": "coremedia.info",
                "id": 1
            }
        ],
        "edited": {
            "user": "U03KCAZ9J",
            "ts": "1502723543.000000"
        },
        "ts": "1502723538.465266"
    },
    {
        "type": "message",
        "user": "U3YNHFJ9Z",
        "text": "My skill is knowing lots of people - I am working as pm and salesman in a well established it company ",
        "ts": "1502725603.692979"
    },
    {
        "type": "message",
        "user": "U33CGLNNR",
        "text": "What I'm asking is if you are a developer yourself or are inquiring on behalf of someone else?",
        "thread_ts": "1502726100.988378",
        "reply_count": 1,
        "replies": [
            {
                "user": "U3YNHFJ9Z",
                "ts": "1502783995.000154"
            }
        ],
        "unread_count": 1,
        "ts": "1502726100.988378"
    },
    {
        "user": "U6NEQ9TSN",
        "text": "<@U6NEQ9TSN> has joined the channel",
        "type": "message",
        "subtype": "channel_join",
        "ts": "1502745084.150392"
    },
    {
        "type": "message",
        "user": "U41M5AAJW",
        "text": "i am doing some tests routing btc traffic through tor and using the barterdex but im getting no response from server",
        "ts": "1502751187.367407"
    },
    {
        "type": "message",
        "user": "U41M5AAJW",
        "text": "i do get order listings and everything",
        "ts": "1502751198.370522"
    },
    {
        "type": "message",
        "user": "U41M5AAJW",
        "text": "but no response from server",
        "ts": "1502751202.371692"
    },
    {
        "type": "message",
        "user": "U41M5AAJW",
        "text": "if anyone else give it a try, let me know",
        "ts": "1502751211.374331"
    },
    {
        "type": "message",
        "user": "U41M5AAJW",
        "text": "this is the client output",
        "ts": "1502751925.581469"
    },
    {
        "type": "message",
        "user": "U41M5AAJW",
        "text": "value <tel:199.20000000|199.20000000> price <tel:3218.54989863|3218.54989863>\/3218.54989863 best 0.00000000 destsatoshis <tel:165.99989999|165.99989999> * metric 1.00000000 -&gt; (165.999900)\nset best!\nvalue <tel:199.20000000|199.20000000> price <tel:3218.54989863|3218.54989863>\/3218.54989863 best <tel:165.99989999|165.99989999> destsatoshis 98.74398439 * metric 1.00000000 -&gt; (98.743984)\nset best!\nvalue <tel:199.20000000|199.20000000> price <tel:3218.70527654|3218.70527654>\/3218.54989863 best 98.74398439 destsatoshis <tel:100.37432625|100.37432625> * metric 1.00004828 -&gt; (100.388864)\nvalue <tel:199.20000000|199.20000000> price <tel:3218.70527654|3218.70527654>\/3218.54989863 best 98.74398439 destsatoshis <tel:165.99989999|165.99989999> * metric 1.00004828 -&gt; (166.023942)\n3149405 3149406 0 1 1: cant find butxo.0x7f98681cec20 or value mismatch 0.03149406 != 0.03149406 or bestflag.0\nvalue <tel:199.20000000|199.20000000> price <tel:3218.80887015|3218.80887015>\/3218.54989863 best 98.74398439 destsatoshis <tel:109.04284776|109.04284776> * metric 1.00008046 -&gt; (109.069171)\nvalue <tel:199.20000000|199.20000000> price <tel:3218.80887015|3218.80887015>\/3218.54989863 best 98.74398439 destsatoshis 30.68194365 * metric 1.00008046 -&gt; (30.689350)\nset best!\nvalue <tel:199.20000000|199.20000000> price <tel:3218.80887015|3218.80887015>\/3218.54989863 best 30.68935045 destsatoshis 20.37538202 * metric 1.00008046 -&gt; (20.380301)\nset best!\nvalue <tel:199.20000000|199.20000000> price <tel:3218.80887015|3218.80887015>\/3218.54989863 best 20.38030076 destsatoshis <tel:165.99989999|165.99989999> * metric 1.00008046 -&gt; (166.039973)\nvalue <tel:199.20000000|199.20000000> price <tel:3218.80887015|3218.80887015>\/3218.54989863 best 20.38030076 destsatoshis <tel:111.19455712|111.19455712> * metric 1.00008046 -&gt; (111.221400)\nvalue <tel:199.20000000|199.20000000> price <tel:3218.80887015|3218.80887015>\/3218.54989863 best 20.38030076 destsatoshis <tel:165.99989999|165.99989999> * metric 1.00008046 -&gt; (166.039973)\nqprice <tel:3524.28067450|3524.28067450> &lt;- 20.37538202\/0.00578143 txfees.(0.00054867 0.00010000) vs (0.00054867 0.00010000)\ndo quote.({\"base\":\"BTC\",\"rel\":\"KMD\",\"address\":\"1DMYqSRu7A3Z3yL8LvCDP9hcNpeShRHXJ9\",\"timestamp\":1502751872,\"txid\":\"199bffd164f18264382c9e4d48b8bb5a49170a64cf5d5f0e374815ae9b0eb7a8\",\"vout\":1,\"srchash\":\"7db93bf02299a62905f78a2de3d1fd42d8f5433729e096a66c99c14a52cf936d\",\"txfee\":\"54867\",\"satoshis\":\"578143\",\"desthash\":\"ca66efb69017654b4634ac0ea6c4829813cbfd6885d9bfddca9eb9d748e0c978\",\"txid2\":\"49753e2d9073181f2ce2be5fa6a0b187782a522acc6f7249e3e277c24b60328b\",\"vout2\":0,\"destaddr\":\"RRVgVs2e5sGeXbHQHMtsKpr2m6dSw48UGu\",\"desttxid\":\"d5c8195c17f1f247b899740a930722808208a1f8b95711e4a35fdf0bf4001071\",\"destvout\":1,\"feetxid\":\"7df434fa97660eba830efd01265e43923cdc5732e90e67830fb8957b1a580585\",\"feevout\":0,\"desttxfee\":\"10000\",\"destsatoshis\":\"2037538202\",\"price\":3524.28067450})\nUTXO.[0] RESERVED d5c8195c17f1f247b899740a930722808208a1f8b95711e4a35fdf0bf4001071\/v1 7df434fa97660eba830efd01265e43923cdc5732e90e67830fb8957b1a580585\/v0 collisions.1\nQUERY.({\"base\":\"BTC\",\"rel\":\"KMD\",\"address\":\"1DMYqSRu7A3Z3yL8LvCDP9hcNpeShRHXJ9\",\"timestamp\":1502751872,\"txid\":\"199bffd164f18264382c9e4d48b8bb5a49170a64cf5d5f0e374815ae9b0eb7a8\",\"vout\":1,\"srchash\":\"7db93bf02299a62905f78a2de3d1fd42d8f5433729e096a66c99c14a52cf936d\",\"txfee\":\"54867\",\"satoshis\":\"578143\",\"desthash\":\"ca66efb69017654b4634ac0ea6c4829813cbfd6885d9bfddca9eb9d748e0c978\",\"txid2\":\"49753e2d9073181f2ce2be5fa6a0b187782a522acc6f7249e3e277c24b60328b\",\"vout2\":0,\"destaddr\":\"RRVgVs2e5sGeXbHQHMtsKpr2m6dSw48UGu\",\"desttxid\":\"d5c8195c17f1f247b899740a930722808208a1f8b95711e4a35fdf0bf4001071\",\"destvout\":1,\"feetxid\":\"7df434fa97660eba830efd01265e43923cdc5732e90e67830fb8957b1a580585\",\"feevout\":0,\"desttxfee\":\"10000\",\"destsatoshis\":\"2037538202\",\"price\":3524.28067450,\"pubkey\":\"7db93bf02299a62905f78a2de3d1fd42d8f5433729e096a66c99c14a52cf936d\",\"method\":\"request\"})\nUTXO.[0] AVAIL d5c8195c17f1f247b899740a930722808208a1f8b95711e4a35fdf0bf4001071\/v1 7df434fa97660eba830efd01265e43923cdc5732e90e67830fb8957b1a580585\/v0 collisions.1\nPULL dup.0 (1810 \/ 2796) 64.7% encrypted.0 recv.2091436881 [7b 22] vs 51 cb U.-1\nerror finding KMD\/BTA 3.29544695\ncouldnt find.462404132 peerind.1 Q.34 err.0 match.30",
        "ts": "1502751927.581980"
    },
    {
        "type": "message",
        "user": "U41M5AAJW",
        "text": "would like to know what the other server says, but im not trading with myself",
        "ts": "1502751989.598997"
    },
    {
        "type": "message",
        "user": "U41M5AAJW",
        "text": "im sure it has to be with tor being enabled",
        "ts": "1502752013.605643"
    },
    {
        "type": "message",
        "user": "U41M5AAJW",
        "text": "since trades where working great before",
        "ts": "1502752026.609379"
    },
    {
        "type": "message",
        "user": "U03SKEFEL",
        "text": "<@U41M5AAJW> doesn't sound like a good idea to use barterdex over tor",
        "ts": "1502762024.000046"
    },
    {
        "type": "message",
        "user": "U03SKEFEL",
        "text": "the order matching part can screw up if IP of parties change in between trades",
        "ts": "1502762048.000031"
    },
    {
        "type": "message",
        "user": "U41M5AAJW",
        "text": "ok, i was just wondering if it worked and tried",
        "ts": "1502762062.000092"
    },
    {
        "type": "message",
        "user": "U41M5AAJW",
        "text": "but it seems it doesnt",
        "ts": "1502762066.000151"
    },
    {
        "type": "message",
        "user": "U03SKEFEL",
        "text": "for preivacy and anon use Jumblr",
        "ts": "1502762070.000107"
    },
    {
        "type": "message",
        "user": "U03SKEFEL",
        "text": "for trade use Barterdex",
        "ts": "1502762076.000006"
    },
    {
        "type": "message",
        "user": "U41M5AAJW",
        "text": "or at least its no reliable enough",
        "ts": "1502762077.000075"
    },
    {
        "type": "message",
        "user": "U03SKEFEL",
        "text": "as per my conversation with James, and what I understood, the trade might not complete on tor network if IPs change of parties in between trades",
        "ts": "1502762132.000004"
    },
    {
        "type": "message",
        "user": "U03SKEFEL",
        "text": "which tor does",
        "ts": "1502762136.000180"
    },
    {
        "type": "message",
        "user": "U41M5AAJW",
        "text": "ok",
        "ts": "1502762187.000019"
    },
    {
        "type": "message",
        "user": "U41M5AAJW",
        "text": "experiment discontinued then :slightly_smiling_face:",
        "edited": {
            "user": "U41M5AAJW",
            "ts": "1502762282.000000"
        },
        "ts": "1502762258.000193"
    },
    {
        "type": "message",
        "user": "U41M5AAJW",
        "text": "~\/SuperNET\/iguana\/dexscripts$ ls\nautoprice   deletemessages  getpeers    inv         portfolio    trade\nautotrade   disable         getpeersIP  message     register     userpass\nbestfit     enable          getprices   myprice     registerall  utxos\nclient      genCOQUi        getutxos    myprices    run\nclient_osx  genCOQUI        goal        orderbook   run_osx\ncoins       getcoins        goals       ordermatch  setprice\ndebug       getmessages     help        passphrase  status",
        "ts": "1502762909.000033"
    },
    {
        "type": "message",
        "user": "U41M5AAJW",
        "text": "i dont see the sendmessages in dexscript folder",
        "ts": "1502762928.000095"
    },
    {
        "type": "message",
        "user": "U41M5AAJW",
        "text": "i do see .\/message",
        "edited": {
            "user": "U41M5AAJW",
            "ts": "1502763061.000000"
        },
        "ts": "1502762938.000152"
    },
    {
        "type": "message",
        "user": "U41M5AAJW",
        "text": "sendmessage(base=coin, rel=, pubkey=zero, &lt;argjson method2&gt;)\ngetmessages(firsti=0, num=100)\nclearmessages(firsti=0, num=100)",
        "ts": "1502762958.000023"
    },
    {
        "type": "message",
        "user": "U41M5AAJW",
        "text": "i think the commands are different in the help",
        "ts": "1502762973.000063"
    },
    {
        "type": "message",
        "user": "U41M5AAJW",
        "text": "names should be changed so that there are no confusions",
        "ts": "1502762994.000013"
    },
    {
        "type": "message",
        "user": "U41M5AAJW",
        "text": "also the .\/trust command is no longer available.",
        "ts": "1502763158.000120"
    }
]