[
    {
        "type": "message",
        "user": "U02LQ1WHQ",
        "text": "LP nodes rand solid for 12+ hours. found a couple of bugs I will be fixing, but it is running and ready to trade",
        "ts": "1497771300.461966"
    },
    {
        "type": "message",
        "user": "U02LQ1WHQ",
        "text": "else   LP_utxo_clientpublish(utxo); \n\n should have been:    \n  else if ( iambob != 0 )           \n          LP_utxo_clientpublish(utxo);\n\nnodes were publishing all their utxo, instead of just the Bob utxo's, since the Alice utxos duplicate the Bob's (as long as they meet the pairing requirements) this led to a lot of spurious errors. It didnt seem to cause any direct issues, but much cleaner to not have duplicate and differently bound txids floating about. The fact that the bug is at this level indicates there are not too many other bugs left in the mainstream case. I think the general \"networking can be improved\" and a lot of error detection and handling.  There is a mysterious network packet error, which bugs me. The data still gets through due to the redundant design, but it is so close to being without any runtime warnings I will fix that after I verify the utxo fix",
        "ts": "1497772637.507974",
        "reactions": [
            {
                "name": "iguana",
                "users": [
                    "U2PSPGFJS"
                ],
                "count": 1
            },
            {
                "name": "clap",
                "users": [
                    "U2PSPGFJS"
                ],
                "count": 1
            }
        ]
    },
    {
        "user": "U5W1HD2B0",
        "text": "<@U5W1HD2B0> has joined the channel",
        "type": "message",
        "subtype": "channel_join",
        "ts": "1497779940.788015"
    },
    {
        "user": "U02QSLTBN",
        "text": "<@U02QSLTBN> has joined the channel",
        "type": "message",
        "subtype": "channel_join",
        "ts": "1497780891.825928"
    },
    {
        "type": "message",
        "user": "U02LQ1WHQ",
        "text": "fixed the spurious utxo and now much cleaner utxo traffic, no more bugs in that area I know of. onto the networking error, which is a \"resource temporarily unavailable\" error, so it really is just normal networking, but I want to make it smoother",
        "ts": "1497781162.836209",
        "reactions": [
            {
                "name": "white_check_mark",
                "users": [
                    "U2PSPGFJS"
                ],
                "count": 1
            }
        ]
    },
    {
        "type": "message",
        "user": "U02LQ1WHQ",
        "text": "the networking \"error\" was due to firewall blocking port 7780, which needs to be open",
        "ts": "1497784288.957503"
    },
    {
        "type": "message",
        "user": "U02LQ1WHQ",
        "text": "So as of now, there are no known bugs, but I havent tested client node to client node yet, that will be the most difficult config, actually with client mode not officially supported for LP nodes, it is the only case other than client &lt;-&gt; LP node. If clientmode is enabled on LPnodes, then we would also need to test LPnode &lt;-&gt; LPnode and LPnode as client to client as LP node. Due to lackof testing resources, I choose to not support client mode on LPnodes",
        "ts": "1497784400.961663",
        "reactions": [
            {
                "name": "tada",
                "users": [
                    "U2PSPGFJS"
                ],
                "count": 1
            }
        ]
    },
    {
        "user": "U3YNHFJ9Z",
        "text": "<@U3YNHFJ9Z> has joined the channel",
        "type": "message",
        "subtype": "channel_join",
        "ts": "1497784444.963172"
    },
    {
        "user": "U0HL5PASV",
        "text": "<@U0HL5PASV> has joined the channel",
        "type": "message",
        "subtype": "channel_join",
        "ts": "1497785600.006832"
    },
    {
        "user": "U5PBLNV9R",
        "text": "<@U5PBLNV9R> has joined the channel",
        "type": "message",
        "subtype": "channel_join",
        "ts": "1497793830.368671"
    },
    {
        "user": "U1YQFE9M2",
        "text": "<@U1YQFE9M2> has joined the channel",
        "type": "message",
        "subtype": "channel_join",
        "ts": "1497800824.734022"
    },
    {
        "user": "U5VHXQ4CU",
        "text": "<@U5VHXQ4CU> has joined the channel",
        "type": "message",
        "subtype": "channel_join",
        "ts": "1497817640.636527"
    },
    {
        "user": "U5E4K17C7",
        "text": "<@U5E4K17C7> has joined the channel",
        "type": "message",
        "subtype": "channel_join",
        "ts": "1497825259.015370"
    },
    {
        "type": "message",
        "user": "U02LAJBUY",
        "text": "<@U02LQ1WHQ> <https:\/\/twitter.com\/MatGroennebaek\/status\/876582981028245505>",
        "edited": {
            "user": "U02LAJBUY",
            "ts": "1497829322.000000"
        },
        "ts": "1497829311.232546"
    },
    {
        "user": "U3X56GA7J",
        "text": "<@U3X56GA7J> has joined the channel",
        "type": "message",
        "subtype": "channel_join",
        "ts": "1497852964.326245"
    },
    {
        "user": "U34RJ030D",
        "text": "<@U34RJ030D> has joined the channel",
        "type": "message",
        "subtype": "channel_join",
        "ts": "1497853341.374342"
    }
]