[
    {
        "type": "message",
        "user": "U0394QTC7",
        "text": "who is buying btch though",
        "ts": "1521535724.000175"
    },
    {
        "type": "message",
        "user": "U8MLQ662K",
        "text": "Are you talking about that LP buying for 1 KMD each?",
        "ts": "1521536609.000498"
    },
    {
        "type": "message",
        "user": "U8MLQ662K",
        "text": "Couldn't get any swaps from it",
        "ts": "1521536619.000532"
    },
    {
        "type": "message",
        "user": "U0394QTC7",
        "text": "no but i mean who wants to own btch?",
        "ts": "1521537331.000145"
    },
    {
        "type": "message",
        "user": "U0394QTC7",
        "text": ":stuck_out_tongue:",
        "ts": "1521537334.000190"
    },
    {
        "type": "message",
        "user": "U0394QTC7",
        "text": "i dont see any orders btw",
        "ts": "1521537446.000111"
    },
    {
        "type": "message",
        "text": "",
        "files": [
            {
                "id": "F9S6RG36D",
                "created": 1521538938,
                "timestamp": 1521538938,
                "name": "image.png",
                "title": "image.png",
                "mimetype": "image\/png",
                "filetype": "png",
                "pretty_type": "PNG",
                "user": "U0394QTC7",
                "editable": false,
                "size": 225871,
                "mode": "hosted",
                "is_external": false,
                "external_type": "",
                "is_public": true,
                "public_url_shared": false,
                "display_as_bot": false,
                "username": "",
                "url_private": "https:\/\/files.slack.com\/files-pri\/T02LAJBUW-F9S6RG36D\/image.png?t=xoxe-2690623982-420508393732-420508393844-55126cc98091fbe0399fac3c66f6ed8e",
                "url_private_download": "https:\/\/files.slack.com\/files-pri\/T02LAJBUW-F9S6RG36D\/download\/image.png?t=xoxe-2690623982-420508393732-420508393844-55126cc98091fbe0399fac3c66f6ed8e",
                "thumb_64": "https:\/\/files.slack.com\/files-tmb\/T02LAJBUW-F9S6RG36D-14271444f1\/image_64.png?t=xoxe-2690623982-420508393732-420508393844-55126cc98091fbe0399fac3c66f6ed8e",
                "thumb_80": "https:\/\/files.slack.com\/files-tmb\/T02LAJBUW-F9S6RG36D-14271444f1\/image_80.png?t=xoxe-2690623982-420508393732-420508393844-55126cc98091fbe0399fac3c66f6ed8e",
                "thumb_360": "https:\/\/files.slack.com\/files-tmb\/T02LAJBUW-F9S6RG36D-14271444f1\/image_360.png?t=xoxe-2690623982-420508393732-420508393844-55126cc98091fbe0399fac3c66f6ed8e",
                "thumb_360_w": 360,
                "thumb_360_h": 170,
                "thumb_480": "https:\/\/files.slack.com\/files-tmb\/T02LAJBUW-F9S6RG36D-14271444f1\/image_480.png?t=xoxe-2690623982-420508393732-420508393844-55126cc98091fbe0399fac3c66f6ed8e",
                "thumb_480_w": 480,
                "thumb_480_h": 226,
                "thumb_160": "https:\/\/files.slack.com\/files-tmb\/T02LAJBUW-F9S6RG36D-14271444f1\/image_160.png?t=xoxe-2690623982-420508393732-420508393844-55126cc98091fbe0399fac3c66f6ed8e",
                "thumb_720": "https:\/\/files.slack.com\/files-tmb\/T02LAJBUW-F9S6RG36D-14271444f1\/image_720.png?t=xoxe-2690623982-420508393732-420508393844-55126cc98091fbe0399fac3c66f6ed8e",
                "thumb_720_w": 720,
                "thumb_720_h": 340,
                "thumb_800": "https:\/\/files.slack.com\/files-tmb\/T02LAJBUW-F9S6RG36D-14271444f1\/image_800.png?t=xoxe-2690623982-420508393732-420508393844-55126cc98091fbe0399fac3c66f6ed8e",
                "thumb_800_w": 800,
                "thumb_800_h": 377,
                "image_exif_rotation": 1,
                "original_w": 952,
                "original_h": 449,
                "permalink": "https:\/\/komodo-platform.slack.com\/files\/U0394QTC7\/F9S6RG36D\/image.png",
                "permalink_public": "https:\/\/slack-files.com\/T02LAJBUW-F9S6RG36D-acdfb4ec43"
            }
        ],
        "upload": true,
        "user": "U0394QTC7",
        "display_as_bot": false,
        "ts": "1521538941.000053"
    },
    {
        "type": "message",
        "user": "U0394QTC7",
        "text": "computergenie at it again",
        "ts": "1521538945.000431"
    },
    {
        "type": "message",
        "user": "U5Z26MP60",
        "text": "DUMP that SUPERNET",
        "ts": "1521540601.000257"
    },
    {
        "type": "message",
        "user": "U5Z26MP60",
        "text": "Like the only exchange where you can just keep dumping and the price won't change.",
        "ts": "1521540615.000247"
    },
    {
        "type": "message",
        "user": "U0394QTC7",
        "text": "yes haha",
        "ts": "1521541044.000015"
    },
    {
        "type": "message",
        "user": "U9KF6HXQF",
        "text": "looks like some sbtc-official is about to send me coins for a test swap with sbtc",
        "ts": "1521541451.000384"
    },
    {
        "type": "message",
        "user": "U9KF6HXQF",
        "text": "only took him a week to respond, hehe.",
        "ts": "1521541550.000376"
    },
    {
        "type": "message",
        "user": "U9KF6HXQF",
        "text": "funny enough, while sometimes i'm looked at as a scammer right off, these dudes were not responding quick, but then not making a fuzz about sending out some coins, if they so did :smile:",
        "edited": {
            "user": "U9KF6HXQF",
            "ts": "1521541642.000000"
        },
        "ts": "1521541607.000263"
    },
    {
        "type": "message",
        "user": "U9KF6HXQF",
        "text": "they actually sent 2, not that they're expensive AF, but wow.",
        "edited": {
            "user": "U9KF6HXQF",
            "ts": "1521542724.000000"
        },
        "ts": "1521542665.000480"
    },
    {
        "type": "message",
        "user": "U9KF6HXQF",
        "text": ":hushed:",
        "ts": "1521542682.000100"
    },
    {
        "type": "message",
        "user": "U9KF6HXQF",
        "text": "<@U02LQ1WHQ> it would appear that after some of the last updates to the SuperNET\/iguana, on a debian 9, it does not launch anymore with an error not being able to find nanomsg-headers which i know was not there some days ago when i last tested coin integration of ELI or ELP or whatnot",
        "edited": {
            "user": "U9KF6HXQF",
            "ts": "1521543398.000000"
        },
        "ts": "1521543297.000308"
    },
    {
        "type": "message",
        "user": "U9KF6HXQF",
        "text": "i bet i've missed something here, tho",
        "ts": "1521543303.000564"
    },
    {
        "type": "message",
        "user": "U9KF6HXQF",
        "text": "(and yes i can easily fix it, i just wanted to make sure theres nothing missed)",
        "ts": "1521543337.000294"
    },
    {
        "type": "message",
        "user": "U41M5AAJW",
        "text": "did you update nanomsg to latest?",
        "ts": "1521543484.000223"
    },
    {
        "type": "message",
        "user": "U9KF6HXQF",
        "text": "did that change the location of the nanomsg headerfiles? :smile:",
        "edited": {
            "user": "U9KF6HXQF",
            "ts": "1521543552.000000"
        },
        "ts": "1521543546.000166"
    },
    {
        "type": "message",
        "user": "U41M5AAJW",
        "text": "dont think so",
        "ts": "1521543565.000286"
    },
    {
        "type": "message",
        "user": "U41M5AAJW",
        "text": "but just in case",
        "ts": "1521543573.000308"
    },
    {
        "type": "message",
        "user": "U9KF6HXQF",
        "text": "i can use the one that falls out of deb9?",
        "ts": "1521543607.000049"
    },
    {
        "type": "message",
        "user": "U9KF6HXQF",
        "text": "or do i have to build manually?",
        "ts": "1521543613.000141"
    },
    {
        "type": "message",
        "user": "U9KF6HXQF",
        "text": "anyways my nanomsg-headers are located in ```\/usr\/include\/nanomsg\/``` yet the compiler (when using .\/client) throws an error about looking for them in \/usr\/local\/include - hence the question if i can just use the debian version or have to build a 'better' one myself",
        "edited": {
            "user": "U9KF6HXQF",
            "ts": "1521543780.000000"
        },
        "ts": "1521543728.000036"
    },
    {
        "type": "message",
        "user": "U41M5AAJW",
        "text": "i would recommend to build the latest",
        "ts": "1521543774.000473"
    },
    {
        "type": "message",
        "user": "U41M5AAJW",
        "text": "and do a sudo make install",
        "ts": "1521543820.000116"
    },
    {
        "type": "message",
        "user": "U9KF6HXQF",
        "text": "that will obviously fix the error by putting the headers 'back' to \/usr\/local\/include",
        "ts": "1521543921.000050"
    },
    {
        "type": "message",
        "user": "U9KF6HXQF",
        "text": "wow, buildsystem with procentual progress numbers by the side",
        "ts": "1521544043.000018"
    },
    {
        "type": "message",
        "user": "U9KF6HXQF",
        "text": "thats awesome :slightly_smiling_face:",
        "ts": "1521544047.000296"
    },
    {
        "type": "message",
        "user": "U9KF6HXQF",
        "text": "yea as expected that fixed it. do we _need_ a selfbuilt nanomsg tho?",
        "ts": "1521544145.000054"
    },
    {
        "type": "message",
        "user": "U5Z26MP60",
        "text": "Yes, normally using included nano,sg gives errors with SuperNET repo.",
        "ts": "1521544747.000494"
    },
    {
        "type": "message",
        "user": "U5Z26MP60",
        "text": "Its best to install from source.",
        "ts": "1521544755.000371"
    },
    {
        "type": "message",
        "user": "U41M5AAJW",
        "text": "yes... since marketmaker normally uses the latest.",
        "attachments": [
            {
                "fallback": "[March 20th, 2018 7:09 AM] florian: yea as expected that fixed it. do we _need_ a selfbuilt nanomsg tho?",
                "ts": "1521544145.000054",
                "author_id": "U9KF6HXQF",
                "author_subname": "Bob Deposit",
                "channel_id": "C0MN08277",
                "channel_name": "tradebots",
                "is_msg_unfurl": true,
                "text": "yea as expected that fixed it. do we _need_ a selfbuilt nanomsg tho?",
                "author_name": "Bob Deposit",
                "author_link": "https:\/\/komodo-platform.slack.com\/team\/U9KF6HXQF",
                "author_icon": "https:\/\/avatars.slack-edge.com\/2018-03-05\/324366666339_ff0b688951ba38e4c31d_48.png",
                "mrkdwn_in": [
                    "text"
                ],
                "color": "D0D0D0",
                "from_url": "https:\/\/komodo-platform.slack.com\/archives\/C0MN08277\/p1521544145000054",
                "is_share": true,
                "footer": "Posted in #tradebots"
            }
        ],
        "ts": "1521544876.000162"
    },
    {
        "type": "message",
        "user": "U9KF6HXQF",
        "text": "OK.",
        "ts": "1521545806.000297"
    },
    {
        "type": "message",
        "user": "U9KF6HXQF",
        "text": "oh come on _ONE_ working trade man :neutral_face:",
        "ts": "1521545993.000142"
    },
    {
        "type": "message",
        "user": "U41M5AAJW",
        "text": "???",
        "ts": "1521547680.000488"
    },
    {
        "type": "message",
        "user": "U9KF6HXQF",
        "text": "trying bad AF to find any possible combo of prices and amounts to FINALLY get SBTC frickin done with :smile:",
        "ts": "1521548958.000110"
    },
    {
        "type": "message",
        "user": "U9KF6HXQF",
        "text": "but i decided i'd give it a break, i bet later on it will 'just work' despite doing nothing different largely :smile:",
        "ts": "1521548988.000451"
    },
    {
        "type": "message",
        "user": "U41M5AAJW",
        "text": "what is SBTC?",
        "ts": "1521549051.000269"
    },
    {
        "type": "message",
        "user": "U9KF6HXQF",
        "text": "SuperBitcoin",
        "ts": "1521549056.000218"
    },
    {
        "type": "message",
        "user": "U9KF6HXQF",
        "text": "the next big thing, obviously *scnr*",
        "ts": "1521549062.000368"
    },
    {
        "type": "message",
        "user": "U41M5AAJW",
        "text": ":joy:",
        "ts": "1521549063.000493"
    },
    {
        "type": "message",
        "user": "U9KF6HXQF",
        "text": "also, don't worry",
        "edited": {
            "user": "U9KF6HXQF",
            "ts": "1521549150.000000"
        },
        "ts": "1521549079.000061"
    },
    {
        "type": "message",
        "user": "U9KF6HXQF",
        "text": "i wont cry for a release before the weekend this time :wink:",
        "ts": "1521549086.000002"
    },
    {
        "type": "message",
        "user": "U6MTBP2QK",
        "text": "that isn't me; the only selling I've been doing is manually to test things",
        "attachments": [
            {
                "fallback": "[March 20th, 2018 4:42 AM] n41r0j: computergenie at it again",
                "ts": "1521538945.000431",
                "author_id": "U0394QTC7",
                "author_subname": "jorian",
                "channel_id": "C0MN08277",
                "channel_name": "tradebots",
                "is_msg_unfurl": true,
                "text": "computergenie at it again",
                "author_name": "jorian",
                "author_link": "https:\/\/komodo-platform.slack.com\/team\/U0394QTC7",
                "author_icon": "https:\/\/avatars.slack-edge.com\/2018-03-17\/331137103873_f92ebc59c46d26db36bd_48.png",
                "mrkdwn_in": [
                    "text"
                ],
                "color": "D0D0D0",
                "from_url": "https:\/\/komodo-platform.slack.com\/archives\/C0MN08277\/p1521538945000431",
                "is_share": true,
                "footer": "Posted in #tradebots"
            }
        ],
        "ts": "1521549094.000225"
    },
    {
        "type": "message",
        "user": "U0394QTC7",
        "text": "oh, interesting",
        "ts": "1521550881.000562"
    },
    {
        "type": "message",
        "user": "U0394QTC7",
        "text": "i thought it was your superchicken",
        "ts": "1521550890.000523"
    },
    {
        "type": "message",
        "user": "U6MTBP2QK",
        "text": "Because sn was so low for a bit, I started holding and since then I've not sold more than ~0.8 on any one day",
        "ts": "1521551239.000612"
    },
    {
        "type": "message",
        "user": "U02QSHX81",
        "text": "First ERC20\/ERC20 token swap completed! Woot! Woot!\n```&gt;&gt;&gt;&gt;&gt;&gt;&gt;&gt;&gt;&gt;&gt;&gt;&gt;&gt;&gt;&gt;&gt;&gt;&gt;&gt;&gt;&gt;&gt;&gt;&gt;\nSWAP completed! 4005401766-267497422 {\"expiration\":1521567830,\"tradeid\":0,\"requestid\":4005401766,\"quoteid\":267497422,\"iambob\":1,\"Bgui\":\"nogui\",\"Agui\":\"\",\"gui\":\"nogui\",\"bob\":\"JST\",\"bobtomic\":\"0x996a8ae0304680f6a69b8a9d7c6e37d65ab5ab56\",\"etomicsrc\":\"0x012f7e74120d3d002e8f215ccc6f6f65618f00cb\",\"srcamount\":0.09483774,\"bobtxfee\":0.00001000,\"alice\":\"DEC8\",\"alicetomic\":\"0x3ab100442484dc2414aa75b2952a0a6f03f8abfd\",\"etomicdest\":\"0x078a1db84a2995c22cb72a390c3d279448dbfbf2\",\"destamount\":0.01000000,\"alicetxfee\":0.00001000,\"aliceid\":\"1972769601363247104\",\"sentflags\":[\"alicespend\", \"bobspend\", \"bobpayment\", \"alicepayment\", \"bobdeposit\", \"bobrefund\"],\"values\":[0.09484774, 0.01000999, 0.09485774, 0.01002000, 0.10671245, 0, 0, 0.10670245, 0, 0, 0],\"result\":\"success\",\"status\":\"finished\",\"finishtime\":1521552517,\"bobdeposit\":\"f9933bc1b8d70df0ce5ea899e80fc774290413a13d871dc409b3d1ae773e472d\",\"alicepayment\":\"4adcea735e832dfe75ac51f4f16939cc35bff8b13952fbe859d6fb31d8841e3e\",\"bobpayment\":\"7709ec775890e830bfe69164901adb356ee1444cd0839c073748a72d1331410c\",\"paymentspent\":\"d057523a641734c03be3aa410aae988ad9cf8237759ff4eb1585d715fbd0638d\",\"Apaymentspent\":\"88bcca70ad623a55ff368e3ef5e3b7fd7d6a8478cc8d73e91a802444a11e5f1d\",\"depositspent\":\"2ccb60e433bdb30482f7a9a3e09d2277ed76d3747f918422ca4c5b0750eca402\",\"method\":\"tradestatus\",\"finishtime\":1521552517}```",
        "ts": "1521552747.000238"
    },
    {
        "type": "message",
        "user": "U037WCD9N",
        "text": "are these nanoports ports that LP node has opened for communication and should be open to it work properly: RPCport.7783 remoteport.7782, nanoports 47762 47772 47782?  I tested them on <https:\/\/www.yougetsignal.com\/tools\/open-ports\/>  but those are not open even i have made my peer to be DMZ from router settings.",
        "attachments": [
            {
                "title": "Open Port Check Tool - Test Port Forwarding on Your Router",
                "title_link": "https:\/\/www.yougetsignal.com\/tools\/open-ports\/",
                "text": "The port forwarding tester is a utility used to identify your external IP address and detect open ports on your connection. This tool is useful for finding out if your port forwarding is setup correctly or if your server applications are being blocked by a firewall.",
                "fallback": "Open Port Check Tool - Test Port Forwarding on Your Router",
                "from_url": "https:\/\/www.yougetsignal.com\/tools\/open-ports\/",
                "service_icon": "https:\/\/www.yougetsignal.com\/favicon.ico",
                "service_name": "yougetsignal.com",
                "id": 1
            }
        ],
        "ts": "1521557656.000400"
    },
    {
        "type": "message",
        "user": "U02LQ1WHQ",
        "text": "rpc port does not need to be open",
        "ts": "1521558107.000749"
    },
    {
        "type": "message",
        "user": "U02LQ1WHQ",
        "text": "LP node will choose random ports to facilitate swaps",
        "ts": "1521558121.000539"
    },
    {
        "type": "message",
        "user": "U02LQ1WHQ",
        "text": "literally random, so you cant be firewalling an LP node",
        "ts": "1521558145.000775"
    },
    {
        "type": "message",
        "user": "U037WCD9N",
        "text": "upnp?",
        "ts": "1521558862.000031"
    },
    {
        "type": "message",
        "user": "U02LQ1WHQ",
        "text": "nanomsg deals with the ports, not sure how it interacts with upnp",
        "ts": "1521558904.000673"
    },
    {
        "type": "message",
        "user": "U41M5AAJW",
        "text": "etomic branch mm seems to be very slow",
        "ts": "1521559517.000799"
    },
    {
        "type": "message",
        "user": "U41M5AAJW",
        "text": "is there a way to build static mm in etomic branch?",
        "ts": "1521559530.000919"
    },
    {
        "type": "message",
        "user": "U047X3GAM",
        "text": "kmdbot tip <@U03SKEFEL> 0.2",
        "ts": "1521563377.000953"
    },
    {
        "username": "",
        "text": "<@U047X3GAM> sent <@U03SKEFEL> 0.2KMD (<https:\/\/www.kmd.host\/tx\/029ad90e13838832409002c37e371f253a9c6effcb624fad63f9a8955520ce1a| view on blockchain>)",
        "bot_id": "B8Y9N7F0U",
        "type": "message",
        "subtype": "bot_message",
        "ts": "1521563378.000909"
    },
    {
        "type": "message",
        "user": "U03SKEFEL",
        "text": "Thanks :pray::skin-tone-3: <@U047X3GAM> ",
        "client_msg_id": "15F0CBB5-4186-46E8-9469-2543DDE7898C",
        "ts": "1521563425.000932",
        "reactions": [
            {
                "name": "pray",
                "users": [
                    "U047X3GAM"
                ],
                "count": 1
            }
        ]
    },
    {
        "user": "U9RNJLYE7",
        "text": "<@U9RNJLYE7> has joined the channel",
        "type": "message",
        "subtype": "channel_join",
        "ts": "1521578498.000249"
    },
    {
        "type": "message",
        "user": "U70MZ24DQ",
        "text": "Hi",
        "client_msg_id": "8ded6d2b-ab7c-45b2-9b51-d0e5389dfbe3",
        "ts": "1521602214.000185"
    },
    {
        "type": "message",
        "user": "U70MZ24DQ",
        "text": "Can someone help me make a trade?",
        "client_msg_id": "dae3cd12-7eef-448a-845d-2511d6d93bc6",
        "ts": "1521602222.000148"
    },
    {
        "text": "Komodo Support: <http:\/\/support.komodoplatform.com|support.komodoplatform.com> | Support Knowlegebase: <https:\/\/komodoplatform.atlassian.net\/wiki\/spaces\/KPSD\/pages\/30244967\/Troubleshooting>",
        "type": "message",
        "subtype": "slackbot_response",
        "user": "USLACKBOT",
        "ts": "1521602223.000050"
    }
]