[
    {
        "type": "message",
        "user": "UA44AKBGR",
        "text": "so i plan on selling around 0.2 zec for kmd on barterdex over the next few days. what would be the best sizes of deposits to send?",
        "ts": "1523603627.000311"
    },
    {
        "type": "message",
        "user": "U5Z26MP60",
        "text": "That depends on how much KMD is forsale. Lately it hasn't been very much.",
        "ts": "1523603852.000039"
    },
    {
        "type": "message",
        "user": "UA44AKBGR",
        "text": "yeah i just plan on putting some orders on there and letting pc run just mainly to try to add liquidity and see if i get any sales",
        "ts": "1523603957.000276"
    },
    {
        "type": "message",
        "user": "U5Z26MP60",
        "text": "Anything up to 10x smaller works. so as long as you split it up with varying sizes it should work fine.",
        "ts": "1523604115.000319"
    },
    {
        "type": "message",
        "user": "U5Z26MP60",
        "text": "1 and 1.2x",
        "ts": "1523604119.000394"
    },
    {
        "type": "message",
        "user": "U5Z26MP60",
        "text": "say 5 pairs.",
        "ts": "1523604126.000298"
    },
    {
        "type": "message",
        "user": "U5Z26MP60",
        "text": "put up autoprice.",
        "ts": "1523604146.000187"
    },
    {
        "type": "message",
        "user": "UA44AKBGR",
        "text": "maybe do 3 deposits like 0.085,0.10,0.015",
        "ts": "1523604149.000164"
    },
    {
        "type": "message",
        "user": "U5Z26MP60",
        "text": "as bob and wait",
        "ts": "1523604149.000307"
    },
    {
        "type": "message",
        "user": "U5Z26MP60",
        "text": "no.",
        "ts": "1523604154.000335"
    },
    {
        "type": "message",
        "user": "U5Z26MP60",
        "text": "as bob you only need 2, and they need to be 1\/1.2",
        "ts": "1523604163.000299"
    },
    {
        "type": "message",
        "user": "U5Z26MP60",
        "text": "You can make them all the same size aswell without issue.",
        "ts": "1523604177.000338"
    },
    {
        "type": "message",
        "user": "U5Z26MP60",
        "text": "but you cant sell all of it that way.",
        "ts": "1523604185.000069"
    },
    {
        "type": "message",
        "user": "UA44AKBGR",
        "text": "oh ok cool",
        "ts": "1523604206.000338"
    },
    {
        "type": "message",
        "user": "U5Z26MP60",
        "text": "Realisticly you wont sell all of it. There will always be some dust left over.",
        "ts": "1523604210.000049"
    },
    {
        "type": "message",
        "user": "U5Z26MP60",
        "text": "When i did my SnowGem tests as LP, I used 10 and 12.",
        "ts": "1523604234.000240"
    },
    {
        "type": "message",
        "user": "UA44AKBGR",
        "text": "so maybe more efficient to just send one tx to barterdex then split there",
        "ts": "1523604235.000111"
    },
    {
        "type": "message",
        "user": "U5Z26MP60",
        "text": "Yeah if the inventory is working, just split it up into pairs.",
        "ts": "1523604260.000034"
    },
    {
        "type": "message",
        "user": "U5Z26MP60",
        "text": "2-3 pairs of equal size would be fine, as 0.2zec isnt a lot",
        "ts": "1523604279.000150"
    },
    {
        "type": "message",
        "user": "UA44AKBGR",
        "text": "right on yeah then just one tx fee for like 10 splits",
        "ts": "1523604280.000073",
        "reactions": [
            {
                "name": "heavy_check_mark",
                "users": [
                    "U5Z26MP60"
                ],
                "count": 1
            }
        ]
    },
    {
        "type": "message",
        "user": "UA44AKBGR",
        "text": "sweet, yeah looks like hush and btcz are good options too",
        "ts": "1523604311.000010"
    },
    {
        "type": "message",
        "user": "U5Z26MP60",
        "text": "I made a python script for funding... so I could make pairs in vast amoutns with only 1 transaction fee.",
        "ts": "1523604317.000467"
    },
    {
        "type": "message",
        "user": "U5Z26MP60",
        "text": "You can put the ZEC pairs in and list orders on multiple coins at once.",
        "ts": "1523604334.000123"
    },
    {
        "type": "message",
        "user": "UA44AKBGR",
        "text": "basically i just want to start setting up some orders in different coin that is popular on barterdex to sell for kmd",
        "ts": "1523604345.000159"
    },
    {
        "type": "message",
        "user": "U5Z26MP60",
        "text": "What ever one sells first takes the ZEC and the order becomes invalid for the others.",
        "ts": "1523604348.000175"
    },
    {
        "type": "message",
        "user": "UA44AKBGR",
        "text": "oh thats cool ha",
        "ts": "1523604350.000296"
    },
    {
        "type": "message",
        "user": "U5Z26MP60",
        "text": "yeah best feature for Bdex by far, but not many people understand it.",
        "ts": "1523604374.000308"
    },
    {
        "type": "message",
        "user": "UA44AKBGR",
        "text": "i had to read and re-read whitepaper on barterdex and utxo portion lol before i finally started to understand",
        "ts": "1523604410.000137"
    },
    {
        "type": "message",
        "user": "UA44AKBGR",
        "text": "could really have been explained better on the youtube videos i watched, basically size of the utxos dont matter as much as they let me believe at first",
        "ts": "1523604474.000427"
    },
    {
        "type": "message",
        "user": "U81J3QWRG",
        "text": "UTXOs are like paper money in your wallet.  5 10 20 50 dollar bills.  you have $85, you have $50, $20, $10, $5 in UTXOs (bills)",
        "ts": "1523604536.000106"
    },
    {
        "type": "message",
        "user": "UA44AKBGR",
        "text": "yeah what i didn't understand properly is that the sizes don't have to be precisely figured out (was overlooking that exact match not necessary since change is returned from tx)",
        "ts": "1523604613.000416"
    },
    {
        "type": "message",
        "user": "UA44AKBGR",
        "text": "so i was thinking 'man what are the odds of two people having exact same size utxos in their wallet'",
        "ts": "1523604653.000151"
    },
    {
        "type": "message",
        "user": "U81J3QWRG",
        "text": "hehe true",
        "ts": "1523604660.000113"
    },
    {
        "type": "message",
        "user": "U81J3QWRG",
        "text": "there's lots of 'change'",
        "ts": "1523604670.000066"
    },
    {
        "type": "message",
        "user": "UA44AKBGR",
        "text": "really confused me and i'm sure others",
        "ts": "1523604670.000171"
    },
    {
        "type": "message",
        "user": "UA44AKBGR",
        "text": "i'm surprised as to how many of my transactions are going through basically not even worrying about utxos",
        "ts": "1523604698.000355"
    },
    {
        "type": "message",
        "user": "U81J3QWRG",
        "text": "it'll get better with more liquidity (and users and uses in business, like <http:\/\/blocnation.io|blocnation.io> use case when they are online, because in their use case it can be done offline as well).",
        "ts": "1523604802.000177"
    },
    {
        "type": "message",
        "user": "U81J3QWRG",
        "text": "it'll also get better presumably with extra tech of smart contract stuff, but this is just 'hype' in my own head :smile:",
        "ts": "1523604825.000199"
    },
    {
        "type": "message",
        "user": "UA44AKBGR",
        "text": "yeah i'm super excited about barterdex",
        "ts": "1523604838.000173"
    },
    {
        "type": "message",
        "user": "U81J3QWRG",
        "text": "it's great tech.",
        "ts": "1523604846.000144"
    },
    {
        "type": "message",
        "user": "UA44AKBGR",
        "text": "this is what crypto needed exchanges are one of the weak links in the whole system",
        "ts": "1523604859.000372"
    },
    {
        "type": "message",
        "user": "UA44AKBGR",
        "text": "the other is conversion to fiat",
        "ts": "1523604869.000145"
    },
    {
        "type": "message",
        "user": "UA44AKBGR",
        "text": "once both of those are out of way ( or just more companies taking crypto so no need for the fiat conversion) we are home free",
        "ts": "1523604897.000202"
    },
    {
        "type": "message",
        "user": "UA44AKBGR",
        "text": "having the exchanges as a chokepoint for potential regulation is super bad, barterdex is gonna be awesome :slightly_smiling_face:",
        "ts": "1523604948.000308"
    },
    {
        "type": "message",
        "user": "U064HEB7Y",
        "text": "<@U02LQ1WHQ> is it just me or did your bobs fell asleep? They were working away beautifully all day yesterday... now I can't get a swap going any more on any order size...",
        "ts": "1523611090.000051"
    },
    {
        "type": "message",
        "user": "U02LQ1WHQ",
        "text": "might be, been very busy coding not paying attention to bobs",
        "ts": "1523611167.000165"
    },
    {
        "type": "message",
        "text": "Hi, please take a look at my second topic this week on \"Thoughts on BarterDEX for further development\". Topic: Handling NetIDs <@U03SKEFEL> <@U02LQ1WHQ> <@U33CGLNNR> <@U2GC2GXTP> <@U02QSHX81>",
        "files": [
            {
                "id": "FA7AC027R",
                "created": 1523613588,
                "timestamp": 1523613588,
                "name": "BarterDEX-Development-NetIDs.pdf",
                "title": "BarterDEX-Development-NetIDs.pdf",
                "mimetype": "application\/pdf",
                "filetype": "pdf",
                "pretty_type": "PDF",
                "user": "U5ZSN6UAJ",
                "editable": false,
                "size": 1092958,
                "mode": "hosted",
                "is_external": false,
                "external_type": "",
                "is_public": true,
                "public_url_shared": false,
                "display_as_bot": false,
                "username": "",
                "url_private": "https:\/\/files.slack.com\/files-pri\/T02LAJBUW-FA7AC027R\/barterdex-development-netids.pdf?t=xoxe-2690623982-420508393732-420508393844-55126cc98091fbe0399fac3c66f6ed8e",
                "url_private_download": "https:\/\/files.slack.com\/files-pri\/T02LAJBUW-FA7AC027R\/download\/barterdex-development-netids.pdf?t=xoxe-2690623982-420508393732-420508393844-55126cc98091fbe0399fac3c66f6ed8e",
                "thumb_pdf": "https:\/\/files.slack.com\/files-tmb\/T02LAJBUW-FA7AC027R-88e42254c7\/barterdex-development-netids_thumb_pdf.png?t=xoxe-2690623982-420508393732-420508393844-55126cc98091fbe0399fac3c66f6ed8e",
                "thumb_pdf_w": 909,
                "thumb_pdf_h": 1286,
                "permalink": "https:\/\/komodo-platform.slack.com\/files\/U5ZSN6UAJ\/FA7AC027R\/barterdex-development-netids.pdf",
                "permalink_public": "https:\/\/slack-files.com\/T02LAJBUW-FA7AC027R-366645f18e"
            }
        ],
        "upload": true,
        "user": "U5ZSN6UAJ",
        "display_as_bot": false,
        "ts": "1523613590.000342"
    },
    {
        "type": "message",
        "user": "U0EGQUAPJ",
        "text": "Still not quite clear on this. UTXOs in the orderbooks, should they generally be the same as what the bob actually has, or are there cases when they won’t be the same? How is this number derived? In other words, I have 5 UTXOs, the orderbooks shows less than this. Is that expected behavior?",
        "ts": "1523623554.000543"
    },
    {
        "type": "message",
        "user": "U5Z26MP60",
        "text": "The number of UTXO's is not usually accurate, or important. The maximum UTXO should usually be accurate, unless someone has bought it since the orderbook updated.",
        "ts": "1523623631.000489"
    },
    {
        "type": "message",
        "user": "U5Z26MP60",
        "text": "If your buying thats really the only value you need apart from price.",
        "ts": "1523623657.000617"
    },
    {
        "type": "message",
        "user": "U0EGQUAPJ",
        "text": "ok, i’ll ignore the count for now… i’ll check max. So that max number should reflect the largest UTXO?",
        "ts": "1523623680.000381"
    },
    {
        "type": "message",
        "user": "U5Z26MP60",
        "text": "It should be the largest UTXO yes, so the Alice can buy anything underneath that at in a single trade.",
        "ts": "1523623708.000577"
    },
    {
        "type": "message",
        "user": "U064HEB7Y",
        "text": "yes but",
        "ts": "1523623744.000574"
    },
    {
        "type": "message",
        "user": "U5Z26MP60",
        "text": "I think its a max of 1\/10th the size of alrgest, but if there is more than 10 UTXO normally there will be smaller ones.",
        "ts": "1523623749.000420"
    },
    {
        "type": "message",
        "user": "U064HEB7Y",
        "text": "bob must have 2 of them",
        "ts": "1523623755.000287"
    },
    {
        "type": "message",
        "user": "U064HEB7Y",
        "text": "so you can really just by the 2nd largest in size",
        "ts": "1523623774.000106"
    },
    {
        "type": "message",
        "user": "U064HEB7Y",
        "text": "as max",
        "ts": "1523623776.000181"
    },
    {
        "type": "message",
        "user": "U5Z26MP60",
        "text": "Yes. There has to be 2, and if they are the same size, you could acually not buy the entire thing as bobdeposit is 20% mroes.",
        "ts": "1523623780.000144"
    },
    {
        "type": "message",
        "user": "U0EGQUAPJ",
        "text": "I have a collection of like 10,10,10,11.125 and some change",
        "ts": "1523623838.000590"
    },
    {
        "type": "message",
        "user": "U0EGQUAPJ",
        "text": "I think i fit the right criteria here",
        "ts": "1523623849.000622"
    },
    {
        "type": "message",
        "user": "U0EGQUAPJ",
        "text": "just confirming my maxvol looks correct",
        "ts": "1523623860.000237"
    },
    {
        "type": "message",
        "user": "U5Z26MP60",
        "text": "Max UTXO should be 11 in orderbook with those?",
        "ts": "1523623876.000070"
    },
    {
        "type": "message",
        "user": "U5Z26MP60",
        "text": "But the max you can buy is actually only 8.8",
        "ts": "1523623892.000252"
    },
    {
        "type": "message",
        "user": "U0EGQUAPJ",
        "text": "appears to be a max volume of 0.05042602",
        "ts": "1523624035.000190"
    },
    {
        "type": "message",
        "user": "U5Z26MP60",
        "text": "Is it listed in the other coin. do 1\/price",
        "ts": "1523624092.000451"
    },
    {
        "type": "message",
        "user": "U0EGQUAPJ",
        "text": "KMD\/BCH orderbooks - look at this addy: RAXoxCE7dtV8ojxHSpBGaiVqdKcSBvTnZy",
        "ts": "1523624104.000350"
    },
    {
        "type": "message",
        "user": "U0EGQUAPJ",
        "text": "(assuming you can find it - only a few there)",
        "ts": "1523624116.000235"
    },
    {
        "type": "message",
        "user": "U5Z26MP60",
        "text": "Don't have a working barterdex here atm.",
        "ts": "1523624117.000491"
    },
    {
        "type": "message",
        "user": "U5Z26MP60",
        "text": "It might be listed in base\/rel or rel\/base",
        "ts": "1523624129.000564"
    },
    {
        "type": "message",
        "user": "U5Z26MP60",
        "text": "switch pair and see if it changes",
        "ts": "1523624143.000549"
    },
    {
        "type": "message",
        "user": "U0EGQUAPJ",
        "text": "ahh yes",
        "ts": "1523624236.000450"
    },
    {
        "type": "message",
        "user": "U0EGQUAPJ",
        "text": "that was it",
        "ts": "1523624238.000623"
    },
    {
        "type": "message",
        "user": "U0EGQUAPJ",
        "text": "ok its showing correctly",
        "ts": "1523624247.000422"
    },
    {
        "type": "message",
        "user": "U0EGQUAPJ",
        "text": "awesome, thanks blackjok3r",
        "ts": "1523624265.000031"
    },
    {
        "type": "message",
        "user": "U0EGQUAPJ",
        "text": "confirmed one up, now for the other",
        "ts": "1523624277.000259"
    },
    {
        "type": "message",
        "user": "U5Z26MP60",
        "text": "no worries. Hope its all working for ya. I haven't used in a while.",
        "ts": "1523624404.000475"
    },
    {
        "type": "message",
        "user": "U0EGQUAPJ",
        "text": "do you know what the “failed blockchain.transaction.get KMD &lt;id&gt; errors mean ?",
        "ts": "1523624693.000179"
    },
    {
        "type": "message",
        "user": "U0EGQUAPJ",
        "text": "seeing a lot of those - is that related to my active trades, or just failed trades across the whole network?",
        "ts": "1523624720.000385"
    },
    {
        "type": "message",
        "user": "U0EGQUAPJ",
        "text": "not quit yet, step by step. I’ve made trades with Barterdex GUI in the past, but still trying to get\/confirm my first traede with CLI and autoprice.",
        "ts": "1523624821.000541"
    },
    {
        "type": "message",
        "user": "U0EGQUAPJ",
        "text": "seems like once that happens, its dead",
        "ts": "1523625328.000108"
    },
    {
        "type": "message",
        "user": "U0EGQUAPJ",
        "text": "confirmed both machines posting orderbooks, echoing proper maxvol",
        "ts": "1523625350.000312"
    },
    {
        "type": "message",
        "user": "U0EGQUAPJ",
        "text": "once that “failed blockchain.transaction.get KMD” happens, it seems to drop from orderbooks.",
        "ts": "1523625395.000654"
    },
    {
        "type": "message",
        "user": "U02LQ1WHQ",
        "text": "SPV errors",
        "ts": "1523625435.000234"
    },
    {
        "type": "message",
        "user": "U0EGQUAPJ",
        "text": "ahh ok",
        "ts": "1523625443.000238"
    },
    {
        "type": "message",
        "user": "U02LQ1WHQ",
        "text": "marketmaker using SPV is quite risky",
        "ts": "1523625447.000065"
    },
    {
        "type": "message",
        "user": "U0EGQUAPJ",
        "text": "alright, at least i have orderbooks reflecting my orders. I’ll work to get native going next.",
        "ts": "1523625467.000181"
    },
    {
        "type": "message",
        "user": "U0EGQUAPJ",
        "text": "is hosting a full blockchain on something like a pi too resource intenstive (storage aside), or should it be ok?",
        "ts": "1523625577.000147"
    },
    {
        "type": "message",
        "user": "U0EGQUAPJ",
        "text": "Going to have to get more storage, will take a while to get BCH and Komodo, don’t have either chains downloaded at moment.",
        "ts": "1523625620.000507"
    },
    {
        "type": "message",
        "user": "U0EGQUAPJ",
        "text": "yeah both machines failing. Going to shut them down, probably just frustrating alices..",
        "ts": "1523626146.000173"
    },
    {
        "type": "message",
        "user": "U5Z26MP60",
        "text": "Yeah, I found you can use one coin Electrum on bob, but it can be dicey.",
        "ts": "1523626683.000166"
    },
    {
        "type": "message",
        "user": "U5Z26MP60",
        "text": "You used to be able to change an error count in the electrum server itself from 10 to 1000 to make the conenction more stable. But I cant find that parameter in 1.4 electrumX.",
        "ts": "1523626720.000267"
    },
    {
        "type": "message",
        "user": "U0EGQUAPJ",
        "text": "Anyone using a pi 3 with Barterdex in native mode for a at least a couple chains? ",
        "ts": "1523627032.000564"
    },
    {
        "type": "message",
        "user": "U0EGQUAPJ",
        "text": "Or just not practical?",
        "ts": "1523627064.000430"
    },
    {
        "type": "message",
        "user": "U5VUWSR0D",
        "text": "I would say 1GB of ram is not enough for a couple chains",
        "ts": "1523627186.000748"
    },
    {
        "type": "message",
        "user": "U5Z26MP60",
        "text": "I used $5  VPS, it could do 1 chain with 1GB ram, but I needed to upgrade to $10 (2gb) to run 2 chains.",
        "ts": "1523627397.000248"
    },
    {
        "type": "message",
        "user": "U0EGQUAPJ",
        "text": "<@U5Z26MP60> hosting BarterDex on a VPS? Any security concerns?",
        "ts": "1523627824.000561"
    },
    {
        "type": "message",
        "user": "U5Z26MP60",
        "text": "ahh yeah maybe.",
        "ts": "1523627882.000669"
    },
    {
        "type": "message",
        "user": "U5Z26MP60",
        "text": "What I did was use an ssh tunnel to the rpc port 7783 to issue commands",
        "ts": "1523627900.000585"
    },
    {
        "type": "message",
        "user": "U5Z26MP60",
        "text": "So my passphrase and all that were not installed on it.",
        "ts": "1523627910.000223"
    },
    {
        "type": "message",
        "user": "U5Z26MP60",
        "text": "I was hoping to be be able to run just the marketmaker on it... but you would need ssh tunnels to native coind's. Electrum was no good.",
        "ts": "1523627945.000095"
    },
    {
        "type": "message",
        "user": "U5Z26MP60",
        "text": "The most important thing for a good marketmakerLP (bob) is a non firewalled public IP. As a random port is generated for each trade. Not having this limits to 1 trade at a time.",
        "ts": "1523627992.000416"
    },
    {
        "type": "message",
        "user": "U93ET4RU4",
        "text": "Hi <@U5Z26MP60>, did you say that you made a guide on how you did it?",
        "ts": "1523628053.000579"
    },
    {
        "type": "message",
        "user": "U5Z26MP60",
        "text": "No i was going to make one, but someone else beat me to to it.",
        "ts": "1523628068.000145"
    },
    {
        "type": "message",
        "user": "U93ET4RU4",
        "text": "I'm interested in how to do that.",
        "ts": "1523628083.000860"
    },
    {
        "type": "message",
        "user": "U5Z26MP60",
        "text": "Not sure where the hell itslocated though. It was posted in here a few days after I mentioned about making one.",
        "ts": "1523628088.000752"
    },
    {
        "type": "message",
        "user": "U93ET4RU4",
        "text": "Haha",
        "ts": "1523628090.000498"
    },
    {
        "type": "message",
        "user": "U93ET4RU4",
        "text": "Oh, was that from smk762?",
        "ts": "1523628140.000071"
    },
    {
        "type": "message",
        "user": "U0EGQUAPJ",
        "text": "Good to know, yeah so many ways to skin a car. Does it really have to be without a firewall though? I suspect it isn’t fully random, but random within a range.  Do we know what that range and wouldn’t it be prudent to at the very least configure the firewall to limit to said range?",
        "ts": "1523628140.000592"
    },
    {
        "type": "message",
        "user": "U5Z26MP60",
        "text": "No.",
        "ts": "1523628164.000853"
    },
    {
        "type": "message",
        "user": "U5Z26MP60",
        "text": "yeah, Jl just told me to take the firewall off",
        "ts": "1523628183.000019"
    },
    {
        "type": "message",
        "user": "U5Z26MP60",
        "text": "I was having major issued for quite a few days.",
        "ts": "1523628195.000139"
    },
    {
        "type": "message",
        "user": "U5Z26MP60",
        "text": "In the end I gave up and moved onto other things, but I did get it working pretty well and get some python scripts you can use to fund smart address's in correct pair sizes and stuff. But things have changed since then API wise.",
        "ts": "1523628238.000219"
    },
    {
        "type": "message",
        "user": "U5Z26MP60",
        "text": "I will go back to it after we ar finished with the notary nodes and currency testing.",
        "ts": "1523628275.000289"
    },
    {
        "type": "message",
        "user": "U5Z26MP60",
        "text": "with the changes been made to marketmaker for GUI's I decided to wait.",
        "ts": "1523628293.000295"
    },
    {
        "type": "message",
        "user": "U9HKUSY7K",
        "text": "LP guide here - <https:\/\/github.com\/KomodoPlatform\/KomodoPlatform\/wiki\/Be-a-marketmaker-or-LP-using-barterDEX-CLI>",
        "attachments": [
            {
                "service_name": "GitHub",
                "title": "KomodoPlatform\/KomodoPlatform",
                "title_link": "https:\/\/github.com\/KomodoPlatform\/KomodoPlatform\/wiki\/Be-a-marketmaker-or-LP-using-barterDEX-CLI",
                "text": "Contribute to KomodoPlatform development by creating an account on GitHub.",
                "fallback": "GitHub: KomodoPlatform\/KomodoPlatform",
                "from_url": "https:\/\/github.com\/KomodoPlatform\/KomodoPlatform\/wiki\/Be-a-marketmaker-or-LP-using-barterDEX-CLI",
                "thumb_url": "https:\/\/avatars2.githubusercontent.com\/u\/21276113?s=400&v=4",
                "thumb_width": 250,
                "thumb_height": 250,
                "service_icon": "https:\/\/a.slack-edge.com\/bfaba\/img\/unfurl_icons\/github.png",
                "id": 1
            }
        ],
        "ts": "1523628330.000186"
    },
    {
        "type": "message",
        "user": "U0EGQUAPJ",
        "text": "Isn’t the userpass echoed in plaintext when you setpassphrase?",
        "ts": "1523628337.000742"
    },
    {
        "type": "message",
        "user": "U5Z26MP60",
        "text": "yes to the console... but you could always &gt;&gt; that to \/dev\/null",
        "ts": "1523628359.000754"
    },
    {
        "type": "message",
        "user": "U9HKUSY7K",
        "text": "not my work, it was SHossain",
        "ts": "1523628362.000238"
    },
    {
        "type": "message",
        "user": "U0EGQUAPJ",
        "text": "Hmm, didn’t know that, thanks - I’ll look into that.",
        "ts": "1523628408.000233"
    },
    {
        "type": "message",
        "user": "U9HKUSY7K",
        "text": "I started writing one a few updates ago, but got distracted with other work",
        "ts": "1523628408.000318"
    },
    {
        "type": "message",
        "user": "U5Z26MP60",
        "text": "I think everyone did that lol",
        "ts": "1523628417.000635"
    },
    {
        "type": "message",
        "user": "U5Z26MP60",
        "text": "It has been changin too much still.",
        "ts": "1523628427.000164"
    },
    {
        "type": "message",
        "user": "U93ET4RU4",
        "text": "Yes, things change so fast here!",
        "ts": "1523628475.000627"
    },
    {
        "type": "message",
        "user": "U93ET4RU4",
        "text": "And things like the testnet keep everyone quite busy, eh!",
        "ts": "1523628510.000004"
    },
    {
        "type": "message",
        "user": "U5Z26MP60",
        "text": "Yeah. I thaught after election was over I'd have some time to go finish my car... not yet lol.",
        "thread_ts": "1523628529.000711",
        "reply_count": 3,
        "replies": [
            {
                "user": "U03UJ5TP3",
                "ts": "1523628720.000357"
            },
            {
                "user": "U5Z26MP60",
                "ts": "1523628947.000312"
            },
            {
                "user": "U03UJ5TP3",
                "ts": "1523629261.000273"
            }
        ],
        "unread_count": 3,
        "ts": "1523628529.000711"
    },
    {
        "type": "message",
        "user": "U93ET4RU4",
        "text": "Haha, well if you get a big chunk of the testnet bounty you can just buy a new one.",
        "ts": "1523628579.000536"
    },
    {
        "type": "message",
        "user": "U0EGQUAPJ",
        "text": "<@U5Z26MP60> thanks for tip, that’s great",
        "ts": "1523628581.000713"
    },
    {
        "type": "message",
        "user": "U93ET4RU4",
        "text": "I'll need to wait for the guide at this point.",
        "ts": "1523628645.000003"
    },
    {
        "type": "message",
        "user": "U02QSHX81",
        "text": "i'm on it",
        "ts": "1523628652.000586"
    },
    {
        "type": "message",
        "user": "U02QSHX81",
        "text": "just a minute",
        "ts": "1523628656.000777"
    },
    {
        "type": "message",
        "user": "U03UJ5TP3",
        "text": "finish your car? what are you doing? adding a turbo?! :slightly_smiling_face:",
        "thread_ts": "1523628529.000711",
        "parent_user_id": "U5Z26MP60",
        "ts": "1523628720.000357"
    },
    {
        "type": "message",
        "user": "U93ET4RU4",
        "text": "&gt;&gt; that to \/dev\/null is beyond me at the moment.",
        "ts": "1523628726.000159"
    },
    {
        "type": "message",
        "user": "U0EGQUAPJ",
        "text": "It redirects the output",
        "ts": "1523628819.000617"
    },
    {
        "type": "message",
        "user": "U0EGQUAPJ",
        "text": "<https:\/\/unix.stackexchange.com\/questions\/220624\/how-can-i-hide-the-output-of-command-line-in-terminal-window>",
        "attachments": [
            {
                "title": "How can I hide the output of command line in terminal window?",
                "title_link": "https:\/\/unix.stackexchange.com\/questions\/220624\/how-can-i-hide-the-output-of-command-line-in-terminal-window",
                "text": "Bellow is a simple code: #!\/bin\/bash -ef echo \"Hello\" &gt; log.txt #saving the output of this command log.txt command1 #this command running and showing it is output in terminal command2 &gt; log....",
                "fallback": "How can I hide the output of command line in terminal window?",
                "thumb_url": "https:\/\/cdn.sstatic.net\/Sites\/unix\/img\/apple-touch-icon@2.png?v=32fb07f7ce26",
                "from_url": "https:\/\/unix.stackexchange.com\/questions\/220624\/how-can-i-hide-the-output-of-command-line-in-terminal-window",
                "thumb_width": 316,
                "thumb_height": 316,
                "service_icon": "https:\/\/cdn.sstatic.net\/Sites\/unix\/img\/favicon.ico?v=546c52892feb",
                "service_name": "unix.stackexchange.com",
                "id": 1
            }
        ],
        "ts": "1523628823.000545"
    },
    {
        "type": "message",
        "user": "U93ET4RU4",
        "text": "Thanks.  I'll save this for when I get the hang of things better.",
        "ts": "1523628873.000223"
    },
    {
        "type": "message",
        "user": "U02QSHX81",
        "text": "<@U93ET4RU4> i updated the scripts and added few lines",
        "ts": "1523628894.000558"
    },
    {
        "type": "message",
        "user": "U5Z26MP60",
        "text": "Its a Nissan Patrol 2.8 RD28 and I put a Turbo petrol RB30 from a Holden Commodoore VL Turbo in it. about 400hp built the engine my self out of second hand parts out of farm paddocks and gumtree lol.",
        "thread_ts": "1523628529.000711",
        "parent_user_id": "U5Z26MP60",
        "ts": "1523628947.000312"
    },
    {
        "type": "message",
        "user": "U5Z26MP60",
        "text": "I doubt its needed but if you wanted to make sure the userpass wasn't saved or printed anywhere that would do the trick.",
        "ts": "1523628998.000641"
    },
    {
        "type": "message",
        "user": "U0EGQUAPJ",
        "text": "I certainly need it. ",
        "ts": "1523629044.000615"
    },
    {
        "type": "message",
        "user": "U0EGQUAPJ",
        "text": "(Want it) :P",
        "ts": "1523629059.000659"
    },
    {
        "type": "message",
        "user": "U93ET4RU4",
        "text": "Thanks, <@U02QSHX81>! ( I see a small mistype : Do NOT use .\/run unless you have **liable)",
        "ts": "1523629073.000690"
    },
    {
        "type": "message",
        "user": "U02QSHX81",
        "text": "i think too fast and fingers has lag :stuck_out_tongue:",
        "ts": "1523629116.000473"
    },
    {
        "type": "message",
        "user": "U02QSHX81",
        "text": "editing again",
        "ts": "1523629122.000281"
    },
    {
        "type": "message",
        "user": "U93ET4RU4",
        "text": "Haha",
        "ts": "1523629128.000781"
    },
    {
        "type": "message",
        "user": "U0EGQUAPJ",
        "text": "CrisF, hows your stuff going, where are you at with your setup?",
        "ts": "1523629162.000567"
    },
    {
        "type": "message",
        "user": "U02QSHX81",
        "text": "Thank you for noticing. updated now",
        "edited": {
            "user": "U02QSHX81",
            "ts": "1523629165.000000"
        },
        "ts": "1523629163.000243",
        "reactions": [
            {
                "name": "+1",
                "users": [
                    "U93ET4RU4",
                    "U0EGQUAPJ"
                ],
                "count": 2
            }
        ]
    },
    {
        "type": "message",
        "user": "U03UJ5TP3",
        "text": "thats awesome dude, i love me some nissans and turbos! ha",
        "thread_ts": "1523628529.000711",
        "parent_user_id": "U5Z26MP60",
        "ts": "1523629261.000273"
    },
    {
        "type": "message",
        "user": "U93ET4RU4",
        "text": "I'm just a beginner and will try to figure out how to use ssh this weekend on my odroid to set up a LP.  If that goes well I'd like to try out the vps.",
        "ts": "1523629299.000281",
        "reactions": [
            {
                "name": "ok_hand",
                "users": [
                    "U02QSHX81"
                ],
                "count": 1
            }
        ]
    },
    {
        "type": "message",
        "user": "U0EGQUAPJ",
        "text": "Cool, prefer not to have any local hardware? ",
        "ts": "1523629389.000118"
    },
    {
        "type": "message",
        "user": "U02QSHX81",
        "text": "use OVH SSD VPS, they are very good for setting up LP and fast enough",
        "ts": "1523629426.000080"
    },
    {
        "type": "message",
        "user": "U0325KXM5",
        "text": "do you think something like <http:\/\/www.noip.com|www.noip.com> for getting a fixed ip, is of any help for home LP ?",
        "ts": "1523629637.000686"
    },
    {
        "type": "message",
        "user": "U0325KXM5",
        "text": "I don't have the technical confidence to use a vps with funds on it",
        "ts": "1523629673.000471"
    },
    {
        "type": "message",
        "user": "U5Z26MP60",
        "text": "Home LP is very hard because you have to use NAT on a router",
        "ts": "1523629681.000076"
    },
    {
        "type": "message",
        "user": "U5Z26MP60",
        "text": "I have a static IP at my house but can't do one, because I have no way of bridging all ports to the LP server",
        "thread_ts": "1523629714.000748",
        "reply_count": 1,
        "replies": [
            {
                "user": "U81J3QWRG",
                "ts": "1523687334.000051"
            }
        ],
        "unread_count": 1,
        "ts": "1523629714.000748"
    },
    {
        "type": "message",
        "user": "U93ET4RU4",
        "text": "<@U0EGQUAPJ> I'd like to do a bit of both.  I still have so much to learn.  Figure by trying out as much as possible, and with the help of the experience here, I'll be able to set up something good.",
        "ts": "1523629723.000086",
        "reactions": [
            {
                "name": "100",
                "users": [
                    "U5Z26MP60"
                ],
                "count": 1
            }
        ]
    },
    {
        "type": "message",
        "user": "U02QSHX81",
        "text": "<@U0325KXM5> if you want i can setup your server",
        "ts": "1523629730.000039"
    },
    {
        "type": "message",
        "user": "U5Z26MP60",
        "text": "Thats how I did it man",
        "ts": "1523629738.000652",
        "reactions": [
            {
                "name": "+1",
                "users": [
                    "U93ET4RU4"
                ],
                "count": 1
            }
        ]
    },
    {
        "type": "message",
        "user": "U03UJ5TP3",
        "text": "yea i was gonna say, how do you deal with port forwarding random ports with NAT on a home router",
        "ts": "1523629739.000436"
    },
    {
        "type": "message",
        "user": "U5Z26MP60",
        "text": "Total Linux noob 12 months ago",
        "ts": "1523629746.000469"
    },
    {
        "type": "message",
        "user": "U93ET4RU4",
        "text": "<@U02QSHX81> I'll check that out, thanks!",
        "ts": "1523629747.000028"
    },
    {
        "type": "message",
        "user": "U0325KXM5",
        "text": "I have to search what \"NAT on a router\" means :joy:  fixed ip are only available for business in my zone",
        "ts": "1523629756.000347",
        "reactions": [
            {
                "name": "+1",
                "users": [
                    "U02QSHX81"
                ],
                "count": 1
            }
        ]
    },
    {
        "type": "message",
        "user": "U02QSHX81",
        "text": "Network Allocation Table?",
        "ts": "1523629770.000005"
    },
    {
        "type": "message",
        "user": "U5Z26MP60",
        "text": "It cost me $980 in labour costs to get my data centre to give me a public IP without NAT",
        "ts": "1523629797.000213"
    },
    {
        "type": "message",
        "user": "U5Z26MP60",
        "text": "Fucking ridiculous",
        "ts": "1523629800.000675"
    },
    {
        "type": "message",
        "user": "U9HKUSY7K",
        "text": "<@U0325KXM5> good guide to securing VPS here - <https:\/\/ubuntuforums.org\/showthread.php?t=510812>",
        "attachments": [
            {
                "title": " Ubuntu Security",
                "title_link": "https:\/\/ubuntuforums.org\/showthread.php?t=510812",
                "text": "<http:\/\/bodhizazen.net\/img\/tiger-dragon.jpg> Ubuntu Security In an effort to reduce the number of stickies, this sticky is what I consider \"the basics\" and if you are new to Security on Ubuntu \/ Linux you should start with this thread. Additional security related threads would include: Introduction to AppArmor - This thread will get you started using Apparmor.",
                "fallback": " Ubuntu Security",
                "from_url": "https:\/\/ubuntuforums.org\/showthread.php?t=510812",
                "service_icon": "https:\/\/ubuntuforums.org\/favicon.ico",
                "service_name": "ubuntuforums.org",
                "id": 1
            }
        ],
        "ts": "1523629851.000610"
    },
    {
        "type": "message",
        "user": "U0325KXM5",
        "text": "thank you, need to study",
        "ts": "1523629866.000063"
    },
    {
        "type": "message",
        "user": "U9HKUSY7K",
        "text": "Setup keys and firewall early. them chinese bots will be hammering port 22 the second you spin up.",
        "ts": "1523629922.000584"
    },
    {
        "type": "message",
        "user": "U5Z26MP60",
        "text": "haha no SSH port on my node.",
        "ts": "1523629943.000134"
    },
    {
        "type": "message",
        "user": "U9HKUSY7K",
        "text": "howzat?",
        "ts": "1523629998.000160"
    },
    {
        "type": "message",
        "user": "U7B8VF6TB",
        "text": "telnet ftw",
        "ts": "1523630420.000626"
    },
    {
        "type": "message",
        "user": "U0394QTC7",
        "text": "did we deprecate the `run` script?",
        "ts": "1523630646.000566"
    },
    {
        "type": "message",
        "user": "U5Z26MP60",
        "text": "nar. I have 2 ip's",
        "ts": "1523630695.000363"
    },
    {
        "type": "message",
        "user": "U5Z26MP60",
        "text": "coz vmware.",
        "ts": "1523630702.000127"
    },
    {
        "type": "message",
        "user": "U5Z26MP60",
        "text": "I have a VPN to one IP for managemnt ports and a routed IP on the node to the internet for iguana and coind's",
        "ts": "1523630730.000473"
    },
    {
        "type": "message",
        "user": "U02QSHX81",
        "text": "<@U0394QTC7> `run` script is now called `dontrun_unless_you_have_very_reliable_network`\n<https:\/\/github.com\/jl777\/SuperNET\/blob\/dev\/iguana\/exchanges\/dontrun_unless_you_have_very_reliable_network>",
        "edited": {
            "user": "U02QSHX81",
            "ts": "1523631885.000000"
        },
        "thread_ts": "1523631879.000484",
        "reply_count": 1,
        "replies": [
            {
                "user": "U19DP1QM9",
                "ts": "1523637190.000257"
            }
        ],
        "unread_count": 1,
        "ts": "1523631879.000484"
    },
    {
        "type": "message",
        "user": "U064HEB7Y",
        "text": "I don't know about Linux firewalls, but on Win you can set 'program exceptions' so you can allow incoming connections to individual exe's only...",
        "ts": "1523632068.000416"
    },
    {
        "type": "message",
        "user": "U5Z26MP60",
        "text": "Its a bit more complicated than that.",
        "ts": "1523632139.000568"
    },
    {
        "type": "message",
        "user": "U064HEB7Y",
        "text": "If anyone is running a node on a VPS, can you suggest a good provider?",
        "ts": "1523632141.000514"
    },
    {
        "type": "message",
        "user": "U5Z26MP60",
        "text": "I used Digital Ocean and VULTR for a MarketMaker test node.",
        "ts": "1523632163.000088"
    },
    {
        "type": "message",
        "user": "U5Z26MP60",
        "text": "Going to make a new one this weekend for PIZZA\/BEER nodes",
        "ts": "1523632178.000696"
    },
    {
        "type": "message",
        "user": "U064HEB7Y",
        "text": "Does Digital Ocean have GUI?",
        "ts": "1523632198.000309"
    },
    {
        "type": "message",
        "user": "U5Z26MP60",
        "text": "I will document it, mostly for my own notes.",
        "ts": "1523632200.000638",
        "reactions": [
            {
                "name": "clap",
                "users": [
                    "U93ET4RU4"
                ],
                "count": 1
            }
        ]
    },
    {
        "type": "message",
        "user": "U5Z26MP60",
        "text": "Most of it is a website managemnt, but you need to know how to use bash to actually make the node.",
        "ts": "1523632223.000615"
    },
    {
        "type": "message",
        "user": "U064HEB7Y",
        "text": "trying to avoid building KMD, if I can just install Agama :slightly_smiling_face:",
        "ts": "1523632255.000114"
    },
    {
        "type": "message",
        "user": "U064HEB7Y",
        "text": "but I can if I have to...",
        "ts": "1523632278.000433"
    },
    {
        "type": "message",
        "user": "U5Z26MP60",
        "text": "np, you need to build KMD... but I have scripts that do all that with ease.",
        "ts": "1523632291.000761"
    },
    {
        "type": "message",
        "user": "U064HEB7Y",
        "text": "THX!",
        "ts": "1523632302.000225"
    },
    {
        "type": "message",
        "user": "U5Z26MP60",
        "text": "<https:\/\/github.com\/KomodoPlatform\/komodotools\/tree\/master\/a-team>",
        "attachments": [
            {
                "service_name": "GitHub",
                "title": "KomodoPlatform\/komodotools",
                "title_link": "https:\/\/github.com\/KomodoPlatform\/komodotools\/tree\/master\/a-team",
                "text": "komodotools - Scripts toolbox repository for Komodo and Iguana",
                "fallback": "GitHub: KomodoPlatform\/komodotools",
                "from_url": "https:\/\/github.com\/KomodoPlatform\/komodotools\/tree\/master\/a-team",
                "thumb_url": "https:\/\/avatars2.githubusercontent.com\/u\/21276113?s=400&v=4",
                "thumb_width": 250,
                "thumb_height": 250,
                "service_icon": "https:\/\/a.slack-edge.com\/bfaba\/img\/unfurl_icons\/github.png",
                "id": 1
            }
        ],
        "ts": "1523632315.000620"
    },
    {
        "type": "message",
        "user": "U5Z26MP60",
        "text": "thats for a notary node, but it would be pretty much the same for a marketmaker node.",
        "ts": "1523632333.000073"
    },
    {
        "type": "message",
        "user": "U5Z26MP60",
        "text": "you just stop after you install the kmd deamon.",
        "ts": "1523632352.000443"
    },
    {
        "type": "message",
        "user": "U5Z26MP60",
        "text": "and do .\/m_mm  instead of .\/m_LP for iguana",
        "ts": "1523632389.000052"
    },
    {
        "type": "message",
        "user": "U5Z26MP60",
        "text": "I will try and get that done tomorrow",
        "ts": "1523632398.000007"
    },
    {
        "type": "message",
        "user": "U5Z26MP60",
        "text": "getting very late here now",
        "ts": "1523632402.000646"
    },
    {
        "type": "message",
        "user": "U19DP1QM9",
        "text": "will someone need to update the install script?? it fails copying the file 'run' to '..\/dexscripts' :slightly_smiling_face:",
        "thread_ts": "1523631879.000484",
        "parent_user_id": "U02QSHX81",
        "ts": "1523637190.000257"
    },
    {
        "type": "message",
        "user": "U064HEB7Y",
        "text": "I am seeing a list of buyers on KMD\/BOTS pair, they all have 0 MaxUTXO and 0 UTXO sum... \nlatest pull, Win 10.",
        "ts": "1523638209.000065"
    },
    {
        "type": "message",
        "user": "U064HEB7Y",
        "text": "native",
        "ts": "1523638229.000545"
    },
    {
        "type": "message",
        "user": "U064HEB7Y",
        "text": "In fact it seems the same in all pairs, looks like the bobs have given up the ghost...",
        "ts": "1523638831.000482"
    },
    {
        "type": "message",
        "user": "U7ESH6VT5",
        "text": "<@U064HEB7Y> same utxo numbers on different pairs, 1.0.1rc",
        "ts": "1523654209.000434"
    },
    {
        "type": "message",
        "user": "U02LQ1WHQ",
        "text": "<!channel> new release of komodod for KMD, it is a must update right away if you are mining",
        "ts": "1523675691.000054"
    },
    {
        "type": "message",
        "user": "U02LQ1WHQ",
        "text": "all branches have updates",
        "ts": "1523675704.000084"
    },
    {
        "type": "message",
        "user": "U02LQ1WHQ",
        "text": "if you dont update it is possible your node might crash or even go on a fork, not sure, it is unpredictable what would happen",
        "ts": "1523675736.000030"
    },
    {
        "type": "message",
        "user": "U034631U0",
        "text": "<https:\/\/komodo-platform.slack.com\/archives\/C0MN08277\/p1523629770000005>",
        "attachments": [
            {
                "from_url": "https:\/\/komodo-platform.slack.com\/archives\/C0MN08277\/p1523629770000005",
                "fallback": "[April 13th, 2018 7:29 AM] shossain: Network Allocation Table?",
                "ts": "1523629770.000005",
                "author_id": "U02QSHX81",
                "author_subname": "SHossain",
                "channel_id": "C0MN08277",
                "channel_name": "tradebots",
                "is_msg_unfurl": true,
                "text": "Network Allocation Table?",
                "author_name": "SHossain",
                "author_link": "https:\/\/komodo-platform.slack.com\/team\/U02QSHX81",
                "author_icon": "https:\/\/secure.gravatar.com\/avatar\/d483fcff98d06d24864b216b1e07fbca.jpg?s=48&d=https%3A%2F%2Fa.slack-edge.com%2F66f9%2Fimg%2Favatars%2Fava_0018-48.png",
                "mrkdwn_in": [
                    "text"
                ],
                "id": 1,
                "footer": "Posted in #tradebots"
            }
        ],
        "ts": "1523677111.000059"
    },
    {
        "type": "message",
        "user": "U034631U0",
        "text": "Network Address Translation",
        "ts": "1523677118.000080"
    },
    {
        "type": "message",
        "user": "U04F8NTQ4",
        "text": "If I’m mining on a pool - the pool needs to upgrade, not me, right?",
        "client_msg_id": "78FEC8BF-FC32-486B-A74C-48D6E20B185C",
        "ts": "1523680186.000061"
    },
    {
        "type": "message",
        "user": "U02LQ1WHQ",
        "text": "correct.",
        "ts": "1523680294.000005"
    },
    {
        "type": "message",
        "user": "U02LQ1WHQ",
        "text": "plz contact your pool to update",
        "ts": "1523680301.000076"
    },
    {
        "type": "message",
        "user": "U02LQ1WHQ",
        "text": "<@U2Q1DP6EQ> plz update the KMD SPV servers",
        "ts": "1523680548.000045"
    },
    {
        "type": "message",
        "user": "U81J3QWRG",
        "text": "Can you put your modem into bridging mode which might allow you to do auth on a VM running routerOS or openwrt to manage your network <@U5Z26MP60> ",
        "thread_ts": "1523629714.000748",
        "parent_user_id": "U5Z26MP60",
        "ts": "1523687334.000051"
    }
]