[
    {
        "type": "message",
        "user": "U03SKEFEL",
        "text": "how's the testing going with coinsdb branch bartrdex?",
        "client_msg_id": "0a52ae69-8266-4ef8-9ec9-335b44d17256",
        "ts": "1529048409.000299"
    },
    {
        "type": "message",
        "user": "U03SKEFEL",
        "text": "if anyone testing is it like usual or found any issues?",
        "client_msg_id": "80ee4611-8ade-4307-af23-6f76b597e681",
        "ts": "1529048420.000206"
    },
    {
        "type": "message",
        "user": "U2Q1DP6EQ",
        "text": "i played quite a bit with the coins management, removing, adding and so on... i couldn't find any issues",
        "client_msg_id": "e5b9b26e-d906-4637-bcf3-28cd3280faa6",
        "ts": "1529050380.000504"
    },
    {
        "type": "message",
        "user": "U03SKEFEL",
        "text": "great! :slightly_smiling_face:",
        "client_msg_id": "b2b9d8da-42b4-4e61-ac37-bc6e95fd944a",
        "ts": "1529050503.000290"
    },
    {
        "type": "message",
        "user": "U03SKEFEL",
        "text": "because it's a big change by moving from local coins.json to coinsdb, I want to make sure everything works as expected before I merge it to dev branch.",
        "client_msg_id": "43ab999d-16e1-4dab-9271-dafc892b0212",
        "ts": "1529050543.000360"
    },
    {
        "type": "message",
        "user": "U03SKEFEL",
        "text": "that means trades, trades status, explorer links etc.",
        "client_msg_id": "af064af5-df3d-4709-977e-d655e97228d7",
        "ts": "1529050559.000484"
    },
    {
        "type": "message",
        "user": "U7B8VF6TB",
        "text": "is coinsdb a GUI thing or a marketmaker thing?",
        "client_msg_id": "57a5376b-48fc-4a54-b8d2-772658159310",
        "ts": "1529050626.000038"
    },
    {
        "type": "message",
        "user": "U7B8VF6TB",
        "text": "is this what you were talking about a while ago to allow you to add\/remove coins while mm is running without having them in the json args?",
        "client_msg_id": "ef1b3ab3-7e2d-4279-8ce9-3ed2213c5014",
        "ts": "1529050668.000231"
    },
    {
        "type": "message",
        "user": "U03SKEFEL",
        "text": "it's a jl777\/coins repo.",
        "client_msg_id": "aa839511-b04c-4e82-a5e0-57b6c877c120",
        "ts": "1529050721.000320",
        "reactions": [
            {
                "name": "+1",
                "users": [
                    "U7B8VF6TB"
                ],
                "count": 1
            }
        ]
    },
    {
        "type": "message",
        "user": "U03SKEFEL",
        "text": "<https:\/\/github.com\/jl777\/coins>",
        "client_msg_id": "2f684110-c444-40ff-9afb-80b52b19fdd4",
        "ts": "1529050729.000031"
    },
    {
        "type": "message",
        "user": "U03SKEFEL",
        "text": "I added code to BarterDEX GUI to get the info from this repo, process it and make coins.json",
        "client_msg_id": "e77eb448-4225-4ed7-bbb4-8b78e82cd31b",
        "ts": "1529050760.000452"
    },
    {
        "type": "message",
        "user": "U03SKEFEL",
        "text": "then user has to restart app to start with new\/updated coins.json and the other parts of the app uses the coins.json and mix of locally downloaded coinsdb files and localStorage data to render some UI elements.",
        "client_msg_id": "f8c1c82e-0c13-43cd-a3f7-c2ee8957d935",
        "ts": "1529050817.000071"
    },
    {
        "type": "message",
        "user": "U03SKEFEL",
        "text": "these are done in coinsdb branch:\n<https:\/\/github.com\/KomodoPlatform\/BarterDEX\/commits\/coinsdb>",
        "client_msg_id": "a81bb5bf-63ea-4e78-8835-1b6e90dc4ada",
        "ts": "1529050856.000351"
    },
    {
        "type": "message",
        "user": "U03SKEFEL",
        "text": "search coinsdb in this file:\n<https:\/\/github.com\/KomodoPlatform\/BarterDEX\/blob\/coinsdb\/ipc\/shepherd-ipc.js>",
        "client_msg_id": "8eb6bb00-8c2e-45f1-9337-8d2a8cb0df84",
        "ts": "1529050882.000062"
    },
    {
        "type": "message",
        "user": "U03SKEFEL",
        "text": "and this file is used:\n<https:\/\/github.com\/KomodoPlatform\/BarterDEX\/blob\/coinsdb\/gui\/js\/dex_CoinsDB.js>",
        "client_msg_id": "2649ba64-41fa-4c08-99c2-3bd0125d414a",
        "ts": "1529050895.000327"
    },
    {
        "type": "message",
        "user": "U03SKEFEL",
        "text": "scroll up to yesterdays' messages to see screeshots.",
        "client_msg_id": "7697f668-135b-41a1-8776-8cd6f38cda29",
        "ts": "1529050971.000274"
    },
    {
        "type": "message",
        "text": "",
        "files": [
            {
                "id": "FB89USC77",
                "created": 1529051569,
                "timestamp": 1529051569,
                "name": "error.png",
                "title": "error.png",
                "mimetype": "image\/png",
                "filetype": "png",
                "pretty_type": "PNG",
                "user": "U2Q1DP6EQ",
                "editable": false,
                "size": 22704,
                "mode": "hosted",
                "is_external": false,
                "external_type": "",
                "is_public": true,
                "public_url_shared": false,
                "display_as_bot": false,
                "username": "",
                "url_private": "https:\/\/files.slack.com\/files-pri\/T02LAJBUW-FB89USC77\/error.png?t=xoxe-2690623982-420508393732-420508393844-55126cc98091fbe0399fac3c66f6ed8e",
                "url_private_download": "https:\/\/files.slack.com\/files-pri\/T02LAJBUW-FB89USC77\/download\/error.png?t=xoxe-2690623982-420508393732-420508393844-55126cc98091fbe0399fac3c66f6ed8e",
                "thumb_64": "https:\/\/files.slack.com\/files-tmb\/T02LAJBUW-FB89USC77-986f335df9\/error_64.png?t=xoxe-2690623982-420508393732-420508393844-55126cc98091fbe0399fac3c66f6ed8e",
                "thumb_80": "https:\/\/files.slack.com\/files-tmb\/T02LAJBUW-FB89USC77-986f335df9\/error_80.png?t=xoxe-2690623982-420508393732-420508393844-55126cc98091fbe0399fac3c66f6ed8e",
                "thumb_360": "https:\/\/files.slack.com\/files-tmb\/T02LAJBUW-FB89USC77-986f335df9\/error_360.png?t=xoxe-2690623982-420508393732-420508393844-55126cc98091fbe0399fac3c66f6ed8e",
                "thumb_360_w": 360,
                "thumb_360_h": 40,
                "thumb_480": "https:\/\/files.slack.com\/files-tmb\/T02LAJBUW-FB89USC77-986f335df9\/error_480.png?t=xoxe-2690623982-420508393732-420508393844-55126cc98091fbe0399fac3c66f6ed8e",
                "thumb_480_w": 480,
                "thumb_480_h": 54,
                "thumb_160": "https:\/\/files.slack.com\/files-tmb\/T02LAJBUW-FB89USC77-986f335df9\/error_160.png?t=xoxe-2690623982-420508393732-420508393844-55126cc98091fbe0399fac3c66f6ed8e",
                "thumb_720": "https:\/\/files.slack.com\/files-tmb\/T02LAJBUW-FB89USC77-986f335df9\/error_720.png?t=xoxe-2690623982-420508393732-420508393844-55126cc98091fbe0399fac3c66f6ed8e",
                "thumb_720_w": 720,
                "thumb_720_h": 80,
                "thumb_800": "https:\/\/files.slack.com\/files-tmb\/T02LAJBUW-FB89USC77-986f335df9\/error_800.png?t=xoxe-2690623982-420508393732-420508393844-55126cc98091fbe0399fac3c66f6ed8e",
                "thumb_800_w": 800,
                "thumb_800_h": 89,
                "thumb_960": "https:\/\/files.slack.com\/files-tmb\/T02LAJBUW-FB89USC77-986f335df9\/error_960.png?t=xoxe-2690623982-420508393732-420508393844-55126cc98091fbe0399fac3c66f6ed8e",
                "thumb_960_w": 960,
                "thumb_960_h": 107,
                "thumb_1024": "https:\/\/files.slack.com\/files-tmb\/T02LAJBUW-FB89USC77-986f335df9\/error_1024.png?t=xoxe-2690623982-420508393732-420508393844-55126cc98091fbe0399fac3c66f6ed8e",
                "thumb_1024_w": 1024,
                "thumb_1024_h": 114,
                "image_exif_rotation": 1,
                "original_w": 1309,
                "original_h": 146,
                "permalink": "https:\/\/komodo-platform.slack.com\/files\/U2Q1DP6EQ\/FB89USC77\/error.png",
                "permalink_public": "https:\/\/slack-files.com\/T02LAJBUW-FB89USC77-88d55112c5"
            }
        ],
        "upload": true,
        "user": "U2Q1DP6EQ",
        "display_as_bot": false,
        "ts": "1529051571.000414"
    },
    {
        "type": "message",
        "user": "U2Q1DP6EQ",
        "text": "ok, found something in tradehistory-tab... weird is that is was working yesterday",
        "client_msg_id": "2d7c7694-4136-4c26-b11b-36a74475cdac",
        "ts": "1529051607.000279"
    },
    {
        "type": "message",
        "user": "U2Q1DP6EQ",
        "text": "the tab is not loading, i just see the loading circle",
        "client_msg_id": "71b6d760-a19f-4d06-b77f-846c81909ac1",
        "ts": "1529051660.000167"
    },
    {
        "type": "message",
        "user": "U2Q1DP6EQ",
        "text": "ok, i know why... i did a CHIPS trade yesterday and resetted the coins-file today, so CHIPS was not in the coins-file anymore... when i add it back and restart, the tradehistory-tab is working again",
        "client_msg_id": "512c927e-a530-499d-81a1-3627c0f6224f",
        "edited": {
            "user": "U2Q1DP6EQ",
            "ts": "1529051873.000000"
        },
        "ts": "1529051850.000199"
    },
    {
        "type": "message",
        "user": "U03SKEFEL",
        "text": "if the coin you last traded isn't in coins.json I guess it doesn't render.",
        "client_msg_id": "ee053712-a1bd-4502-b29c-e37ea07b1533",
        "ts": "1529052408.000465"
    },
    {
        "type": "message",
        "user": "U03SKEFEL",
        "text": "think I see that",
        "client_msg_id": "e804532c-25df-45b6-be5f-ec4e6f2b7bac",
        "ts": "1529052429.000083"
    },
    {
        "type": "message",
        "user": "U03SKEFEL",
        "text": "that means whichever coin you have traded in the past you MUST have that added in your coins.json if you want to see history :smile:",
        "client_msg_id": "f1b0af2b-d48e-44ce-abe8-0839b770d3ae",
        "ts": "1529052506.000455"
    },
    {
        "type": "message",
        "user": "U03SKEFEL",
        "text": "or just move the history files to somewhere, archive it and then use lighter coins.json file",
        "client_msg_id": "85508aa0-7ec0-4cd0-ad3c-be6cfed2c291",
        "ts": "1529052523.000074"
    },
    {
        "type": "message",
        "user": "U03SKEFEL",
        "text": "make a new history :wink:",
        "client_msg_id": "7d5c1e23-9762-4a04-a8c4-d4a715b1573c",
        "ts": "1529052526.000392"
    },
    {
        "type": "message",
        "user": "U2Q1DP6EQ",
        "text": "yes, i think it is no big deal, since it won't happen too often",
        "client_msg_id": "11e5b92a-248d-4a77-a2ea-1cd07701f3ed",
        "ts": "1529052552.000103"
    },
    {
        "type": "message",
        "user": "U03SKEFEL",
        "text": "hope so",
        "client_msg_id": "84700859-0708-497f-a358-113b4c9fcf68",
        "ts": "1529052584.000169"
    },
    {
        "type": "message",
        "user": "U8LRMS7EC",
        "text": "hi, do you know where I can find the code\/doc for connecting a peer into the p2p network and retrieve orderbook data?",
        "client_msg_id": "acd62577-7024-4578-bf76-7d33f045bb8a",
        "ts": "1529064238.000081"
    },
    {
        "type": "message",
        "user": "U8LRMS7EC",
        "text": "cant find it in the code",
        "client_msg_id": "f16c6215-a482-4684-bb76-ae092ded10b4",
        "ts": "1529064270.000442"
    },
    {
        "type": "message",
        "user": "U8LRMS7EC",
        "text": "(supernet)",
        "client_msg_id": "f8a08ee3-8149-4b67-88e8-7a322105947e",
        "ts": "1529064276.000461"
    },
    {
        "text": "<http:\/\/Komodo-platform.readthedocs.io|Komodo-platform.readthedocs.io>",
        "username": "@siu:matrix.org",
        "bot_id": "BAXPT56P9",
        "icons": {
            "image_48": "https:\/\/slack-files2.s3-us-west-2.amazonaws.com\/bot_icons\/2018-06-05\/375716327328_48.png"
        },
        "type": "message",
        "subtype": "bot_message",
        "ts": "1529065765.000299"
    },
    {
        "type": "message",
        "user": "U8LRMS7EC",
        "text": "mhmhhmhm yeah maybe, not finding it there too",
        "client_msg_id": "fda908f6-2be1-46b2-8a2c-66946a47ee50",
        "ts": "1529066601.000325"
    },
    {
        "type": "message",
        "user": "U8LRMS7EC",
        "text": "did find seednode ips though",
        "client_msg_id": "77ef4c05-2410-446e-b165-2f081c7da2f2",
        "ts": "1529066726.000103"
    },
    {
        "text": "what exactly do you want to do that you cant do via orderbook api call",
        "username": "jl777",
        "bot_id": "BAXPT56P9",
        "type": "message",
        "subtype": "bot_message",
        "ts": "1529066760.000197"
    },
    {
        "text": "curl --url \"<http:\/\/127.0.0.1:7783>\" --data \"{\"userpass\":\"$userpass\",\"method\":\"orderbook\",\"base\":\"VRSC\",\"rel\":\"KMD\"}\"",
        "username": "jl777",
        "bot_id": "BAXPT56P9",
        "type": "message",
        "subtype": "bot_message",
        "ts": "1529066787.000075"
    },
    {
        "text": "the orderbook api call does what you ask for",
        "username": "jl777",
        "bot_id": "BAXPT56P9",
        "type": "message",
        "subtype": "bot_message",
        "ts": "1529066795.000498"
    },
    {
        "type": "message",
        "user": "U8LRMS7EC",
        "text": "yeah but I dont want to use marketmaker. just reimplement this part myself",
        "client_msg_id": "efdd22f9-902a-4fc7-a17c-f676c6c8caea",
        "ts": "1529066877.000388"
    },
    {
        "type": "message",
        "user": "U8LRMS7EC",
        "text": "just playin around",
        "client_msg_id": "d0fb86c6-98b7-431c-88dd-a84da06e0db7",
        "ts": "1529066892.000407"
    },
    {
        "type": "message",
        "user": "U8LRMS7EC",
        "text": "dont know if you understand my question?",
        "client_msg_id": "3d590cb6-3f00-4537-9eca-f14650810707",
        "edited": {
            "user": "U8LRMS7EC",
            "ts": "1529067041.000000"
        },
        "ts": "1529067037.000185"
    },
    {
        "text": "then you need to analyze the source code to experiment around with. not sure what you want, the code is there, there isnt a single thing to do in order to construct an orderbook. the orderbook api already does this",
        "username": "jl777",
        "bot_id": "BAXPT56P9",
        "type": "message",
        "subtype": "bot_message",
        "ts": "1529067065.000389"
    },
    {
        "text": "if you just want a datastream then run marketmaker in \"events\" mode",
        "username": "jl777",
        "bot_id": "BAXPT56P9",
        "type": "message",
        "subtype": "bot_message",
        "ts": "1529067205.000039"
    },
    {
        "text": "i dont understand your problem",
        "username": "jl777",
        "bot_id": "BAXPT56P9",
        "type": "message",
        "subtype": "bot_message",
        "ts": "1529067229.000444"
    },
    {
        "text": "You want to get a public orderbook access?",
        "username": "@siu:matrix.org",
        "bot_id": "BAXPT56P9",
        "icons": {
            "image_48": "https:\/\/slack-files2.s3-us-west-2.amazonaws.com\/bot_icons\/2018-06-05\/375716327328_48.png"
        },
        "type": "message",
        "subtype": "bot_message",
        "ts": "1529067249.000222"
    },
    {
        "text": "Like dexstats does?",
        "username": "@siu:matrix.org",
        "bot_id": "BAXPT56P9",
        "icons": {
            "image_48": "https:\/\/slack-files2.s3-us-west-2.amazonaws.com\/bot_icons\/2018-06-05\/375716327328_48.png"
        },
        "type": "message",
        "subtype": "bot_message",
        "ts": "1529067264.000471"
    },
    {
        "type": "message",
        "user": "U8LRMS7EC",
        "text": "I want to implement orderbook in javascript, from the p2p network.",
        "client_msg_id": "da43eb45-5f10-4792-9f22-871a2f0d981b",
        "ts": "1529067299.000071"
    },
    {
        "text": "<http:\/\/www.barterdexapi.net\/>",
        "username": "@siu:matrix.org",
        "bot_id": "BAXPT56P9",
        "icons": {
            "image_48": "https:\/\/slack-files2.s3-us-west-2.amazonaws.com\/bot_icons\/2018-06-05\/375716327328_48.png"
        },
        "type": "message",
        "subtype": "bot_message",
        "ts": "1529067304.000271"
    },
    {
        "type": "message",
        "user": "U8LRMS7EC",
        "text": "yes but without external api\/whatever.\nconnecting with nanomsg from js etc",
        "client_msg_id": "fdeb08db-1141-4f2d-a4b0-a38232d6e0f3",
        "ts": "1529067331.000197"
    },
    {
        "type": "message",
        "user": "U8LRMS7EC",
        "text": "I'll dig around",
        "client_msg_id": "a5f49496-e0fd-4ae7-90fb-444e9475dab7",
        "ts": "1529067341.000462"
    },
    {
        "type": "message",
        "user": "U8LRMS7EC",
        "text": "thanks ^^",
        "client_msg_id": "41e1e8dd-a57b-4fa3-aad0-1a0dd729d751",
        "ts": "1529067344.000405"
    },
    {
        "text": "you need nanomsg binding for javascript",
        "username": "jl777",
        "bot_id": "BAXPT56P9",
        "type": "message",
        "subtype": "bot_message",
        "ts": "1529067529.000062"
    },
    {
        "text": "then do what \"events\" mode does, very simple",
        "username": "jl777",
        "bot_id": "BAXPT56P9",
        "type": "message",
        "subtype": "bot_message",
        "ts": "1529067535.000582"
    },
    {
        "type": "message",
        "user": "U8LRMS7EC",
        "text": "yeah I know these bindings; thanks for the events mode",
        "client_msg_id": "be2198bc-a695-451c-a32f-013aa0711d05",
        "ts": "1529067564.000542"
    },
    {
        "text": "    else if ( argv[1] != 0 &amp;&amp; strcmp(argv[1],\"events\") == 0 )\n    {\n        int32_t len,bufsize = 1000000; void *ptr; char *buf;\n        if ( (IPC_ENDPOINT= nn_socket(AF_SP,NN_PAIR)) &gt;= 0 )\n        {\n            if ( nn_connect(IPC_ENDPOINT,\"<ws:\/\/127.0.0.1:5555>\") &gt;= 0 )\n            {\n                buf = calloc(1,bufsize);\n                while ( 1 )\n                {\n                    if ( (len= nn_recv(IPC_ENDPOINT,&amp;ptr,NN_MSG,0)) &gt; 0 )\n                    {\n                        if ( len &lt; bufsize )\n                        {\n                            memcpy(buf,ptr,len);\n                            buf[len] = 0;\n                            printf(\"%s\\n\",(char *)buf);\n                        }\n                        nn_freemsg(ptr);\n                    }\n                }\n            } else printf(\"nn_connect error to IPC_ENDPOINT\\n\");\n        } else printf(\"error opening IPC_ENDPOINT\\n\");\n    }\n",
        "username": "jl777",
        "bot_id": "BAXPT56P9",
        "type": "message",
        "subtype": "bot_message",
        "ts": "1529067583.000270"
    },
    {
        "text": "that's it. assuming you have marketmaker running locally though",
        "username": "jl777",
        "bot_id": "BAXPT56P9",
        "type": "message",
        "subtype": "bot_message",
        "ts": "1529067606.000731"
    },
    {
        "text": "you would basically have to port large portions of marketmaker into js to get an orderbook as there is no spoon",
        "username": "jl777",
        "bot_id": "BAXPT56P9",
        "type": "message",
        "subtype": "bot_message",
        "ts": "1529067622.000335"
    },
    {
        "text": "the orderbook is an artificial construct made out of prices and utxo info from pubkeys",
        "username": "jl777",
        "bot_id": "BAXPT56P9",
        "type": "message",
        "subtype": "bot_message",
        "ts": "1529067670.000035"
    },
    {
        "type": "message",
        "user": "U8LRMS7EC",
        "text": "ahah. thanks for this. but I dont want to connect to marketmaker. just fetch data directly from the p2p network. as marketmaker does",
        "client_msg_id": "401681c0-a2d2-4c6e-9062-9bc309329136",
        "ts": "1529067769.000198"
    },
    {
        "type": "message",
        "user": "U8LRMS7EC",
        "text": "but without it",
        "client_msg_id": "3f030c5c-6a86-4858-8575-d6e8ba28ca68",
        "ts": "1529067791.000524"
    },
    {
        "type": "message",
        "user": "U8LRMS7EC",
        "text": "I know how this sounds",
        "client_msg_id": "c0fa3381-cb13-43b3-9261-062c45f56b9f",
        "ts": "1529067830.000613"
    },
    {
        "type": "message",
        "user": "U8LRMS7EC",
        "text": "(why do you want to reinvent the wheel, eh?)",
        "client_msg_id": "3564070c-b988-49cc-af89-9e14a1373405",
        "ts": "1529067886.000570"
    },
    {
        "text": "you will need to reinvent most of the wheel",
        "username": "jl777",
        "bot_id": "BAXPT56P9",
        "type": "message",
        "subtype": "bot_message",
        "ts": "1529067958.000587"
    },
    {
        "text": "price propagation",
        "username": "jl777",
        "bot_id": "BAXPT56P9",
        "type": "message",
        "subtype": "bot_message",
        "ts": "1529067967.000465"
    },
    {
        "text": "signed pubkey info",
        "username": "jl777",
        "bot_id": "BAXPT56P9",
        "type": "message",
        "subtype": "bot_message",
        "ts": "1529067972.000297"
    },
    {
        "text": "orderbook construction",
        "username": "jl777",
        "bot_id": "BAXPT56P9",
        "type": "message",
        "subtype": "bot_message",
        "ts": "1529067987.000089"
    },
    {
        "type": "message",
        "user": "U8LRMS7EC",
        "text": "yup. thats it",
        "client_msg_id": "0710a6b9-d51a-43ce-a9ef-c2afd5b05721",
        "ts": "1529068002.000113"
    },
    {
        "text": "there is no global orderbook",
        "username": "jl777",
        "bot_id": "BAXPT56P9",
        "type": "message",
        "subtype": "bot_message",
        "ts": "1529068089.000628"
    },
    {
        "text": "each node tracks prices from pubkeys",
        "username": "jl777",
        "bot_id": "BAXPT56P9",
        "type": "message",
        "subtype": "bot_message",
        "ts": "1529068097.000256"
    },
    {
        "type": "message",
        "user": "U8LRMS7EC",
        "text": "yes it is requested",
        "client_msg_id": "cc4544fd-9991-4086-a1eb-0abd1a3764d0",
        "ts": "1529068104.000123"
    },
    {
        "text": "when you do an orderbook api, it is constructed out of this data",
        "username": "jl777",
        "bot_id": "BAXPT56P9",
        "type": "message",
        "subtype": "bot_message",
        "ts": "1529068122.000106"
    },
    {
        "type": "message",
        "user": "U8LRMS7EC",
        "text": "yup. do you have a nng endpoint I cant connect to?",
        "client_msg_id": "c5fe4446-64b3-4c1d-ae67-706210e36b15",
        "ts": "1529068146.000276"
    },
    {
        "text": "what is requested?",
        "username": "jl777",
        "bot_id": "BAXPT56P9",
        "type": "message",
        "subtype": "bot_message",
        "ts": "1529068155.000588"
    },
    {
        "type": "message",
        "user": "U8LRMS7EC",
        "text": "the orderbook is constructed only when requested right?",
        "client_msg_id": "1bfe34a0-4c44-4e5c-8047-b16141a0166c",
        "ts": "1529068169.000275"
    },
    {
        "type": "message",
        "user": "U8LRMS7EC",
        "text": "to get fresh data",
        "client_msg_id": "bd5cb4f0-3e86-408f-9fdc-1095cd9ecb1f",
        "ts": "1529068175.000613"
    },
    {
        "type": "message",
        "user": "U8LRMS7EC",
        "text": "with the base\/rel",
        "client_msg_id": "37f4bd6a-fe55-4125-861e-190d073c4d1b",
        "ts": "1529068185.000205"
    },
    {
        "text": "the seednodes",
        "username": "jl777",
        "bot_id": "BAXPT56P9",
        "type": "message",
        "subtype": "bot_message",
        "ts": "1529068185.000615"
    },
    {
        "text": "that is not how it works",
        "username": "jl777",
        "bot_id": "BAXPT56P9",
        "type": "message",
        "subtype": "bot_message",
        "ts": "1529068219.000626"
    },
    {
        "text": "there is no query process to any specific node for a specific base\/rel pair",
        "username": "jl777",
        "bot_id": "BAXPT56P9",
        "type": "message",
        "subtype": "bot_message",
        "ts": "1529068252.000068"
    },
    {
        "text": "you connect to the seednode and listen for packets",
        "username": "jl777",
        "bot_id": "BAXPT56P9",
        "type": "message",
        "subtype": "bot_message",
        "ts": "1529068284.000147"
    },
    {
        "text": "these have price info from pubkeys",
        "username": "jl777",
        "bot_id": "BAXPT56P9",
        "type": "message",
        "subtype": "bot_message",
        "ts": "1529068286.000162"
    },
    {
        "text": "you store that locally",
        "username": "jl777",
        "bot_id": "BAXPT56P9",
        "type": "message",
        "subtype": "bot_message",
        "ts": "1529068287.000548"
    },
    {
        "text": "when orderbook base\/rel is called, you construct an orderbook using the recently seen pubkey price data",
        "username": "jl777",
        "bot_id": "BAXPT56P9",
        "type": "message",
        "subtype": "bot_message",
        "ts": "1529068305.000594"
    },
    {
        "text": "there is no orderbook query to the seednode",
        "username": "jl777",
        "bot_id": "BAXPT56P9",
        "type": "message",
        "subtype": "bot_message",
        "ts": "1529068332.000008"
    },
    {
        "type": "message",
        "user": "U8LRMS7EC",
        "text": "yes I know",
        "client_msg_id": "aaa2c59a-453a-49f8-9cee-3bebc4fca785",
        "ts": "1529068337.000123"
    },
    {
        "type": "message",
        "user": "U8LRMS7EC",
        "text": "I want to connect and listen to a seednode but cant find which port &gt;&lt;",
        "client_msg_id": "f2f1b084-5fe9-4ddd-9ed7-3aeb465b423b",
        "ts": "1529068348.000701"
    },
    {
        "text": "there is no query to the seednode at all, except for creating a psock",
        "username": "jl777",
        "bot_id": "BAXPT56P9",
        "type": "message",
        "subtype": "bot_message",
        "ts": "1529068352.000020"
    },
    {
        "type": "message",
        "user": "U8LRMS7EC",
        "text": "I know how pub\/sub works",
        "client_msg_id": "2803197d-6820-4e71-9d1d-6187ca390f53",
        "ts": "1529068365.000354"
    },
    {
        "text": "on startup it prints out explicitly:",
        "username": "jl777",
        "bot_id": "BAXPT56P9",
        "type": "message",
        "subtype": "bot_message",
        "ts": "1529068456.000042"
    },
    {
        "text": "connected to push.(<tcp:\/\/173.212.225.176:7793>) pushsock.2 valid.1  | connected to sub.(<tcp:\/\/173.212.225.176:7803>) subsock.3 valid.1 numactive.0",
        "username": "jl777",
        "bot_id": "BAXPT56P9",
        "type": "message",
        "subtype": "bot_message",
        "ts": "1529068460.000347"
    },
    {
        "text": "the endpoints depend on netid",
        "username": "jl777",
        "bot_id": "BAXPT56P9",
        "type": "message",
        "subtype": "bot_message",
        "ts": "1529068467.000090"
    },
    {
        "type": "message",
        "user": "U8LRMS7EC",
        "text": "thx :pray:",
        "client_msg_id": "c51fad26-74fc-4746-9a43-4a8aa1367356",
        "ts": "1529068470.000228"
    },
    {
        "text": "have you run the cli?",
        "username": "jl777",
        "bot_id": "BAXPT56P9",
        "type": "message",
        "subtype": "bot_message",
        "ts": "1529068492.000267"
    },
    {
        "type": "message",
        "user": "U8LRMS7EC",
        "text": "yes, why?",
        "client_msg_id": "227e0efd-4701-4d29-83cb-c8e6f570a36c",
        "ts": "1529068557.000183"
    },
    {
        "text": "ok, just making sure as if you havent what you are trying to do wont make any sense at all",
        "username": "jl777",
        "bot_id": "BAXPT56P9",
        "type": "message",
        "subtype": "bot_message",
        "ts": "1529068592.000537"
    },
    {
        "text": "the cli level will be the high level and you are going below it to the building blocks that allow the cli level to be created",
        "username": "jl777",
        "bot_id": "BAXPT56P9",
        "type": "message",
        "subtype": "bot_message",
        "ts": "1529068613.000056"
    },
    {
        "text": "so familiarity of cli level is quite important",
        "username": "jl777",
        "bot_id": "BAXPT56P9",
        "type": "message",
        "subtype": "bot_message",
        "ts": "1529068641.000593"
    },
    {
        "type": "message",
        "user": "U8LRMS7EC",
        "text": "yeah sure : ) I know that too. thanks for the hints !",
        "client_msg_id": "71c7aa01-65fd-43fc-904e-7a24fb1fc1b2",
        "edited": {
            "user": "U8LRMS7EC",
            "ts": "1529068646.000000"
        },
        "ts": "1529068642.000033"
    },
    {
        "type": "message",
        "user": "U8LRMS7EC",
        "text": "I'm just having hard times to explain things in english sometimes",
        "client_msg_id": "ace597b2-d869-4c0e-bc96-a07f9efbf948",
        "ts": "1529068674.000272"
    },
    {
        "text": "oh, the packets are compresses so you will get binary data",
        "username": "jl777",
        "bot_id": "BAXPT56P9",
        "type": "message",
        "subtype": "bot_message",
        "ts": "1529068723.000429"
    },
    {
        "text": "char *MMJSON_decode(uint8_t *linebuf,int32_t len)\nshows how to decode",
        "username": "jl777",
        "bot_id": "BAXPT56P9",
        "type": "message",
        "subtype": "bot_message",
        "ts": "1529068761.000312"
    },
    {
        "type": "message",
        "user": "U8LRMS7EC",
        "text": "okay! thanks for that too",
        "client_msg_id": "ab28a889-1cf4-4341-a463-2db39c141995",
        "ts": "1529068778.000334"
    },
    {
        "user": "U7E502JEN",
        "text": "<@U7E502JEN> has left the channel",
        "type": "message",
        "subtype": "channel_leave",
        "ts": "1529083551.000075"
    },
    {
        "user": "UB4JVKTNF",
        "text": "<@UB4JVKTNF> has joined the channel",
        "type": "message",
        "subtype": "channel_join",
        "ts": "1529105054.000004"
    },
    {
        "user": "U8MLQ662K",
        "text": "<@U8MLQ662K> has left the channel",
        "type": "message",
        "subtype": "channel_leave",
        "ts": "1529107143.000071"
    },
    {
        "user": "U5Z26MP60",
        "text": "<@U5Z26MP60> has left the channel",
        "type": "message",
        "subtype": "channel_leave",
        "ts": "1529110429.000013"
    },
    {
        "type": "message",
        "user": "U70MZ24DQ",
        "text": "hi",
        "client_msg_id": "4f621c33-4f31-41c8-bc00-a34c2c97adc4",
        "ts": "1529128446.000030"
    },
    {
        "type": "message",
        "user": "U70MZ24DQ",
        "text": "having some problem with trades",
        "client_msg_id": "41b80c1a-ef7d-4d49-b80f-6603dd4d149b",
        "ts": "1529128451.000081"
    },
    {
        "type": "message",
        "user": "U70MZ24DQ",
        "text": "should i reinstall barterdex somehow?",
        "client_msg_id": "cbc565a0-1f34-42ae-9c1b-a378d19c4c34",
        "ts": "1529128457.000022"
    },
    {
        "type": "message",
        "user": "U70MZ24DQ",
        "text": "on linux",
        "client_msg_id": "60745478-818d-43ff-8747-c44548480eac",
        "ts": "1529128458.000046"
    }
]