[
    {
        "type": "message",
        "user": "U0394QTC7",
        "text": "this is the only order in the asks of CHIPS KMD (since i have rebooted it not long ago):\n```\n \"numutxos\": 17,\n \"avevolume\": 0.063,\n \"maxvolume\": 33.90000134,\n \"depth\": 1.07100004\n```\nshouldn't depth be deeper here? it's 2000 CHIPS i'm offering",
        "ts": "1526629812.000419"
    },
    {
        "type": "message",
        "user": "U02LQ1WHQ",
        "text": "you have multiple 2000+ CHIPS utxos?",
        "ts": "1526629868.000327"
    },
    {
        "type": "message",
        "user": "U0394QTC7",
        "text": "no, multiples of 200 and 250 and some smaller utxos",
        "ts": "1526629929.000389"
    },
    {
        "type": "message",
        "user": "U0394QTC7",
        "text": "totalling 2000",
        "ts": "1526629937.000426"
    },
    {
        "type": "message",
        "user": "U0394QTC7",
        "text": "listunspent gives me 34 utxos",
        "ts": "1526629983.000280"
    },
    {
        "type": "message",
        "user": "U02LQ1WHQ",
        "text": "maxvolume is the max trade size possible",
        "ts": "1526629998.000481"
    },
    {
        "type": "message",
        "user": "U02LQ1WHQ",
        "text": "numutxos is the number of utxos above the median",
        "ts": "1526630010.000183"
    },
    {
        "type": "message",
        "user": "U02LQ1WHQ",
        "text": "avevolume should be the median volume",
        "ts": "1526630040.000180"
    },
    {
        "type": "message",
        "user": "U0394QTC7",
        "text": "and depth is calculated upon that? there are some 0.01 utxos, that is the floor",
        "ts": "1526630075.000078"
    },
    {
        "type": "message",
        "user": "U5VUWSR0D",
        "text": "´curl --url \"<http:\/\/127.0.0.1:7783>\" --data \"{\\\"userpass\\\":\\\"$userpass\\\",\\\"method\\\":\\\"autoprice\\\",\\\"base\\\":\\\"HUSH\\\",\\\"rel\\\":\\\"KMD\\\",\\\"margin\\\":$margin,\\\"refbase\\\":\\\"hush\\\",\\\"refrel\\\":\\\"coinmarketcap\\\"}\"´\ndoes autoprice with refrel coinmarketcap set both 'sell' and 'buy' ?",
        "ts": "1526630512.000525"
    },
    {
        "type": "message",
        "user": "U02LQ1WHQ",
        "text": "it should",
        "ts": "1526630537.000222"
    },
    {
        "type": "message",
        "user": "U02LQ1WHQ",
        "text": "<@U0394QTC7> yes",
        "ts": "1526630542.000568"
    },
    {
        "type": "message",
        "user": "U5VUWSR0D",
        "text": "thanks",
        "ts": "1526630558.000540"
    },
    {
        "type": "message",
        "user": "U02LQ1WHQ",
        "text": "depth is a mythical (numutxos * median) which is actually (numutxos * median)\/2",
        "ts": "1526630584.000340"
    },
    {
        "type": "message",
        "user": "U02LQ1WHQ",
        "text": "this means there is likely more depth than is listed",
        "ts": "1526630598.000222"
    },
    {
        "type": "message",
        "user": "U02LQ1WHQ",
        "text": "but better than the other way around",
        "ts": "1526630603.000173"
    },
    {
        "type": "message",
        "user": "U0394QTC7",
        "text": "ah, gotcha. since i'm bob anyways, i'll re-create my utxos",
        "ts": "1526630629.000412"
    },
    {
        "type": "message",
        "user": "U1TE5UXGF",
        "text": "maybe a date for the new BarterDEX release with all these new tokens added ?",
        "ts": "1526644893.000106"
    },
    {
        "type": "message",
        "user": "U9KF6HXQF",
        "text": "ColossiusXT is about to finish their addition of BIP65 which happened more or less upon our request. when i'm back home on the weekend, i will hopefully be able to integrate ColXT",
        "ts": "1526674695.000138"
    },
    {
        "type": "message",
        "user": "U9KF6HXQF",
        "text": "sadly, the new Sparks\/SPK explorer (to finalize their addition to the ref. GUI) still isn't in sight",
        "ts": "1526674855.000048"
    },
    {
        "user": "UASUCPSNT",
        "text": "<@UASUCPSNT> has joined the channel",
        "type": "message",
        "subtype": "channel_join",
        "ts": "1526683864.000272"
    },
    {
        "type": "message",
        "user": "U2Q1DP6EQ",
        "text": "tried to swap Golem (GNT), but failed: <https:\/\/etherscan.io\/tx\/0x3a97298723c39f7a69ba4739e4e0520f70bbfc4bc055c7c27fb0bbb4d4ebc100>\nsaw that their contract <https:\/\/etherscan.io\/address\/0xa74476443119A942dE498590Fe1f2454d7D4aC0d#code> does not have the `approve`and `transferFrom` functions\nwe will have to remove them from BarterDEX... <@U02LQ1WHQ> can you please remove GNT from coins-file?",
        "edited": {
            "user": "U2Q1DP6EQ",
            "ts": "1526687870.000000"
        },
        "ts": "1526687860.000041"
    },
    {
        "type": "message",
        "user": "U2Q1DP6EQ",
        "text": "Request Network (REQ) swapped on BarterDEX\n```SWAP completed! 1146799217-2132460082 {\"uuid\":\"a947bc854511a1d56ad682f3f173943ac4d48668b9e09e732f162508057a6040\",\"expiration\":1526704857,\"tradeid\":0,\"requestid\":1146799217,\"quoteid\":2132460082,\"iambob\":1,\"Bgui\":\"nogui\",\"Agui\":\"\",\"gui\":\"nogui\",\"bob\":\"REQ\",\"bobtomic\":\"0x8f8221aFbB33998d8584A2B05749bA73c37a938a\",\"etomicsrc\":\"0x4e623b150b847da59f064f7c7fcc9f787dae2229\",\"srcamount\":0.73635501,\"bobtxfee\":0.00001000,\"alice\":\"KMD\",\"etomicdest\":\"0xdf38dd108bab50da564092ad0cd739c4634d963c\",\"destamount\":0.08009000,\"alicetxfee\":0.00001000,\"aliceid\":\"3405274793307340801\",\"sentflags\":[\"alicespend\", \"bobspend\", \"bobpayment\", \"alicepayment\", \"bobdeposit\", \"bobrefund\"],\"values\":[0.73636501, 0.08010000, 0.73637501, 0.08011000, 0.82841938, 0, 0, 0.82840938, 0, 0, 0],\"result\":\"success\",\"status\":\"finished\",\"finishtime\":1526689815,\"bobdeposit\":\"3b879f3a1ee3aa9d4d9424796cbbb4387b8df92c38353ca448ce34d6f4a795d4\",\"alicepayment\":\"38e66cd8375c7e044a08fcf08948494cd86af39b42b966befdb6ace2fba024d7\",\"bobpayment\":\"22ad6c1217903e9036fc4a0cf1b22cb7d7b0cd734b7001b163d38ca834d340f4\",\"paymentspent\":\"1094c01ee00b04ea4208653b8437e6a4138ec13ac2b9a13f68e4a5aca5aa67ff\",\"Apaymentspent\":\"4e943dc6e7d2bdbe01590b6c28874753cf47ca0b483945a7ae817dcb5803bf5f\",\"depositspent\":\"c95516cf65a10c966dd9a40f4025bbd6eb76592a1451e73c6726ba2a790cf532\",\"method\":\"tradestatus\",\"finishtime\":1526689815}```\nbobdeposit <https:\/\/etherscan.io\/tx\/0x19452798f2d9a598952e5d5818389d11191818e7f4e1023f6ab19ac3e5470768>\nalicepayment <https:\/\/kmdexplorer.ru\/tx\/38e66cd8375c7e044a08fcf08948494cd86af39b42b966befdb6ace2fba024d7>\nbobpayment <https:\/\/etherscan.io\/tx\/0x3b1347b66250be03f575d4a0111282e21e45c5eaa45e296d7f8591c533ffb07b>",
        "edited": {
            "user": "U2Q1DP6EQ",
            "ts": "1526690093.000000"
        },
        "ts": "1526690086.000049",
        "reactions": [
            {
                "name": "+1",
                "users": [
                    "U047X3GAM",
                    "U0EVBU5GC"
                ],
                "count": 2
            },
            {
                "name": "robot_face",
                "users": [
                    "U047X3GAM"
                ],
                "count": 1
            },
            {
                "name": "sunglasses",
                "users": [
                    "U047X3GAM"
                ],
                "count": 1
            },
            {
                "name": "komodo_logo",
                "users": [
                    "U1TE5UXGF"
                ],
                "count": 1
            },
            {
                "name": "heavy_check_mark",
                "users": [
                    "U1TE5UXGF"
                ],
                "count": 1
            }
        ]
    },
    {
        "type": "message",
        "user": "U2Q1DP6EQ",
        "text": "it is already integrated, so just a successful test",
        "ts": "1526690135.000152",
        "reactions": [
            {
                "name": "tada",
                "users": [
                    "U047X3GAM"
                ],
                "count": 1
            },
            {
                "name": "komodo_logo",
                "users": [
                    "U1TE5UXGF"
                ],
                "count": 1
            }
        ]
    },
    {
        "type": "message",
        "user": "U2Q1DP6EQ",
        "text": "Oyster (PRL) swapped on BarterDEX\n```SWAP completed! 2311776344-2760931975 {\"uuid\":\"1419682afbc753076a783ae102b8178e87f6eb2b2142165e105cdc172016b8c6\",\"expiration\":1526714161,\"tradeid\":0,\"requestid\":2311776344,\"quoteid\":2760931975,\"iambob\":1,\"Bgui\":\"nogui\",\"Agui\":\"\",\"gui\":\"nogui\",\"bob\":\"PRL\",\"bobtomic\":\"0x1844b21593262668b7248d0f57a220caaba46ab9\",\"etomicsrc\":\"0x4e623b150b847da59f064f7c7fcc9f787dae2229\",\"srcamount\":0.73635501,\"bobtxfee\":0.00001000,\"alice\":\"KMD\",\"etomicdest\":\"0xdf38dd108bab50da564092ad0cd739c4634d963c\",\"destamount\":0.08009000,\"alicetxfee\":0.00001000,\"aliceid\":\"356387132377464833\",\"sentflags\":[\"alicespend\", \"bobspend\", \"bobpayment\", \"alicepayment\", \"bobdeposit\", \"bobrefund\"],\"values\":[0.73636501, 0.08010000, 0.73637501, 0.08011000, 0.82841938, 0, 0, 0.82840938, 0, 0, 0],\"result\":\"success\",\"status\":\"finished\",\"finishtime\":1526699839,\"bobdeposit\":\"33358ef5b27d7641184b566749fe7bf2d1144da84ce682d90e1292a5fed002d7\",\"alicepayment\":\"82cc9a5528ebcb0a0a28a7ec6327421890b2987ec732a2502a2634b6097514bc\",\"bobpayment\":\"d825eacdca52bcfbe1658d33da1ec59c4fd6b3ab3cefcc688a10b1ab10795d38\",\"paymentspent\":\"7462b17c5175a650539cba930036289885bbca3580a40595722234ad5370243a\",\"Apaymentspent\":\"f32eca4dae9e2ea23c06594499dd2bcc75bc01d4ef99cfb818a412c7da14186b\",\"depositspent\":\"aab8d4e1e1738bd08e7fd6aa13245ef0d43101e40d40c4738792796683d44c2d\",\"method\":\"tradestatus\",\"finishtime\":1526699839}```\nbobdeposit <https:\/\/etherscan.io\/tx\/0x276610ea407e8493db321e33812a0c9c11ef788de7193fe48c18de72dfb14c49>\nalicepayment <https:\/\/kmdexplorer.ru\/tx\/82cc9a5528ebcb0a0a28a7ec6327421890b2987ec732a2502a2634b6097514bc>\nbobpayment <https:\/\/etherscan.io\/tx\/0xcfb3f15629f818225c3843048393df14ed5e0791c3012146eafcc5af5fec861f>",
        "edited": {
            "user": "U2Q1DP6EQ",
            "ts": "1526700090.000000"
        },
        "ts": "1526700081.000062"
    },
    {
        "type": "message",
        "user": "U2Q1DP6EQ",
        "text": "<@U02LQ1WHQ> please add the to coins file: `{\\\"coin\\\":\\\"PRL\\\",\\\"name\\\":\\\"oyster\\\",\\\"etomic\\\":\\\"0x1844b21593262668b7248d0f57a220caaba46ab9\\\",\\\"rpcport\\\":80}`",
        "ts": "1526700119.000018"
    },
    {
        "type": "message",
        "user": "U02LQ1WHQ",
        "text": "done",
        "ts": "1526708508.000034"
    },
    {
        "type": "message",
        "user": "U02LQ1WHQ",
        "text": "<@U5Z26MP60> please dont spawn a whole bunch of FR nodes",
        "ts": "1526709997.000002"
    },
    {
        "type": "message",
        "user": "U5Z26MP60",
        "text": "ok",
        "ts": "1526710008.000069"
    },
    {
        "type": "message",
        "user": "U02LQ1WHQ",
        "text": "that wont help and would actually slow things down if there are too many",
        "ts": "1526710011.000027"
    },
    {
        "type": "message",
        "user": "U02LQ1WHQ",
        "text": "there just needs to be enough FR nodes to route things properly",
        "ts": "1526710026.000058"
    },
    {
        "type": "message",
        "user": "U02LQ1WHQ",
        "text": "minimum of 2 per netid, dont want to get much over 16, though any number is possible after a while it just uses up more bandwidth for no incremental gain",
        "ts": "1526710061.000007"
    },
    {
        "type": "message",
        "user": "U02LQ1WHQ",
        "text": "what we need are bob nodes with canbind:1",
        "ts": "1526710067.000093"
    },
    {
        "type": "message",
        "user": "U02LQ1WHQ",
        "text": "that is what we need",
        "ts": "1526710071.000046"
    },
    {
        "type": "message",
        "user": "U5Z26MP60",
        "text": "Thats all I am doing :slightly_smiling_face:",
        "ts": "1526710077.000083"
    },
    {
        "type": "message",
        "user": "U02LQ1WHQ",
        "text": "normal client:1 nodes with canbind:1 that have autoprice set",
        "ts": "1526710083.000072"
    },
    {
        "type": "message",
        "user": "U5Z26MP60",
        "text": "canbind:1 client:0",
        "ts": "1526710086.000058"
    },
    {
        "type": "message",
        "user": "U02LQ1WHQ",
        "text": "client:1",
        "ts": "1526710094.000086"
    },
    {
        "type": "message",
        "user": "U5Z26MP60",
        "text": "ok so I need client:1 not 0",
        "ts": "1526710096.000003"
    },
    {
        "type": "message",
        "user": "U5Z26MP60",
        "text": "ok got it",
        "ts": "1526710098.000028"
    },
    {
        "type": "message",
        "user": "U02LQ1WHQ",
        "text": "client:0 -&gt; FR node, see above",
        "ts": "1526710104.000066"
    },
    {
        "type": "message",
        "user": "U5Z26MP60",
        "text": "That must be where I have gone wrong.",
        "ts": "1526710110.000049"
    },
    {
        "type": "message",
        "user": "U02LQ1WHQ",
        "text": "bobs bobs bobs and more bobs",
        "ts": "1526710112.000051"
    },
    {
        "type": "message",
        "user": "U5Z26MP60",
        "text": "ok doing now. Thanks for the heads up",
        "ts": "1526710121.000064"
    }
]