[
    {
        "type": "message",
        "user": "U0325KXM5",
        "text": "I answered in twitter",
        "client_msg_id": "9e20af3a-e19f-4f8d-9ab5-3418370f2491",
        "ts": "1529307149.000371"
    },
    {
        "type": "message",
        "user": "U0325KXM5",
        "text": "<https:\/\/twitter.com\/KomodoWorld\/status\/1008613288345849856>",
        "client_msg_id": "58689fad-6e0d-4b86-9bfe-b138d33aa519",
        "ts": "1529307151.000303"
    },
    {
        "text": "ETOMIC is a decentralized coin",
        "username": "[discord] <jl777c>",
        "bot_id": "BB46XBDAM",
        "attachments": [
            {
                "callback_id": "matterbridge_bci4l7bovtqcdgq1sf50",
                "id": 1
            }
        ],
        "type": "message",
        "subtype": "bot_message",
        "ts": "1529309131.000301"
    },
    {
        "type": "message",
        "user": "U7B8VF6TB",
        "text": "I left a comment",
        "client_msg_id": "ee01622e-fa91-45d1-baf2-043914a77573",
        "ts": "1529315681.000045"
    },
    {
        "type": "message",
        "user": "U7B8VF6TB",
        "text": "<https:\/\/medium.com\/@lukechilds\/this-is-incorrect-1a01aac2c555>",
        "client_msg_id": "563ce614-ace9-4a04-be10-1bf0cb6b2c28",
        "attachments": [
            {
                "service_name": "Medium",
                "title": "This is incorrect. – Luke Childs – Medium",
                "title_link": "https:\/\/medium.com\/@lukechilds\/this-is-incorrect-1a01aac2c555",
                "text": "This is incorrect. A decentralised exchange such as BarterDEX which implements cross chain atomic swaps can exchange multiple currencies in a completely decentralised and trustless manor without…",
                "fallback": "Medium: This is incorrect. – Luke Childs – Medium",
                "fields": [
                    {
                        "title": "Reading time",
                        "value": "1 min read",
                        "short": true
                    }
                ],
                "ts": 1529315637,
                "from_url": "https:\/\/medium.com\/@lukechilds\/this-is-incorrect-1a01aac2c555",
                "service_icon": "https:\/\/cdn-images-1.medium.com\/fit\/c\/304\/304\/1*8I-HPL0bfoIzGied-dzOvA.png",
                "id": 1,
                "original_url": "https:\/\/medium.com\/@lukechilds\/this-is-incorrect-1a01aac2c555"
            }
        ],
        "ts": "1529315682.000019"
    },
    {
        "text": "Kin (KIN) swapped on BarterDEX",
        "username": "[matrix] <cipig:matrix.org>",
        "bot_id": "BB46XBDAM",
        "attachments": [
            {
                "callback_id": "matterbridge_bci4l7bovtqcdgq1sf50",
                "id": 1
            }
        ],
        "type": "message",
        "subtype": "bot_message",
        "ts": "1529334349.000916"
    },
    {
        "text": "```\nSWAP completed! 629868832-3715157397 {\"uuid\":\"a5985fb8eb01ae80f89f44c0b6a5b24e05438910942e602bd62d091fd2b07754\",\"expiration\":1529347429,\"tradeid\":0,\"requestid\":629868832,\"quoteid\":3715157397,\"iambob\":1,\"Bgui\":\"nogui\",\"Agui\":\"\",\"gui\":\"nogui\",\"bob\":\"KIN\",\"bobtomic\":\"0x818fc6c2ec5986bc6e2cbf00939d90556ab12ce5\",\"etomicsrc\":\"0x4e623b150b847da59f064f7c7fcc9f787dae2229\",\"srcamount\":0.67557050,\"bobtxfee\":0.00001000,\"alice\":\"KMD\",\"etomicdest\":\"0xdf38dd108bab50da564092ad0cd739c4634d963c\",\"destamount\":0.08009000,\"alicetxfee\":0.00001000,\"aliceid\":\"7828741881914851329\",\"sentflags\":[\"alicespend\", \"bobspend\", \"bobpayment\", \"alicepayment\", \"bobdeposit\", \"bobrefund\"],\"values\":[1.00000999, 0.08010000, 1.00002000, 0.08011000, 1.12502000, 0, 0, 1.12500999, 0, 0, 0],\"result\":\"success\",\"status\":\"finished\",\"finishtime\":1529332135,\"bobdeposit\":\"63e7234de700b1d24db3f5fc5c29b6bc57587143a11815f0cacd4207127389b1\",\"alicepayment\":\"4b130eb116de0da2b5371d880ca8346699b1005e72890c4e9f3a98c72934caf3\",\"bobpayment\":\"b190bc1a4eda583cb0b0384debe022bbd8a373b164111e44f8fe5ec4aa0d7a57\",\"paymentspent\":\"fba3f4acb8f5048310359ac639e664e323a8267291f603fe0cc869a269910f46\",\"Apaymentspent\":\"49f79bc89f9992f2eff3710dbb5d946061ce538523ed0922838b9d5864e9d5dd\",\"depositspent\":\"31996ba70e150738982ad5181c9e322ca9fb075ff44ee062cd20a6268015106f\",\"method\":\"tradestatus\",\"finishtime\":1529332135}\n```\nbobdeposit <https:\/\/etherscan.io\/tx\/0xb6158831374999a77ee770faa86f116e0149460f463a4ad903a36920bed04bb0>\nalicepayment <https:\/\/kmdexplorer.ru\/tx\/4b130eb116de0da2b5371d880ca8346699b1005e72890c4e9f3a98c72934caf3>\nbobpayment <https:\/\/etherscan.io\/tx\/0xd1844e2aba9e995730c46b6ac0c6819cccb6eb28a9ab802869a9b315d6c3b1c1>",
        "username": "[matrix] <cipig:matrix.org>",
        "bot_id": "BB46XBDAM",
        "attachments": [
            {
                "callback_id": "matterbridge_bci4l7bovtqcdgq1sf50",
                "id": 1
            }
        ],
        "type": "message",
        "subtype": "bot_message",
        "ts": "1529334447.000671"
    },
    {
        "text": "i used artems new release, which only needs 1 ETOMIC for every erc20-swap",
        "username": "[matrix] <cipig:matrix.org>",
        "bot_id": "BB46XBDAM",
        "attachments": [
            {
                "callback_id": "matterbridge_bci4l7bovtqcdgq1sf50",
                "id": 1
            }
        ],
        "type": "message",
        "subtype": "bot_message",
        "ts": "1529334479.000045"
    },
    {
        "text": "merged artems release into BarterDEX GUI repo (coinsdb branch)",
        "username": "[matrix] <cipig:matrix.org>",
        "bot_id": "BB46XBDAM",
        "attachments": [
            {
                "callback_id": "matterbridge_bci4l7bovtqcdgq1sf50",
                "id": 1
            }
        ],
        "type": "message",
        "subtype": "bot_message",
        "ts": "1529335328.000667"
    },
    {
        "text": "```\ngit clone <https:\/\/github.com\/KomodoPlatform\/BarterDEX.git>\ncd BarterDEX\ngit checkout coinsdb\ngit pull\nnpm install\nnpm start\n```\n",
        "username": "[matrix] <cipig:matrix.org>",
        "bot_id": "BB46XBDAM",
        "attachments": [
            {
                "callback_id": "matterbridge_bci4l7bovtqcdgq1sf50",
                "id": 1
            }
        ],
        "type": "message",
        "subtype": "bot_message",
        "ts": "1529335343.000606"
    },
    {
        "text": "Metal (MTL) swapped on BarterDEX",
        "username": "[matrix] <cipig:matrix.org>",
        "bot_id": "BB46XBDAM",
        "attachments": [
            {
                "callback_id": "matterbridge_bci4l7bovtqcdgq1sf50",
                "id": 1
            }
        ],
        "type": "message",
        "subtype": "bot_message",
        "ts": "1529338526.000513"
    },
    {
        "text": "```\nSWAP completed! 4099900616-2509948373 {\"uuid\":\"c750ecdf01ac605d15ea751774f91a7922b53f15a54a27ce146435db30cf812c\",\"expiration\":1529353352,\"tradeid\":0,\"requestid\":4099900616,\"quoteid\":2509948373,\"iambob\":1,\"Bgui\":\"nogui\",\"Agui\":\"\",\"gui\":\"nogui\",\"bob\":\"MTL\",\"bobtomic\":\"0xF433089366899D83a9f26A773D59ec7eCF30355e\",\"etomicsrc\":\"0x4e623b150b847da59f064f7c7fcc9f787dae2229\",\"srcamount\":0.67105061,\"bobtxfee\":0.00001000,\"alice\":\"KMD\",\"etomicdest\":\"0xdf38dd108bab50da564092ad0cd739c4634d963c\",\"destamount\":0.08009000,\"alicetxfee\":0.00001000,\"aliceid\":\"7837338070286336001\",\"sentflags\":[\"alicespend\", \"bobspend\", \"bobpayment\", \"alicepayment\", \"bobdeposit\", \"bobrefund\"],\"values\":[1.00000999, 0.08010000, 1.00002000, 0.08011000, 1.12502000, 0, 0, 1.12500999, 0, 0, 0],\"result\":\"success\",\"status\":\"finished\",\"finishtime\":1529338273,\"bobdeposit\":\"9fe902512a220ab71196e6a0aec1c40da3f49d16cbd4c3271f97774d33321066\",\"alicepayment\":\"6835f22b6115c50e135784d09c6c76429b11640157143e41eba0af25b7e79891\",\"bobpayment\":\"c8edf5745078a312d274fdfbfbabc504888273ab06032875f4d21688e40fd6ec\",\"paymentspent\":\"eda45401f2114830ae3d1e3816438c7db6c70f0c3c502945586e87108d4d5518\",\"Apaymentspent\":\"840619fcd90a724b55b1db2434b62bd7c49781e565107414924b715daa008702\",\"depositspent\":\"2ec3b71237ea3305927b303b8f2fbf88c7d81ab8238ebc57585b731ad82113d9\",\"method\":\"tradestatus\",\"finishtime\":1529338273}\n```\nbobdeposit <https:\/\/etherscan.io\/tx\/0xc1956da4f237096b297318f1c999a241d2999ce244bd55452c54a5d5b4dd6ed6>\nalicepayment <https:\/\/kmdexplorer.ru\/tx\/6835f22b6115c50e135784d09c6c76429b11640157143e41eba0af25b7e79891>\nbobpayment <https:\/\/etherscan.io\/tx\/0x5df70f43698aa93ea16af7c0a45e1faf70023d8b5ddc783d38a176b2ea1d44c5>",
        "username": "[matrix] <cipig:matrix.org>",
        "bot_id": "BB46XBDAM",
        "attachments": [
            {
                "callback_id": "matterbridge_bci4l7bovtqcdgq1sf50",
                "id": 1
            }
        ],
        "type": "message",
        "subtype": "bot_message",
        "ts": "1529338551.000790"
    },
    {
        "text": "Is anyone else having issues withdrawing from Barterdex?",
        "username": "[discord] <vrcninja>",
        "bot_id": "BB46XBDAM",
        "attachments": [
            {
                "callback_id": "matterbridge_bci4l7bovtqcdgq1sf50",
                "id": 1
            }
        ],
        "type": "message",
        "subtype": "bot_message",
        "ts": "1529373032.000132"
    },
    {
        "text": "It's not really withdrawing, more making a transaction on your own wallet\/address to another addresz.",
        "username": "[discord] <ch6ris>",
        "bot_id": "BB46XBDAM",
        "attachments": [
            {
                "callback_id": "matterbridge_bci4l7bovtqcdgq1sf50",
                "id": 1
            }
        ],
        "type": "message",
        "subtype": "bot_message",
        "ts": "1529373832.000213"
    },
    {
        "text": "If the spv server is down that can cause problems with your balance.",
        "username": "[discord] <ch6ris>",
        "bot_id": "BB46XBDAM",
        "attachments": [
            {
                "callback_id": "matterbridge_bci4l7bovtqcdgq1sf50",
                "id": 1
            }
        ],
        "type": "message",
        "subtype": "bot_message",
        "ts": "1529373899.000064"
    },
    {
        "text": "Thats the only problem I have ever had",
        "username": "[discord] <ch6ris>",
        "bot_id": "BB46XBDAM",
        "attachments": [
            {
                "callback_id": "matterbridge_bci4l7bovtqcdgq1sf50",
                "id": 1
            }
        ],
        "type": "message",
        "subtype": "bot_message",
        "ts": "1529373913.000180"
    },
    {
        "text": "utxos might become a problem too",
        "username": "[matrix] <dragonrider-e:matrix.org>",
        "bot_id": "BB46XBDAM",
        "attachments": [
            {
                "callback_id": "matterbridge_bci4l7bovtqcdgq1sf50",
                "id": 1
            }
        ],
        "type": "message",
        "subtype": "bot_message",
        "ts": "1529374103.000065"
    },
    {
        "text": "at the moment of withdrawing (sending)",
        "username": "[matrix] <dragonrider-e:matrix.org>",
        "bot_id": "BB46XBDAM",
        "attachments": [
            {
                "callback_id": "matterbridge_bci4l7bovtqcdgq1sf50",
                "id": 1
            }
        ],
        "type": "message",
        "subtype": "bot_message",
        "ts": "1529374111.000074"
    },
    {
        "text": "Try Agama.",
        "username": "[matrix] <dragonrider-e:matrix.org>",
        "bot_id": "BB46XBDAM",
        "attachments": [
            {
                "callback_id": "matterbridge_bci4l7bovtqcdgq1sf50",
                "id": 1
            }
        ],
        "type": "message",
        "subtype": "bot_message",
        "ts": "1529374127.000266"
    }
]