[
    {
        "type": "message",
        "user": "U9W0MJM0S",
        "text": "Which api calls are missing from orbitcoin please?",
        "ts": "1523434791.000234"
    },
    {
        "type": "message",
        "user": "U02QSHX81",
        "text": "i have updated all mm binary to v1.0.92 in dev branch",
        "ts": "1523436984.000215",
        "reactions": [
            {
                "name": "+1",
                "users": [
                    "U93ET4RU4"
                ],
                "count": 1
            }
        ]
    },
    {
        "type": "message",
        "user": "U93ET4RU4",
        "text": "Hi, I was also having trouble with ETOMIC\/BEER swaps for the last few days, but the new V1.0.1-rc made 3 almost instant swaps just now. Maybe the new version will help, <@UA44AKBGR>",
        "edited": {
            "user": "U93ET4RU4",
            "ts": "1523445596.000000"
        },
        "ts": "1523445204.000271"
    },
    {
        "type": "message",
        "user": "U93ET4RU4",
        "text": "<@U02QSHX81> sorry, I was editing.  Thanks for the fast reply and update!",
        "ts": "1523445443.000285"
    },
    {
        "type": "message",
        "user": "U02QSHX81",
        "text": "no worries :slightly_smiling_face:",
        "ts": "1523445465.000205",
        "reactions": [
            {
                "name": "+1",
                "users": [
                    "U93ET4RU4"
                ],
                "count": 1
            }
        ]
    },
    {
        "type": "message",
        "user": "U9W0MJM0S",
        "text": "or where do i point the orbitcoin dev to see the documentation of what needs adding? please",
        "ts": "1523446972.000334"
    },
    {
        "type": "message",
        "user": "U02QSHX81",
        "text": "<https:\/\/komodoplatform.atlassian.net\/wiki\/spaces\/KPSD\/pages\/154107956\/How+to+add+your+coin+to+BarterDEX>",
        "ts": "1523450835.000569"
    },
    {
        "type": "message",
        "user": "U9W0MJM0S",
        "text": "thank you :slightly_smiling_face:",
        "ts": "1523451815.000677"
    },
    {
        "type": "message",
        "text": "I have thought about a new function for BarterDEX - I call it \"get price\". See PDF for description <@U03SKEFEL> <@U02LQ1WHQ> <@U2GC2GXTP>",
        "files": [
            {
                "id": "FA56TMC13",
                "created": 1523463730,
                "timestamp": 1523463730,
                "name": "BarterDEX-Development-Prices.pdf",
                "title": "BarterDEX-Development-Prices.pdf",
                "mimetype": "application\/pdf",
                "filetype": "pdf",
                "pretty_type": "PDF",
                "user": "U5ZSN6UAJ",
                "editable": false,
                "size": 1152957,
                "mode": "hosted",
                "is_external": false,
                "external_type": "",
                "is_public": true,
                "public_url_shared": false,
                "display_as_bot": false,
                "username": "",
                "url_private": "https:\/\/files.slack.com\/files-pri\/T02LAJBUW-FA56TMC13\/barterdex-development-prices.pdf?t=xoxe-2690623982-420508393732-420508393844-55126cc98091fbe0399fac3c66f6ed8e",
                "url_private_download": "https:\/\/files.slack.com\/files-pri\/T02LAJBUW-FA56TMC13\/download\/barterdex-development-prices.pdf?t=xoxe-2690623982-420508393732-420508393844-55126cc98091fbe0399fac3c66f6ed8e",
                "thumb_pdf": "https:\/\/files.slack.com\/files-tmb\/T02LAJBUW-FA56TMC13-54a49b7f2e\/barterdex-development-prices_thumb_pdf.png?t=xoxe-2690623982-420508393732-420508393844-55126cc98091fbe0399fac3c66f6ed8e",
                "thumb_pdf_w": 909,
                "thumb_pdf_h": 1286,
                "permalink": "https:\/\/komodo-platform.slack.com\/files\/U5ZSN6UAJ\/FA56TMC13\/barterdex-development-prices.pdf",
                "permalink_public": "https:\/\/slack-files.com\/T02LAJBUW-FA56TMC13-19518a3aa0",
                "reactions": [
                    {
                        "name": "+1",
                        "users": [
                            "U030L14Q0",
                            "U5RA5G0AY",
                            "U9HKUSY7K",
                            "U93ET4RU4"
                        ],
                        "count": 4
                    }
                ]
            }
        ],
        "upload": true,
        "user": "U5ZSN6UAJ",
        "display_as_bot": false,
        "reactions": [
            {
                "name": "+1",
                "users": [
                    "U030L14Q0",
                    "U5RA5G0AY",
                    "U9HKUSY7K",
                    "U93ET4RU4"
                ],
                "count": 4
            }
        ],
        "ts": "1523463731.000686"
    },
    {
        "type": "message",
        "user": "U02QSHX81",
        "text": "i like the message `...\/{run =&gt; dontrun_unless_you_have_very_reliable_network}`",
        "ts": "1523483658.000350"
    },
    {
        "type": "message",
        "user": "U030L14Q0",
        "text": "barterdex has not been working for me since the uuid change",
        "ts": "1523487539.000293"
    },
    {
        "type": "message",
        "user": "U030L14Q0",
        "text": "#cli",
        "ts": "1523487602.000135"
    },
    {
        "type": "message",
        "user": "U030L14Q0",
        "text": "i've never got past reserved",
        "ts": "1523487669.000372"
    },
    {
        "type": "message",
        "user": "U02QSHX81",
        "text": "```\n2 wait for bobdeposit bPjRJVmzEwB5hLnpnx4QoYPg3DS7My2T7k numconfs.3 SECRET 4f0a1c894229dcb7a7672ab64ea555ca854b90abe1e0ef168126e549709f6995\n1 wait for bobdeposit bTXjPe2qpAYEEkD5J8F1Gdr4nDU31NnhWJ numconfs.3 SECRET 4001f37df99e7a336e00a089f1879ce7a6905bfa72312f138959d5c43cd65df6\n0 wait for bobdeposit bWA68rXk8ejxYfymopAqnZB4phg5pnT1au numconfs.3 SECRET e8637d8370d66356f91805b2c9d6e530b1f434182f2b1e9ded1115920db58b75\n```\nThese 3 are my current pending swaps",
        "ts": "1523487726.000348"
    },
    {
        "type": "message",
        "user": "U02QSHX81",
        "text": "I don't see issues with swaps with the uuid change",
        "ts": "1523487772.000033"
    },
    {
        "type": "message",
        "user": "U030L14Q0",
        "text": "interesting, just reporting what i noticed\ntotal swap count is very low for the past 24 hours...",
        "ts": "1523487925.000365"
    },
    {
        "type": "message",
        "user": "U7B8VF6TB",
        "text": "with the latest UUID changes you’ll only be matched with other peers also running the latest UUID changes",
        "ts": "1523488870.000052"
    },
    {
        "type": "message",
        "user": "U7B8VF6TB",
        "text": "which may slightly reduce chances of matches until other peers update",
        "ts": "1523488888.000164"
    },
    {
        "type": "message",
        "user": "U7B8VF6TB",
        "text": "but this is a good thing",
        "ts": "1523488891.000246"
    },
    {
        "type": "message",
        "user": "U7B8VF6TB",
        "text": "if only one peer in the trade uses a UUID then the UUID is useless",
        "ts": "1523488912.000022"
    },
    {
        "type": "message",
        "user": "U8WFL9AMU",
        "text": "What are the benefits of the UUID change?",
        "client_msg_id": "a8b35d97-2e0a-4025-8075-1f79dd42c52f",
        "ts": "1523488933.000174"
    },
    {
        "type": "message",
        "user": "U7B8VF6TB",
        "text": "it allows people building GUI\/CLI BarterDEX clients to rely on the UUID to reliably track a swap",
        "edited": {
            "user": "U7B8VF6TB",
            "ts": "1523488951.000000"
        },
        "ts": "1523488942.000126",
        "reactions": [
            {
                "name": "100",
                "users": [
                    "U02QSHX81"
                ],
                "count": 1
            }
        ]
    },
    {
        "type": "message",
        "user": "U7B8VF6TB",
        "text": "the previous process involved hopping around different ids at different parts of the trade and was very complex and error prone",
        "edited": {
            "user": "U7B8VF6TB",
            "ts": "1523489088.000000"
        },
        "ts": "1523488980.000236"
    },
    {
        "type": "message",
        "user": "U7B8VF6TB",
        "text": "more info here: <https:\/\/github.com\/jl777\/SuperNET\/issues\/740>",
        "attachments": [
            {
                "service_name": "GitHub",
                "title": "Use UUIDs for swaps · Issue #740 · jl777\/SuperNET",
                "title_link": "https:\/\/github.com\/jl777\/SuperNET\/issues\/740",
                "text": "I think I came up with a much better solution for swap identification. Problem Currently, to correctly track a swap in a database and keep track of it’s progress via the socket messages you need to...",
                "fallback": "GitHub: Use UUIDs for swaps · Issue #740 · jl777\/SuperNET",
                "from_url": "https:\/\/github.com\/jl777\/SuperNET\/issues\/740",
                "thumb_url": "https:\/\/avatars2.githubusercontent.com\/u\/2123375?s=400&v=4",
                "thumb_width": 250,
                "thumb_height": 250,
                "service_icon": "https:\/\/a.slack-edge.com\/bfaba\/img\/unfurl_icons\/github.png",
                "id": 1
            }
        ],
        "ts": "1523488984.000086"
    },
    {
        "type": "message",
        "user": "U8WFL9AMU",
        "text": "Last question what's that acronym stand for.",
        "client_msg_id": "571389e2-c65c-4c59-a3f0-e43078555875",
        "ts": "1523488998.000102"
    },
    {
        "type": "message",
        "user": "U7B8VF6TB",
        "text": "I pushed for this, blame me if you’re angry :joy:",
        "ts": "1523489000.000109"
    },
    {
        "type": "message",
        "user": "U7B8VF6TB",
        "text": "universal unique identifier",
        "ts": "1523489010.000053"
    },
    {
        "type": "message",
        "user": "U8WFL9AMU",
        "text": "Alright thank you.",
        "client_msg_id": "0c2c69c4-43a3-433a-8633-cfdb48a8b2a5",
        "ts": "1523489018.000179"
    },
    {
        "type": "message",
        "user": "U7B8VF6TB",
        "text": "<https:\/\/en.wikipedia.org\/wiki\/Universally_unique_identifier>",
        "attachments": [
            {
                "title": "Universally unique identifier",
                "title_link": "https:\/\/en.wikipedia.org\/wiki\/Universally_unique_identifier",
                "author_name": "Wikipedia",
                "author_link": "https:\/\/en.wikipedia.org\/",
                "text": "A universally unique identifier (UUID) is a 128-bit number used to identify information in computer systems. The term globally unique identifier (GUID) is also used.\nWhen generated according to the standard methods, UUIDs are for practical purposes unique, without depending for their uniqueness on a central registration authority or coordination between the parties generating them, unlike most other numbering schemes. While the probability that a UUID will be duplicated is not zero, it is close enough to zero to be negligible.\nThus, anyone can create a UUID and use it to identify something with near certainty that the identifier does not duplicate one that has already been, or will be, created to identify something else. Information labeled with UUIDs by independent parties can therefore be later combined into a single database, or transmitted on the same channel, without needing to resolve conflicts between identifiers.\nAdoption of UUIDs and GUIDs is widespread, with many computing platforms providing support for generating them, and for parsing their textual representation.",
                "fallback": "wikipedia: Universally unique identifier",
                "service_icon": "https:\/\/a.slack-edge.com\/bfaba\/img\/unfurl_icons\/wikipedia.png",
                "id": 1
            }
        ],
        "ts": "1523489020.000135"
    },
    {
        "type": "message",
        "user": "U030L14Q0",
        "text": "i think the uuid was a great idea\nperhaps something else is causing issues\ni just know things haven't been the same since the change",
        "ts": "1523489727.000032"
    },
    {
        "type": "message",
        "user": "U5Z26MP60",
        "text": "Might take a few days for all bobs to update. There have been lots of people reporting issues last few days. I would just wait a little while. Maybe make your own bobs to swap withyourself and see if the issue is still there? Thats usually the best way to check it.",
        "ts": "1523497351.000165"
    },
    {
        "type": "message",
        "user": "U7B8VF6TB",
        "text": "<@U02LQ1WHQ> I know you love your tests, but is there any way you could try and use more descriptive commit messages",
        "ts": "1523499661.000004"
    },
    {
        "type": "message",
        "user": "U7B8VF6TB",
        "text": "```\ngit log | grep -i \"test\" | wc -l\n   15404\n```",
        "ts": "1523499667.000134"
    },
    {
        "type": "message",
        "user": "U7B8VF6TB",
        "text": "ಠ_ಠ",
        "ts": "1523499698.000193",
        "reactions": [
            {
                "name": "joy",
                "users": [
                    "U66SWTM47"
                ],
                "count": 1
            }
        ]
    },
    {
        "type": "message",
        "user": "U02LQ1WHQ",
        "text": "if all i am doing is testing a one line change i use \"test\"",
        "ts": "1523508562.000083"
    },
    {
        "type": "message",
        "user": "U02LQ1WHQ",
        "text": "i do comment when there is something significant",
        "ts": "1523508575.000043"
    },
    {
        "type": "message",
        "user": "U7B8VF6TB",
        "text": "ok",
        "ts": "1523509156.000149"
    },
    {
        "type": "message",
        "user": "U7B8VF6TB",
        "text": "but commenting what you are testing would be helpful",
        "ts": "1523509169.000062"
    },
    {
        "type": "message",
        "user": "U7B8VF6TB",
        "text": "e.g `Commening out deprecated order response property`",
        "ts": "1523509207.000141"
    },
    {
        "type": "message",
        "user": "U7B8VF6TB",
        "text": "then if my order commands were failing I can `git log` and it’ll be very clear what’s changed",
        "ts": "1523509226.000021"
    },
    {
        "type": "message",
        "user": "U7B8VF6TB",
        "text": "I’ve had issues before where I’ve tried to find what went wrong and it was very difficult",
        "ts": "1523509246.000066"
    },
    {
        "type": "message",
        "user": "U7B8VF6TB",
        "text": "I had to look through the code base, find files that looked relevant, `git blame` or view the commit history of each file",
        "ts": "1523509307.000041"
    },
    {
        "type": "message",
        "user": "U7B8VF6TB",
        "text": "descriptive commit messages would help a lot with other people debugging and understanding your code",
        "ts": "1523509343.000039"
    },
    {
        "type": "message",
        "user": "U02LQ1WHQ",
        "text": "i will try, but after long hours, i am not able to think of what to write. I do 100+ commits when I am debugging in a day",
        "ts": "1523511311.000178"
    },
    {
        "type": "message",
        "user": "U8WFL9AMU",
        "text": "I do 1-",
        "client_msg_id": "cf5a6972-94fa-4593-acdc-36f767423249",
        "ts": "1523511335.000221"
    },
    {
        "type": "message",
        "user": "U02LQ1WHQ",
        "text": "and if it is a one line change, it seems silly to just say what i changed, as the change log shows the change explicitly",
        "ts": "1523511369.000234"
    },
    {
        "type": "message",
        "user": "U02LQ1WHQ",
        "text": "it would slow me down by 2x to be adding descriptive comments",
        "ts": "1523511441.000128"
    },
    {
        "type": "message",
        "user": "U02LQ1WHQ",
        "text": "is it worth it?",
        "ts": "1523511456.000146"
    },
    {
        "type": "message",
        "user": "UA44AKBGR",
        "text": "well after updating to the most recent barterdex i was finally able to do my first swap last night :slightly_smiling_face:",
        "ts": "1523511849.000200",
        "reactions": [
            {
                "name": "+1",
                "users": [
                    "U0EGQUAPJ"
                ],
                "count": 1
            },
            {
                "name": "clap",
                "users": [
                    "U93ET4RU4"
                ],
                "count": 1
            }
        ]
    },
    {
        "type": "message",
        "user": "U8LL61DE1",
        "text": "I think `git squash` can help in this situation. Github can do squash automatically on PR merge. In this case you will need to create separate feature branch after every merge to `dev`.",
        "ts": "1523511956.000097"
    },
    {
        "type": "message",
        "user": "U8LL61DE1",
        "text": "So 100+ commits will be squashed to 1 with clear commit message.",
        "ts": "1523511999.000186"
    },
    {
        "type": "message",
        "user": "U02LQ1WHQ",
        "text": "I do make a descriptive commit message after I fix the bugs (sometimes when I start debugging)",
        "ts": "1523512960.000045"
    },
    {
        "type": "message",
        "user": "U7B8VF6TB",
        "text": "sure, just food for thought",
        "ts": "1523513627.000245"
    },
    {
        "type": "message",
        "user": "U7B8VF6TB",
        "text": "but maybe if you’re making hundreds of single line commits, they may make more sense in a single commit",
        "ts": "1523513669.000157"
    },
    {
        "type": "message",
        "user": "U7B8VF6TB",
        "text": "if they are related",
        "ts": "1523513676.000167"
    },
    {
        "type": "message",
        "user": "U7B8VF6TB",
        "text": "if not, then separate commits makes perfect sense",
        "ts": "1523513692.000195"
    },
    {
        "type": "message",
        "user": "U02LQ1WHQ",
        "text": "i make small changes, observe the result, iterate",
        "ts": "1523513907.000146"
    },
    {
        "type": "message",
        "user": "U02LQ1WHQ",
        "text": "sometimes i write a bunch of code, but mostly its just fiddling with one or two lines",
        "ts": "1523513926.000195"
    },
    {
        "type": "message",
        "user": "U02LQ1WHQ",
        "text": "and it is a serial process, cant put it all in one commit as usually the same code is made changes to, over and over",
        "ts": "1523513958.000209"
    },
    {
        "type": "message",
        "user": "U02LQ1WHQ",
        "text": "i think my coding style is not the normal one, so it doenst fit into the normal process",
        "ts": "1523513980.000269"
    },
    {
        "type": "message",
        "user": "U7B8VF6TB",
        "text": "&gt;cant put it all in one commit as usually the same code is made changes to, over and over\n\nit sounds like you’re using `git commit` as a replacement for Ctrl+S",
        "ts": "1523514049.000253"
    },
    {
        "type": "message",
        "user": "U7B8VF6TB",
        "text": "or `Esc:w`or `C-x C-s`",
        "ts": "1523514125.000359"
    },
    {
        "type": "message",
        "user": "U7B8VF6TB",
        "text": "no editor flamewar intended",
        "ts": "1523514134.000304"
    },
    {
        "type": "message",
        "user": "U8LL61DE1",
        "text": "The way to solve it:\n1. Create new branch from `dev` when new feature\/bug fix is required.\n2. Do 100+ commits in this branch.\n3. Make `merge and squash` on Github on PR to `dev`.\n4. Delete feature branch.",
        "ts": "1523514258.000216"
    },
    {
        "type": "message",
        "user": "U8LL61DE1",
        "text": "You will get 1 resulting commit in `dev` instead of 100+.",
        "edited": {
            "user": "U8LL61DE1",
            "ts": "1523514291.000000"
        },
        "ts": "1523514289.000176",
        "reactions": [
            {
                "name": "+1",
                "users": [
                    "U8NFS11R9"
                ],
                "count": 1
            }
        ]
    },
    {
        "type": "message",
        "user": "U02LQ1WHQ",
        "text": "but I do the test commits in jl777",
        "ts": "1523514303.000044"
    },
    {
        "type": "message",
        "user": "U8LL61DE1",
        "text": "Yes, it requires to change your common workflow.",
        "ts": "1523514324.000109"
    },
    {
        "type": "message",
        "user": "U8LL61DE1",
        "text": "I plan to use this approach for BarterDEX 2.0.",
        "ts": "1523514372.000143"
    },
    {
        "type": "message",
        "user": "U7B8VF6TB",
        "text": "That’s the approach I use",
        "ts": "1523514442.000247"
    },
    {
        "type": "message",
        "user": "U7B8VF6TB",
        "text": "and most other common OSS projects I contribute to",
        "edited": {
            "user": "U7B8VF6TB",
            "ts": "1523514615.000000"
        },
        "ts": "1523514451.000014"
    },
    {
        "type": "message",
        "user": "U7B8VF6TB",
        "text": "new branch for every single feature",
        "ts": "1523514457.000263"
    },
    {
        "type": "message",
        "user": "U7B8VF6TB",
        "text": "try and keep commits clean, but it doesn’t matter if they’re messy",
        "ts": "1523514474.000298"
    },
    {
        "type": "message",
        "user": "U7B8VF6TB",
        "text": "when the feature\/bugfix\/whatever is complete merge the entire branch into master\/dev whatever as a single commit with a descriptive name",
        "ts": "1523514505.000019"
    },
    {
        "type": "message",
        "user": "U7B8VF6TB",
        "text": "that way your entire commit history is a list of descriptive single atomic updates to your codebase",
        "ts": "1523514529.000297"
    },
    {
        "type": "message",
        "user": "U7B8VF6TB",
        "text": "if you make use of GitHub PRs it’s even better, because you’ll only have one commit in your master\/dev branch, but it will link to the PR which contains multiple descriptive commits and discussions regarding the changes",
        "edited": {
            "user": "U7B8VF6TB",
            "ts": "1523514589.000000"
        },
        "ts": "1523514576.000128"
    },
    {
        "type": "message",
        "user": "U7B8VF6TB",
        "text": "also means you can be working on two completely isolated features at the same time without conflict",
        "ts": "1523514658.000221"
    },
    {
        "type": "message",
        "user": "U7B8VF6TB",
        "text": "doesn’t matter what your coding style is, this method will work",
        "ts": "1523514672.000229"
    },
    {
        "type": "message",
        "user": "U7B8VF6TB",
        "text": "and even if you don’t see the point personally, it will massively help other developers understand your codebase",
        "ts": "1523514707.000153"
    },
    {
        "type": "message",
        "user": "U02LQ1WHQ",
        "text": "what if I am working on dozens of different things at a time?",
        "ts": "1523514739.000047"
    },
    {
        "type": "message",
        "user": "U02LQ1WHQ",
        "text": "i need to have dozens of different branches? the likelihood of messing up the git reaches 100%",
        "ts": "1523514778.000220"
    },
    {
        "type": "message",
        "user": "U7B8VF6TB",
        "text": "No, it actually helps you reduce errors",
        "ts": "1523514789.000275"
    },
    {
        "type": "message",
        "user": "U02LQ1WHQ",
        "text": "i will leave the organized coding to artem",
        "ts": "1523514790.000055",
        "reactions": [
            {
                "name": "trollface",
                "users": [
                    "U6U67BH37"
                ],
                "count": 1
            }
        ]
    },
    {
        "type": "message",
        "user": "U7B8VF6TB",
        "text": "but sure",
        "ts": "1523514796.000213"
    },
    {
        "type": "message",
        "user": "U7B8VF6TB",
        "text": "whatever works for you I guess",
        "ts": "1523514805.000255"
    },
    {
        "type": "message",
        "user": "U8LL61DE1",
        "text": "You can adapt this approach easily, it's not mandatory to have new branch for every single commit. You can put bigger message on squash, like \"I did this, this and this\", it will look much better than many `test` commits.",
        "ts": "1523514969.000272"
    }
]