[
    {
        "text": "That moment when you attempt to dump 1100 COQUI and end up spending 1100 KMD because you had your base and rel reversed:\n<http:\/\/2.bp.blogspot.com\/-yCLf8Ctafrs\/T7643gYitiI\/AAAAAAAAAMg\/RvpBUhjiuFA\/s1600\/stupid_head.jpg>",
        "username": "[discord] <ComputerGenie>",
        "icons": {
            "image_48": "https:\/\/slack-files2.s3-us-west-2.amazonaws.com\/bot_icons\/2018-06-18\/384502037558_48.png"
        },
        "bot_id": "BB46XBDAM",
        "attachments": [
            {
                "callback_id": "matterbridge_bci4l7bovtqcdgq1sf50",
                "id": 1
            },
            {
                "fallback": "300x225px image",
                "image_url": "http:\/\/2.bp.blogspot.com\/-yCLf8Ctafrs\/T7643gYitiI\/AAAAAAAAAMg\/RvpBUhjiuFA\/s1600\/stupid_head.jpg",
                "image_width": 300,
                "image_height": 225,
                "image_bytes": 11954,
                "from_url": "http:\/\/2.bp.blogspot.com\/-yCLf8Ctafrs\/T7643gYitiI\/AAAAAAAAAMg\/RvpBUhjiuFA\/s1600\/stupid_head.jpg",
                "id": 2,
                "original_url": "http:\/\/2.bp.blogspot.com\/-yCLf8Ctafrs\/T7643gYitiI\/AAAAAAAAAMg\/RvpBUhjiuFA\/s1600\/stupid_head.jpg"
            }
        ],
        "type": "message",
        "subtype": "bot_message",
        "ts": "1529578679.000491"
    },
    {
        "type": "message",
        "user": "U5VUWSR0D",
        "text": "<@U41M5AAJW> \tCOQUI\/KMD\t8059\t1100\nwow",
        "client_msg_id": "03ef0a29-5adf-4713-8228-159a5ffe581c",
        "ts": "1529578900.000250"
    },
    {
        "type": "message",
        "user": "U41M5AAJW",
        "text": "Haha... computergenie has been dumping coqui for quite a while, it was time to pay back :joy: ",
        "client_msg_id": "86f1aad8-b280-4daa-aa0b-9fa29d616cde",
        "ts": "1529578997.000167"
    },
    {
        "text": "actually I've only sold like a total of 400 because your LPs act like they hate me :stuck_out_tongue:",
        "username": "[discord] <ComputerGenie>",
        "icons": {
            "image_48": "https:\/\/slack-files2.s3-us-west-2.amazonaws.com\/bot_icons\/2018-06-18\/384502037558_48.png"
        },
        "bot_id": "BB46XBDAM",
        "attachments": [
            {
                "callback_id": "matterbridge_bci4l7bovtqcdgq1sf50",
                "id": 1
            }
        ],
        "type": "message",
        "subtype": "bot_message",
        "ts": "1529579088.000226"
    },
    {
        "text": "on the + side, I bought that KMD at 27 so it was like 1\/2 price COQUI :thinking_face:",
        "username": "[discord] <ComputerGenie>",
        "icons": {
            "image_48": "https:\/\/slack-files2.s3-us-west-2.amazonaws.com\/bot_icons\/2018-06-18\/384502037558_48.png"
        },
        "bot_id": "BB46XBDAM",
        "attachments": [
            {
                "callback_id": "matterbridge_bci4l7bovtqcdgq1sf50",
                "id": 1
            }
        ],
        "type": "message",
        "subtype": "bot_message",
        "ts": "1529579235.000248"
    },
    {
        "type": "message",
        "user": "U41M5AAJW",
        "text": "Maybe because youve been spamming it for a while?",
        "client_msg_id": "46afe026-e212-4117-8866-13d240d34b6b",
        "ts": "1529579237.000493"
    },
    {
        "type": "message",
        "user": "U41M5AAJW",
        "text": ":trollface: ",
        "client_msg_id": "00e4272c-547b-45ed-aaa3-70dd22416c78",
        "ts": "1529579240.000008"
    },
    {
        "text": "not sure that trying to place a valid order counts as \"spamming\"...",
        "username": "[discord] <ComputerGenie>",
        "icons": {
            "image_48": "https:\/\/slack-files2.s3-us-west-2.amazonaws.com\/bot_icons\/2018-06-18\/384502037558_48.png"
        },
        "bot_id": "BB46XBDAM",
        "attachments": [
            {
                "callback_id": "matterbridge_bci4l7bovtqcdgq1sf50",
                "id": 1
            }
        ],
        "type": "message",
        "subtype": "bot_message",
        "ts": "1529579273.000450"
    },
    {
        "text": "and even if you count it as \"spamming\", there's still the fact that it lacks liquidity to the point that one has to \"spam\" it for 2 months in order to sell 400 :face_palm:",
        "username": "[discord] <ComputerGenie>",
        "icons": {
            "image_48": "https:\/\/slack-files2.s3-us-west-2.amazonaws.com\/bot_icons\/2018-06-18\/384502037558_48.png"
        },
        "bot_id": "BB46XBDAM",
        "attachments": [
            {
                "callback_id": "matterbridge_bci4l7bovtqcdgq1sf50",
                "id": 1
            }
        ],
        "type": "message",
        "subtype": "bot_message",
        "ts": "1529580071.000092"
    },
    {
        "text": "Intensive testing I would call it. You might have done up 20% of all atomic swaps.",
        "username": "[discord] <CHMEX>",
        "bot_id": "BB46XBDAM",
        "attachments": [
            {
                "callback_id": "matterbridge_bci4l7bovtqcdgq1sf50",
                "id": 1
            }
        ],
        "type": "message",
        "subtype": "bot_message",
        "ts": "1529580343.000085"
    },
    {
        "text": "if 6-10 swaps a week is 20%, then we're in trouble :\/",
        "username": "[discord] <ComputerGenie>",
        "icons": {
            "image_48": "https:\/\/slack-files2.s3-us-west-2.amazonaws.com\/bot_icons\/2018-06-18\/384502037558_48.png"
        },
        "bot_id": "BB46XBDAM",
        "attachments": [
            {
                "callback_id": "matterbridge_bci4l7bovtqcdgq1sf50",
                "id": 1
            }
        ],
        "type": "message",
        "subtype": "bot_message",
        "ts": "1529580419.000112"
    },
    {
        "text": "So that supernet 'selloff' with 0.001 supernet was not the chickenhawk?",
        "username": "[discord] <CHMEX>",
        "bot_id": "BB46XBDAM",
        "attachments": [
            {
                "callback_id": "matterbridge_bci4l7bovtqcdgq1sf50",
                "id": 1
            }
        ],
        "type": "message",
        "subtype": "bot_message",
        "ts": "1529580578.000442"
    },
    {
        "text": "no, my formula is ((max * 0.437) * 0.98)",
        "username": "[discord] <ComputerGenie>",
        "icons": {
            "image_48": "https:\/\/slack-files2.s3-us-west-2.amazonaws.com\/bot_icons\/2018-06-18\/384502037558_48.png"
        },
        "bot_id": "BB46XBDAM",
        "attachments": [
            {
                "callback_id": "matterbridge_bci4l7bovtqcdgq1sf50",
                "id": 1
            }
        ],
        "type": "message",
        "subtype": "bot_message",
        "ts": "1529580629.000180"
    },
    {
        "text": "Hmmm intressting might somebody else than.",
        "username": "[discord] <CHMEX>",
        "bot_id": "BB46XBDAM",
        "attachments": [
            {
                "callback_id": "matterbridge_bci4l7bovtqcdgq1sf50",
                "id": 1
            }
        ],
        "type": "message",
        "subtype": "bot_message",
        "ts": "1529580696.000085"
    },
    {
        "text": "Its not like all markets are shit right now",
        "username": "[matrix] <siu:matrix.org>",
        "bot_id": "BB46XBDAM",
        "attachments": [
            {
                "callback_id": "matterbridge_bci4l7bovtqcdgq1sf50",
                "id": 1
            }
        ],
        "type": "message",
        "subtype": "bot_message",
        "ts": "1529581745.000119"
    },
    {
        "text": "I'm not saying all markets are shit; I'm saying that if your LP isn't working, then you shouldn't say that someone is \"spamming\" your LP when they are placing legit orders that your LP seems to ignore",
        "username": "[discord] <ComputerGenie>",
        "icons": {
            "image_48": "https:\/\/slack-files2.s3-us-west-2.amazonaws.com\/bot_icons\/2018-06-18\/384502037558_48.png"
        },
        "bot_id": "BB46XBDAM",
        "attachments": [
            {
                "callback_id": "matterbridge_bci4l7bovtqcdgq1sf50",
                "id": 1
            }
        ],
        "type": "message",
        "subtype": "bot_message",
        "ts": "1529583653.000461"
    },
    {
        "type": "message",
        "user": "U41M5AAJW",
        "text": "take it easy bro. Why my nodes would be bad?  i restarted them about 2 days ago. Dont think there is an issue",
        "client_msg_id": "33bafe53-a7f5-4154-b479-095df12dce06",
        "ts": "1529584981.000372"
    },
    {
        "type": "message",
        "user": "U41M5AAJW",
        "text": "there are not much kmd in there though",
        "client_msg_id": "7d3115f9-2a18-400c-a055-f0822483bf09",
        "ts": "1529584990.000171"
    },
    {
        "type": "message",
        "user": "U41M5AAJW",
        "text": "and most are scattered in very tiny utxos",
        "client_msg_id": "f2b1bca4-725f-42b7-9b1f-f738fbd638ce",
        "ts": "1529585009.000038"
    },
    {
        "text": "I've even went as low as avg * 0.10 and still no go",
        "username": "[discord] <ComputerGenie>",
        "icons": {
            "image_48": "https:\/\/slack-files2.s3-us-west-2.amazonaws.com\/bot_icons\/2018-06-18\/384502037558_48.png"
        },
        "bot_id": "BB46XBDAM",
        "attachments": [
            {
                "callback_id": "matterbridge_bci4l7bovtqcdgq1sf50",
                "id": 1
            }
        ],
        "type": "message",
        "subtype": "bot_message",
        "ts": "1529585098.000123"
    },
    {
        "text": "<@U41M5AAJW> how many you have put on sale btw ? :thinking_face:",
        "username": "[discord] <grewalsatinder>",
        "icons": {
            "image_48": "https:\/\/slack-files2.s3-us-west-2.amazonaws.com\/bot_icons\/2018-06-13\/380186066400_48.png"
        },
        "bot_id": "BB46XBDAM",
        "attachments": [
            {
                "callback_id": "matterbridge_bci4l7bovtqcdgq1sf50",
                "id": 1
            }
        ],
        "type": "message",
        "subtype": "bot_message",
        "ts": "1529585217.000042"
    },
    {
        "text": "if a lot, then probably make some big UTXOs too? :thinking_face:",
        "username": "[discord] <grewalsatinder>",
        "icons": {
            "image_48": "https:\/\/slack-files2.s3-us-west-2.amazonaws.com\/bot_icons\/2018-06-13\/380186066400_48.png"
        },
        "bot_id": "BB46XBDAM",
        "attachments": [
            {
                "callback_id": "matterbridge_bci4l7bovtqcdgq1sf50",
                "id": 1
            }
        ],
        "type": "message",
        "subtype": "bot_message",
        "ts": "1529585217.000149"
    },
    {
        "text": "the kmd that are available in the nodes are the ones from the stress test some months ago",
        "username": "[discord] <siu>",
        "bot_id": "BB46XBDAM",
        "attachments": [
            {
                "callback_id": "matterbridge_bci4l7bovtqcdgq1sf50",
                "id": 1
            }
        ],
        "type": "message",
        "subtype": "bot_message",
        "ts": "1529585250.000279"
    },
    {
        "text": "i have never reorganized the utxos",
        "username": "[discord] <siu>",
        "bot_id": "BB46XBDAM",
        "attachments": [
            {
                "callback_id": "matterbridge_bci4l7bovtqcdgq1sf50",
                "id": 1
            }
        ],
        "type": "message",
        "subtype": "bot_message",
        "ts": "1529585261.000536"
    },
    {
        "text": "the problem seems to be on the KMD side (given how fast the 2 buy COQUI orders went through)",
        "username": "[discord] <ComputerGenie>",
        "icons": {
            "image_48": "https:\/\/slack-files2.s3-us-west-2.amazonaws.com\/bot_icons\/2018-06-18\/384502037558_48.png"
        },
        "bot_id": "BB46XBDAM",
        "attachments": [
            {
                "callback_id": "matterbridge_bci4l7bovtqcdgq1sf50",
                "id": 1
            }
        ],
        "type": "message",
        "subtype": "bot_message",
        "ts": "1529585263.000286"
    },
    {
        "text": "many of them are very small, like 0.01 or even 0.001",
        "username": "[discord] <siu>",
        "bot_id": "BB46XBDAM",
        "attachments": [
            {
                "callback_id": "matterbridge_bci4l7bovtqcdgq1sf50",
                "id": 1
            }
        ],
        "type": "message",
        "subtype": "bot_message",
        "ts": "1529585273.000371"
    },
    {
        "text": "hmm...",
        "username": "[discord] <grewalsatinder>",
        "icons": {
            "image_48": "https:\/\/slack-files2.s3-us-west-2.amazonaws.com\/bot_icons\/2018-06-13\/380186066400_48.png"
        },
        "bot_id": "BB46XBDAM",
        "attachments": [
            {
                "callback_id": "matterbridge_bci4l7bovtqcdgq1sf50",
                "id": 1
            }
        ],
        "type": "message",
        "subtype": "bot_message",
        "ts": "1529585284.000323"
    },
    {
        "text": "there are plenty of COQUI though",
        "username": "[discord] <siu>",
        "bot_id": "BB46XBDAM",
        "attachments": [
            {
                "callback_id": "matterbridge_bci4l7bovtqcdgq1sf50",
                "id": 1
            }
        ],
        "type": "message",
        "subtype": "bot_message",
        "ts": "1529585287.000538"
    },
    {
        "text": "so I saw :stuck_out_tongue:",
        "username": "[discord] <ComputerGenie>",
        "icons": {
            "image_48": "https:\/\/slack-files2.s3-us-west-2.amazonaws.com\/bot_icons\/2018-06-18\/384502037558_48.png"
        },
        "bot_id": "BB46XBDAM",
        "attachments": [
            {
                "callback_id": "matterbridge_bci4l7bovtqcdgq1sf50",
                "id": 1
            }
        ],
        "type": "message",
        "subtype": "bot_message",
        "ts": "1529585297.000250"
    },
    {
        "text": "anyway, I haven't checked, but is VRSC listing on BarterDEX? :wink:",
        "username": "[discord] <grewalsatinder>",
        "icons": {
            "image_48": "https:\/\/slack-files2.s3-us-west-2.amazonaws.com\/bot_icons\/2018-06-13\/380186066400_48.png"
        },
        "bot_id": "BB46XBDAM",
        "attachments": [
            {
                "callback_id": "matterbridge_bci4l7bovtqcdgq1sf50",
                "id": 1
            }
        ],
        "type": "message",
        "subtype": "bot_message",
        "ts": "1529585328.000309"
    },
    {
        "text": "means the orders are there ?",
        "username": "[discord] <grewalsatinder>",
        "icons": {
            "image_48": "https:\/\/slack-files2.s3-us-west-2.amazonaws.com\/bot_icons\/2018-06-13\/380186066400_48.png"
        },
        "bot_id": "BB46XBDAM",
        "attachments": [
            {
                "callback_id": "matterbridge_bci4l7bovtqcdgq1sf50",
                "id": 1
            }
        ],
        "type": "message",
        "subtype": "bot_message",
        "ts": "1529585334.000521"
    },
    {
        "text": "thats what i said was going to be done since ever... the funds from the stress test will be there as liquidty",
        "username": "[discord] <siu>",
        "bot_id": "BB46XBDAM",
        "attachments": [
            {
                "callback_id": "matterbridge_bci4l7bovtqcdgq1sf50",
                "id": 1
            }
        ],
        "type": "message",
        "subtype": "bot_message",
        "ts": "1529585338.000122"
    },
    {
        "text": "sadly must are gone now :p",
        "username": "[discord] <siu>",
        "bot_id": "BB46XBDAM",
        "attachments": [
            {
                "callback_id": "matterbridge_bci4l7bovtqcdgq1sf50",
                "id": 1
            }
        ],
        "type": "message",
        "subtype": "bot_message",
        "ts": "1529585352.000618"
    },
    {
        "text": "even after the price rose to 0.25 cents",
        "username": "[discord] <siu>",
        "bot_id": "BB46XBDAM",
        "attachments": [
            {
                "callback_id": "matterbridge_bci4l7bovtqcdgq1sf50",
                "id": 1
            }
        ],
        "type": "message",
        "subtype": "bot_message",
        "ts": "1529585364.000662"
    },
    {
        "text": "40 mini trades a month isn't much L coming from your P  :stuck_out_tongue_winking_eye:",
        "username": "[discord] <ComputerGenie>",
        "icons": {
            "image_48": "https:\/\/slack-files2.s3-us-west-2.amazonaws.com\/bot_icons\/2018-06-18\/384502037558_48.png"
        },
        "bot_id": "BB46XBDAM",
        "attachments": [
            {
                "callback_id": "matterbridge_bci4l7bovtqcdgq1sf50",
                "id": 1
            }
        ],
        "type": "message",
        "subtype": "bot_message",
        "ts": "1529585416.000381"
    },
    {
        "text": "on the bright side, today is the highest COQUI volume in like \"forever\" :nerd_face:",
        "username": "[discord] <ComputerGenie>",
        "icons": {
            "image_48": "https:\/\/slack-files2.s3-us-west-2.amazonaws.com\/bot_icons\/2018-06-18\/384502037558_48.png"
        },
        "bot_id": "BB46XBDAM",
        "attachments": [
            {
                "callback_id": "matterbridge_bci4l7bovtqcdgq1sf50",
                "id": 1
            }
        ],
        "type": "message",
        "subtype": "bot_message",
        "ts": "1529585511.000117"
    },
    {
        "text": "not more than stress test day",
        "username": "[discord] <siu>",
        "bot_id": "BB46XBDAM",
        "attachments": [
            {
                "callback_id": "matterbridge_bci4l7bovtqcdgq1sf50",
                "id": 1
            }
        ],
        "type": "message",
        "subtype": "bot_message",
        "ts": "1529585643.000118"
    },
    {
        "text": "but yeah... it seems like coqui is taking life of its own",
        "username": "[discord] <siu>",
        "bot_id": "BB46XBDAM",
        "attachments": [
            {
                "callback_id": "matterbridge_bci4l7bovtqcdgq1sf50",
                "id": 1
            }
        ],
        "type": "message",
        "subtype": "bot_message",
        "ts": "1529585653.000192"
    },
    {
        "text": "hence the quotes :stuck_out_tongue:",
        "username": "[discord] <ComputerGenie>",
        "icons": {
            "image_48": "https:\/\/slack-files2.s3-us-west-2.amazonaws.com\/bot_icons\/2018-06-18\/384502037558_48.png"
        },
        "bot_id": "BB46XBDAM",
        "attachments": [
            {
                "callback_id": "matterbridge_bci4l7bovtqcdgq1sf50",
                "id": 1
            }
        ],
        "type": "message",
        "subtype": "bot_message",
        "ts": "1529585656.000581"
    },
    {
        "text": "even if it is by accident",
        "username": "[discord] <siu>",
        "bot_id": "BB46XBDAM",
        "attachments": [
            {
                "callback_id": "matterbridge_bci4l7bovtqcdgq1sf50",
                "id": 1
            }
        ],
        "type": "message",
        "subtype": "bot_message",
        "ts": "1529585662.000095"
    },
    {
        "text": "hey",
        "username": "[discord] <fabiorod>",
        "icons": {
            "image_48": "https:\/\/slack-files2.s3-us-west-2.amazonaws.com\/bot_icons\/2018-06-21\/385133222368_48.png"
        },
        "bot_id": "BB46XBDAM",
        "attachments": [
            {
                "callback_id": "matterbridge_bci4l7bovtqcdgq1sf50",
                "id": 1
            }
        ],
        "type": "message",
        "subtype": "bot_message",
        "ts": "1529603844.000115"
    },
    {
        "text": "is it possible to add coins on your exchange?",
        "username": "[discord] <fabiorod>",
        "icons": {
            "image_48": "https:\/\/slack-files2.s3-us-west-2.amazonaws.com\/bot_icons\/2018-06-21\/385133222368_48.png"
        },
        "bot_id": "BB46XBDAM",
        "attachments": [
            {
                "callback_id": "matterbridge_bci4l7bovtqcdgq1sf50",
                "id": 1
            }
        ],
        "type": "message",
        "subtype": "bot_message",
        "ts": "1529603859.000118"
    },
    {
        "text": "yes",
        "username": "[discord] <ComputerGenie>",
        "icons": {
            "image_48": "https:\/\/slack-files2.s3-us-west-2.amazonaws.com\/bot_icons\/2018-06-18\/384502037558_48.png"
        },
        "bot_id": "BB46XBDAM",
        "attachments": [
            {
                "callback_id": "matterbridge_bci4l7bovtqcdgq1sf50",
                "id": 1
            }
        ],
        "type": "message",
        "subtype": "bot_message",
        "ts": "1529603872.000060"
    },
    {
        "text": "&lt;@320687103144886272&gt;   Please write to our support desk we will help  to process the coin addition \n<mailto:support@komodoplatform.com|support@komodoplatform.com>",
        "username": "[discord] <Nabob>",
        "bot_id": "BB46XBDAM",
        "attachments": [
            {
                "callback_id": "matterbridge_bci4l7bovtqcdgq1sf50",
                "id": 1
            }
        ],
        "type": "message",
        "subtype": "bot_message",
        "ts": "1529604016.000826"
    },
    {
        "text": "We need to discuss how we are going to get more bobs\/liquidity or how we can provide a incentive to do it.",
        "username": "[discord] <Steve666>",
        "bot_id": "BB46XBDAM",
        "attachments": [
            {
                "callback_id": "matterbridge_bci4l7bovtqcdgq1sf50",
                "id": 1
            }
        ],
        "type": "message",
        "subtype": "bot_message",
        "ts": "1529621690.000019"
    },
    {
        "text": "GUIs are useless with nothing to trade against",
        "username": "[discord] <Steve666>",
        "bot_id": "BB46XBDAM",
        "attachments": [
            {
                "callback_id": "matterbridge_bci4l7bovtqcdgq1sf50",
                "id": 1
            }
        ],
        "type": "message",
        "subtype": "bot_message",
        "ts": "1529621707.000429"
    },
    {
        "type": "message",
        "user": "U33CGLNNR",
        "text": "I think that hyperDex should create a Bob interface to increase Liquidity ",
        "client_msg_id": "82559620-7f7f-4ba5-b1b0-bf07eb5a2e3e",
        "ts": "1529621988.000030"
    },
    {
        "text": "Storm (STORM) swapped on BarterDEX\n```\nSWAP completed! 2463835040-2290425302 {\"uuid\":\"5602a1a073edb2ed5aeca948ee4cea84b7808836b77a208cc73a797559fad569\",\"expiration\":1529638123,\"tradeid\":0,\"requestid\":2463835040,\"quoteid\":2290425302,\"iambob\":1,\"Bgui\":\"nogui\",\"Agui\":\"\",\"gui\":\"nogui\",\"bob\":\"STORM\",\"bobtomic\":\"0xd0a4b8946cb52f0661273bfbc6fd0e0c75fc6433\",\"etomicsrc\":\"0x4e623b150b847da59f064f7c7fcc9f787dae2229\",\"srcamount\":0.75149664,\"bobtxfee\":0.00001000,\"alice\":\"KMD\",\"etomicdest\":\"0xdf38dd108bab50da564092ad0cd739c4634d963c\",\"destamount\":0.08009000,\"alicetxfee\":0.00001000,\"aliceid\":\"7482385559396483073\",\"sentflags\":[\"alicespend\", \"bobspend\", \"bobpayment\", \"alicepayment\", \"bobdeposit\", \"bobrefund\"],\"values\":[1.00000999, 0.08010000, 1.00002000, 0.08011000, 1.12502000, 0, 0, 1.12500999, 0, 0, 0],\"result\":\"success\",\"status\":\"finished\",\"finishtime\":1529623015,\"bobdeposit\":\"4fbdeb5594dfa13f402516c280ac419f2dbdef20e0659e229ef1f9450f7c732b\",\"alicepayment\":\"9c34ea142f7261685e03c42257f1183e82d725dc77af660a96591465c3e5a73a\",\"bobpayment\":\"97c04c8530577e91075dd11c3525507a4fc6c12a0c2ff22490b2f9c04f4d9cd1\",\"paymentspent\":\"0dfa1846967fd92463b07309f9237af1ca159aed9abe1014b428154de07642df\",\"Apaymentspent\":\"bd8d7874a9f3475d1fb994f55a5fbf3d8d5e020b312820d40651fb602b1314a3\",\"depositspent\":\"6abba08d065f917dc9237b64d845002b213572b68ac95ed2244a64a4c555c412\",\"method\":\"tradestatus\",\"finishtime\":1529623015}\n```\nbobdeposit <https:\/\/etherscan.io\/tx\/0xae9450cb516a7b2d3a694677a5e9a9996540e4d2b49df074886e523a6414b937>\nalicepayment <https:\/\/kmdexplorer.ru\/tx\/9c34ea142f7261685e03c42257f1183e82d725dc77af660a96591465c3e5a73a>\nbobpayment <https:\/\/etherscan.io\/tx\/0x7a5640b45b3c59ca1dea67cfa1ab85d37b42586f330827b8d15dd7138cd668ff>",
        "username": "[matrix] <cipig:matrix.org>",
        "bot_id": "BB46XBDAM",
        "attachments": [
            {
                "callback_id": "matterbridge_bci4l7bovtqcdgq1sf50",
                "id": 1
            }
        ],
        "type": "message",
        "subtype": "bot_message",
        "ts": "1529623194.000150"
    },
    {
        "text": "<https:\/\/github.com\/jl777\/coins\/pull\/92>",
        "username": "[matrix] <cipig:matrix.org>",
        "bot_id": "BB46XBDAM",
        "attachments": [
            {
                "callback_id": "matterbridge_bci4l7bovtqcdgq1sf50",
                "id": 1
            }
        ],
        "type": "message",
        "subtype": "bot_message",
        "ts": "1529623449.000186"
    },
    {
        "text": "@PTYX We will see, it is something we have discussed",
        "username": "[discord] <Steve666>",
        "bot_id": "BB46XBDAM",
        "attachments": [
            {
                "callback_id": "matterbridge_bci4l7bovtqcdgq1sf50",
                "id": 1
            }
        ],
        "type": "message",
        "subtype": "bot_message",
        "ts": "1529624260.000249"
    },
    {
        "text": "we could make a requirement: new coins are only added when the requester is running a bob providing liquidity for \"his\" coin",
        "username": "[matrix] <cipig:matrix.org>",
        "bot_id": "BB46XBDAM",
        "attachments": [
            {
                "callback_id": "matterbridge_bci4l7bovtqcdgq1sf50",
                "id": 1
            }
        ],
        "type": "message",
        "subtype": "bot_message",
        "ts": "1529626112.000125"
    },
    {
        "text": "Revain (R) swapped on BarterDEX\n```\nSWAP completed! 2728546843-2156992361 {\"uuid\":\"e5d6b43cbc10e092fb58336038653d8ed8fe2f9155f2b76cc9062f99d179c8a4\",\"expiration\":1529642059,\"tradeid\":0,\"requestid\":2728546843,\"quoteid\":2156992361,\"iambob\":1,\"Bgui\":\"nogui\",\"Agui\":\"\",\"gui\":\"nogui\",\"bob\":\"R\",\"bobtomic\":\"0x48f775efbe4f5ece6e0df2f7b5932df56823b990\",\"etomicsrc\":\"0x4e623b150b847da59f064f7c7fcc9f787dae2229\",\"srcamount\":8.53269000,\"bobtxfee\":0.00001000,\"alice\":\"KMD\",\"etomicdest\":\"0xdf38dd108bab50da564092ad0cd739c4634d963c\",\"destamount\":10.00009000,\"alicetxfee\":0.00001000,\"aliceid\":\"11504297191605600257\",\"sentflags\":[\"alicespend\", \"bobspend\", \"bobpayment\", \"alicepayment\", \"bobdeposit\", \"bobrefund\"],\"values\":[1.00000999, 10.00009999, 1.00002000, 10.00011000, 1.12502000, 0, 0, 1.12500999, 0, 0, 0],\"result\":\"success\",\"status\":\"finished\",\"finishtime\":1529626850,\"bobdeposit\":\"7c6b409b9eb1bad93e56aa7073b206350352f4a4b6424861462fb81f2ba4931c\",\"alicepayment\":\"c525d92a060400d4bb39a37fe71385e6f4e51c3b1fe393b67466d3f8ea4f1ef1\",\"bobpayment\":\"893605538c68f3220f74c1050a92d1fc66403619376ff68e7d7391701d308f81\",\"paymentspent\":\"f2b2501d5b51d7dab34da079b86bc96180386478778f618c4709b500961eac94\",\"Apaymentspent\":\"ed53fa56fc360d46e6f91b4e8ca8ed34bb49a334aed26bd2907fbecff11a28c0\",\"depositspent\":\"483e02968696d0160b0d05030950c5bdd9108300c5bbfd8a35cd333a1040e9dd\",\"method\":\"tradestatus\",\"finishtime\":1529626850}\n```\nbobdeposit <https:\/\/etherscan.io\/tx\/0x320d8a9b0e99cc642e3a803f178c83f8b458bea1c362c23af03706627d7d3edd>\nalicepayment <https:\/\/kmdexplorer.ru\/tx\/c525d92a060400d4bb39a37fe71385e6f4e51c3b1fe393b67466d3f8ea4f1ef1>\nbobpayment <https:\/\/etherscan.io\/tx\/0xea59b4ad52145bd703ba7dc5a65417f584a287703df3092f225f5a204c3653c5>\n",
        "username": "[matrix] <cipig:matrix.org>",
        "bot_id": "BB46XBDAM",
        "attachments": [
            {
                "callback_id": "matterbridge_bci4l7bovtqcdgq1sf50",
                "id": 1
            }
        ],
        "type": "message",
        "subtype": "bot_message",
        "ts": "1529626961.000166"
    },
    {
        "text": "<https:\/\/github.com\/jl777\/coins\/pull\/93>",
        "username": "[matrix] <cipig:matrix.org>",
        "bot_id": "BB46XBDAM",
        "attachments": [
            {
                "callback_id": "matterbridge_bci4l7bovtqcdgq1sf50",
                "id": 1
            }
        ],
        "type": "message",
        "subtype": "bot_message",
        "ts": "1529627198.000283"
    },
    {
        "text": "@SHossain  can we pls add the  userpass\/passphrase  sections from <https:\/\/github.com\/KomodoPlatform\/KomodoPlatform\/wiki\/Installing-and-Using-Komodo-Platform-(barterDEX)>  to the guide at <https:\/\/github.com\/KomodoPlatform\/KomodoPlatform\/wiki\/Setting-up-Full-Relay-(FR)-Node-for-BarterDEX> ?",
        "username": "[discord] <smk762>",
        "bot_id": "BB46XBDAM",
        "attachments": [
            {
                "callback_id": "matterbridge_bci4l7bovtqcdgq1sf50",
                "id": 1
            }
        ],
        "type": "message",
        "subtype": "bot_message",
        "ts": "1529645081.000183"
    }
]