[
    {
        "type": "message",
        "user": "U6MTBP2QK",
        "text": "The ugly fix for satinder's GUI (to get dev branch of mm and v0.8 working together) is to change `BarterDEX\/gui\/js\/ipc-actions.js` `Line:580` from:\n```\tvar ajax_data = {\"userpass\":userpass,\"method\":\"enable\",\"coin\":\"\"};```\nto\n```\tvar ajax_data = {\"userpass\":userpass,\"method\":\"passphrase\",\"passphrase\":\"default\",\"gui\":\"simplegui\"};```\nThis may, or may not, be the proper fix for his code; however, it is a seemingly good workaround\n<@U02QSHX81>",
        "edited": {
            "user": "U6MTBP2QK",
            "ts": "1518948367.000000"
        },
        "ts": "1518947322.000046"
    },
    {
        "type": "message",
        "user": "U8PSN887R",
        "text": "I seem to have spend all my BEER. Is it possible to have another serving? If yes -&gt; RKeR4RQvX7gUvNi5evL8R4hpC9DZoKhWK6",
        "ts": "1518948241.000051"
    },
    {
        "type": "message",
        "user": "U02LQ1WHQ",
        "text": "<@U6U67BH37> thanks for the pull request (and the detection, fixing, etc.) for the network sync error. we had seen some mysterious behaviors but would never had guessed it was deep inside zcash! send me your KMD address for a tip",
        "ts": "1518948699.000003",
        "reactions": [
            {
                "name": "heart",
                "users": [
                    "U6U67BH37"
                ],
                "count": 1
            }
        ]
    },
    {
        "type": "message",
        "user": "U031GP8MY",
        "text": "<@U6U67BH37> very nice, thanks for the pull!",
        "ts": "1518953064.000066"
    },
    {
        "type": "message",
        "user": "U0325KXM5",
        "text": "I found this about Decred, is this relevant to barterdex as well?",
        "ts": "1518956617.000004"
    },
    {
        "type": "message",
        "user": "U0325KXM5",
        "text": "<https:\/\/gist.github.com\/markblundeberg\/7a932c98179de2190049f5823907c016>",
        "ts": "1518956619.000007"
    },
    {
        "type": "message",
        "user": "U0394QTC7",
        "text": "to create multiple UTXOs, i know i can use marketmaker withdraw method. But is there a command for native wallet? sendmany doesn't seem to allow duplicate addresses",
        "ts": "1518957060.000013"
    },
    {
        "type": "message",
        "user": "U6MTBP2QK",
        "text": "afaik not a single command, no",
        "ts": "1518957149.000053"
    },
    {
        "type": "message",
        "user": "U6MTBP2QK",
        "text": "you can createrawtransaction but then you have to sign it and broadcast it",
        "ts": "1518957190.000058"
    },
    {
        "text": "should read Mastering Bitcoin before being able to do that",
        "type": "message",
        "subtype": "me_message",
        "user": "U0394QTC7",
        "ts": "1518957224.000084",
        "reactions": [
            {
                "name": "stuck_out_tongue",
                "users": [
                    "U6MTBP2QK"
                ],
                "count": 1
            }
        ]
    },
    {
        "type": "message",
        "user": "U5Z26MP60",
        "text": "JL777 said one day in this slack that he pushed a version of komodo that can sendmany to the same address.",
        "ts": "1518957294.000065"
    },
    {
        "type": "message",
        "user": "U5Z26MP60",
        "text": "I have not used it., but the UTXO splitter in agama might.",
        "ts": "1518957309.000053"
    },
    {
        "type": "message",
        "text": "Latest Agama versions has tools menu for easy UTXO split or merge. Enable experimental features of Agama and you will find it.",
        "files": [
            {
                "id": "F9ASNDACU",
                "created": 1518957309,
                "timestamp": 1518957309,
                "name": "Screenshot from 2018-02-18 12-33-46.png",
                "title": "Screenshot from 2018-02-18 12-33-46.png",
                "mimetype": "image\/png",
                "filetype": "png",
                "pretty_type": "PNG",
                "user": "U02QSHX81",
                "editable": false,
                "size": 85894,
                "mode": "hosted",
                "is_external": false,
                "external_type": "",
                "is_public": true,
                "public_url_shared": false,
                "display_as_bot": false,
                "username": "",
                "url_private": "https:\/\/files.slack.com\/files-pri\/T02LAJBUW-F9ASNDACU\/screenshot_from_2018-02-18_12-33-46.png?t=xoxe-2690623982-420508393732-420508393844-55126cc98091fbe0399fac3c66f6ed8e",
                "url_private_download": "https:\/\/files.slack.com\/files-pri\/T02LAJBUW-F9ASNDACU\/download\/screenshot_from_2018-02-18_12-33-46.png?t=xoxe-2690623982-420508393732-420508393844-55126cc98091fbe0399fac3c66f6ed8e",
                "thumb_64": "https:\/\/files.slack.com\/files-tmb\/T02LAJBUW-F9ASNDACU-3a14104264\/screenshot_from_2018-02-18_12-33-46_64.png?t=xoxe-2690623982-420508393732-420508393844-55126cc98091fbe0399fac3c66f6ed8e",
                "thumb_80": "https:\/\/files.slack.com\/files-tmb\/T02LAJBUW-F9ASNDACU-3a14104264\/screenshot_from_2018-02-18_12-33-46_80.png?t=xoxe-2690623982-420508393732-420508393844-55126cc98091fbe0399fac3c66f6ed8e",
                "thumb_360": "https:\/\/files.slack.com\/files-tmb\/T02LAJBUW-F9ASNDACU-3a14104264\/screenshot_from_2018-02-18_12-33-46_360.png?t=xoxe-2690623982-420508393732-420508393844-55126cc98091fbe0399fac3c66f6ed8e",
                "thumb_360_w": 360,
                "thumb_360_h": 78,
                "thumb_480": "https:\/\/files.slack.com\/files-tmb\/T02LAJBUW-F9ASNDACU-3a14104264\/screenshot_from_2018-02-18_12-33-46_480.png?t=xoxe-2690623982-420508393732-420508393844-55126cc98091fbe0399fac3c66f6ed8e",
                "thumb_480_w": 480,
                "thumb_480_h": 104,
                "thumb_160": "https:\/\/files.slack.com\/files-tmb\/T02LAJBUW-F9ASNDACU-3a14104264\/screenshot_from_2018-02-18_12-33-46_160.png?t=xoxe-2690623982-420508393732-420508393844-55126cc98091fbe0399fac3c66f6ed8e",
                "thumb_720": "https:\/\/files.slack.com\/files-tmb\/T02LAJBUW-F9ASNDACU-3a14104264\/screenshot_from_2018-02-18_12-33-46_720.png?t=xoxe-2690623982-420508393732-420508393844-55126cc98091fbe0399fac3c66f6ed8e",
                "thumb_720_w": 720,
                "thumb_720_h": 156,
                "thumb_800": "https:\/\/files.slack.com\/files-tmb\/T02LAJBUW-F9ASNDACU-3a14104264\/screenshot_from_2018-02-18_12-33-46_800.png?t=xoxe-2690623982-420508393732-420508393844-55126cc98091fbe0399fac3c66f6ed8e",
                "thumb_800_w": 800,
                "thumb_800_h": 173,
                "thumb_960": "https:\/\/files.slack.com\/files-tmb\/T02LAJBUW-F9ASNDACU-3a14104264\/screenshot_from_2018-02-18_12-33-46_960.png?t=xoxe-2690623982-420508393732-420508393844-55126cc98091fbe0399fac3c66f6ed8e",
                "thumb_960_w": 960,
                "thumb_960_h": 208,
                "thumb_1024": "https:\/\/files.slack.com\/files-tmb\/T02LAJBUW-F9ASNDACU-3a14104264\/screenshot_from_2018-02-18_12-33-46_1024.png?t=xoxe-2690623982-420508393732-420508393844-55126cc98091fbe0399fac3c66f6ed8e",
                "thumb_1024_w": 1024,
                "thumb_1024_h": 222,
                "image_exif_rotation": 1,
                "original_w": 2558,
                "original_h": 554,
                "permalink": "https:\/\/komodo-platform.slack.com\/files\/U02QSHX81\/F9ASNDACU\/screenshot_from_2018-02-18_12-33-46.png",
                "permalink_public": "https:\/\/slack-files.com\/T02LAJBUW-F9ASNDACU-6776c4854f",
                "reactions": [
                    {
                        "name": "sunglasses",
                        "users": [
                            "U6U67BH37"
                        ],
                        "count": 1
                    }
                ]
            }
        ],
        "upload": true,
        "user": "U02QSHX81",
        "display_as_bot": false,
        "reactions": [
            {
                "name": "sunglasses",
                "users": [
                    "U6U67BH37"
                ],
                "count": 1
            }
        ],
        "ts": "1518957311.000051"
    },
    {
        "type": "message",
        "user": "U0394QTC7",
        "text": "ah. i was trying BCH",
        "ts": "1518957316.000040"
    },
    {
        "type": "message",
        "user": "U0394QTC7",
        "text": "i don't use Agama really",
        "ts": "1518957322.000060",
        "reactions": [
            {
                "name": "joy",
                "users": [
                    "U02QSHX81"
                ],
                "count": 1
            }
        ]
    },
    {
        "type": "message",
        "user": "U5Z26MP60",
        "text": "I havent until recent days.",
        "ts": "1518957332.000069"
    },
    {
        "type": "message",
        "user": "U5Z26MP60",
        "text": "Its actually one of the better GUI wallets out ther now.",
        "ts": "1518957344.000049"
    },
    {
        "type": "message",
        "user": "U5Z26MP60",
        "text": "Its come a long way",
        "ts": "1518957351.000064"
    },
    {
        "type": "message",
        "user": "U0394QTC7",
        "text": "i downloaded it a couple of weeks back, and yes, it's a lot better than before",
        "ts": "1518957371.000019"
    },
    {
        "type": "message",
        "user": "U02QSHX81",
        "text": "easy for me to track the barterdex swaps happening for different assetchains",
        "ts": "1518957377.000078"
    },
    {
        "type": "message",
        "user": "U5Z26MP60",
        "text": "Thats how I used it too",
        "ts": "1518957387.000034"
    },
    {
        "type": "message",
        "user": "U5Z26MP60",
        "text": "Agama and barterdex go well together. Hopefully one day they will be the same app. :slightly_smiling_face:",
        "ts": "1518957412.000065"
    },
    {
        "type": "message",
        "user": "U6MTBP2QK",
        "text": "<@U02QSHX81> did you see the temp fix I posted earlier?",
        "ts": "1518957437.000011"
    },
    {
        "type": "message",
        "user": "U02QSHX81",
        "text": "yes, will check that in a moment, <@U6MTBP2QK>",
        "ts": "1518957476.000054"
    },
    {
        "type": "message",
        "user": "U02QSHX81",
        "text": ":slightly_smiling_face:",
        "ts": "1518957479.000045"
    },
    {
        "type": "message",
        "user": "U5Z26MP60",
        "text": "Have we got a fiz for Trade status in GUI yet?",
        "ts": "1518957537.000021"
    },
    {
        "type": "message",
        "user": "U6MTBP2QK",
        "text": "no",
        "ts": "1518957556.000050"
    },
    {
        "type": "message",
        "user": "U5Z26MP60",
        "text": "OK. Do you think its a hard thing to do?",
        "ts": "1518957568.000021"
    },
    {
        "type": "message",
        "user": "U6MTBP2QK",
        "text": "yes and no",
        "ts": "1518957575.000003"
    },
    {
        "type": "message",
        "user": "U5Z26MP60",
        "text": "Could it not read the files from FS itself rather than keep market maker busy?",
        "ts": "1518957586.000067"
    },
    {
        "type": "message",
        "user": "U6MTBP2QK",
        "text": "it's a somewhat \"easy\" fix; however, since few besides satinder can follow all of his code, it's hard to know where\/how it needs to go",
        "ts": "1518957647.000080"
    },
    {
        "type": "message",
        "user": "U5Z26MP60",
        "text": "Its kind of an annoying bug from a users point of view.",
        "ts": "1518957651.000029"
    },
    {
        "type": "message",
        "user": "U5Z26MP60",
        "text": "yeah ok.",
        "ts": "1518957661.000026"
    },
    {
        "type": "message",
        "user": "U5Z26MP60",
        "text": "I have no worries coz I use gitpull, and can see swap status there.",
        "ts": "1518957678.000024"
    },
    {
        "type": "message",
        "user": "U6MTBP2QK",
        "text": "then the user should remind himself that it's a beta UI :slightly_smiling_face:",
        "attachments": [
            {
                "fallback": "[February 18th, 2018 6:40 AM] blackjok3r: Its kind of an annoying bug from a users point of view.",
                "ts": "1518957651.000029",
                "author_id": "U5Z26MP60",
                "author_subname": "Adam Bullock",
                "channel_id": "C0MN08277",
                "channel_name": "tradebots",
                "is_msg_unfurl": true,
                "text": "Its kind of an annoying bug from a users point of view.",
                "author_name": "Adam Bullock",
                "author_link": "https:\/\/komodo-platform.slack.com\/team\/U5Z26MP60",
                "author_icon": "https:\/\/secure.gravatar.com\/avatar\/d78604a06190bbfb61f0bee3278e45c5.jpg?s=48&d=https%3A%2F%2Fa.slack-edge.com%2F66f9%2Fimg%2Favatars%2Fava_0023-48.png",
                "mrkdwn_in": [
                    "text"
                ],
                "color": "D0D0D0",
                "from_url": "https:\/\/komodo-platform.slack.com\/archives\/C0MN08277\/p1518957651000029",
                "is_share": true,
                "footer": "Posted in #tradebots"
            }
        ],
        "ts": "1518957688.000024"
    },
    {
        "type": "message",
        "user": "U5Z26MP60",
        "text": "on the console. But users of GUI will get confused.",
        "ts": "1518957695.000065"
    },
    {
        "type": "message",
        "user": "U0394QTC7",
        "text": "it's almost end of february. let's hope <@U02PH4RHZ> has a nice surprise for us",
        "ts": "1518957721.000136"
    },
    {
        "type": "message",
        "user": "U5Z26MP60",
        "text": "\"My balance of coins is changing and there are no trades\"",
        "ts": "1518957736.000066"
    },
    {
        "type": "message",
        "user": "U5Z26MP60",
        "text": "200X a day in slack",
        "ts": "1518957742.000086"
    },
    {
        "type": "message",
        "user": "U5Z26MP60",
        "text": "Yeah I have big hopes for lukes GUI.",
        "ts": "1518957752.000032"
    },
    {
        "type": "message",
        "user": "U5Z26MP60",
        "text": "I think genies GUI is probably the most successful, but he wont share it.",
        "ts": "1518957857.000049"
    },
    {
        "type": "message",
        "user": "U6MTBP2QK",
        "text": "that's because thusfar there's no G to the UI :stuck_out_tongue:",
        "ts": "1518957883.000078"
    },
    {
        "type": "message",
        "user": "U5Z26MP60",
        "text": "Work in progress?",
        "ts": "1518957942.000020"
    },
    {
        "type": "message",
        "user": "U6MTBP2QK",
        "text": "I do have offers successful in the 85-90% range at the \"semi-greedy\" dump level though :slightly_smiling_face:",
        "edited": {
            "user": "U6MTBP2QK",
            "ts": "1518957984.000000"
        },
        "ts": "1518957960.000062"
    },
    {
        "type": "message",
        "user": "U5Z26MP60",
        "text": "If a person wants to buy as much as possible or sell as much as possible no matter how long it takes. Yours appears the best by far.",
        "ts": "1518957979.000042"
    },
    {
        "type": "message",
        "user": "U6MTBP2QK",
        "text": "atm, the \"semi-greedy\" looks at the 2nd highest volume bidder above input price",
        "ts": "1518958065.000098"
    },
    {
        "type": "message",
        "user": "U6MTBP2QK",
        "text": "logic being that more opponents will gravitate towards the highest volume and actually make it slower per user",
        "ts": "1518958129.000105"
    },
    {
        "type": "message",
        "user": "U6MTBP2QK",
        "text": "that and the high volume bob on SUPERNET feken hates me",
        "ts": "1518958189.000027"
    },
    {
        "type": "message",
        "user": "U5Z26MP60",
        "text": "Are not all the LP's offering the same KMD to most orderbooks?",
        "ts": "1518958497.000075"
    },
    {
        "type": "message",
        "user": "U5Z26MP60",
        "text": "Or some are trading on specific coins?",
        "ts": "1518958514.000051"
    },
    {
        "type": "message",
        "user": "U6MTBP2QK",
        "text": "afaik, if bobX ahs _y_ KMD, then it's the same _y_ KMD on any buy he's on",
        "ts": "1518958565.000042"
    },
    {
        "type": "message",
        "user": "U5Z26MP60",
        "text": "ok... My understanding of an LP is he can offer his KMD for sale on all coins on barterdex, those coins are only removed from his orderbook when a trade begins.",
        "ts": "1518958638.000027"
    },
    {
        "type": "message",
        "user": "U6MTBP2QK",
        "text": "right",
        "ts": "1518958657.000065"
    },
    {
        "type": "message",
        "user": "U5Z26MP60",
        "text": "provided he has lots of UTXO's avalibale he can trade all coins at once.",
        "ts": "1518958662.000020"
    },
    {
        "type": "message",
        "user": "U5Z26MP60",
        "text": "It probably the biggest draw to barterdex to whales.",
        "ts": "1518958676.000066"
    },
    {
        "type": "message",
        "user": "U02QSHX81",
        "text": "wait for it. Agama 911 is here!",
        "ts": "1518958720.000008"
    },
    {
        "type": "message",
        "user": "U02QSHX81",
        "text": ":slightly_smiling_face:",
        "ts": "1518958724.000054",
        "reactions": [
            {
                "name": "100",
                "users": [
                    "U5Z26MP60"
                ],
                "count": 1
            }
        ]
    },
    {
        "type": "message",
        "user": "U6MTBP2QK",
        "text": "lol @ \"911\"",
        "ts": "1518958747.000048"
    },
    {
        "type": "message",
        "user": "U1SJT84KS",
        "text": "sendmany has a different idea\n1 -&gt; many\nfor utxo split you'll have to come up with your own code\nnice commit name:joy:\n<https:\/\/github.com\/jl777\/komodo\/commit\/8b6a0cb8beef047c7f1ffbd957202885b50ead4a>",
        "edited": {
            "user": "U1SJT84KS",
            "ts": "1518958763.000000"
        },
        "ts": "1518958759.000074"
    },
    {
        "type": "message",
        "user": "U1SJT84KS",
        "text": "there's a fix for komodo's sendmay already though if i'm not mistaken",
        "ts": "1518958795.000037"
    },
    {
        "type": "message",
        "user": "U6MTBP2QK",
        "text": "it's not a fix if it ain't broke :stuck_out_tongue:",
        "ts": "1518958830.000026",
        "reactions": [
            {
                "name": "sunglasses",
                "users": [
                    "U1SJT84KS"
                ],
                "count": 1
            }
        ]
    },
    {
        "type": "message",
        "user": "U02QSHX81",
        "text": "<@U1SJT84KS> can you please help us with the GUI to be able to use the latest marketmaker? :slightly_smiling_face:",
        "edited": {
            "user": "U02QSHX81",
            "ts": "1518958975.000000"
        },
        "ts": "1518958969.000045"
    },
    {
        "text": "feels like chopped liver",
        "type": "message",
        "subtype": "me_message",
        "user": "U6MTBP2QK",
        "ts": "1518959001.000030"
    },
    {
        "type": "message",
        "user": "U02QSHX81",
        "text": "no, don't feel that.",
        "edited": {
            "user": "U02QSHX81",
            "ts": "1518959026.000000"
        },
        "ts": "1518959020.000083"
    },
    {
        "type": "message",
        "user": "U1SJT84KS",
        "text": "i can't busy with voting ui fixes",
        "ts": "1518959060.000100"
    },
    {
        "type": "message",
        "user": "U02QSHX81",
        "text": "Ok. Thanks",
        "ts": "1518959089.000021"
    },
    {
        "type": "message",
        "user": "U6MTBP2QK",
        "text": "<http:\/\/chainquery.com\/bitcoin-api\/sendmany>",
        "edited": {
            "user": "U6MTBP2QK",
            "ts": "1518959131.000000"
        },
        "ts": "1518959125.000030"
    },
    {
        "type": "message",
        "user": "U6MTBP2QK",
        "text": "&gt;&gt;&gt;Notes:\nThe sendmany RPC creates and broadcasts a transaction which sends outputs *to multiple addresses.*",
        "edited": {
            "user": "U6MTBP2QK",
            "ts": "1518959162.000000"
        },
        "ts": "1518959147.000014"
    },
    {
        "type": "message",
        "user": "U6MTBP2QK",
        "text": "it was never meant to send multiple amounts to the same address; thus, not \"broken\" because it doesn't do what it wasn't meant to do :stuck_out_tongue:",
        "ts": "1518959232.000001"
    },
    {
        "type": "message",
        "user": "U02QSHX81",
        "text": "well done <@U6MTBP2QK> :clap: your fix works",
        "ts": "1518959268.000086"
    },
    {
        "type": "message",
        "user": "U0394QTC7",
        "text": "and it probably prevents spam to a certain degree",
        "ts": "1518959269.000016"
    },
    {
        "type": "message",
        "user": "U6MTBP2QK",
        "text": "I knew that, otherwise I wouldn't have posted it :stuck_out_tongue:",
        "attachments": [
            {
                "fallback": "[February 18th, 2018 7:07 AM] shossain: well done <@U6MTBP2QK> :clap: your fix works",
                "ts": "1518959268.000086",
                "author_id": "U02QSHX81",
                "author_subname": "SHossain",
                "channel_id": "C0MN08277",
                "channel_name": "tradebots",
                "is_msg_unfurl": true,
                "text": "well done <@U6MTBP2QK> :clap: your fix works",
                "author_name": "SHossain",
                "author_link": "https:\/\/komodo-platform.slack.com\/team\/U02QSHX81",
                "author_icon": "https:\/\/avatars.slack-edge.com\/2017-12-14\/287773045143_b8d101ce39a4f6f05e75_48.png",
                "mrkdwn_in": [
                    "text"
                ],
                "color": "D0D0D0",
                "from_url": "https:\/\/komodo-platform.slack.com\/archives\/C0MN08277\/p1518959268000086",
                "is_share": true,
                "footer": "Posted in #tradebots"
            }
        ],
        "ts": "1518959296.000009"
    },
    {
        "type": "message",
        "user": "U5Z26MP60",
        "text": "Now genie has more noobs to unleash his hawk on.",
        "ts": "1518959301.000034"
    },
    {
        "type": "message",
        "user": "U02QSHX81",
        "text": "is there any reason for the gui to feel a bit faster?",
        "ts": "1518959343.000012"
    },
    {
        "type": "message",
        "user": "U6MTBP2QK",
        "text": "it would if people used it",
        "attachments": [
            {
                "fallback": "[February 18th, 2018 7:07 AM] n41r0j: and it probably prevents spam to a certain degree",
                "ts": "1518959269.000016",
                "author_id": "U0394QTC7",
                "author_subname": "jorian",
                "channel_id": "C0MN08277",
                "channel_name": "tradebots",
                "is_msg_unfurl": true,
                "text": "and it probably prevents spam to a certain degree",
                "author_name": "jorian",
                "author_link": "https:\/\/komodo-platform.slack.com\/team\/U0394QTC7",
                "author_icon": "https:\/\/avatars.slack-edge.com\/2017-01-25\/131826075969_6b9cf55a66e80bcdd76a_48.jpg",
                "mrkdwn_in": [
                    "text"
                ],
                "color": "D0D0D0",
                "from_url": "https:\/\/komodo-platform.slack.com\/archives\/C0MN08277\/p1518959269000016",
                "is_share": true,
                "footer": "Posted in #tradebots"
            }
        ],
        "ts": "1518959354.000042"
    },
    {
        "type": "message",
        "user": "U6MTBP2QK",
        "text": "the same reason the swaps list is broken, he took out a resource intensive loop",
        "attachments": [
            {
                "fallback": "[February 18th, 2018 7:09 AM] shossain: is there any reason for the gui to feel a bit faster?",
                "ts": "1518959343.000012",
                "author_id": "U02QSHX81",
                "author_subname": "SHossain",
                "channel_id": "C0MN08277",
                "channel_name": "tradebots",
                "is_msg_unfurl": true,
                "text": "is there any reason for the gui to feel a bit faster?",
                "author_name": "SHossain",
                "author_link": "https:\/\/komodo-platform.slack.com\/team\/U02QSHX81",
                "author_icon": "https:\/\/avatars.slack-edge.com\/2017-12-14\/287773045143_b8d101ce39a4f6f05e75_48.png",
                "mrkdwn_in": [
                    "text"
                ],
                "color": "D0D0D0",
                "from_url": "https:\/\/komodo-platform.slack.com\/archives\/C0MN08277\/p1518959343000012",
                "is_share": true,
                "footer": "Posted in #tradebots"
            }
        ],
        "ts": "1518959419.000025",
        "reactions": [
            {
                "name": "+1",
                "users": [
                    "U5Z26MP60"
                ],
                "count": 1
            }
        ]
    },
    {
        "type": "message",
        "user": "U5Z26MP60",
        "text": "There was nothing like using the GUI in the pizza test with 400 swaps completed or running, with it calling swapstaus every 20s.",
        "ts": "1518959571.000056"
    },
    {
        "type": "message",
        "user": "U5Z26MP60",
        "text": "Using a normal computer it would have stopped resoonding, but it took 5H of constant swaps on my server before it couldn't even get balance.",
        "ts": "1518959613.000038"
    },
    {
        "type": "message",
        "user": "U02QSHX81",
        "text": "How did you finish all those BEER? What did you buy?",
        "attachments": [
            {
                "fallback": "[February 18th, 2018 10:04 AM] jesper: I seem to have spend all my BEER. Is it possible to have another serving? If yes -&gt; RKeR4RQvX7gUvNi5evL8R4hpC9DZoKhWK6",
                "ts": "1518948241.000051",
                "author_id": "U8PSN887R",
                "author_subname": "Iago",
                "channel_id": "C0MN08277",
                "channel_name": "tradebots",
                "is_msg_unfurl": true,
                "text": "I seem to have spend all my BEER. Is it possible to have another serving? If yes -&gt; RKeR4RQvX7gUvNi5evL8R4hpC9DZoKhWK6",
                "author_name": "Iago",
                "author_link": "https:\/\/komodo-platform.slack.com\/team\/U8PSN887R",
                "author_icon": "https:\/\/secure.gravatar.com\/avatar\/c37ae9f176dc9af35890f1c9fe866520.jpg?s=48&d=https%3A%2F%2Fa.slack-edge.com%2F66f9%2Fimg%2Favatars%2Fava_0003-48.png",
                "mrkdwn_in": [
                    "text"
                ],
                "color": "D0D0D0",
                "from_url": "https:\/\/komodo-platform.slack.com\/archives\/C0MN08277\/p1518948241000051",
                "is_share": true,
                "footer": "Posted in #tradebots"
            }
        ],
        "ts": "1518959685.000059"
    },
    {
        "type": "message",
        "user": "U5Z26MP60",
        "text": "Etomic?",
        "ts": "1518959778.000053"
    },
    {
        "type": "message",
        "user": "U5Z26MP60",
        "text": "OR he did an Alright and lost the passphrase.",
        "ts": "1518959793.000010"
    },
    {
        "text": "bought 12 million PIZZA and 500+ KMD and still has like 8000 BEER",
        "edited": {
            "user": "U6MTBP2QK",
            "ts": "1518959846.000000"
        },
        "type": "message",
        "subtype": "me_message",
        "user": "U6MTBP2QK",
        "ts": "1518959824.000061"
    },
    {
        "type": "message",
        "user": "U5Z26MP60",
        "text": "lol... I only have about 5k.",
        "ts": "1518959841.000039"
    },
    {
        "type": "message",
        "user": "U5Z26MP60",
        "text": "I think I lost a shit tonne of beer in the pizza test in stuck swaps.",
        "ts": "1518959857.000007"
    },
    {
        "type": "message",
        "user": "U5Z26MP60",
        "text": "But my straegy was to spam as many swap requests as posible on every net ID at once. So that was expected.",
        "ts": "1518959893.000101"
    },
    {
        "type": "message",
        "user": "U6MTBP2QK",
        "text": "i deleted the * .fin * files and ran swapstatus 3 times and all my stucks were fixord",
        "edited": {
            "user": "U6MTBP2QK",
            "ts": "1518959945.000000"
        },
        "ts": "1518959931.000087"
    },
    {
        "type": "message",
        "user": "U5Z26MP60",
        "text": "Yeah did that in KMD test, got 30 KMD more. But for test coins.. wasnt worth the bother.",
        "ts": "1518959970.000042"
    },
    {
        "text": "is just Type-A like that",
        "type": "message",
        "subtype": "me_message",
        "user": "U6MTBP2QK",
        "ts": "1518959991.000083"
    },
    {
        "type": "message",
        "user": "U6MTBP2QK",
        "text": "now if I could just figure out why mm invents numbers out of thin air.....",
        "ts": "1518960119.000049"
    },
    {
        "type": "message",
        "user": "U5Z26MP60",
        "text": "how do you mean?",
        "ts": "1518960146.000010"
    },
    {
        "type": "message",
        "user": "U6MTBP2QK",
        "text": "lol the math of flipping base to rel doesn't always come out even",
        "ts": "1518960258.000087"
    },
    {
        "type": "message",
        "user": "U6MTBP2QK",
        "text": "because of divisors and remainders, 0.250 becomes 0.25039008",
        "ts": "1518960317.000070"
    },
    {
        "text": "goes to make some espresso .... because, fek math",
        "type": "message",
        "subtype": "me_message",
        "user": "U6MTBP2QK",
        "ts": "1518960377.000025"
    },
    {
        "type": "message",
        "user": "U5Z26MP60",
        "text": "Read that as meth",
        "ts": "1518961355.000196"
    },
    {
        "type": "message",
        "user": "U6MTBP2QK",
        "text": "There's an AA for that :confused:",
        "ts": "1518961414.000097"
    },
    {
        "type": "message",
        "user": "U5Z26MP60",
        "text": "Sadtly there is also death.. But thats why you drink coffe instead right.",
        "ts": "1518961955.000007"
    },
    {
        "text": "has indulged in copious amounts of both",
        "type": "message",
        "subtype": "me_message",
        "user": "U6MTBP2QK",
        "ts": "1518962142.000015"
    },
    {
        "type": "message",
        "user": "U5Z26MP60",
        "text": "BAHHA",
        "ts": "1518962149.000085"
    },
    {
        "type": "message",
        "user": "U6MTBP2QK",
        "text": "I imagine that my 20s are why I don't sleep in my 40s :confused:",
        "ts": "1518962182.000055"
    },
    {
        "type": "message",
        "user": "U5Z26MP60",
        "text": "I have an \"uncle\" who did that. He regularty sleeps for 5-6H since. Hes nearly 60.",
        "ts": "1518962289.000035"
    },
    {
        "type": "message",
        "user": "U5Z26MP60",
        "text": "Like you can retrain the body not to need sleep.",
        "ts": "1518962306.000060"
    },
    {
        "type": "message",
        "user": "U5Z26MP60",
        "text": "I think.",
        "ts": "1518962311.000002"
    },
    {
        "type": "message",
        "user": "U6MTBP2QK",
        "text": "6 hrs at one time for me is like a \"normal\" person going to bed at 9pm and sleeping till noon :stuck_out_tongue:",
        "ts": "1518962362.000021"
    },
    {
        "type": "message",
        "user": "U5Z26MP60",
        "text": "adderall will do that.",
        "ts": "1518962423.000109"
    },
    {
        "type": "message",
        "user": "U6MTBP2QK",
        "text": "lol",
        "ts": "1518962431.000010"
    },
    {
        "type": "message",
        "user": "U5Z26MP60",
        "text": "But it makes you good at trading",
        "ts": "1518962435.000029"
    },
    {
        "type": "message",
        "user": "U5Z26MP60",
        "text": "RPigNZvL5C17F7B8CpkBQQU4jozVWyRxxK",
        "ts": "1518962498.000107"
    },
    {
        "type": "message",
        "user": "U5Z26MP60",
        "text": "Are Pig NZ",
        "ts": "1518962507.000068"
    },
    {
        "type": "message",
        "user": "U5Z26MP60",
        "text": "LOL",
        "ts": "1518962510.000077"
    },
    {
        "type": "message",
        "user": "U02QSHX81",
        "text": "that is my address <@U5Z26MP60>",
        "ts": "1518962520.000062"
    },
    {
        "type": "message",
        "user": "U5Z26MP60",
        "text": "its a cool address",
        "ts": "1518962527.000062"
    },
    {
        "type": "message",
        "user": "U02QSHX81",
        "text": "thanks :stuck_out_tongue:",
        "ts": "1518962559.000086"
    },
    {
        "type": "message",
        "user": "U5Z26MP60",
        "text": "did you make Rpig or was it random?",
        "ts": "1518962578.000039"
    },
    {
        "type": "message",
        "user": "U02QSHX81",
        "text": "random",
        "ts": "1518962583.000132"
    },
    {
        "type": "message",
        "user": "U5Z26MP60",
        "text": "Wow thats even cooler",
        "ts": "1518962590.000020"
    },
    {
        "type": "message",
        "user": "U5Z26MP60",
        "text": "I think I will use oclgen to make RChipspig",
        "ts": "1518962667.000107"
    },
    {
        "type": "message",
        "user": "U6TAX2W87",
        "text": "Hello! I have a different information from different users about bobdeposit. I also did not find a word in barterdex whitepaper about the currency in which the bobdeposit is placed.\nCan anyone clarify please, if i want to place an order as a Bob, for example sell my SUPERNET for KMD, what currency should be my 1,125 bobdeposit?",
        "ts": "1518964051.000003"
    },
    {
        "type": "message",
        "user": "U02QSHX81",
        "text": "the coin you buy from bob is bobdeposit coin",
        "ts": "1518964116.000003"
    },
    {
        "type": "message",
        "user": "U8MLQ662K",
        "text": "SUPERNET",
        "ts": "1518964190.000018"
    },
    {
        "type": "message",
        "user": "U6TAX2W87",
        "text": "I am a Bob. In other words. to be a Bob, is it enough for me to have only one coin, the one I want to sell? in my example SUPERNET",
        "ts": "1518964244.000031"
    },
    {
        "type": "message",
        "text": "",
        "files": [
            {
                "id": "F9AT4KYRJ",
                "created": 1518964348,
                "timestamp": 1518964348,
                "name": "Screenshot from 2018-02-18 14-32-20.png",
                "title": "Screenshot from 2018-02-18 14-32-20.png",
                "mimetype": "image\/png",
                "filetype": "png",
                "pretty_type": "PNG",
                "user": "U02QSHX81",
                "editable": false,
                "size": 93102,
                "mode": "hosted",
                "is_external": false,
                "external_type": "",
                "is_public": true,
                "public_url_shared": false,
                "display_as_bot": false,
                "username": "",
                "url_private": "https:\/\/files.slack.com\/files-pri\/T02LAJBUW-F9AT4KYRJ\/screenshot_from_2018-02-18_14-32-20.png?t=xoxe-2690623982-420508393732-420508393844-55126cc98091fbe0399fac3c66f6ed8e",
                "url_private_download": "https:\/\/files.slack.com\/files-pri\/T02LAJBUW-F9AT4KYRJ\/download\/screenshot_from_2018-02-18_14-32-20.png?t=xoxe-2690623982-420508393732-420508393844-55126cc98091fbe0399fac3c66f6ed8e",
                "thumb_64": "https:\/\/files.slack.com\/files-tmb\/T02LAJBUW-F9AT4KYRJ-5fc07411ea\/screenshot_from_2018-02-18_14-32-20_64.png?t=xoxe-2690623982-420508393732-420508393844-55126cc98091fbe0399fac3c66f6ed8e",
                "thumb_80": "https:\/\/files.slack.com\/files-tmb\/T02LAJBUW-F9AT4KYRJ-5fc07411ea\/screenshot_from_2018-02-18_14-32-20_80.png?t=xoxe-2690623982-420508393732-420508393844-55126cc98091fbe0399fac3c66f6ed8e",
                "thumb_360": "https:\/\/files.slack.com\/files-tmb\/T02LAJBUW-F9AT4KYRJ-5fc07411ea\/screenshot_from_2018-02-18_14-32-20_360.png?t=xoxe-2690623982-420508393732-420508393844-55126cc98091fbe0399fac3c66f6ed8e",
                "thumb_360_w": 360,
                "thumb_360_h": 293,
                "thumb_480": "https:\/\/files.slack.com\/files-tmb\/T02LAJBUW-F9AT4KYRJ-5fc07411ea\/screenshot_from_2018-02-18_14-32-20_480.png?t=xoxe-2690623982-420508393732-420508393844-55126cc98091fbe0399fac3c66f6ed8e",
                "thumb_480_w": 480,
                "thumb_480_h": 391,
                "thumb_160": "https:\/\/files.slack.com\/files-tmb\/T02LAJBUW-F9AT4KYRJ-5fc07411ea\/screenshot_from_2018-02-18_14-32-20_160.png?t=xoxe-2690623982-420508393732-420508393844-55126cc98091fbe0399fac3c66f6ed8e",
                "thumb_720": "https:\/\/files.slack.com\/files-tmb\/T02LAJBUW-F9AT4KYRJ-5fc07411ea\/screenshot_from_2018-02-18_14-32-20_720.png?t=xoxe-2690623982-420508393732-420508393844-55126cc98091fbe0399fac3c66f6ed8e",
                "thumb_720_w": 720,
                "thumb_720_h": 587,
                "thumb_800": "https:\/\/files.slack.com\/files-tmb\/T02LAJBUW-F9AT4KYRJ-5fc07411ea\/screenshot_from_2018-02-18_14-32-20_800.png?t=xoxe-2690623982-420508393732-420508393844-55126cc98091fbe0399fac3c66f6ed8e",
                "thumb_800_w": 800,
                "thumb_800_h": 652,
                "thumb_960": "https:\/\/files.slack.com\/files-tmb\/T02LAJBUW-F9AT4KYRJ-5fc07411ea\/screenshot_from_2018-02-18_14-32-20_960.png?t=xoxe-2690623982-420508393732-420508393844-55126cc98091fbe0399fac3c66f6ed8e",
                "thumb_960_w": 960,
                "thumb_960_h": 782,
                "thumb_1024": "https:\/\/files.slack.com\/files-tmb\/T02LAJBUW-F9AT4KYRJ-5fc07411ea\/screenshot_from_2018-02-18_14-32-20_1024.png?t=xoxe-2690623982-420508393732-420508393844-55126cc98091fbe0399fac3c66f6ed8e",
                "thumb_1024_w": 1024,
                "thumb_1024_h": 834,
                "image_exif_rotation": 1,
                "original_w": 1048,
                "original_h": 854,
                "permalink": "https:\/\/komodo-platform.slack.com\/files\/U02QSHX81\/F9AT4KYRJ\/screenshot_from_2018-02-18_14-32-20.png",
                "permalink_public": "https:\/\/slack-files.com\/T02LAJBUW-F9AT4KYRJ-6961e53727"
            }
        ],
        "upload": true,
        "user": "U02QSHX81",
        "display_as_bot": false,
        "ts": "1518964351.000106"
    },
    {
        "type": "message",
        "user": "U02QSHX81",
        "text": "put your price you want to sell SUPERNET, and click on *Enable auto repeat for this trade*, and click sell",
        "ts": "1518964370.000065"
    },
    {
        "type": "message",
        "user": "U8MLQ662K",
        "text": "<@U6TAX2W87> you only need one coin",
        "ts": "1518964384.000067"
    },
    {
        "type": "message",
        "user": "U6TAX2W87",
        "text": "<@U02QSHX81> sorry i don't want to trade i want to understand this method as Bob",
        "ts": "1518964391.000073"
    },
    {
        "type": "message",
        "user": "U8MLQ662K",
        "text": "Check out how the swap works. It should help you understand what's going on",
        "ts": "1518964437.000006"
    },
    {
        "type": "message",
        "user": "U6TAX2W87",
        "text": "<@U5UHJM2K1> please check the information above. We have differences :slightly_smiling_face:",
        "ts": "1518964444.000083"
    },
    {
        "type": "message",
        "user": "U6TAX2W87",
        "text": "<@U8MLQ662K> thank you, i got your point, but i had another info from decker",
        "ts": "1518964497.000037"
    },
    {
        "type": "message",
        "user": "U8MLQ662K",
        "text": "He's likely talking about running a LP node",
        "ts": "1518964515.000071"
    },
    {
        "type": "message",
        "user": "U8MLQ662K",
        "text": "in which you'd want some of each coin",
        "ts": "1518964523.000004"
    },
    {
        "type": "message",
        "text": "",
        "files": [
            {
                "id": "F9ABK81C1",
                "created": 1518964564,
                "timestamp": 1518964564,
                "name": "-.txt",
                "title": "Untitled",
                "mimetype": "text\/plain",
                "filetype": "text",
                "pretty_type": "Plain Text",
                "user": "U8MLQ662K",
                "editable": true,
                "size": 2266,
                "mode": "snippet",
                "is_external": false,
                "external_type": "",
                "is_public": true,
                "public_url_shared": false,
                "display_as_bot": false,
                "username": "",
                "url_private": "https:\/\/files.slack.com\/files-pri\/T02LAJBUW-F9ABK81C1\/-.txt?t=xoxe-2690623982-420508393732-420508393844-55126cc98091fbe0399fac3c66f6ed8e",
                "url_private_download": "https:\/\/files.slack.com\/files-pri\/T02LAJBUW-F9ABK81C1\/download\/-.txt?t=xoxe-2690623982-420508393732-420508393844-55126cc98091fbe0399fac3c66f6ed8e",
                "permalink": "https:\/\/komodo-platform.slack.com\/files\/U8MLQ662K\/F9ABK81C1\/-.txt",
                "permalink_public": "https:\/\/slack-files.com\/T02LAJBUW-F9ABK81C1-83d4a62e77",
                "edit_link": "https:\/\/komodo-platform.slack.com\/files\/U8MLQ662K\/F9ABK81C1\/-.txt\/edit",
                "preview": "61\r\nA summary of the procedure:\r\n1.\r\nAlice requests a swap and sends the <dexfee> to the BarterDEX full-relay \r\nnodes\r",
                "preview_highlight": "<div class=\"CodeMirror cm-s-default CodeMirrorServer\" oncopy=\"if(event.clipboardData){event.clipboardData.setData('text\/plain',window.getSelection().toString().replace(\/\\u200b\/g,''));event.preventDefault();event.stopPropagation();}\">\n<div class=\"CodeMirror-code\">\n<div><pre>61<\/pre><\/div>\n<div><pre>A summary of the procedure:<\/pre><\/div>\n<div><pre>1.<\/pre><\/div>\n<div><pre>Alice requests a swap and sends the &lt;dexfee&gt; to the BarterDEX full-relay <\/pre><\/div>\n<div><pre>nodes<\/pre><\/div>\n<div><pre><\/pre><\/div>\n<\/div>\n<\/div>\n",
                "lines": 68,
                "lines_more": 63,
                "preview_is_truncated": true
            }
        ],
        "upload": true,
        "user": "U8MLQ662K",
        "display_as_bot": false,
        "ts": "1518964564.000091"
    },
    {
        "type": "message",
        "user": "U6TAX2W87",
        "text": "yes and i'm talking about this. Do not I correctly say that I want to be a Bob?\nBecause by default all Alice.",
        "ts": "1518964624.000024"
    },
    {
        "type": "message",
        "user": "U6TAX2W87",
        "text": "So Bob is LP",
        "ts": "1518964639.000064"
    },
    {
        "type": "message",
        "user": "U8MLQ662K",
        "text": "LP's are both bob and alice, but almost always bob",
        "ts": "1518964658.000016"
    },
    {
        "type": "message",
        "user": "U02QSHX81",
        "text": "Bob is LP and does not pay dex fees, Alice is the liquidity taker \/ buyer who pays dex fee. Anyone can become LP with the CLI &amp; GUI. You need to enable experimental features to use it from the GUI.",
        "ts": "1518964769.000004"
    },
    {
        "type": "message",
        "user": "U02QSHX81",
        "text": "Then, you can do profit margin trading as LP node",
        "ts": "1518964802.000018"
    },
    {
        "type": "message",
        "user": "U02QSHX81",
        "text": "bob orders does not happen instantly. bob needs to be more patient for alice to buy from those orders.",
        "ts": "1518964936.000055"
    },
    {
        "type": "message",
        "user": "U6TAX2W87",
        "text": "I give up, sorry",
        "ts": "1518964970.000027"
    },
    {
        "type": "message",
        "user": "U5UHJM2K1",
        "text": "<@U6TAX2W87> what information should i check? plz give a link on message. too many messages above.",
        "ts": "1518965122.000057"
    },
    {
        "type": "message",
        "user": "U6TAX2W87",
        "text": "<@U5UHJM2K1> no matter, sorry, apparently a language barrier. I did not get an answer to my question, and apparently too stupid to understand :slightly_smiling_face:",
        "ts": "1518965257.000064"
    },
    {
        "type": "message",
        "user": "U02QSHX81",
        "text": "Got few ETH\/KMD swaps working with the CLI. As for now, it is ETH testnet coins. It is working. \n```SWAP completed! 631093257-2797024985 {\"expiration\":1518981138,\"tradeid\":3732002507,\"requestid\":631093257,\"quoteid\":2797024985,\"iambob\":0,\"Bgui\":\"\",\"Agui\":\"nogui\",\"gui\":\"nogui\",\"bob\":\"ETH\",\"bobtomic\":\"0x0000000000000000000000000000000000000000\",\"etomicsrc\":\"0x012f7e74120d3d002e8f215ccc6f6f65618f00cb\",\"srcamount\":0.00925006,\"bobtxfee\":0.00001000,\"alice\":\"KMD\",\"etomicdest\":\"0x078a1db84a2995c22cb72a390c3d279448dbfbf2\",\"destamount\":2,\"alicetxfee\":0.00001000,\"aliceid\":\"14931793513514008577\",\"sentflags\":[\"alicespend\", \"bobpayment\", \"alicepayment\", \"bobdeposit\", \"myfee\"],\"values\":[0.00926006, 0, 0.00927006, 2.00002000, 0.01042631, 0, 0.00257400, 0, 0, 0, 0],\"result\":\"success\",\"status\":\"finished\",\"finishtime\":1518965671,\"bobdeposit\":\"d262e56397cd9e4ffc2feb101a7354427733c8a2b9a277a843b7909db59957ea\",\"alicepayment\":\"fecddae7d61dff2cb6e881b91fcf000fa23667333c1af3dae38f6720149cef4f\",\"bobpayment\":\"9a505252df941e72eff830c76d970ebb709c90cf1cb5a3c870b7631e61df124b\",\"paymentspent\":\"e7667c553aa89220b66f1ba55da6ee76c62958f9c4669494dc02ee41d383e9b8\",\"Apaymentspent\":\"0000000000000000000000000000000000000000000000000000000000000000\",\"depositspent\":\"0000000000000000000000000000000000000000000000000000000000000000\",\"method\":\"tradestatus\",\"finishtime\":1518965671}\n```\n\n<http:\/\/kmdexplorer.ru\/tx\/fecddae7d61dff2cb6e881b91fcf000fa23667333c1af3dae38f6720149cef4f>\n<https:\/\/ropsten.etherscan.io\/address\/0x078a1db84a2995c22cb72a390c3d279448dbfbf2> (edited)",
        "edited": {
            "user": "U02QSHX81",
            "ts": "1518966354.000000"
        },
        "ts": "1518966349.000016",
        "reactions": [
            {
                "name": "thumbsup_all",
                "users": [
                    "U6U67BH37"
                ],
                "count": 1
            }
        ]
    },
    {
        "type": "message",
        "user": "U6MTBP2QK",
        "text": "<@U6TAX2W87> The currency you deposit is *the one you want to sell*, it doesn't matter if you're bob or alice.\nbob = you place a repeating order and wait for others (one or more alices) to buy from you\nalice = you place a single order trying to buy from a repeating order (bob) on the orderbook",
        "attachments": [
            {
                "fallback": "[February 18th, 2018 8:27 AM] shrk: Hello! I have a different information from different users about bobdeposit. I also did not find a word in barterdex whitepaper about the currency in which the bobdeposit is placed.\nCan anyone clarify please, if i want to place an order as a Bob, for example sell my SUPERNET for KMD, what currency should be my 1,125 bobdeposit?",
                "ts": "1518964051.000003",
                "author_id": "U6TAX2W87",
                "author_subname": "shrk",
                "channel_id": "C0MN08277",
                "channel_name": "tradebots",
                "is_msg_unfurl": true,
                "text": "Hello! I have a different information from different users about bobdeposit. I also did not find a word in barterdex whitepaper about the currency in which the bobdeposit is placed.\nCan anyone clarify please, if i want to place an order as a Bob, for example sell my SUPERNET for KMD, what currency should be my 1,125 bobdeposit?",
                "author_name": "shrk",
                "author_link": "https:\/\/komodo-platform.slack.com\/team\/U6TAX2W87",
                "author_icon": "https:\/\/avatars.slack-edge.com\/2017-12-28\/292066894117_a3906fcf3a1de58b6f4d_48.png",
                "mrkdwn_in": [
                    "text"
                ],
                "color": "D0D0D0",
                "from_url": "https:\/\/komodo-platform.slack.com\/archives\/C0MN08277\/p1518964051000003",
                "is_share": true,
                "footer": "Posted in #tradebots"
            }
        ],
        "ts": "1518967511.000005"
    },
    {
        "type": "message",
        "user": "U5Z26MP60",
        "text": "You explained it finally perfectly genine :clap:",
        "ts": "1518967795.000040"
    },
    {
        "type": "message",
        "user": "U02LQ1WHQ",
        "text": "<@U0394QTC7> sendmany works, following is my fundLP script, it saves a LOT of space as if you have one big utxo, only need 1 signature for all 100 outputs",
        "ts": "1518967812.000042"
    },
    {
        "type": "message",
        "text": "",
        "files": [
            {
                "id": "F9C05KTP1",
                "created": 1518967824,
                "timestamp": 1518967824,
                "name": "fundLP_sendmany.txt",
                "title": "fundLP sendmany",
                "mimetype": "text\/plain",
                "filetype": "text",
                "pretty_type": "Plain Text",
                "user": "U02LQ1WHQ",
                "editable": true,
                "size": 4649,
                "mode": "snippet",
                "is_external": false,
                "external_type": "",
                "is_public": true,
                "public_url_shared": false,
                "display_as_bot": false,
                "username": "",
                "url_private": "https:\/\/files.slack.com\/files-pri\/T02LAJBUW-F9C05KTP1\/fundlp_sendmany.txt?t=xoxe-2690623982-420508393732-420508393844-55126cc98091fbe0399fac3c66f6ed8e",
                "url_private_download": "https:\/\/files.slack.com\/files-pri\/T02LAJBUW-F9C05KTP1\/download\/fundlp_sendmany.txt?t=xoxe-2690623982-420508393732-420508393844-55126cc98091fbe0399fac3c66f6ed8e",
                "permalink": "https:\/\/komodo-platform.slack.com\/files\/U02LQ1WHQ\/F9C05KTP1\/fundlp_sendmany.txt",
                "permalink_public": "https:\/\/slack-files.com\/T02LAJBUW-F9C05KTP1-8f5e8e5eea",
                "edit_link": "https:\/\/komodo-platform.slack.com\/files\/U02LQ1WHQ\/F9C05KTP1\/fundlp_sendmany.txt\/edit",
                "preview": "fiat\/$1 sendmany \\\"\\\" \"{\\\"RMfQwu5ey23eWJ4as2ckd8dqsQJwo836ny\\\":$2,\\\"RQzkkncY8ehpRg8M4kvKmDMcbFxcJvohgk\\\":$2,\\\"RXUF132uyPVTVUdLn16zCgvYoFXya3pyVb\\\":$2,\\\"RNyBS6ryQtPPQnJhavKn9o94U2RNExLZon\\\":$2,\\\"RPMpwKpzWyg5KoMcsuy3mZucUWNdcP2ndD\\\":$2,\\\"RVPcbafNSi6uMaKDyss9epGpHCHbbzUFMd\\\":$2,\\\"RAzheh3L7QtBL7oNKByVa43CtgALht6bbT\\\":$2,\\\"RMdjuxKBhyr87yhKp6BLUg2p9673NMcPAu\\\":$2,\\\"RUPX5RWQL1qurMLmF4fFB4JAgRfwcNww4b\\\":$2,\\\"RQLn2QYwXDemFN3DNigU5qv3wUrA3WqquA\\\":$2,\\\"RMfQwu5ey23eWJ4as2ckd8dqsQJwo836ny\\\":$2,\\\"RQzkkncY8ehpRg8M4kvKmDMcbFxcJvohgk\\\":$2,\\\"RXUF132uyPVTVUdLn16zCgvYoFXya3pyVb\\\":$2,\\\"RNyBS6ryQtPPQnJhavKn9o94U2RNExLZon\\\":$2,\\\"RPMpwKpzWyg5KoMcsuy3mZucUWNdcP2ndD\\\":$2,\\\"RVPcbafNSi6uMaKDyss9epGpHCHbbzUFMd\\\":$2,\\\"RAzheh3L7QtBL7oNKByVa43CtgALht6bbT\\\":$2,\\\"RMdjuxKBhyr87yhKp6BLUg2p9673NMcPAu\\\":$2,\\\"RUPX5RWQL1qurMLmF4fFB4JAgRfwcNww4b\\\":$2,\\\"RQLn2QYwXDemFN3DNigU5qv3wUrA3WqquA\\\":$2,\\\"RMfQwu5ey23eWJ4as2ckd8dqsQJwo836ny\\\":$2,\\\"RQzkkncY8ehpRg8M4kvKmDMcbFxcJvohgk\\\":$2,\\\"RXUF132uyPVTVUdLn16zCgvYoFXya3pyVb\\\":$2,\\\"RNyBS6ryQtPPQnJhavKn9o94U2RNExLZ...",
                "preview_highlight": "<div class=\"CodeMirror cm-s-default CodeMirrorServer\" oncopy=\"if(event.clipboardData){event.clipboardData.setData('text\/plain',window.getSelection().toString().replace(\/\\u200b\/g,''));event.preventDefault();event.stopPropagation();}\">\n<div class=\"CodeMirror-code\">\n<div><pre>fiat\/$1 sendmany \\&quot;\\&quot; &quot;{\\&quot;RMfQwu5ey23eWJ4as2ckd8dqsQJwo836ny\\&quot;:$2,\\&quot;RQzkkncY8ehpRg8M4kvKmDMcbFxcJvohgk\\&quot;:$2,\\&quot;RXUF132uyPVTVUdLn16zCgvYoFXya3pyVb\\&quot;:$2,\\&quot;RNyBS6ryQtPPQnJhavKn9o94U2RNExLZon\\&quot;:$2,\\&quot;RPMpwKpzWyg5KoMcsuy3mZucUWNdcP2ndD\\&quot;:$2,\\&quot;RVPcbafNSi6uMaKDyss9epGpHCHbbzUFMd\\&quot;:$2,\\&quot;RAzheh3L7QtBL7oNKByVa43CtgALht6bbT\\&quot;:$2,\\&quot;RMdjuxKBhyr87yhKp6BLUg2p9673NMcPAu\\&quot;:$2,\\&quot;RUPX5RWQL1qurMLmF4fFB4JAgRfwcNww4b\\&quot;:$2,\\&quot;RQLn2QYwXDemFN3DNigU5qv3wUrA3WqquA\\&quot;:$2,\\&quot;RMfQwu5ey23eWJ4as2ckd8dqsQJwo836ny\\&quot;:$2,\\&quot;RQzkkncY8ehpRg8M4kvKmDMcbFxcJvohgk\\&quot;:$2,\\&quot;RXUF132uyPVTVUdLn16zCgvYoFXya3pyVb\\&quot;:$2,\\&quot;RNyBS6ryQtPPQnJhavKn9o94U2RNExLZon\\&quot;:$2,\\&quot;RPMpwKpzWyg5KoMcsuy3mZucUWNdcP2ndD\\&quot;:$2,\\&quot;RVPcbafNSi6uMaKDyss9epGpHCHbbzUFMd\\&quot;:$2,\\&quot;RAzheh3L7QtBL7oNKByVa43CtgALht6bbT\\&quot;:$2,\\&quot;RMdjuxKBhyr87yhKp6BLUg2p9673NMcPAu\\&quot;:$2,\\&quot;RUPX5RWQL1qurMLmF4fFB4JAgRfwcNww4b\\&quot;:$2,\\&quot;RQLn2QYwXDemFN3DNigU5qv3wUrA3WqquA\\&quot;:$2,\\&quot;RMfQwu5ey23eWJ4as2ckd8dqsQJwo836ny\\&quot;:$2,\\&quot;RQzkkncY8ehpRg8M4kvKmDMcbFxcJvohgk\\&quot;:$2,\\&quot;RXUF132uyPVTVUdLn16zCgvYoFXya3pyVb\\&quot;:$2,\\&quot;RNyBS6ryQtPPQnJhavKn9o94U2RNExLZ...<\/pre><\/div>\n<\/div>\n<\/div>\n",
                "lines": 2,
                "lines_more": 1,
                "preview_is_truncated": true
            }
        ],
        "upload": true,
        "user": "U02LQ1WHQ",
        "display_as_bot": false,
        "ts": "1518967825.000029"
    },
    {
        "type": "message",
        "user": "U0394QTC7",
        "text": "ah, so with `fiat\/revs 10` you instantly fund all your LP's with 10 REVS",
        "ts": "1518967906.000092"
    },
    {
        "type": "message",
        "user": "U0394QTC7",
        "text": "no wait",
        "ts": "1518967914.000085"
    },
    {
        "type": "message",
        "user": "U0394QTC7",
        "text": "just the two arguments. ok, cool",
        "ts": "1518967936.000015"
    },
    {
        "type": "message",
        "user": "U0394QTC7",
        "text": "but i was working with BCH and wanted to split utxos without using marketmaker",
        "ts": "1518967948.000050"
    },
    {
        "type": "message",
        "user": "U0394QTC7",
        "text": "and that didn't really work with sendmany",
        "ts": "1518967966.000056"
    },
    {
        "type": "message",
        "user": "U02LQ1WHQ",
        "text": "i think bitcoin has some silly restrictions in it, so you would need to use the withdraw api in barterDEX",
        "ts": "1518968149.000026"
    },
    {
        "text": "feels blacklisted\n```$ curl -s --url \"<http:\/\/127.0.0.1:7783>\" --data \"{\\\"userpass\\\":\\\"$userpass\\\",\\\"method\\\":\\\"orderbook\\\",\\\"base\\\":\\\"SUPERNET\\\",\\\"rel\\\":\\\"KMD\\\"}\"\n{\"bids\":[],\"numbids\":0,\"biddepth\":0,\"asks\":[],\"numasks\":0,\"askdepth\":0,\"base\":\"SUPERNET\",\"rel\":\"KMD\",\"timestamp\":1518972085,\"netid\":0}```\n:cry:",
        "type": "message",
        "subtype": "me_message",
        "user": "U6MTBP2QK",
        "ts": "1518972129.000031"
    },
    {
        "type": "message",
        "user": "U0A6XAZ98",
        "text": "same here..can't connect to any seed node",
        "ts": "1518972376.000037"
    },
    {
        "text": "no longer the black :sheep: \n:D",
        "type": "message",
        "subtype": "me_message",
        "user": "U6MTBP2QK",
        "ts": "1518973069.000044"
    },
    {
        "type": "message",
        "user": "U1SJT84KS",
        "text": "i got bored and made a beer faucet\nit will fund 0.0777 BEER to any t address\n<http:\/\/atomicexplorer.com\/#\/faucet>",
        "edited": {
            "user": "U1SJT84KS",
            "ts": "1518973739.000000"
        },
        "ts": "1518973735.000092",
        "reactions": [
            {
                "name": "beers",
                "users": [
                    "U6U67BH37",
                    "U6PPCCQ00",
                    "U02QSHX81",
                    "U37CPU0CA"
                ],
                "count": 4
            },
            {
                "name": "+1",
                "users": [
                    "U6MTBP2QK",
                    "U02QSHX81",
                    "U37CPU0CA"
                ],
                "count": 3
            },
            {
                "name": "shexy",
                "users": [
                    "U6MTBP2QK",
                    "U37CPU0CA"
                ],
                "count": 2
            },
            {
                "name": "the_horns::skin-tone-3",
                "users": [
                    "U33CGLNNR",
                    "U5WU93QUQ",
                    "U37CPU0CA"
                ],
                "count": 3
            }
        ]
    },
    {
        "type": "message",
        "user": "U6MTBP2QK",
        "text": ":smile:",
        "ts": "1518973809.000086"
    },
    {
        "type": "message",
        "user": "U6U67BH37",
        "text": "<@U1SJT84KS> did you use some existing faucet code or write your own?",
        "ts": "1518973819.000151"
    },
    {
        "type": "message",
        "user": "U02QSHX81",
        "text": "<@U1SJT84KS> do you need BEER funding? please send me the receiving address and I'll send some.",
        "ts": "1518973898.000075",
        "reactions": [
            {
                "name": "+1",
                "users": [
                    "U5WU93QUQ"
                ],
                "count": 1
            }
        ]
    },
    {
        "type": "message",
        "user": "U6PPCCQ00",
        "text": "<@U02QSHX81> 0conf deposit will get matured in how much time for 1 week of deposit ? \n when I check to claim It shows wait time a way more than 19 days\n```claiming from.([\"1f1a8534a1c3b8dc0c046b7ea9ff40693f4a51f80739247ec2169f41e0f5c81b\"])\niter.0 j.0 claimtime.1518973554 vs 1520467200, wait 1493646 seconds to 1f1a8534a1c3b8dc0c046b7ea9ff40693f4a51f80739247ec2169f41e0f5c81b claim 12.00290410```",
        "ts": "1518974711.000037"
    },
    {
        "type": "message",
        "user": "U02QSHX81",
        "text": "did you use CLI or GUI?",
        "ts": "1518974902.000038"
    },
    {
        "type": "message",
        "user": "U02QSHX81",
        "text": "your deposit is not expired yet",
        "ts": "1518974914.000004"
    },
    {
        "type": "message",
        "user": "U6PPCCQ00",
        "text": "Cli through Linux Ubuntu 16.04",
        "ts": "1518974921.000047"
    },
    {
        "type": "message",
        "user": "U02QSHX81",
        "text": "what happens when you try to claim expired deposits?",
        "ts": "1518974930.000017"
    },
    {
        "type": "message",
        "user": "U6PPCCQ00",
        "text": "Yes, I know The wait time  I was referring to\nDeposited on 17 feb should be matured by 7 days + 3days  of lock time, But wait time shows More than 10 days",
        "edited": {
            "user": "U6PPCCQ00",
            "ts": "1518975032.000000"
        },
        "ts": "1518974943.000055"
    },
    {
        "type": "message",
        "user": "U02QSHX81",
        "text": "do you have the deposit details? e.g.: console output of the deposit\n<@U02LQ1WHQ> can tell you better than me",
        "ts": "1518975235.000030"
    },
    {
        "type": "message",
        "user": "U6MTBP2QK",
        "text": "that stamp reads more like 3 weeks from the 15th :confused:",
        "ts": "1518975246.000100"
    },
    {
        "type": "message",
        "user": "U6MTBP2QK",
        "text": "perhaps the 12 (vs 10) moofed it?",
        "ts": "1518975344.000110"
    },
    {
        "type": "message",
        "user": "U6PPCCQ00",
        "text": "I don't think so, we can put any amount",
        "ts": "1518975585.000107"
    },
    {
        "type": "message",
        "user": "U6PPCCQ00",
        "text": "We can't  get deposit details too, to troubleshoot further on User issues, I failed to fetch the duration of their deposits.\nIs there any way to fetch deposit duration ?",
        "ts": "1518976095.000012"
    },
    {
        "type": "message",
        "user": "U02QSHX81",
        "text": "the deposit duration is managed by the `deposit` API",
        "ts": "1518976156.000038"
    },
    {
        "type": "message",
        "user": "U6PPCCQ00",
        "text": "<@U02QSHX81> DM you, Latest deposit details for 1 week, Point me if you find anything",
        "ts": "1518977342.000033"
    },
    {
        "type": "message",
        "user": "U0394QTC7",
        "text": "<@U02LQ1WHQ> <@U0325KXM5> pointed out this morning about this hash lock attack <https:\/\/gist.github.com\/markblundeberg\/7a932c98179de2190049f5823907c016>",
        "ts": "1518978022.000074"
    },
    {
        "type": "message",
        "user": "U0394QTC7",
        "text": "is that applicable to barterdex too?",
        "ts": "1518978036.000118"
    },
    {
        "type": "message",
        "user": "U42RD3BB6",
        "text": "welp that chips dip was a good btfd",
        "ts": "1518978797.000135"
    },
    {
        "type": "message",
        "user": "U42RD3BB6",
        "text": "<http:\/\/atomicexplorer.com\/#\/books\/KMD-CHIPS> 13.8\n<http:\/\/atomicexplorer.com\/#\/books\/CHIPS-KMD> 0.065",
        "attachments": [
            {
                "title": "Atomic Explorer",
                "title_link": "http:\/\/atomicexplorer.com\/#\/books\/KMD-CHIPS",
                "text": "Atomic Explorer",
                "fallback": "Atomic Explorer",
                "from_url": "http:\/\/atomicexplorer.com\/#\/books\/KMD-CHIPS",
                "service_name": "atomicexplorer.com",
                "id": 1
            }
        ],
        "edited": {
            "user": "U42RD3BB6",
            "ts": "1518979348.000000"
        },
        "ts": "1518979323.000077"
    },
    {
        "type": "message",
        "user": "U42RD3BB6",
        "text": "does not compute",
        "ts": "1518979332.000045"
    },
    {
        "type": "message",
        "user": "U0394QTC7",
        "text": "what does not compute?",
        "ts": "1518979351.000043"
    },
    {
        "type": "message",
        "user": "U42RD3BB6",
        "text": "13.8 is roughly ~ 0.072 . having a rough time seeing the bobs atm in bdex but should be 0.072 i think",
        "ts": "1518979408.000081"
    },
    {
        "type": "message",
        "user": "U1SJT84KS",
        "text": "<@U6U67BH37> custom code, hacked together in a few hours\n<@U02QSHX81> i have plenty for now\nthere's 900+ beer on that address\n0.0777 out sizes should last for some time",
        "edited": {
            "user": "U1SJT84KS",
            "ts": "1518979471.000000"
        },
        "ts": "1518979434.000056"
    },
    {
        "type": "message",
        "user": "U42RD3BB6",
        "text": "i just find it odd that atomic explorer has it right for one pair but not the inverse",
        "ts": "1518979481.000014"
    },
    {
        "type": "message",
        "user": "U02QSHX81",
        "text": "<@U1SJT84KS> i have 8 mil BEER :smile:",
        "ts": "1518979539.000022"
    },
    {
        "type": "message",
        "user": "U42RD3BB6",
        "text": "oh wait der",
        "ts": "1518979539.000085"
    },
    {
        "type": "message",
        "user": "U42RD3BB6",
        "text": "looking at the orderbook backwards",
        "ts": "1518979546.000103"
    },
    {
        "type": "message",
        "user": "U42RD3BB6",
        "text": "carry on  :slightly_smiling_face:",
        "ts": "1518979551.000001"
    },
    {
        "type": "message",
        "user": "U8MLQ662K",
        "text": "lol I did the math as soon as you said that and thought I was missing something",
        "ts": "1518979573.000041"
    },
    {
        "type": "message",
        "user": "U42RD3BB6",
        "text": "lol nope im just crazy",
        "ts": "1518979601.000034"
    },
    {
        "type": "message",
        "user": "U42RD3BB6",
        "text": "i cant be the only one that gets confused still once in a while with inverse and pairs, cuz brain",
        "ts": "1518979641.000028"
    },
    {
        "type": "message",
        "user": "U1SJT84KS",
        "text": "<@U02QSHX81> okay you can send refill whenever you want but lets test it first",
        "edited": {
            "user": "U1SJT84KS",
            "ts": "1518979670.000000"
        },
        "ts": "1518979653.000106"
    },
    {
        "type": "message",
        "user": "U8MLQ662K",
        "text": "every day just about",
        "ts": "1518979655.000013"
    },
    {
        "type": "message",
        "user": "U0394QTC7",
        "text": "yep, me too",
        "ts": "1518979660.000030"
    },
    {
        "type": "message",
        "user": "U42RD3BB6",
        "text": "so 0.072 it is",
        "ts": "1518979709.000051"
    },
    {
        "type": "message",
        "text": "",
        "files": [
            {
                "id": "F9A9TD7NC",
                "created": 1518979733,
                "timestamp": 1518979733,
                "name": "Screenshot from 2018-02-18 18-48-38.png",
                "title": "Screenshot from 2018-02-18 18-48-38.png",
                "mimetype": "image\/png",
                "filetype": "png",
                "pretty_type": "PNG",
                "user": "U02QSHX81",
                "editable": false,
                "size": 35230,
                "mode": "hosted",
                "is_external": false,
                "external_type": "",
                "is_public": true,
                "public_url_shared": false,
                "display_as_bot": false,
                "username": "",
                "url_private": "https:\/\/files.slack.com\/files-pri\/T02LAJBUW-F9A9TD7NC\/screenshot_from_2018-02-18_18-48-38.png?t=xoxe-2690623982-420508393732-420508393844-55126cc98091fbe0399fac3c66f6ed8e",
                "url_private_download": "https:\/\/files.slack.com\/files-pri\/T02LAJBUW-F9A9TD7NC\/download\/screenshot_from_2018-02-18_18-48-38.png?t=xoxe-2690623982-420508393732-420508393844-55126cc98091fbe0399fac3c66f6ed8e",
                "thumb_64": "https:\/\/files.slack.com\/files-tmb\/T02LAJBUW-F9A9TD7NC-7e6310b85c\/screenshot_from_2018-02-18_18-48-38_64.png?t=xoxe-2690623982-420508393732-420508393844-55126cc98091fbe0399fac3c66f6ed8e",
                "thumb_80": "https:\/\/files.slack.com\/files-tmb\/T02LAJBUW-F9A9TD7NC-7e6310b85c\/screenshot_from_2018-02-18_18-48-38_80.png?t=xoxe-2690623982-420508393732-420508393844-55126cc98091fbe0399fac3c66f6ed8e",
                "thumb_360": "https:\/\/files.slack.com\/files-tmb\/T02LAJBUW-F9A9TD7NC-7e6310b85c\/screenshot_from_2018-02-18_18-48-38_360.png?t=xoxe-2690623982-420508393732-420508393844-55126cc98091fbe0399fac3c66f6ed8e",
                "thumb_360_w": 360,
                "thumb_360_h": 100,
                "thumb_480": "https:\/\/files.slack.com\/files-tmb\/T02LAJBUW-F9A9TD7NC-7e6310b85c\/screenshot_from_2018-02-18_18-48-38_480.png?t=xoxe-2690623982-420508393732-420508393844-55126cc98091fbe0399fac3c66f6ed8e",
                "thumb_480_w": 480,
                "thumb_480_h": 134,
                "thumb_160": "https:\/\/files.slack.com\/files-tmb\/T02LAJBUW-F9A9TD7NC-7e6310b85c\/screenshot_from_2018-02-18_18-48-38_160.png?t=xoxe-2690623982-420508393732-420508393844-55126cc98091fbe0399fac3c66f6ed8e",
                "thumb_720": "https:\/\/files.slack.com\/files-tmb\/T02LAJBUW-F9A9TD7NC-7e6310b85c\/screenshot_from_2018-02-18_18-48-38_720.png?t=xoxe-2690623982-420508393732-420508393844-55126cc98091fbe0399fac3c66f6ed8e",
                "thumb_720_w": 720,
                "thumb_720_h": 201,
                "thumb_800": "https:\/\/files.slack.com\/files-tmb\/T02LAJBUW-F9A9TD7NC-7e6310b85c\/screenshot_from_2018-02-18_18-48-38_800.png?t=xoxe-2690623982-420508393732-420508393844-55126cc98091fbe0399fac3c66f6ed8e",
                "thumb_800_w": 800,
                "thumb_800_h": 223,
                "thumb_960": "https:\/\/files.slack.com\/files-tmb\/T02LAJBUW-F9A9TD7NC-7e6310b85c\/screenshot_from_2018-02-18_18-48-38_960.png?t=xoxe-2690623982-420508393732-420508393844-55126cc98091fbe0399fac3c66f6ed8e",
                "thumb_960_w": 960,
                "thumb_960_h": 267,
                "thumb_1024": "https:\/\/files.slack.com\/files-tmb\/T02LAJBUW-F9A9TD7NC-7e6310b85c\/screenshot_from_2018-02-18_18-48-38_1024.png?t=xoxe-2690623982-420508393732-420508393844-55126cc98091fbe0399fac3c66f6ed8e",
                "thumb_1024_w": 1024,
                "thumb_1024_h": 285,
                "image_exif_rotation": 1,
                "original_w": 1170,
                "original_h": 326,
                "permalink": "https:\/\/komodo-platform.slack.com\/files\/U02QSHX81\/F9A9TD7NC\/screenshot_from_2018-02-18_18-48-38.png",
                "permalink_public": "https:\/\/slack-files.com\/T02LAJBUW-F9A9TD7NC-ee34a1de57"
            }
        ],
        "upload": true,
        "user": "U02QSHX81",
        "display_as_bot": false,
        "ts": "1518979736.000040"
    },
    {
        "type": "message",
        "user": "U9AMCR3EX",
        "text": "Hello, <@U2Q1DP6EQ> \nI wasn't on slack until now, I'll send you some ZEL!",
        "ts": "1518979751.000026"
    },
    {
        "type": "message",
        "user": "U42RD3BB6",
        "text": "ive been supplying kmd (albeit tiny) past few days for lps. picked up 5k chips past few days",
        "ts": "1518979767.000006"
    },
    {
        "type": "message",
        "user": "U02QSHX81",
        "text": "<@U1SJT84KS> can you please make the link to open in a new browser window? that way, users don't have to leave the atomicexplorer site",
        "ts": "1518979786.000123"
    },
    {
        "type": "message",
        "user": "U02QSHX81",
        "text": "i just did a test and worked for me. 0.0777 BEER came in very fast",
        "ts": "1518979811.000021"
    },
    {
        "type": "message",
        "user": "U02QSHX81",
        "text": "kmdbot tip <@U1SJT84KS> 0.0777 KMD for this awesome BEER faucet integration!",
        "ts": "1518979938.000086"
    },
    {
        "username": "",
        "text": "<@U02QSHX81> sent <@U1SJT84KS> 0.0777KMD (<https:\/\/www.kmd.host\/tx\/5496e7187fae0888b9e54f486eb7a279923a847161fd6219b9d197dd33c7e131| view on blockchain>)",
        "bot_id": "B8Y9N7F0U",
        "type": "message",
        "subtype": "bot_message",
        "ts": "1518979939.000030"
    },
    {
        "type": "message",
        "user": "U6MTBP2QK",
        "text": "what, exactly, is `maxvolume` in the orderbook?",
        "ts": "1518982296.000134"
    },
    {
        "type": "message",
        "user": "U02QSHX81",
        "text": "maximum utxo size available. remember what James says - _avg. volume, max volume &amp; depth are illusion_",
        "ts": "1518982422.000024"
    },
    {
        "type": "message",
        "user": "U02QSHX81",
        "text": "these data are not exactly accurate",
        "ts": "1518982506.000096"
    },
    {
        "type": "message",
        "user": "U6MTBP2QK",
        "text": "yeah, I get that, I just can't pluck any _i_ out of the air that that even comes close to  it",
        "ts": "1518982526.000010"
    },
    {
        "type": "message",
        "user": "U02QSHX81",
        "text": "i see big chunks as well. but, couldn't get any of them :stuck_out_tongue:",
        "ts": "1518982557.000021"
    },
    {
        "type": "message",
        "user": "U6MTBP2QK",
        "text": "well, I wasn't so much looking to \"get big chunks\" as much as trying to understand the information presented",
        "ts": "1518982966.000083"
    },
    {
        "type": "message",
        "user": "U42RD3BB6",
        "text": "I don't know if it's right on the money but it could be max utxo - (max utxo * 0.125)",
        "client_msg_id": "bfccba32-9fd7-41da-959e-4a1a90fcfb01",
        "ts": "1518984145.000025"
    },
    {
        "type": "message",
        "user": "U42RD3BB6",
        "text": "It always seems to be slightly smaller than the max ",
        "client_msg_id": "11bd7f14-3701-4f0d-9f56-23d92bfc929e",
        "ts": "1518984175.000070"
    },
    {
        "type": "message",
        "user": "U02LQ1WHQ",
        "text": "<@U0394QTC7> it is a clever attack, but barterDEX is already immune from it as alice validates bob's redeemscript whenever it receives a bob tx, ie. the actual bytes to generate the p2sh address are exchanged, which means not only is the length known, but the exact redeemscript is known.",
        "ts": "1518986104.000024"
    },
    {
        "type": "message",
        "user": "U02LQ1WHQ",
        "text": "for 0conf deposits the extra time can be up to a week as it operates on a weekly cycle",
        "ts": "1518986371.000088"
    },
    {
        "type": "message",
        "user": "U02LQ1WHQ",
        "text": "best is to make the 0conf deposit on saturdays",
        "ts": "1518986383.000109",
        "reactions": [
            {
                "name": "sunglasses",
                "users": [
                    "U6U67BH37",
                    "U02QSHX81"
                ],
                "count": 2
            }
        ]
    },
    {
        "type": "message",
        "user": "U0394QTC7",
        "text": "i looked into it too, but the 17th seems a saturday to me",
        "ts": "1518986588.000005"
    },
    {
        "type": "message",
        "user": "U0394QTC7",
        "text": "maybe he JUST got on the edge",
        "ts": "1518986595.000081"
    },
    {
        "type": "message",
        "user": "U02LQ1WHQ",
        "text": "yes, not sure the exact cutoff, I guess Friday is safest anywhere in the world",
        "ts": "1518986706.000113"
    },
    {
        "type": "message",
        "user": "U41M5AAJW",
        "text": "Where can i get the latest binaries to build kmd in windows",
        "client_msg_id": "25b289b1-a381-498e-9cc2-304e3f575cb0",
        "ts": "1518990440.000008"
    },
    {
        "type": "message",
        "user": "U66SWTM47",
        "text": "you don't build from binaries, you build from source code and make binaries with it.",
        "ts": "1518990799.000008"
    },
    {
        "type": "message",
        "user": "U66SWTM47",
        "text": "I think that <@U5VUWSR0D> was experimenting with windows builds?",
        "ts": "1518990828.000039"
    },
    {
        "type": "message",
        "user": "U8NM5BFNC",
        "text": "I'd like to export my Litecoin private key from BarterDEX. How can I do this?",
        "ts": "1518991107.000042"
    },
    {
        "type": "message",
        "user": "U02LQ1WHQ",
        "text": "<@U41M5AAJW> pushed fix for MAX_MONEY limitation",
        "ts": "1518991210.000008"
    },
    {
        "type": "message",
        "user": "U41M5AAJW",
        "text": "Thanks!",
        "client_msg_id": "23c87fbf-3a6a-4465-8f0b-c6a5fecc74c0",
        "ts": "1518991445.000134"
    },
    {
        "type": "message",
        "user": "U02LQ1WHQ",
        "text": "keep finding bugs! and if things dont work right, it is likely due to bugs, it is untested totally new mining options",
        "ts": "1518991540.000016"
    },
    {
        "type": "message",
        "user": "U8MLQ662K",
        "text": "<https:\/\/komodo-platform.slack.com\/archives\/C0MN08277\/p1518721471000681>",
        "attachments": [
            {
                "from_url": "https:\/\/komodo-platform.slack.com\/archives\/C0MN08277\/p1518721471000681",
                "fallback": "[February 15th, 2018 11:04 AM] jl777: if it can get a direct 2of2 msig, then we can write a thin bitcoin protocol layer on top",
                "ts": "1518721471.000681",
                "author_id": "U02LQ1WHQ",
                "author_subname": "james lee",
                "channel_id": "C0MN08277",
                "channel_name": "tradebots",
                "is_msg_unfurl": true,
                "text": "if it can get a direct 2of2 msig, then we can write a thin bitcoin protocol layer on top",
                "author_name": "james lee",
                "author_link": "https:\/\/komodo-platform.slack.com\/team\/U02LQ1WHQ",
                "author_icon": "https:\/\/avatars.slack-edge.com\/2018-01-10\/296115143092_ae3b7d347d73ea3df2a6_48.png",
                "mrkdwn_in": [
                    "text"
                ],
                "id": 1,
                "footer": "Posted in #tradebots"
            }
        ],
        "ts": "1518999604.000159"
    },
    {
        "type": "message",
        "user": "U8MLQ662K",
        "text": "<https:\/\/monero.stackexchange.com\/questions\/5646\/how-to-use-monero-multisignature-wallets-2-2-2-3\/5647#5647>",
        "attachments": [
            {
                "title": "How to Use Monero Multisignature Wallets (2\/2 &amp; 2\/3)",
                "title_link": "https:\/\/monero.stackexchange.com\/questions\/5646\/how-to-use-monero-multisignature-wallets-2-2-2-3\/5647#5647",
                "text": "Disclaimer: this is written for the pre-release version and for testing purposes only (at the present moment). Use at your own responsibility and don't play with big amounts. To test yourself, you ...",
                "fallback": "How to Use Monero Multisignature Wallets (2\/2 &amp; 2\/3)",
                "thumb_url": "https:\/\/cdn.sstatic.net\/Sites\/monero\/img\/apple-touch-icon@2.png?v=33aa1fc3a47c",
                "from_url": "https:\/\/monero.stackexchange.com\/questions\/5646\/how-to-use-monero-multisignature-wallets-2-2-2-3\/5647#5647",
                "thumb_width": 316,
                "thumb_height": 316,
                "service_icon": "https:\/\/cdn.sstatic.net\/Sites\/monero\/img\/favicon.ico?v=c9048dba12dd",
                "service_name": "monero.stackexchange.com",
                "id": 1
            }
        ],
        "ts": "1518999607.000155"
    },
    {
        "type": "message",
        "user": "U8MLQ662K",
        "text": "<@U02LQ1WHQ>",
        "ts": "1518999612.000127"
    },
    {
        "type": "message",
        "user": "U02LQ1WHQ",
        "text": "it is 2of2 multisig but it doesnt appear to be secp256k1",
        "ts": "1518999682.000144"
    },
    {
        "type": "message",
        "user": "U8MLQ662K",
        "text": ":confused:",
        "ts": "1518999689.000019"
    },
    {
        "type": "message",
        "user": "U02LQ1WHQ",
        "text": "5000 KMD on marketmaker bobs",
        "ts": "1519006409.000117"
    },
    {
        "type": "message",
        "user": "U02LQ1WHQ",
        "text": "i think i fixed a big part of the \"bob was too late\" error, as soon as that is fixed I will put a lot more inventory in the bob nodes",
        "ts": "1519006457.000045",
        "reactions": [
            {
                "name": "rocket",
                "users": [
                    "U66SWTM47",
                    "U2KQU7Y3G"
                ],
                "count": 2
            },
            {
                "name": "clap",
                "users": [
                    "U66SWTM47"
                ],
                "count": 1
            },
            {
                "name": "ok_hand",
                "users": [
                    "U66SWTM47"
                ],
                "count": 1
            }
        ]
    },
    {
        "type": "message",
        "user": "U034631U0",
        "text": "is that error causing bob to leak money in deposit losses",
        "ts": "1519006565.000003"
    },
    {
        "type": "message",
        "user": "U8T3ZA1MG",
        "text": "<@U02LQ1WHQ> are these 10 utxos?",
        "ts": "1519006979.000160"
    },
    {
        "type": "message",
        "user": "U02LQ1WHQ",
        "text": "yes deposit losses, it turns out i just exited the swap completing loop if there was any error and on a slow system with lots of swaps, the background processing was too slow",
        "ts": "1519007043.000048"
    },
    {
        "type": "message",
        "user": "U81J3QWRG",
        "text": "<@U02LQ1WHQ> how does this look to you?  posted on reddit an hour ago\n```\nHowever, I've recently discovered that the most common implementation of smart contracts for atomic swap typically has a subtle bug involving incompatible secret sizes between different cryptocurrency scripting languages. It therefore affects some trading pairs (BTC &lt;-&gt; ETH) but not others (BTC &lt;-&gt; LTC).\n\nThe bug allows one party to steal the funds of the other, without risk. All details here, including a simple fix:\n\n<https:\/\/gist.github.com\/markblundeberg\/7a932c98179de2190049f5823907c016>\n```",
        "attachments": [
            {
                "fallback": "[February 19th, 2018 3:49 PM] sabretooth: Whats the deal with this? <https:\/\/www.reddit.com\/r\/btc\/comments\/7yjxpm\/be_careful_with_crosschain_atomic_swaps_ive_found\/>",
                "ts": "1519015751.000126",
                "author_id": "U07934K9R",
                "author_subname": "sabretooth",
                "channel_id": "C02LAJBV4",
                "channel_name": "general",
                "is_msg_unfurl": true,
                "text": "Whats the deal with this? <https:\/\/www.reddit.com\/r\/btc\/comments\/7yjxpm\/be_careful_with_crosschain_atomic_swaps_ive_found\/>",
                "author_name": "sabretooth",
                "author_link": "https:\/\/komodo-platform.slack.com\/team\/U07934K9R",
                "author_icon": "https:\/\/avatars.slack-edge.com\/2016-02-14\/21340301010_897c1701794b3658061c_48.jpg",
                "mrkdwn_in": [
                    "text"
                ],
                "color": "D0D0D0",
                "from_url": "https:\/\/komodo-platform.slack.com\/archives\/C02LAJBV4\/p1519015751000126",
                "is_share": true,
                "footer": "Posted in #general"
            }
        ],
        "ts": "1519016286.000057"
    },
    {
        "type": "message",
        "user": "U6MTBP2QK",
        "text": "<@U81J3QWRG>",
        "attachments": [
            {
                "fallback": "[February 18th, 2018 2:35 PM] jl777: <@U0394QTC7> it is a clever attack, but barterDEX is already immune from it as alice validates bob's redeemscript whenever it receives a bob tx, ie. the actual bytes to generate the p2sh address are exchanged, which means not only is the length known, but the exact redeemscript is known.",
                "ts": "1518986104.000024",
                "author_id": "U02LQ1WHQ",
                "author_subname": "james lee",
                "channel_id": "C0MN08277",
                "channel_name": "tradebots",
                "is_msg_unfurl": true,
                "text": "<@U0394QTC7> it is a clever attack, but barterDEX is already immune from it as alice validates bob's redeemscript whenever it receives a bob tx, ie. the actual bytes to generate the p2sh address are exchanged, which means not only is the length known, but the exact redeemscript is known.",
                "author_name": "james lee",
                "author_link": "https:\/\/komodo-platform.slack.com\/team\/U02LQ1WHQ",
                "author_icon": "https:\/\/avatars.slack-edge.com\/2018-01-10\/296115143092_ae3b7d347d73ea3df2a6_48.png",
                "mrkdwn_in": [
                    "text"
                ],
                "color": "D0D0D0",
                "from_url": "https:\/\/komodo-platform.slack.com\/archives\/C0MN08277\/p1518986104000024",
                "is_share": true,
                "footer": "Posted in #tradebots"
            }
        ],
        "ts": "1519016411.000149"
    },
    {
        "type": "message",
        "user": "U81J3QWRG",
        "text": "legends, thanks",
        "ts": "1519016437.000205"
    },
    {
        "text": "wonders why slack devs bothered to add a scroll bar",
        "type": "message",
        "subtype": "me_message",
        "user": "U6MTBP2QK",
        "ts": "1519016441.000111"
    },
    {
        "text": "or a search box",
        "type": "message",
        "subtype": "me_message",
        "user": "U6MTBP2QK",
        "ts": "1519016455.000064"
    },
    {
        "type": "message",
        "user": "U81J3QWRG",
        "text": "to dangle carrots from",
        "ts": "1519016474.000171",
        "reactions": [
            {
                "name": "joy",
                "users": [
                    "U5Z26MP60"
                ],
                "count": 1
            }
        ]
    },
    {
        "text": "goes to dangle his carrot elsewhere",
        "type": "message",
        "subtype": "me_message",
        "user": "U6MTBP2QK",
        "ts": "1519016502.000009"
    },
    {
        "type": "message",
        "user": "U81J3QWRG",
        "text": "lol.",
        "ts": "1519016810.000009"
    },
    {
        "type": "message",
        "user": "U81J3QWRG",
        "text": "re that atomic swap link above, i've commented in both reddit and the gist published on github the above statement.",
        "ts": "1519016830.000186"
    },
    {
        "type": "message",
        "user": "U81J3QWRG",
        "text": "go upvote!",
        "ts": "1519016860.000009"
    },
    {
        "type": "message",
        "user": "U2Q1DP6EQ",
        "text": "<@U9AMCR3EX> thanks for the ZEL. I finally managed to do a swap, but had to boost the txfee to 10000, 1000 was not enough, so the txs were not mined, like this one: <http:\/\/explorer.zel.cash\/tx\/6f0f3199325d0db90a292f608b7d9f086c1602845474aa70884933a5bef85295>",
        "ts": "1519018847.000153"
    },
    {
        "type": "message",
        "user": "U2Q1DP6EQ",
        "text": "we have a new coin in BarterDEX, Zelcash (ZEL)\n```SWAP completed! 3246531587-2971573652 {\"expiration\":1519033884,\"tradeid\":0,\"requestid\":3246531587,\"quoteid\":2971573652,\"iambob\":1,\"Bgui\":\"nogui\",\"Agui\":\"\",\"gui\":\"nogui\",\"bob\":\"ZEL\",\"srcamount\":7.24111627,\"bobtxfee\":0.00010000,\"alice\":\"KMD\",\"destamount\":0.90000000,\"alicetxfee\":0.00001000,\"aliceid\":\"8549425499689713675\",\"sentflags\":[\"alicespend\", \"bobspend\", \"bobpayment\", \"alicepayment\", \"bobdeposit\", \"bobrefund\"],\"values\":[7.24121627, 0.90001000, 7.24131627, 0.90002000, 8.14645580, 0, 0, 8.14635580, 0, 0, 0],\"result\":\"success\",\"status\":\"finished\",\"finishtime\":1519018432,\"bobdeposit\":\"4a1a3f3f3bbf56be6a8cf20e9dba4ae250e2cfacefbc4017b3948b3e6db0d24a\",\"alicepayment\":\"54d6f616713e2722ea03a346051800adc0f5c77e3a1c415ae7a733ceec3413d5\",\"bobpayment\":\"a0d5b429b11d524883592a874162a6a48985b319c1d38511e521b35c18383ed2\",\"paymentspent\":\"fc318bb249263421a484ae93c446e294018b82d5985e825060351bf0be4dddf5\",\"Apaymentspent\":\"a2dc096f12a5da1870671e911f3f84e0ff01d728cd03a27dbe52f04b10248d6f\",\"depositspent\":\"73fe54693b81b5958d1c71136cb8df48a47132a3018702d52b4157a26bb56e86\",\"method\":\"tradestatus\",\"finishtime\":1519018432}```\nbobdeposit <http:\/\/explorer.zel.cash\/tx\/4a1a3f3f3bbf56be6a8cf20e9dba4ae250e2cfacefbc4017b3948b3e6db0d24a>\nalicepayment <http:\/\/www.kmdexplorer.ru\/tx\/54d6f616713e2722ea03a346051800adc0f5c77e3a1c415ae7a733ceec3413d5>\nbobpayment <http:\/\/explorer.zel.cash\/tx\/a0d5b429b11d524883592a874162a6a48985b319c1d38511e521b35c18383ed2>\n<@U02LQ1WHQ>: the coins-file entry is this: `{\\\"coin\\\":\\\"ZEL\\\",\\\"name\\\":\\\"zelcash\\\",\\\"rpcport\\\":16124,\\\"taddr\\\":28,\\\"pubtype\\\":184,\\\"p2shtype\\\":189,\\\"wiftype\\\":128,\\\"txfee\\\":10000}`",
        "ts": "1519018951.000087"
    },
    {
        "type": "message",
        "user": "U6U67BH37",
        "text": "<@U2Q1DP6EQ> nice work! :+1:",
        "ts": "1519020375.000108"
    },
    {
        "type": "message",
        "user": "U70MZ24DQ",
        "text": "Hi dukeleto",
        "client_msg_id": "fe36d3f1-2a63-405e-bc01-1e7e8fbaf6ca",
        "ts": "1519022082.000097"
    },
    {
        "type": "message",
        "user": "U70MZ24DQ",
        "text": "What do I need to load zel into barterdex \/agama",
        "client_msg_id": "6db7cf7a-6308-4da5-a1fa-34d02184d696",
        "ts": "1519022135.000158"
    },
    {
        "type": "message",
        "user": "U0394QTC7",
        "text": "<https:\/\/www.reddit.com\/r\/btc\/comments\/7yjxpm\/comment\/duh8m0m?st=JDTUT76B&amp;sh=16ab703c>",
        "attachments": [
            {
                "service_name": "reddit",
                "title": "Be careful with cross-chain atomic swaps! I've found a (fixable) exploit in the most common implementation (OP_HASH160  OP_EQUALVERIFY) • r\/btc",
                "title_link": "https:\/\/www.reddit.com\/r\/btc\/comments\/7yjxpm\/comment\/duh8m0m?st=JDTUT76B&sh=16ab703c",
                "text": "Yes, I was looking at the BarterDEX swaps and they seem at first glance to be unaffected, [since they are using the Cut-and-Choose...",
                "fallback": "reddit: Be careful with cross-chain atomic swaps! I've found a (fixable) exploit in the most common implementation (OP_HASH160  OP_EQUALVERIFY) • r\/btc",
                "thumb_url": "https:\/\/i.redditmedia.com\/-rE2egDCYsDVf9Urh1NngDrdFbGD4OQ3lMUMV6ZtLcs.jpg?w=320&s=151485132d5ae3b546b9dac06a8a631e",
                "from_url": "https:\/\/www.reddit.com\/r\/btc\/comments\/7yjxpm\/comment\/duh8m0m?st=JDTUT76B&sh=16ab703c",
                "thumb_width": 320,
                "thumb_height": 320,
                "service_icon": "http:\/\/www.redditstatic.com\/desktop2x\/img\/favicon\/apple-icon-57x57.png",
                "id": 1
            }
        ],
        "ts": "1519022576.000159"
    },
    {
        "type": "message",
        "user": "U0394QTC7",
        "text": "<@U02LQ1WHQ> some appreciation for your cut and choose method ",
        "ts": "1519022605.000170",
        "reactions": [
            {
                "name": "+1",
                "users": [
                    "U81J3QWRG",
                    "U8RH2UDL2",
                    "U19DP1QM9"
                ],
                "count": 3
            }
        ]
    },
    {
        "type": "message",
        "user": "U81J3QWRG",
        "text": "I like his 99.9% chance - he's read the whitepa`er :slightly_smiling_face:",
        "ts": "1519023193.000185"
    },
    {
        "type": "message",
        "user": "U02PH4RHZ",
        "text": "Anyway to reach out to him? Seems like a good dev",
        "client_msg_id": "58b571a2-1366-4602-b812-58507b8bf49d",
        "ts": "1519023267.000208"
    },
    {
        "type": "message",
        "user": "U81J3QWRG",
        "text": "i've asked him to join the komodo slack loosely.  definitely worth trying to lure in",
        "ts": "1519023292.000137"
    },
    {
        "type": "message",
        "user": "U81J3QWRG",
        "text": "get an invite url and PM him on reddit <@U02PH4RHZ>!  i'm going to play :basketball: for an hour",
        "ts": "1519023325.000088"
    },
    {
        "type": "message",
        "user": "U02PH4RHZ",
        "text": "I don't have access to a pc and won't for a few hours but I will reach out when I get back. I found my current dev via this method and he has brought a lot of value",
        "client_msg_id": "33371ff7-4a11-44cb-97f8-50fde0257b30",
        "ts": "1519023646.000219"
    },
    {
        "type": "message",
        "user": "U02PH4RHZ",
        "text": ":+1: ",
        "client_msg_id": "0d93e1af-dde9-4133-a3e1-535e27c31233",
        "ts": "1519023658.000113"
    },
    {
        "type": "message",
        "user": "U5WU93QUQ",
        "text": "Hey everyone. Some fellow lizard friends and I thought the Komodo community could use some flair so we had some rad pins cast of a lizard riding their rocket to the moon. If you live in the US, shipping is free, and you can even make your purchase using cryptos (kmd is of course preferred). <https:\/\/cryptopins.info\/product\/kmd\/>",
        "attachments": [
            {
                "service_name": "Crypto Pins",
                "title": "Komodo (KMD) Pin",
                "title_link": "https:\/\/cryptopins.info\/product\/kmd\/",
                "text": "Unleash your Komodo pride by sporting this little komodo dragon riding a rocket to the moon.  KMD is one of our accepted crypto-currencies via CoinPayments, so you can help get this guy to his dest…",
                "fallback": "Crypto Pins: Komodo (KMD) Pin",
                "image_url": "https:\/\/i2.wp.com\/cryptopins.info\/wp-content\/uploads\/2018\/02\/DSC08208-ver4.jpg?fit=1200%2C1200&ssl=1",
                "image_width": 250,
                "image_height": 250,
                "ts": 1518233081,
                "from_url": "https:\/\/cryptopins.info\/product\/kmd\/",
                "image_bytes": 147331,
                "id": 1
            }
        ],
        "ts": "1519026565.000130"
    }
]