[
    {
        "type": "message",
        "user": "U93ET4RU4",
        "text": "Hi, could someone please check my understanding on the following autoprice examples :\n\n1.\ncurl --url \"<http:\/\/127.0.0.1:7783>\" --data \"{\\\"minprice\\\":0.0003,\\\"maxprice\\\":0.001,\\\"userpass\\\":\\\"$userpass\\\",\\\"method\\\":\\\"autoprice\\\",\\\"base\\\":\\\"KMD\\\",\\\"rel\\\":\\\"BTC\\\",\\\"margin\\\":0.035,\\\"refbase\\\":\\\"komodo\\\",\\\"refrel\\\":\\\"coinmarketcap\\\"}\"\n\n2.\ncurl --url \"<http:\/\/127.0.0.1:7783>\" --data \"{\\\"userpass\\\":\\\"$userpass\\\",\\\"method\\\":\\\"autoprice\\\",\\\"base\\\":\\\"BCH\\\",\\\"rel\\\":\\\"KMD\\\",\\\"margin\\\":0.05,\\\"refbase\\\":\\\"bitcoin-cash\\\",\\\"refrel\\\":\\\"coinmarketcap\\\"}\"\n\nExample 1.  buy BTC with KMD (inverse: sell KMD and receive BTC)\nExample 2.  buy BCH with KMD (inverse: sell KMD and receive BCH)\n\nVery basic stuff.  That's why I really want to wrap my head around it.",
        "ts": "1523778816.000016"
    },
    {
        "type": "message",
        "user": "U0EGQUAPJ",
        "text": "I could be mistaken but I believe Example 2. Is incorrect. As your curl command is formatted, the base is BCH, not KMD, so you would be selling BCH for KMD.",
        "ts": "1523790889.000083"
    },
    {
        "type": "message",
        "user": "U0EGQUAPJ",
        "text": "Considering you’re a market maker, you’re always technically selling, so I’d just try and think of your “inverse” examples as the default behavior, rather than the other way around.",
        "ts": "1523791162.000057"
    },
    {
        "type": "message",
        "user": "U02LQ1WHQ",
        "text": "with refrel coinmarketcap, it should take care of this inversion issue so you just list the trading pair the way you want to view the prices in",
        "ts": "1523791218.000063"
    },
    {
        "type": "message",
        "user": "U93ET4RU4",
        "text": "Ok.\nSo would I be correct in thinking ;\n1.  a buy order buys base (and sells rel)\n2.  a sell order sells base (and buys rel)\n3.  autoprice can be thought of as a sell order and base and rel can be swapped to adjust what side of the order book they appear on",
        "edited": {
            "user": "U93ET4RU4",
            "ts": "1523792934.000000"
        },
        "ts": "1523792720.000030",
        "reactions": [
            {
                "name": "ok_hand",
                "users": [
                    "U6U5LQEAG"
                ],
                "count": 1
            }
        ]
    },
    {
        "type": "message",
        "user": "U41M5AAJW",
        "text": "is a new release worth it?",
        "ts": "1523793520.000062"
    },
    {
        "type": "message",
        "user": "U41M5AAJW",
        "text": "<@U02QSHX81>",
        "ts": "1523793524.000004"
    },
    {
        "type": "message",
        "user": "U03SKEFEL",
        "text": "<https:\/\/github.com\/KomodoPlatform\/BarterDEX\/commit\/0e0c5b0d7d3cb6e8fd5916f5ce506e5b3708cef6>",
        "attachments": [
            {
                "service_name": "GitHub",
                "title": "david bau's seedrandom lib replaced with bip39 node js module · KomodoPlatform\/BarterDEX@0e0c5b0",
                "title_link": "https:\/\/github.com\/KomodoPlatform\/BarterDEX\/commit\/0e0c5b0d7d3cb6e8fd5916f5ce506e5b3708cef6",
                "text": ":chart_with_upwards_trend: BarterDEX: Decentralised Exchange and Cryptocurrency Market",
                "fallback": "GitHub: david bau's seedrandom lib replaced with bip39 node js module · KomodoPlatform\/BarterDEX@0e0c5b0",
                "from_url": "https:\/\/github.com\/KomodoPlatform\/BarterDEX\/commit\/0e0c5b0d7d3cb6e8fd5916f5ce506e5b3708cef6",
                "thumb_url": "https:\/\/avatars1.githubusercontent.com\/u\/12998093?s=200&v=4",
                "thumb_width": 200,
                "thumb_height": 200,
                "service_icon": "https:\/\/a.slack-edge.com\/bfaba\/img\/unfurl_icons\/github.png",
                "id": 1
            }
        ],
        "ts": "1523801516.000093",
        "reactions": [
            {
                "name": "ok_hand",
                "users": [
                    "U66SWTM47"
                ],
                "count": 1
            }
        ]
    },
    {
        "type": "message",
        "user": "U03SKEFEL",
        "text": "<@U02LQ1WHQ> <@U7B8VF6TB> <@U02QSHX81>",
        "ts": "1523801522.000029"
    },
    {
        "type": "message",
        "user": "U03SKEFEL",
        "text": "this update adds node module `bip39` to the packages. Please do `npm update` or `npm upgrade` next time you make a release.",
        "ts": "1523801558.000079"
    },
    {
        "type": "message",
        "user": "U03SKEFEL",
        "text": "<@U41M5AAJW>",
        "ts": "1523801562.000004"
    },
    {
        "type": "message",
        "user": "U41M5AAJW",
        "text": "ok",
        "ts": "1523801592.000080"
    },
    {
        "type": "message",
        "user": "U03SKEFEL",
        "text": "<@U02QSHX81> please test with this update the passphrases\/seed generation is working as expected.",
        "ts": "1523801598.000031"
    },
    {
        "type": "message",
        "user": "U7B8VF6TB",
        "text": "not tested but code looks good",
        "ts": "1523801613.000096"
    },
    {
        "type": "message",
        "user": "U03SKEFEL",
        "text": "<@U02LQ1WHQ> <@U7B8VF6TB> thanks for help :slightly_smiling_face: :+1:",
        "ts": "1523801640.000049"
    },
    {
        "type": "message",
        "user": "U7B8VF6TB",
        "text": "no problem",
        "ts": "1523801649.000027"
    },
    {
        "type": "message",
        "user": "U02QSHX81",
        "text": "Thanks. Will test soon.",
        "ts": "1523805217.000008"
    },
    {
        "type": "message",
        "user": "U0325KXM5",
        "text": "is this related to the SecureRandom() vulnerability? Is it better that users create new BarterDex seed?",
        "ts": "1523805603.000146"
    },
    {
        "type": "message",
        "user": "U03SKEFEL",
        "text": "that vulnerability doesn't affect BarterDEX.",
        "ts": "1523808031.000105"
    },
    {
        "type": "message",
        "user": "U03SKEFEL",
        "text": "bip39 is just better than what we had before. so updated it to better code.",
        "ts": "1523808053.000038",
        "reactions": [
            {
                "name": "+1",
                "users": [
                    "U0325KXM5",
                    "U02QSHX81",
                    "U9LBB4CTG",
                    "U0338MXRR"
                ],
                "count": 4
            }
        ]
    },
    {
        "type": "message",
        "user": "U0325KXM5",
        "text": "got it! People were asking this",
        "ts": "1523808095.000055"
    },
    {
        "type": "message",
        "user": "U2PSPGFJS",
        "text": "do any of you remember the person who wanted (insistently) to talk to devs in order to get archemidescoin  integrated into BarterDEX ?",
        "ts": "1523813794.000092"
    },
    {
        "type": "message",
        "user": "U2PSPGFJS",
        "text": "we had to say no because it was forked from a non-supported coin.",
        "ts": "1523813836.000003"
    },
    {
        "type": "message",
        "user": "U2PSPGFJS",
        "text": "Oh it was achilies coin.  Does anyone remember the guy who hounded this channel over that coin??",
        "ts": "1523814404.000146"
    },
    {
        "type": "message",
        "user": "U41M5AAJW",
        "text": "i remember",
        "ts": "1523814618.000138"
    },
    {
        "type": "message",
        "user": "U2PSPGFJS",
        "text": "what was his name, it escapes me.",
        "ts": "1523814652.000002"
    },
    {
        "type": "message",
        "user": "U41M5AAJW",
        "text": "i think it was achilescoin too",
        "ts": "1523814715.000008"
    },
    {
        "type": "message",
        "user": "U41M5AAJW",
        "text": "i think he got banned or something",
        "ts": "1523814730.000045"
    },
    {
        "type": "message",
        "user": "U02QSHX81",
        "text": "`[2018-02-11 19:36:50] @support859 you just changed your name. you are actually @achilies-coin`",
        "ts": "1523814803.000008"
    },
    {
        "type": "message",
        "user": "U41M5AAJW",
        "text": "the wallet screen is having issues loading in latest barterdex",
        "ts": "1523816304.000143"
    },
    {
        "type": "message",
        "text": "",
        "files": [
            {
                "id": "FA811JZTQ",
                "created": 1523816324,
                "timestamp": 1523816324,
                "name": "image.png",
                "title": "image.png",
                "mimetype": "image\/png",
                "filetype": "png",
                "pretty_type": "PNG",
                "user": "U41M5AAJW",
                "editable": false,
                "size": 8222,
                "mode": "hosted",
                "is_external": false,
                "external_type": "",
                "is_public": true,
                "public_url_shared": false,
                "display_as_bot": false,
                "username": "",
                "url_private": "https:\/\/files.slack.com\/files-pri\/T02LAJBUW-FA811JZTQ\/image.png?t=xoxe-2690623982-420508393732-420508393844-55126cc98091fbe0399fac3c66f6ed8e",
                "url_private_download": "https:\/\/files.slack.com\/files-pri\/T02LAJBUW-FA811JZTQ\/download\/image.png?t=xoxe-2690623982-420508393732-420508393844-55126cc98091fbe0399fac3c66f6ed8e",
                "thumb_64": "https:\/\/files.slack.com\/files-tmb\/T02LAJBUW-FA811JZTQ-a65638b077\/image_64.png?t=xoxe-2690623982-420508393732-420508393844-55126cc98091fbe0399fac3c66f6ed8e",
                "thumb_80": "https:\/\/files.slack.com\/files-tmb\/T02LAJBUW-FA811JZTQ-a65638b077\/image_80.png?t=xoxe-2690623982-420508393732-420508393844-55126cc98091fbe0399fac3c66f6ed8e",
                "thumb_360": "https:\/\/files.slack.com\/files-tmb\/T02LAJBUW-FA811JZTQ-a65638b077\/image_360.png?t=xoxe-2690623982-420508393732-420508393844-55126cc98091fbe0399fac3c66f6ed8e",
                "thumb_360_w": 360,
                "thumb_360_h": 173,
                "thumb_160": "https:\/\/files.slack.com\/files-tmb\/T02LAJBUW-FA811JZTQ-a65638b077\/image_160.png?t=xoxe-2690623982-420508393732-420508393844-55126cc98091fbe0399fac3c66f6ed8e",
                "image_exif_rotation": 1,
                "original_w": 426,
                "original_h": 205,
                "permalink": "https:\/\/komodo-platform.slack.com\/files\/U41M5AAJW\/FA811JZTQ\/image.png",
                "permalink_public": "https:\/\/slack-files.com\/T02LAJBUW-FA811JZTQ-4c2dac975b"
            }
        ],
        "upload": true,
        "user": "U41M5AAJW",
        "display_as_bot": false,
        "ts": "1523816325.000090"
    },
    {
        "type": "message",
        "user": "U02QSHX81",
        "text": "probably, click on refresh button or go back to dashboard and come back again",
        "ts": "1523816667.000015"
    },
    {
        "type": "message",
        "user": "U41M5AAJW",
        "text": "nope",
        "ts": "1523816689.000002"
    },
    {
        "type": "message",
        "user": "U41M5AAJW",
        "text": "not working",
        "ts": "1523816691.000013"
    },
    {
        "type": "message",
        "user": "U41M5AAJW",
        "text": "seems strange",
        "ts": "1523816693.000112"
    },
    {
        "type": "message",
        "user": "U41M5AAJW",
        "text": "was working well yesterday",
        "ts": "1523816699.000100"
    },
    {
        "type": "message",
        "user": "U02QSHX81",
        "text": "what coins you have active?",
        "ts": "1523816704.000214"
    },
    {
        "type": "message",
        "user": "U02QSHX81",
        "text": "all electrum?",
        "ts": "1523816710.000109"
    },
    {
        "type": "message",
        "user": "U41M5AAJW",
        "text": "komodo and coqui",
        "ts": "1523816711.000029"
    },
    {
        "type": "message",
        "user": "U41M5AAJW",
        "text": "one native, one electrum",
        "ts": "1523816719.000039"
    },
    {
        "type": "message",
        "user": "U02QSHX81",
        "text": "i'm testing as well. logged in and waiting for the coins to load in electrum mode",
        "ts": "1523816744.000062"
    },
    {
        "type": "message",
        "user": "U41M5AAJW",
        "text": "i guess electrum servers are being worked on too",
        "ts": "1523816745.000033"
    },
    {
        "type": "message",
        "user": "U02QSHX81",
        "text": "<@U66SWTM47> `error connecting to node1.komodo.rocks:50001`",
        "ts": "1523816775.000103"
    },
    {
        "type": "message",
        "user": "U02QSHX81",
        "text": "is your BTC electrum node up?",
        "thread_ts": "1523816793.000027",
        "reply_count": 3,
        "replies": [
            {
                "user": "U66SWTM47",
                "ts": "1523818085.000080"
            },
            {
                "user": "U66SWTM47",
                "ts": "1523818093.000030"
            },
            {
                "user": "U02QSHX81",
                "ts": "1523818098.000079"
            }
        ],
        "unread_count": 3,
        "ts": "1523816793.000027"
    },
    {
        "type": "message",
        "user": "UA44AKBGR",
        "text": "so- using barterdex cli right now- it looks like bobdeposit and alicepayment has been sent",
        "ts": "1523816964.000092"
    },
    {
        "type": "message",
        "user": "UA44AKBGR",
        "text": "but it is stuck repeating the same line of 0 wait for alicepayment ......",
        "ts": "1523816981.000082"
    },
    {
        "type": "message",
        "user": "UA44AKBGR",
        "text": "there is nothing i need to do in order to approve alice payment right? (i am alice)",
        "ts": "1523817002.000191"
    },
    {
        "type": "message",
        "user": "U02QSHX81",
        "text": "no. just wait",
        "ts": "1523817021.000080"
    },
    {
        "type": "message",
        "user": "UA44AKBGR",
        "text": "cool",
        "ts": "1523817030.000078"
    },
    {
        "type": "message",
        "user": "UA44AKBGR",
        "text": "using cli with insomnia is pretty cool, just trying it out",
        "thread_ts": "1523817049.000001",
        "reply_count": 1,
        "replies": [
            {
                "user": "U93ET4RU4",
                "ts": "1523865464.000156"
            }
        ],
        "unread_count": 1,
        "ts": "1523817049.000001"
    },
    {
        "type": "message",
        "user": "UA44AKBGR",
        "text": "is there a command which can tell me details of a recent transaction?",
        "ts": "1523817481.000057"
    },
    {
        "type": "message",
        "user": "U02QSHX81",
        "text": "check block explorer for the tx",
        "ts": "1523817519.000026"
    },
    {
        "type": "message",
        "user": "UA44AKBGR",
        "text": "thx",
        "ts": "1523817530.000085"
    },
    {
        "type": "message",
        "text": "<@U41M5AAJW> KMD electrum mode has issues. Not loading balance or adding the coin. Other coins looks alright",
        "files": [
            {
                "id": "FA8157UQ6",
                "created": 1523817721,
                "timestamp": 1523817721,
                "name": "Screenshot from 2018-04-15 19-41-19.png",
                "title": "Screenshot from 2018-04-15 19-41-19.png",
                "mimetype": "image\/png",
                "filetype": "png",
                "pretty_type": "PNG",
                "user": "U02QSHX81",
                "editable": false,
                "size": 88155,
                "mode": "hosted",
                "is_external": false,
                "external_type": "",
                "is_public": true,
                "public_url_shared": false,
                "display_as_bot": false,
                "username": "",
                "url_private": "https:\/\/files.slack.com\/files-pri\/T02LAJBUW-FA8157UQ6\/screenshot_from_2018-04-15_19-41-19.png?t=xoxe-2690623982-420508393732-420508393844-55126cc98091fbe0399fac3c66f6ed8e",
                "url_private_download": "https:\/\/files.slack.com\/files-pri\/T02LAJBUW-FA8157UQ6\/download\/screenshot_from_2018-04-15_19-41-19.png?t=xoxe-2690623982-420508393732-420508393844-55126cc98091fbe0399fac3c66f6ed8e",
                "thumb_64": "https:\/\/files.slack.com\/files-tmb\/T02LAJBUW-FA8157UQ6-b537ab262b\/screenshot_from_2018-04-15_19-41-19_64.png?t=xoxe-2690623982-420508393732-420508393844-55126cc98091fbe0399fac3c66f6ed8e",
                "thumb_80": "https:\/\/files.slack.com\/files-tmb\/T02LAJBUW-FA8157UQ6-b537ab262b\/screenshot_from_2018-04-15_19-41-19_80.png?t=xoxe-2690623982-420508393732-420508393844-55126cc98091fbe0399fac3c66f6ed8e",
                "thumb_360": "https:\/\/files.slack.com\/files-tmb\/T02LAJBUW-FA8157UQ6-b537ab262b\/screenshot_from_2018-04-15_19-41-19_360.png?t=xoxe-2690623982-420508393732-420508393844-55126cc98091fbe0399fac3c66f6ed8e",
                "thumb_360_w": 360,
                "thumb_360_h": 170,
                "thumb_480": "https:\/\/files.slack.com\/files-tmb\/T02LAJBUW-FA8157UQ6-b537ab262b\/screenshot_from_2018-04-15_19-41-19_480.png?t=xoxe-2690623982-420508393732-420508393844-55126cc98091fbe0399fac3c66f6ed8e",
                "thumb_480_w": 480,
                "thumb_480_h": 227,
                "thumb_160": "https:\/\/files.slack.com\/files-tmb\/T02LAJBUW-FA8157UQ6-b537ab262b\/screenshot_from_2018-04-15_19-41-19_160.png?t=xoxe-2690623982-420508393732-420508393844-55126cc98091fbe0399fac3c66f6ed8e",
                "thumb_720": "https:\/\/files.slack.com\/files-tmb\/T02LAJBUW-FA8157UQ6-b537ab262b\/screenshot_from_2018-04-15_19-41-19_720.png?t=xoxe-2690623982-420508393732-420508393844-55126cc98091fbe0399fac3c66f6ed8e",
                "thumb_720_w": 720,
                "thumb_720_h": 340,
                "thumb_800": "https:\/\/files.slack.com\/files-tmb\/T02LAJBUW-FA8157UQ6-b537ab262b\/screenshot_from_2018-04-15_19-41-19_800.png?t=xoxe-2690623982-420508393732-420508393844-55126cc98091fbe0399fac3c66f6ed8e",
                "thumb_800_w": 800,
                "thumb_800_h": 378,
                "thumb_960": "https:\/\/files.slack.com\/files-tmb\/T02LAJBUW-FA8157UQ6-b537ab262b\/screenshot_from_2018-04-15_19-41-19_960.png?t=xoxe-2690623982-420508393732-420508393844-55126cc98091fbe0399fac3c66f6ed8e",
                "thumb_960_w": 960,
                "thumb_960_h": 454,
                "image_exif_rotation": 1,
                "original_w": 990,
                "original_h": 468,
                "permalink": "https:\/\/komodo-platform.slack.com\/files\/U02QSHX81\/FA8157UQ6\/screenshot_from_2018-04-15_19-41-19.png",
                "permalink_public": "https:\/\/slack-files.com\/T02LAJBUW-FA8157UQ6-c35d6c0c2d"
            }
        ],
        "upload": true,
        "user": "U02QSHX81",
        "display_as_bot": false,
        "ts": "1523817724.000011"
    },
    {
        "type": "message",
        "user": "U0394QTC7",
        "text": "<@UA44AKBGR> i occassionally have the persistent `0 wait for alicepayment` msgs too. happens when you try multiple trades with the same rel",
        "ts": "1523817796.000068"
    },
    {
        "type": "message",
        "user": "U0394QTC7",
        "text": "then you try to use a tx that already has been used in one of the previous swaps",
        "ts": "1523817820.000138"
    },
    {
        "type": "message",
        "user": "U41M5AAJW",
        "text": "but i have kmd in native mode",
        "ts": "1523817880.000087"
    },
    {
        "type": "message",
        "user": "U41M5AAJW",
        "text": "only coqui is un electrum",
        "ts": "1523817886.000046"
    },
    {
        "type": "message",
        "user": "U41M5AAJW",
        "text": "btw, right now i tried both in native and the screen still doesnt load well",
        "ts": "1523817901.000091"
    },
    {
        "type": "message",
        "user": "U02QSHX81",
        "text": "i'm running latest source from dev branch. will try with native KMD now",
        "ts": "1523817916.000119"
    },
    {
        "type": "message",
        "user": "UA44AKBGR",
        "text": "definitely super laggy using gui, was finally able to fire a successful trade off with cli though",
        "ts": "1523817960.000041"
    },
    {
        "type": "message",
        "user": "U66SWTM47",
        "text": "it fell again",
        "thread_ts": "1523816793.000027",
        "parent_user_id": "U02QSHX81",
        "ts": "1523818085.000080"
    },
    {
        "type": "message",
        "user": "U66SWTM47",
        "text": "gonna restart",
        "thread_ts": "1523816793.000027",
        "parent_user_id": "U02QSHX81",
        "ts": "1523818093.000030"
    },
    {
        "type": "message",
        "user": "U02QSHX81",
        "text": ":+1:",
        "thread_ts": "1523816793.000027",
        "parent_user_id": "U02QSHX81",
        "ts": "1523818098.000079"
    },
    {
        "type": "message",
        "user": "U41M5AAJW",
        "text": "definitively there are issues in latest",
        "ts": "1523818374.000056"
    },
    {
        "type": "message",
        "user": "U41M5AAJW",
        "text": "wont make a release for now",
        "ts": "1523818380.000147"
    },
    {
        "type": "message",
        "text": "",
        "files": [
            {
                "id": "FA6SZQCSY",
                "created": 1523818518,
                "timestamp": 1523818518,
                "name": "image.png",
                "title": "image.png",
                "mimetype": "image\/png",
                "filetype": "png",
                "pretty_type": "PNG",
                "user": "U41M5AAJW",
                "editable": false,
                "size": 145918,
                "mode": "hosted",
                "is_external": false,
                "external_type": "",
                "is_public": true,
                "public_url_shared": false,
                "display_as_bot": false,
                "username": "",
                "url_private": "https:\/\/files.slack.com\/files-pri\/T02LAJBUW-FA6SZQCSY\/image.png?t=xoxe-2690623982-420508393732-420508393844-55126cc98091fbe0399fac3c66f6ed8e",
                "url_private_download": "https:\/\/files.slack.com\/files-pri\/T02LAJBUW-FA6SZQCSY\/download\/image.png?t=xoxe-2690623982-420508393732-420508393844-55126cc98091fbe0399fac3c66f6ed8e",
                "thumb_64": "https:\/\/files.slack.com\/files-tmb\/T02LAJBUW-FA6SZQCSY-5c9e9489ba\/image_64.png?t=xoxe-2690623982-420508393732-420508393844-55126cc98091fbe0399fac3c66f6ed8e",
                "thumb_80": "https:\/\/files.slack.com\/files-tmb\/T02LAJBUW-FA6SZQCSY-5c9e9489ba\/image_80.png?t=xoxe-2690623982-420508393732-420508393844-55126cc98091fbe0399fac3c66f6ed8e",
                "thumb_360": "https:\/\/files.slack.com\/files-tmb\/T02LAJBUW-FA6SZQCSY-5c9e9489ba\/image_360.png?t=xoxe-2690623982-420508393732-420508393844-55126cc98091fbe0399fac3c66f6ed8e",
                "thumb_360_w": 360,
                "thumb_360_h": 232,
                "thumb_480": "https:\/\/files.slack.com\/files-tmb\/T02LAJBUW-FA6SZQCSY-5c9e9489ba\/image_480.png?t=xoxe-2690623982-420508393732-420508393844-55126cc98091fbe0399fac3c66f6ed8e",
                "thumb_480_w": 480,
                "thumb_480_h": 309,
                "thumb_160": "https:\/\/files.slack.com\/files-tmb\/T02LAJBUW-FA6SZQCSY-5c9e9489ba\/image_160.png?t=xoxe-2690623982-420508393732-420508393844-55126cc98091fbe0399fac3c66f6ed8e",
                "thumb_720": "https:\/\/files.slack.com\/files-tmb\/T02LAJBUW-FA6SZQCSY-5c9e9489ba\/image_720.png?t=xoxe-2690623982-420508393732-420508393844-55126cc98091fbe0399fac3c66f6ed8e",
                "thumb_720_w": 720,
                "thumb_720_h": 464,
                "thumb_800": "https:\/\/files.slack.com\/files-tmb\/T02LAJBUW-FA6SZQCSY-5c9e9489ba\/image_800.png?t=xoxe-2690623982-420508393732-420508393844-55126cc98091fbe0399fac3c66f6ed8e",
                "thumb_800_w": 800,
                "thumb_800_h": 516,
                "thumb_960": "https:\/\/files.slack.com\/files-tmb\/T02LAJBUW-FA6SZQCSY-5c9e9489ba\/image_960.png?t=xoxe-2690623982-420508393732-420508393844-55126cc98091fbe0399fac3c66f6ed8e",
                "thumb_960_w": 960,
                "thumb_960_h": 619,
                "thumb_1024": "https:\/\/files.slack.com\/files-tmb\/T02LAJBUW-FA6SZQCSY-5c9e9489ba\/image_1024.png?t=xoxe-2690623982-420508393732-420508393844-55126cc98091fbe0399fac3c66f6ed8e",
                "thumb_1024_w": 1024,
                "thumb_1024_h": 660,
                "image_exif_rotation": 1,
                "original_w": 1280,
                "original_h": 825,
                "permalink": "https:\/\/komodo-platform.slack.com\/files\/U41M5AAJW\/FA6SZQCSY\/image.png",
                "permalink_public": "https:\/\/slack-files.com\/T02LAJBUW-FA6SZQCSY-6f0ac936ae"
            }
        ],
        "upload": true,
        "user": "U41M5AAJW",
        "display_as_bot": false,
        "ts": "1523818521.000055"
    },
    {
        "type": "message",
        "text": "<@U41M5AAJW> native KMD wallet working for me with BarterDEX",
        "files": [
            {
                "id": "FA6DCMKTJ",
                "created": 1523819646,
                "timestamp": 1523819646,
                "name": "Screenshot from 2018-04-15 20-13-24.png",
                "title": "Screenshot from 2018-04-15 20-13-24.png",
                "mimetype": "image\/png",
                "filetype": "png",
                "pretty_type": "PNG",
                "user": "U02QSHX81",
                "editable": false,
                "size": 352583,
                "mode": "hosted",
                "is_external": false,
                "external_type": "",
                "is_public": true,
                "public_url_shared": false,
                "display_as_bot": false,
                "username": "",
                "url_private": "https:\/\/files.slack.com\/files-pri\/T02LAJBUW-FA6DCMKTJ\/screenshot_from_2018-04-15_20-13-24.png?t=xoxe-2690623982-420508393732-420508393844-55126cc98091fbe0399fac3c66f6ed8e",
                "url_private_download": "https:\/\/files.slack.com\/files-pri\/T02LAJBUW-FA6DCMKTJ\/download\/screenshot_from_2018-04-15_20-13-24.png?t=xoxe-2690623982-420508393732-420508393844-55126cc98091fbe0399fac3c66f6ed8e",
                "thumb_64": "https:\/\/files.slack.com\/files-tmb\/T02LAJBUW-FA6DCMKTJ-62509ebe89\/screenshot_from_2018-04-15_20-13-24_64.png?t=xoxe-2690623982-420508393732-420508393844-55126cc98091fbe0399fac3c66f6ed8e",
                "thumb_80": "https:\/\/files.slack.com\/files-tmb\/T02LAJBUW-FA6DCMKTJ-62509ebe89\/screenshot_from_2018-04-15_20-13-24_80.png?t=xoxe-2690623982-420508393732-420508393844-55126cc98091fbe0399fac3c66f6ed8e",
                "thumb_360": "https:\/\/files.slack.com\/files-tmb\/T02LAJBUW-FA6DCMKTJ-62509ebe89\/screenshot_from_2018-04-15_20-13-24_360.png?t=xoxe-2690623982-420508393732-420508393844-55126cc98091fbe0399fac3c66f6ed8e",
                "thumb_360_w": 360,
                "thumb_360_h": 232,
                "thumb_480": "https:\/\/files.slack.com\/files-tmb\/T02LAJBUW-FA6DCMKTJ-62509ebe89\/screenshot_from_2018-04-15_20-13-24_480.png?t=xoxe-2690623982-420508393732-420508393844-55126cc98091fbe0399fac3c66f6ed8e",
                "thumb_480_w": 480,
                "thumb_480_h": 309,
                "thumb_160": "https:\/\/files.slack.com\/files-tmb\/T02LAJBUW-FA6DCMKTJ-62509ebe89\/screenshot_from_2018-04-15_20-13-24_160.png?t=xoxe-2690623982-420508393732-420508393844-55126cc98091fbe0399fac3c66f6ed8e",
                "thumb_720": "https:\/\/files.slack.com\/files-tmb\/T02LAJBUW-FA6DCMKTJ-62509ebe89\/screenshot_from_2018-04-15_20-13-24_720.png?t=xoxe-2690623982-420508393732-420508393844-55126cc98091fbe0399fac3c66f6ed8e",
                "thumb_720_w": 720,
                "thumb_720_h": 463,
                "thumb_800": "https:\/\/files.slack.com\/files-tmb\/T02LAJBUW-FA6DCMKTJ-62509ebe89\/screenshot_from_2018-04-15_20-13-24_800.png?t=xoxe-2690623982-420508393732-420508393844-55126cc98091fbe0399fac3c66f6ed8e",
                "thumb_800_w": 800,
                "thumb_800_h": 515,
                "thumb_960": "https:\/\/files.slack.com\/files-tmb\/T02LAJBUW-FA6DCMKTJ-62509ebe89\/screenshot_from_2018-04-15_20-13-24_960.png?t=xoxe-2690623982-420508393732-420508393844-55126cc98091fbe0399fac3c66f6ed8e",
                "thumb_960_w": 960,
                "thumb_960_h": 617,
                "thumb_1024": "https:\/\/files.slack.com\/files-tmb\/T02LAJBUW-FA6DCMKTJ-62509ebe89\/screenshot_from_2018-04-15_20-13-24_1024.png?t=xoxe-2690623982-420508393732-420508393844-55126cc98091fbe0399fac3c66f6ed8e",
                "thumb_1024_w": 1024,
                "thumb_1024_h": 659,
                "image_exif_rotation": 1,
                "original_w": 2948,
                "original_h": 1896,
                "permalink": "https:\/\/komodo-platform.slack.com\/files\/U02QSHX81\/FA6DCMKTJ\/screenshot_from_2018-04-15_20-13-24.png",
                "permalink_public": "https:\/\/slack-files.com\/T02LAJBUW-FA6DCMKTJ-335017e606"
            }
        ],
        "upload": true,
        "user": "U02QSHX81",
        "display_as_bot": false,
        "ts": "1523819650.000123"
    },
    {
        "type": "message",
        "user": "U2Q1DP6EQ",
        "text": "KMD electrum servers are fine, one BTC is down: `{\"ipaddr\":\"node1.komodo.rocks\",\"port\":50001,\"error\":\"couldnt connect to electrum server\"}`",
        "ts": "1523819674.000064"
    },
    {
        "type": "message",
        "user": "U02QSHX81",
        "text": "<@U66SWTM47> is fixing the BTC electrum node <@U2Q1DP6EQ>",
        "ts": "1523819757.000042"
    },
    {
        "type": "message",
        "user": "U66SWTM47",
        "text": "They answered the ticket, since the server doesn't respond to reset.",
        "ts": "1523820506.000021"
    },
    {
        "type": "message",
        "user": "U66SWTM47",
        "text": "Syncing.",
        "ts": "1523821352.000065"
    },
    {
        "type": "message",
        "user": "U41M5AAJW",
        "text": "I loaded for me after some minute . Just loaded awfully slow",
        "client_msg_id": "d48cc1e0-e08b-4342-8768-5e55c30c7ff1",
        "ts": "1523821689.000010"
    },
    {
        "type": "message",
        "user": "U2Q1DP6EQ",
        "text": "it tries to connect pretty long to the offline BTC electrum before it gives up and continues with the rest (at least that is what i see in CLI)...",
        "ts": "1523821894.000029"
    },
    {
        "type": "message",
        "user": "UA44AKBGR",
        "text": "so in getting barterdex command line fired up, looks like i can use it just fine without using setpassphrase script, does that sound normal?",
        "ts": "1523844515.000145"
    },
    {
        "type": "message",
        "user": "U42RD3BB6",
        "text": "Yes, at least for me",
        "client_msg_id": "201d9d78-bfe4-45af-8382-22285e2fabce",
        "ts": "1523845040.000183"
    },
    {
        "type": "message",
        "user": "U41M5AAJW",
        "text": "yes",
        "ts": "1523845383.000131"
    },
    {
        "type": "message",
        "user": "U8MLQ662K",
        "text": "You might need to do `. userpass` before doing any curl calls",
        "ts": "1523846231.000116"
    },
    {
        "type": "message",
        "user": "UA44AKBGR",
        "text": "cool thx yeah the curl calls are working fine",
        "ts": "1523847254.000131"
    },
    {
        "type": "message",
        "user": "UA44AKBGR",
        "text": "any idea what command to sent to cancel a trade through cli on barterdex without stopping marketmaker?",
        "ts": "1523847638.000124"
    },
    {
        "type": "message",
        "user": "U42RD3BB6",
        "text": "I believe an Alice trade doesn't hit right away it's usually done being broadcast to other nodes",
        "client_msg_id": "c0e5350b-4379-4ae3-9d98-2aa45eb80b60",
        "ts": "1523847993.000229"
    },
    {
        "type": "message",
        "user": "U42RD3BB6",
        "text": "Maybe there's a call to cancel though.. I usually fire Alice trades b2b",
        "client_msg_id": "fe65cc40-3bb5-4bdb-b4f2-9c0ec63bf331",
        "ts": "1523848029.000186"
    },
    {
        "type": "message",
        "user": "UA44AKBGR",
        "text": "oh ok",
        "ts": "1523848048.000083"
    },
    {
        "type": "message",
        "user": "U42RD3BB6",
        "text": "An offer is more like a request",
        "client_msg_id": "e0185171-1228-46b9-9d31-a885b50bb616",
        "ts": "1523848057.000039"
    },
    {
        "type": "message",
        "user": "U42RD3BB6",
        "text": "If the request has no takers it's done",
        "client_msg_id": "0527e29f-5d70-4546-8d92-f811f7458abc",
        "ts": "1523848064.000108"
    },
    {
        "type": "message",
        "user": "UA44AKBGR",
        "text": "oh so if a bob comes along after an alice already transmitted it wouldn't pop?",
        "ts": "1523848091.000137"
    },
    {
        "type": "message",
        "user": "U42RD3BB6",
        "text": "I don't believe so",
        "client_msg_id": "4ffdab35-e20a-48a6-b055-429260e554ac",
        "ts": "1523848104.000059"
    },
    {
        "type": "message",
        "user": "U42RD3BB6",
        "text": "As James says it's like an auction house",
        "client_msg_id": "17ab7e3e-6a8f-4f86-b07a-12e6202043bd",
        "ts": "1523848121.000082"
    },
    {
        "type": "message",
        "user": "UA44AKBGR",
        "text": "i see",
        "ts": "1523848129.000084"
    },
    {
        "type": "message",
        "user": "U42RD3BB6",
        "text": "If a bob comes later he wouldn't hear your offer",
        "client_msg_id": "5d793c58-db11-4a8c-9b69-cc7c44cc488b",
        "ts": "1523848130.000238"
    },
    {
        "type": "message",
        "user": "U42RD3BB6",
        "text": "I use a bot to keep broadcasting Alice trades",
        "client_msg_id": "d4834982-5447-442c-9f85-afba89812fd5",
        "ts": "1523848160.000208"
    },
    {
        "type": "message",
        "user": "UA44AKBGR",
        "text": "hey what about building an electrum script for all the coins i want to use instead of having to submit a separate call for each one?",
        "ts": "1523848161.000100"
    },
    {
        "type": "message",
        "user": "UA44AKBGR",
        "text": "oh i see that must be the advantage of the bot",
        "ts": "1523848175.000002"
    },
    {
        "type": "message",
        "user": "U42RD3BB6",
        "text": "Look in \/electrum script",
        "client_msg_id": "bd3eb359-b725-46f3-a239-b8cb8f34196e",
        "ts": "1523848209.000144"
    },
    {
        "type": "message",
        "user": "U42RD3BB6",
        "text": "Add your calls there",
        "client_msg_id": "d6a08507-172e-4598-96a8-b5cb1302ab68",
        "ts": "1523848213.000093"
    },
    {
        "type": "message",
        "user": "U42RD3BB6",
        "text": "Then call .\/electrum",
        "client_msg_id": "620b68f8-1a8f-4a4e-ac28-a24229376560",
        "ts": "1523848219.000107"
    },
    {
        "type": "message",
        "user": "UA44AKBGR",
        "text": "ok just stack them all up going down i see",
        "ts": "1523848234.000145"
    },
    {
        "type": "message",
        "user": "U42RD3BB6",
        "text": "Yup",
        "client_msg_id": "bdb172af-bb4e-4f1e-a34d-444cb0adea51",
        "ts": "1523848238.000056"
    },
    {
        "type": "message",
        "user": "U42RD3BB6",
        "text": "I do , like a million :stuck_out_tongue:",
        "client_msg_id": "cc5b1f2e-773f-4263-a912-d14fef9c9179",
        "ts": "1523848248.000033"
    },
    {
        "type": "message",
        "user": "UA44AKBGR",
        "text": "i'm using insomnia for the api calls",
        "ts": "1523848263.000168"
    },
    {
        "type": "message",
        "user": "UA44AKBGR",
        "text": "so maybe i'll figure out how to make that work",
        "ts": "1523848274.000134"
    },
    {
        "type": "message",
        "user": "U42RD3BB6",
        "text": "Haven't used it but heard of it. Probably is useful",
        "client_msg_id": "9f01f40e-4bda-4a0a-8194-8492ba5411e0",
        "ts": "1523848276.000191"
    },
    {
        "type": "message",
        "user": "UA44AKBGR",
        "text": "yeah its basically a gui lol",
        "ts": "1523848286.000118"
    },
    {
        "type": "message",
        "user": "U42RD3BB6",
        "text": "I edited all the scripts in dexscripts to my liking",
        "client_msg_id": "6575f774-6e77-4e84-8bb8-f16a97f665ca",
        "ts": "1523848295.000121"
    },
    {
        "type": "message",
        "user": "UA44AKBGR",
        "text": "nice",
        "ts": "1523848303.000086"
    },
    {
        "type": "message",
        "user": "U42RD3BB6",
        "text": "Then I got a node cli bot I use in another window",
        "client_msg_id": "689a26c0-4fd0-4e35-90db-b349a06f1bb8",
        "ts": "1523848308.000120"
    },
    {
        "type": "message",
        "user": "UA44AKBGR",
        "text": "just noticed something a little weird- my KMD smartaddress shows a zero balance on blockexplorer but shows a balance in barterdex",
        "ts": "1523860196.000235"
    },
    {
        "type": "message",
        "user": "U5Z26MP60",
        "text": "there is a blockexplorer up?",
        "ts": "1523860228.000064"
    },
    {
        "type": "message",
        "user": "UA44AKBGR",
        "text": "<http:\/\/kmd.komodochainz.info\/search>",
        "ts": "1523860242.000250"
    },
    {
        "type": "message",
        "user": "U5Z26MP60",
        "text": "seems to be on the right chain.",
        "ts": "1523860291.000068"
    },
    {
        "type": "message",
        "user": "UA44AKBGR",
        "text": "would that be normal for smartaddress to only show a balance on barterdex side?",
        "ts": "1523860388.000184"
    },
    {
        "type": "message",
        "user": "U5Z26MP60",
        "text": "no its never normal for a blockcain to return different numbers. are you on electrum or native.",
        "ts": "1523860508.000284"
    },
    {
        "type": "message",
        "user": "U5Z26MP60",
        "text": "?",
        "ts": "1523860510.000008"
    },
    {
        "type": "message",
        "user": "UA44AKBGR",
        "text": "electrum",
        "ts": "1523860533.000119"
    },
    {
        "type": "message",
        "user": "U5Z26MP60",
        "text": "the electrum server might be out of sync",
        "ts": "1523860542.000120"
    },
    {
        "type": "message",
        "user": "UA44AKBGR",
        "text": "maybe the blockchain explorers are screwy right now",
        "ts": "1523860548.000321"
    },
    {
        "type": "message",
        "user": "U02LQ1WHQ",
        "text": "<@U2Q1DP6EQ> major update to all branches. getting stuck bug is fixed",
        "ts": "1523860574.000174"
    },
    {
        "type": "message",
        "user": "UA44AKBGR",
        "text": "<@U02LQ1WHQ> thanks for all your hard work man :slightly_smiling_face:",
        "ts": "1523860649.000037",
        "reactions": [
            {
                "name": "100",
                "users": [
                    "U98GKU48G"
                ],
                "count": 1
            }
        ]
    }
]