[
    {
        "text": "```start swap iamalice pair.14\nMISMATCHED required confirms me.(0 1) vs (3 1) max.(6 6) othermax.(6 6)\nNUMCONFIRMS for SWAP alice.3 bob.1, otheristrusted.0 othertrusts.0\nCUT VERIFIED\nadded 66 of 66 from DEX listunspents\nsecond couldnt add address_utxo a7d597594fbdfe848f1833d6f96a471fec9621b884f4830825551ccd241ea006\/v0 after not finding\ndustcombine.2 numpre.2 min0.0x7f64b817ca10 min1.0x7f64b84caaf0 numutxos.64 amount 0.01979283\npreselected[0]: ed4ccdd81fc62e40d694eb71aff6d49b58bd078fc988e9d4cf27ab00eb81865d\/v1 0.00629821\npreselected[1]: 090008a46a34f28c505c71f4fdf717070e98536d402c2c1b96525461463b9a06\/v1 0.00999863\nadded 66 of 66 from DEX listunspents\nsecond couldnt add address_utxo 385ed825fe5873095bca2d7b48bb73632c86a870e538edad66ea10810c198c27\/v1 after not finding\ndustcombine.2 numpre.0 min0.(nil) min1.(nil) numutxos.61 amount 0.00003543\nconnected to push.(<tcp:\/\/23.254.165.16:7793>) pushsock.15 valid.1  | connected to sub.(<tcp:\/\/23.254.165.16:7803>) subsock.16 valid.1 numactive.4\n100000: PRLPAY ave  0.710829 | elapsed 0.340 millis | bitcoind_RPC.(gettxout) url.(127.0.0.1:9679)\nLP_rawtx_spendscript bobdeposit datalen.3464 too big\nerror with bobdeposit\nerror waiting for bobdeposit```",
        "username": "[discord] <jorian>",
        "icons": {
            "image_48": "https:\/\/slack-files2.s3-us-west-2.amazonaws.com\/bot_icons\/2018-06-25\/387546872533_48.png"
        },
        "bot_id": "BB46XBDAM",
        "attachments": [
            {
                "callback_id": "matterbridge_bd6flfjovtqcd5msvbmg",
                "id": 1
            }
        ],
        "type": "message",
        "subtype": "bot_message",
        "ts": "1531817028.000241"
    },
    {
        "text": "dev branch",
        "username": "[discord] <jorian>",
        "icons": {
            "image_48": "https:\/\/slack-files2.s3-us-west-2.amazonaws.com\/bot_icons\/2018-06-25\/387546872533_48.png"
        },
        "bot_id": "BB46XBDAM",
        "attachments": [
            {
                "callback_id": "matterbridge_bd6flfjovtqcd5msvbmg",
                "id": 1
            }
        ],
        "type": "message",
        "subtype": "bot_message",
        "ts": "1531817053.000284"
    },
    {
        "text": "i think this was james' bobs, they might need a restart",
        "username": "[discord] <jorian>",
        "icons": {
            "image_48": "https:\/\/slack-files2.s3-us-west-2.amazonaws.com\/bot_icons\/2018-06-25\/387546872533_48.png"
        },
        "bot_id": "BB46XBDAM",
        "attachments": [
            {
                "callback_id": "matterbridge_bd6flfjovtqcd5msvbmg",
                "id": 1
            }
        ],
        "type": "message",
        "subtype": "bot_message",
        "ts": "1531817146.000127"
    },
    {
        "text": "at least, if the spendscript thing was fixed",
        "username": "[discord] <jorian>",
        "icons": {
            "image_48": "https:\/\/slack-files2.s3-us-west-2.amazonaws.com\/bot_icons\/2018-06-25\/387546872533_48.png"
        },
        "bot_id": "BB46XBDAM",
        "attachments": [
            {
                "callback_id": "matterbridge_bd6flfjovtqcd5msvbmg",
                "id": 1
            }
        ],
        "type": "message",
        "subtype": "bot_message",
        "ts": "1531817176.000195"
    },
    {
        "text": "Huobi Token (HT) swapped on BarterDEX\n```\nSWAP completed! 3357411679-2136104789 {\"uuid\":\"fb5611d785503df9208a2f7e3a9c5c9c7207324f58745952bbc36fcc67cb7c23\",\"expiration\":1531899511,\"tradeid\":0,\"requestid\":3357411679,\"quoteid\":2136104789,\"iambob\":1,\"Bgui\":\"nogui\",\"Agui\":\"\",\"gui\":\"nogui\",\"bob\":\"HT\",\"bobtomic\":\"0x6f259637dcd74c767781e37bc6133cd6a68aa161\",\"etomicsrc\":\"0x98298409c949135eed89233d04c2cfef984baff5\",\"srcamount\":0.78533043,\"bobtxfee\":0.00001000,\"alice\":\"KMD\",\"etomicdest\":\"0xdf38dd108bab50da564092ad0cd739c4634d963c\",\"destamount\":0.08009000,\"alicetxfee\":0.00001000,\"aliceid\":\"1573323278072479745\",\"sentflags\":[\"alicespend\", \"bobspend\", \"bobpayment\", \"alicepayment\", \"bobdeposit\", \"bobrefund\"],\"values\":[1.00000999, 0.08010000, 1.00002000, 0.08011000, 1.12502000, 0, 0, 1.12500999, 0, 0, 0],\"result\":\"success\",\"status\":\"finished\",\"finishtime\":1531884368,\"bobdeposit\":\"dba7761bc69250b2cbb290c651f1561186d9594be9e4144905a6998c0045ce12\",\"alicepayment\":\"f95a9bf0919517e26b324119d7977dbcf063bc87fcbca39282b045fd9ad7c8c3\",\"bobpayment\":\"44b6d63414f584232355b8bb5dca53147ac29c04287bfc8c5f6a5eed152eb7be\",\"paymentspent\":\"c46ee1ace18822c49d5dd0a2ed306fa4b8a3b590b8b0d2bf77c6ff2fd37661b8\",\"Apaymentspent\":\"4d82bf8b1e16c2a45dce1b5434af2ee1dd5d2ecb6cc87f958fd7b722eeb23d1b\",\"depositspent\":\"276a6caef2043202df507e0e7055ec5c6c8e0e575eb25cbb64a229fc8779747f\",\"alicedexfee\":\"7862c4a164ee601a860907a63e934f735a783bd879cd5a3e254559e797596afa\",\"method\":\"tradestatus\",\"finishtime\":1531884368}\n```\nbobdeposit <https:\/\/etherscan.io\/tx\/0xed8246b5eb55033dae718484b89f3c81dbf678e4eeb33b6fdb6fea186d7eb651>\nalicepayment <https:\/\/kmdexplorer.ru\/tx\/f95a9bf0919517e26b324119d7977dbcf063bc87fcbca39282b045fd9ad7c8c3>\nbobpayment <https:\/\/etherscan.io\/tx\/0xc95556233089d571c45ebfdebc3ed853d64d277794b601a6b2cf6e07dc7f9fb2>",
        "username": "[matrix] <cipig:matrix.org>",
        "bot_id": "BB46XBDAM",
        "attachments": [
            {
                "callback_id": "matterbridge_bd6flfjovtqcd5msvbmg",
                "id": 1
            }
        ],
        "type": "message",
        "subtype": "bot_message",
        "ts": "1531885023.000136"
    }
]