[
    {
        "text": "how to listing token ?",
        "username": "[discord] <xcite>",
        "icons": {
            "image_48": "https:\/\/slack-files2.s3-us-west-2.amazonaws.com\/bot_icons\/2018-08-07\/412136384372_48.png"
        },
        "bot_id": "BB46XBDAM",
        "attachments": [
            {
                "callback_id": "matterbridge_bd6flfjovtqcd5msvbmg",
                "id": 1
            }
        ],
        "type": "message",
        "subtype": "bot_message",
        "ts": "1533663428.000219"
    },
    {
        "text": "Read the doc on github and contact <@U2Q1DP6EQ>",
        "username": "[discord] <Cryptoon>",
        "icons": {
            "image_48": "https:\/\/slack-files2.s3-us-west-2.amazonaws.com\/bot_icons\/2018-06-14\/382661866423_48.png"
        },
        "bot_id": "BB46XBDAM",
        "attachments": [
            {
                "callback_id": "matterbridge_bd6flfjovtqcd5msvbmg",
                "id": 1
            }
        ],
        "type": "message",
        "subtype": "bot_message",
        "ts": "1533675488.000098"
    },
    {
        "text": "@xcite if you want me to add an ERC20 token to BarterDEX, send me some tokens to 0x98298409c949135eeD89233D04C2cFef984baFF5\ni will make a test swap and add the token to <https:\/\/github.com\/jl777\/coins>\nwill also need a logo for the GUI\nyou can also make a PR to the coins repo yourself, then you don't need to send me tokens :smiley:",
        "username": "[discord] <cipi>",
        "bot_id": "BB46XBDAM",
        "attachments": [
            {
                "callback_id": "matterbridge_bd6flfjovtqcd5msvbmg",
                "id": 1
            }
        ],
        "type": "message",
        "subtype": "bot_message",
        "ts": "1533682507.000147"
    }
]