[
    {
        "type": "message",
        "user": "U9N8KE4QZ",
        "text": "Hi , how to add the beer (test coin ) balance",
        "ts": "1522738820.000126"
    },
    {
        "type": "message",
        "user": "U9N8KE4QZ",
        "text": "?",
        "ts": "1522738823.000423"
    },
    {
        "type": "message",
        "user": "U81J3QWRG",
        "text": "ask for some, someone will send you some, what is your wallet address?",
        "ts": "1522740549.000247"
    },
    {
        "type": "message",
        "user": "U9N8KE4QZ",
        "text": "<@U81J3QWRG> RCbTmAVNsNzxVp6gF7LfyT5pDWkjY2m9wz",
        "edited": {
            "user": "U9N8KE4QZ",
            "ts": "1522744886.000000"
        },
        "ts": "1522744851.000363"
    },
    {
        "type": "message",
        "user": "U5VUWSR0D",
        "text": "<http:\/\/komodochainz.info\/tx\/79c7ec2df1538b36886999a7ffa62983f5557283fb23c0e208aba7d3ffd3eaf5|komodochainz.info\/tx\/79c7ec2df1538b36886999a7ffa62983f5557283fb23c0e208aba7d3ffd3eaf5>",
        "ts": "1522745004.000241"
    },
    {
        "type": "message",
        "user": "U5VUWSR0D",
        "text": "sent via faucet 0.777",
        "ts": "1522745013.000290"
    },
    {
        "type": "message",
        "user": "U02QSHX81",
        "text": "<@U9N8KE4QZ> 5148e3bf5ca0859219fa5d600aa47c21c6ef08da2c4c41c73002f9b78eae0eb2",
        "ts": "1522745074.000340"
    },
    {
        "type": "message",
        "user": "U9N8KE4QZ",
        "text": "thanks",
        "ts": "1522745181.000414"
    },
    {
        "type": "message",
        "user": "U9N8KE4QZ",
        "text": "CHMEX and SHossain",
        "ts": "1522745327.000378"
    },
    {
        "type": "message",
        "user": "U02QSHX81",
        "text": "<!channel> We now have appveyor configured to build `marketmaker` for Windows. Thanks to <@U8LL61DE1> again for his hard work. I have tested in Windows and it works perfect. Here is the latest release. I'll upload it to BarterDEX GUI repo.\n<https:\/\/github.com\/artemii235\/SuperNET\/releases\/tag\/marketmaker-v1.0.54>",
        "attachments": [
            {
                "service_name": "GitHub",
                "title": "artemii235\/SuperNET",
                "title_link": "https:\/\/github.com\/artemii235\/SuperNET\/releases\/tag\/marketmaker-v1.0.54",
                "text": "Contribute to SuperNET development by creating an account on GitHub.",
                "fallback": "GitHub: artemii235\/SuperNET",
                "from_url": "https:\/\/github.com\/artemii235\/SuperNET\/releases\/tag\/marketmaker-v1.0.54",
                "thumb_url": "https:\/\/avatars1.githubusercontent.com\/u\/15745003?s=400&v=4",
                "thumb_width": 250,
                "thumb_height": 250,
                "service_icon": "https:\/\/a.slack-edge.com\/bfaba\/img\/unfurl_icons\/github.png",
                "id": 1
            }
        ],
        "ts": "1522746362.000542",
        "reactions": [
            {
                "name": "thumbsup_all",
                "users": [
                    "U9KF6HXQF",
                    "U03SKEFEL",
                    "U41M5AAJW",
                    "U030L14Q0",
                    "U6417QC83",
                    "U7BGH14Q5"
                ],
                "count": 6
            },
            {
                "name": "+1",
                "users": [
                    "U93ET4RU4",
                    "U8BDP1UE8"
                ],
                "count": 2
            },
            {
                "name": "komodo_logo",
                "users": [
                    "U7BGH14Q5"
                ],
                "count": 1
            }
        ]
    },
    {
        "user": "U0LK05KFZ",
        "text": "<@U0LK05KFZ> has left the channel",
        "type": "message",
        "subtype": "channel_leave",
        "ts": "1522746422.000266"
    },
    {
        "type": "message",
        "user": "U7B8VF6TB",
        "text": "<@U02QSHX81> that’s awesome.\n\nIs there a consolidated place we can get builds for all platforms?",
        "ts": "1522746945.000314"
    },
    {
        "type": "message",
        "user": "U02QSHX81",
        "text": "<https:\/\/github.com\/artemii235\/SuperNET\/releases>",
        "edited": {
            "user": "U02QSHX81",
            "ts": "1522746978.000000"
        },
        "ts": "1522746973.000340"
    },
    {
        "type": "message",
        "user": "U02QSHX81",
        "text": "<@U7B8VF6TB> this is the only place i know for now.",
        "ts": "1522747034.000005"
    },
    {
        "type": "message",
        "user": "U7B8VF6TB",
        "text": "Thanks",
        "ts": "1522747375.000039"
    },
    {
        "type": "message",
        "user": "U7B8VF6TB",
        "text": "would be great if we could get the windows build there too",
        "ts": "1522747382.000459"
    },
    {
        "type": "message",
        "user": "U7B8VF6TB",
        "text": "or the Linux\/macOS build on the other repo",
        "ts": "1522747403.000076"
    },
    {
        "type": "message",
        "user": "U7B8VF6TB",
        "text": "either or",
        "ts": "1522747405.000023"
    },
    {
        "type": "message",
        "user": "U02QSHX81",
        "text": "The above link will give you mm binary for all os.",
        "ts": "1522747461.000390"
    },
    {
        "type": "message",
        "user": "U02QSHX81",
        "text": "Artem is managing this.",
        "ts": "1522747490.000392"
    },
    {
        "type": "message",
        "user": "U02QSHX81",
        "text": "Do you want the builds in separate repo?",
        "ts": "1522747507.000229"
    },
    {
        "type": "message",
        "user": "U02QSHX81",
        "text": "Artem is working on combining Travis and Appveyor releases to one.",
        "ts": "1522748311.000031"
    },
    {
        "type": "message",
        "user": "U7B8VF6TB",
        "text": "oh perfect",
        "ts": "1522749451.000078"
    },
    {
        "type": "message",
        "user": "U7B8VF6TB",
        "text": "no that’s exactly what I was asking for",
        "ts": "1522749461.000204"
    },
    {
        "type": "message",
        "user": "U02QSHX81",
        "text": "cool",
        "ts": "1522749478.000235"
    },
    {
        "type": "message",
        "user": "U7B8VF6TB",
        "text": "One repo with a releases page with binaries for all OSs for each release",
        "ts": "1522749481.000531",
        "reactions": [
            {
                "name": "heavy_check_mark",
                "users": [
                    "U02QSHX81",
                    "U1TE5UXGF"
                ],
                "count": 2
            }
        ]
    },
    {
        "type": "message",
        "user": "U7B8VF6TB",
        "text": ":ok_hand:",
        "ts": "1522749485.000320"
    },
    {
        "type": "message",
        "user": "U02QSHX81",
        "text": "so, we are on track",
        "ts": "1522749486.000447"
    },
    {
        "type": "message",
        "user": "U7B8VF6TB",
        "text": "steaming ahead :train: :train: :train:",
        "ts": "1522749534.000528"
    },
    {
        "type": "message",
        "user": "U9KF6HXQF",
        "text": "<@U02LQ1WHQ> <https:\/\/github.com\/BloodyNora\/coins> is cleaned up again and should be 'in the expected state'",
        "attachments": [
            {
                "service_name": "GitHub",
                "title": "BloodyNora\/coins",
                "title_link": "https:\/\/github.com\/BloodyNora\/coins",
                "text": "coins - coin parameters and all files needed for GUI support",
                "fallback": "GitHub: BloodyNora\/coins",
                "from_url": "https:\/\/github.com\/BloodyNora\/coins",
                "thumb_url": "https:\/\/avatars0.githubusercontent.com\/u\/4005813?s=400&v=4",
                "thumb_width": 250,
                "thumb_height": 250,
                "service_icon": "https:\/\/a.slack-edge.com\/bfaba\/img\/unfurl_icons\/github.png",
                "id": 1
            }
        ],
        "edited": {
            "user": "U9KF6HXQF",
            "ts": "1522755181.000000"
        },
        "ts": "1522755142.000223"
    },
    {
        "type": "message",
        "user": "U02LQ1WHQ",
        "text": "can you make a pull request?",
        "ts": "1522755309.000366"
    },
    {
        "type": "message",
        "user": "U9KF6HXQF",
        "text": "let me see if i can pull the whole thing",
        "ts": "1522755343.000250"
    },
    {
        "type": "message",
        "user": "U9KF6HXQF",
        "text": "it says `cannot automatically merge`",
        "ts": "1522755386.000169"
    },
    {
        "type": "message",
        "user": "U02LQ1WHQ",
        "text": "i am git newb, i hate it when it says that",
        "ts": "1522755461.000155"
    },
    {
        "type": "message",
        "user": "U9KF6HXQF",
        "text": "same here.",
        "ts": "1522755470.000429"
    },
    {
        "type": "message",
        "user": "U9KF6HXQF",
        "text": "i'll hit 'go', if it goes wrong, i'll be happy to fix whatever is needed",
        "ts": "1522755488.000266"
    },
    {
        "type": "message",
        "user": "U9KF6HXQF",
        "text": "see <https:\/\/github.com\/jl777\/coins\/pull\/13>",
        "attachments": [
            {
                "service_name": "GitHub",
                "title": "Cleanup PR by BloodyNora · Pull Request #13 · jl777\/coins",
                "title_link": "https:\/\/github.com\/jl777\/coins\/pull\/13",
                "fallback": "GitHub: Cleanup PR by BloodyNora · Pull Request #13 · jl777\/coins",
                "from_url": "https:\/\/github.com\/jl777\/coins\/pull\/13",
                "thumb_url": "https:\/\/avatars0.githubusercontent.com\/u\/4005813?s=400&v=4",
                "thumb_width": 250,
                "thumb_height": 250,
                "service_icon": "https:\/\/a.slack-edge.com\/bfaba\/img\/unfurl_icons\/github.png",
                "id": 1
            }
        ],
        "ts": "1522755530.000373"
    },
    {
        "type": "message",
        "user": "U9KF6HXQF",
        "text": "if it allows for just overwriting the coins file from my PR, as a whole, thats probably what you'd want to do",
        "ts": "1522755642.000426"
    },
    {
        "type": "message",
        "user": "U6MTBP2QK",
        "text": "it's probably because you added the commas (which in github's eyes changes the entire filetype)",
        "ts": "1522755644.000110"
    },
    {
        "type": "message",
        "user": "U9KF6HXQF",
        "text": "yea, i've been told numerous times that git makes complete sense 'if you only know what happens in the background' - albeit nobody telling me that ever did fully know :rolling_on_the_floor_laughing:",
        "ts": "1522755684.000293"
    },
    {
        "type": "message",
        "user": "U9KF6HXQF",
        "text": "<@U02LQ1WHQ> <https:\/\/github.com\/jl777\/coins\/pull\/14> says it can be merged automagically",
        "attachments": [
            {
                "service_name": "GitHub",
                "title": "Cleanup PR by BloodyNora · Pull Request #14 · jl777\/coins",
                "title_link": "https:\/\/github.com\/jl777\/coins\/pull\/14",
                "fallback": "GitHub: Cleanup PR by BloodyNora · Pull Request #14 · jl777\/coins",
                "from_url": "https:\/\/github.com\/jl777\/coins\/pull\/14",
                "thumb_url": "https:\/\/avatars0.githubusercontent.com\/u\/4005813?s=400&v=4",
                "thumb_width": 250,
                "thumb_height": 250,
                "service_icon": "https:\/\/a.slack-edge.com\/bfaba\/img\/unfurl_icons\/github.png",
                "id": 1
            }
        ],
        "ts": "1522756268.000076"
    },
    {
        "type": "message",
        "user": "U9KF6HXQF",
        "text": "thanks",
        "ts": "1522756364.000228"
    },
    {
        "type": "message",
        "user": "U9KF6HXQF",
        "text": ":wink:",
        "ts": "1522756365.000078"
    },
    {
        "type": "message",
        "user": "U02LQ1WHQ",
        "text": "automagic i like",
        "ts": "1522756365.000387"
    },
    {
        "type": "message",
        "user": "U6MTBP2QK",
        "text": "sort.ascending(by coin) = true :troll:",
        "ts": "1522757195.000438"
    },
    {
        "type": "message",
        "user": "U9KF6HXQF",
        "text": "you go girl :troll:",
        "ts": "1522757231.000239"
    },
    {
        "text": "goes to find his girl",
        "type": "message",
        "subtype": "me_message",
        "user": "U6MTBP2QK",
        "ts": "1522757274.000350"
    },
    {
        "type": "message",
        "user": "U6MTBP2QK",
        "text": "<https:\/\/stedolan.github.io\/jq\/manual\/#sort,sort_by(path_expression)> :slightly_smiling_face:",
        "ts": "1522757745.000124"
    },
    {
        "type": "message",
        "user": "U41M5AAJW",
        "text": "my bad...",
        "ts": "1522760204.000068"
    },
    {
        "type": "message",
        "user": "U41M5AAJW",
        "text": "i missed a comma",
        "ts": "1522760209.000036"
    },
    {
        "type": "message",
        "user": "U41M5AAJW",
        "text": "fixing",
        "ts": "1522760210.000639"
    },
    {
        "type": "message",
        "user": "U41M5AAJW",
        "text": "fixed",
        "ts": "1522760241.000090"
    },
    {
        "type": "message",
        "user": "U02QSHX81",
        "text": "<!here> we have etomic marketmaker build in one place for all OS. tested working in all OS. <https:\/\/github.com\/artemii235\/SuperNET\/releases\/tag\/marketmaker-v1.0.65>",
        "attachments": [
            {
                "service_name": "GitHub",
                "title": "artemii235\/SuperNET",
                "title_link": "https:\/\/github.com\/artemii235\/SuperNET\/releases\/tag\/marketmaker-v1.0.65",
                "text": "Contribute to SuperNET development by creating an account on GitHub.",
                "fallback": "GitHub: artemii235\/SuperNET",
                "from_url": "https:\/\/github.com\/artemii235\/SuperNET\/releases\/tag\/marketmaker-v1.0.65",
                "thumb_url": "https:\/\/avatars1.githubusercontent.com\/u\/15745003?s=400&v=4",
                "thumb_width": 250,
                "thumb_height": 250,
                "service_icon": "https:\/\/a.slack-edge.com\/bfaba\/img\/unfurl_icons\/github.png",
                "id": 1
            }
        ],
        "ts": "1522779508.000441"
    },
    {
        "type": "message",
        "user": "U41M5AAJW",
        "text": "new release needed?",
        "ts": "1522779538.000681"
    },
    {
        "type": "message",
        "user": "U02QSHX81",
        "text": "this is just `marketmaker` build. last BarterDEX release was 3 days ago. i think we should do max 1 release per week unless important bugfix. what do you say?",
        "edited": {
            "user": "U02QSHX81",
            "ts": "1522779631.000000"
        },
        "ts": "1522779621.000522"
    },
    {
        "type": "message",
        "user": "U741E9ZCJ",
        "text": "Yes, cant download everyday :slightly_smiling_face:",
        "ts": "1522779666.000337"
    },
    {
        "type": "message",
        "user": "U02QSHX81",
        "text": "lol",
        "ts": "1522779674.000031"
    },
    {
        "type": "message",
        "user": "U41M5AAJW",
        "text": ":stuck_out_tongue:",
        "ts": "1522780210.000262"
    },
    {
        "type": "message",
        "user": "U41M5AAJW",
        "text": "yeah, true... lets wait for it to be worthy",
        "ts": "1522780223.000311"
    },
    {
        "type": "message",
        "user": "U02QSHX81",
        "text": "exactly :+1:",
        "ts": "1522780233.000777"
    },
    {
        "type": "message",
        "user": "U02QSHX81",
        "text": "or if <@U9KF6HXQF> bribes us :trollface:",
        "ts": "1522780254.000412"
    },
    {
        "type": "message",
        "user": "U9KF6HXQF",
        "text": "har har",
        "ts": "1522780273.000508"
    },
    {
        "type": "message",
        "user": "U9KF6HXQF",
        "text": "i have made my impression here :heart:",
        "ts": "1522780280.000034",
        "reactions": [
            {
                "name": "shexy",
                "users": [
                    "U02QSHX81"
                ],
                "count": 1
            }
        ]
    },
    {
        "type": "message",
        "user": "U9KF6HXQF",
        "text": "0x03 aka the artist formerly known as bobdeposit aka release bribesman",
        "ts": "1522780300.000296"
    },
    {
        "type": "message",
        "user": "U9KF6HXQF",
        "text": ":wink:",
        "ts": "1522780301.000457"
    },
    {
        "type": "message",
        "user": "U6MTBP2QK",
        "text": "who's bride's maid are you?",
        "ts": "1522786999.000003",
        "reactions": [
            {
                "name": "trollface",
                "users": [
                    "U9KF6HXQF",
                    "U02QSHX81",
                    "U41M5AAJW"
                ],
                "count": 3
            },
            {
                "name": "face_with_rolling_eyes",
                "users": [
                    "U9KF6HXQF"
                ],
                "count": 1
            }
        ]
    },
    {
        "type": "message",
        "user": "U41M5AAJW",
        "text": "Please, dont get me into that joke :trollface:",
        "client_msg_id": "02389ecd-2f31-475c-9000-6afddb0d00a7",
        "ts": "1522790237.000313"
    },
    {
        "type": "message",
        "user": "U9KF6HXQF",
        "text": "well it's not like this would actually beg for it :smile:",
        "ts": "1522794368.000053"
    },
    {
        "type": "message",
        "user": "U8MLQ662K",
        "text": "height=777777",
        "ts": "1522806594.000232",
        "reactions": [
            {
                "name": "+1",
                "users": [
                    "U93ET4RU4",
                    "U6U67BH37",
                    "U5Z26MP60"
                ],
                "count": 3
            }
        ]
    },
    {
        "type": "message",
        "user": "U8MLQ662K",
        "text": "Are 0conf deposits supposed to accrue interest while in the b address?",
        "thread_ts": "1522807945.000179",
        "reply_count": 8,
        "replies": [
            {
                "user": "U81J3QWRG",
                "ts": "1522817251.000039"
            },
            {
                "user": "U5VUWSR0D",
                "ts": "1522817745.000016"
            },
            {
                "user": "U5VUWSR0D",
                "ts": "1522817834.000154"
            },
            {
                "user": "U8MLQ662K",
                "ts": "1522817865.000166"
            },
            {
                "user": "U8MLQ662K",
                "ts": "1522818127.000058"
            },
            {
                "user": "U81J3QWRG",
                "ts": "1522818361.000311"
            },
            {
                "user": "U81J3QWRG",
                "ts": "1522818363.000291"
            },
            {
                "user": "U93ET4RU4",
                "ts": "1522827622.000290"
            }
        ],
        "unread_count": 8,
        "ts": "1522807945.000179"
    },
    {
        "type": "message",
        "user": "U8MLQ662K",
        "text": "Just claimed a deposit, and I think the interest went to a miner",
        "ts": "1522807964.000147"
    },
    {
        "type": "message",
        "user": "U8MLQ662K",
        "text": "what is RANyPgfZZLhSjQB9jrzztSw66zMMYDZuxQ? It's listed under \"taddr\" for all the assets on atlassian",
        "ts": "1522810202.000285"
    },
    {
        "type": "message",
        "user": "U2Q1DP6EQ",
        "text": "Lightyears (LYS) swapped on BarterDEX (ERC20)\n```SWAP completed! 740305296-3811116579 {\"expiration\":1522827171,\"tradeid\":0,\"requestid\":740305296,\"quoteid\":3811116579,\"iambob\":1,\"Bgui\":\"nogui\",\"Agui\":\"\",\"gui\":\"nogui\",\"bob\":\"LYS\",\"bobtomic\":\"0xdd41fbd1ae95c5d9b198174a28e04be6b3d1aa27\",\"etomicsrc\":\"0x4e623b150b847da59f064f7c7fcc9f787dae2229\",\"srcamount\":0.72178386,\"bobtxfee\":0.00001000,\"alice\":\"KMD\",\"etomicdest\":\"0xdf38dd108bab50da564092ad0cd739c4634d963c\",\"destamount\":0.08009000,\"alicetxfee\":0.00001000,\"aliceid\":\"12887591964719513604\",\"sentflags\":[\"alicespend\", \"bobspend\", \"bobpayment\", \"alicepayment\", \"bobdeposit\", \"bobrefund\"],\"values\":[0.72179386, 0.08010000, 0.72180386, 0.08011000, 0.81202684, 0, 0, 0.81201684, 0, 0, 0],\"result\":\"success\",\"status\":\"finished\",\"finishtime\":1522811773,\"bobdeposit\":\"cc24d94d2bf0d20d9eb5c759960d1157380bff0f77fa925d5e13e6186f137f0f\",\"alicepayment\":\"33c404838eefa6b4c0f131b0ae561a4c4e38e890ac6bba0d30ad12c90c460139\",\"bobpayment\":\"c6262c8f46783d57b70986bce0ebee671e61e3bcff622a293b2f99dff3e0161a\",\"paymentspent\":\"f4913cc54aba8fde75730447041ba25768336b8207bd9373a641a84dbe2574ef\",\"Apaymentspent\":\"4160812f77cce824b24f09b2cb1911d33ccc0ab6a0570e2a573a99e81b2877f9\",\"depositspent\":\"80e0d82092f787b7f8836150b4473039b2e061ffab9998f2bcfa2a024e457bb6\",\"method\":\"tradestatus\",\"finishtime\":1522811773}```\nbobdeposit <https:\/\/etherscan.io\/tx\/0x7b080a5ed49f3e930c78a9600ac7491912795c42ecdca04cca48c97976e907a3>\nalicepayment <https:\/\/kmd.explorer.supernet.org\/tx\/33c404838eefa6b4c0f131b0ae561a4c4e38e890ac6bba0d30ad12c90c460139>\nbobpayment <https:\/\/etherscan.io\/tx\/0x41d5afc043c97ff836a94b1a46df7150f346e2399834c4d275897c5a46791872>",
        "edited": {
            "user": "U2Q1DP6EQ",
            "ts": "1522811944.000000"
        },
        "ts": "1522811935.000186",
        "reactions": [
            {
                "name": "100",
                "users": [
                    "U6U67BH37",
                    "U1TE5UXGF",
                    "U02QSHX81",
                    "U047X3GAM"
                ],
                "count": 4
            },
            {
                "name": "komodo_logo",
                "users": [
                    "U1TE5UXGF",
                    "U047X3GAM"
                ],
                "count": 2
            }
        ]
    },
    {
        "type": "message",
        "user": "U2Q1DP6EQ",
        "text": "<@U02LQ1WHQ> please add them to coins file: `{\\\"coin\\\":\\\"LYS\\\",\\\"name\\\":\\\"lightyears\\\",\\\"etomic\\\":\\\"0xdd41fbd1ae95c5d9b198174a28e04be6b3d1aa27\\\",\\\"rpcport\\\":80}`",
        "ts": "1522812047.000123"
    },
    {
        "text": "i believe they are if you deposit more than 10KMD.  If you deposit exactly 10KMD no interest accrues.\n:point_up: correct?",
        "thread_ts": "1522807945.000179",
        "type": "message",
        "subtype": "thread_broadcast",
        "user": "U81J3QWRG",
        "root": {
            "type": "message",
            "user": "U8MLQ662K",
            "text": "Are 0conf deposits supposed to accrue interest while in the b address?",
            "thread_ts": "1522807945.000179",
            "reply_count": 8,
            "replies": [
                {
                    "user": "U81J3QWRG",
                    "ts": "1522817251.000039"
                },
                {
                    "user": "U5VUWSR0D",
                    "ts": "1522817745.000016"
                },
                {
                    "user": "U5VUWSR0D",
                    "ts": "1522817834.000154"
                },
                {
                    "user": "U8MLQ662K",
                    "ts": "1522817865.000166"
                },
                {
                    "user": "U8MLQ662K",
                    "ts": "1522818127.000058"
                },
                {
                    "user": "U81J3QWRG",
                    "ts": "1522818361.000311"
                },
                {
                    "user": "U81J3QWRG",
                    "ts": "1522818363.000291"
                },
                {
                    "user": "U93ET4RU4",
                    "ts": "1522827622.000290"
                }
            ],
            "unread_count": 8,
            "ts": "1522807945.000179"
        },
        "ts": "1522817251.000039"
    },
    {
        "type": "message",
        "user": "U5VUWSR0D",
        "text": "Yes 0conf Deposits also accrue interest if x &gt;=10 \nThere is also a smal fee I believe around 0.1% with is paid to BOTS",
        "client_msg_id": "851fbeeb-c8f3-4697-92c4-a153506b851b",
        "edited": {
            "user": "U5VUWSR0D",
            "ts": "1522817781.000000"
        },
        "thread_ts": "1522807945.000179",
        "parent_user_id": "U8MLQ662K",
        "ts": "1522817745.000016"
    },
    {
        "type": "message",
        "user": "U5VUWSR0D",
        "text": "Mind sharing your trxid? <@U8MLQ662K>",
        "client_msg_id": "be7d6c58-7c9b-4006-bd3a-e187e00396f6",
        "thread_ts": "1522807945.000179",
        "parent_user_id": "U8MLQ662K",
        "ts": "1522817834.000154"
    },
    {
        "type": "message",
        "user": "U8MLQ662K",
        "text": "I'll pm it, one minute",
        "thread_ts": "1522807945.000179",
        "parent_user_id": "U8MLQ662K",
        "ts": "1522817865.000166"
    },
    {
        "type": "message",
        "user": "U8MLQ662K",
        "text": "<@U81J3QWRG> it was &gt;10",
        "thread_ts": "1522807945.000179",
        "parent_user_id": "U8MLQ662K",
        "ts": "1522818127.000058"
    },
    {
        "type": "message",
        "user": "U81J3QWRG",
        "text": "cool i thought i read some bug in the docs about ==10KMD not doing it and needing to be &gt;10",
        "thread_ts": "1522807945.000179",
        "parent_user_id": "U8MLQ662K",
        "ts": "1522818361.000311"
    },
    {
        "type": "message",
        "user": "U81J3QWRG",
        "text": "cheers",
        "thread_ts": "1522807945.000179",
        "parent_user_id": "U8MLQ662K",
        "ts": "1522818363.000291"
    },
    {
        "type": "message",
        "user": "U5VUWSR0D",
        "text": "It looks like there is an issue or maybe there is a simple explanation for it? According to the interest calculator the conditions to accrue interest are set (nlocktime is set) So most likely the issue happens when spending the deposit and the fee goes to the miner.\nI searched some bigger deposits and found the two below. Looks like none of them got the interest back to the owner but the miner got it.\n45KMD\n<http:\/\/kmdexplorer.ru\/address\/bTQ7tnQ1qMWfpphWPDr6XYH1LWTn9kDJUW>\n25KMD\n<http:\/\/kmdexplorer.ru\/address\/bMEVJPoPmseQwrRHqpcy4HHzCBCxKMgrCm>\nI omitted <@U8MLQ662K> trxid who initially asked deposit for privacy reasons above are two random deposit withdrawals .\n<@U02LQ1WHQ> Is there a simple explanation why 0conf Deposits on withdrawals are not getting the interest, or is it a possible Bug?",
        "ts": "1522822689.000254"
    }
]