[
    {
        "type": "message",
        "user": "U03SKEFEL",
        "text": "<@U8LL61DE1> <@U2Q1DP6EQ> <@U02QSHX81> <@U02LQ1WHQ> \nETH\/ERC20 balance issue fixed in latest commit in dev branch:\n<https:\/\/github.com\/KomodoPlatform\/BarterDEX\/commit\/55550b13b3aa2579e8f08171bece8ddf108d0537>",
        "attachments": [
            {
                "service_name": "GitHub",
                "title": "[bugfix] ETH\/ERC20 balance · KomodoPlatform\/BarterDEX@55550b1",
                "title_link": "https:\/\/github.com\/KomodoPlatform\/BarterDEX\/commit\/55550b13b3aa2579e8f08171bece8ddf108d0537",
                "text": "- Show balance fix for portfolio\/dashboard screen - Show balance fix on send currency dialog box - Send currency issue must be fixed for ETH\/ERC20 based on this fix.",
                "fallback": "GitHub: [bugfix] ETH\/ERC20 balance · KomodoPlatform\/BarterDEX@55550b1",
                "from_url": "https:\/\/github.com\/KomodoPlatform\/BarterDEX\/commit\/55550b13b3aa2579e8f08171bece8ddf108d0537",
                "thumb_url": "https:\/\/avatars1.githubusercontent.com\/u\/12998093?s=200&v=4",
                "thumb_width": 200,
                "thumb_height": 200,
                "service_icon": "https:\/\/a.slack-edge.com\/bfaba\/img\/unfurl_icons\/github.png",
                "id": 1,
                "original_url": "https:\/\/github.com\/KomodoPlatform\/BarterDEX\/commit\/55550b13b3aa2579e8f08171bece8ddf108d0537"
            }
        ],
        "ts": "1526283018.000105"
    },
    {
        "type": "message",
        "user": "U03SKEFEL",
        "text": "<@U02QSHX81> <@U2Q1DP6EQ> please test if this fixes the issue of withdrawing ETH\/ERC20 tokens.",
        "ts": "1526283040.000372"
    },
    {
        "type": "message",
        "user": "U03SKEFEL",
        "text": "You'll notice that as the portfolio\/dashboard coins load, it will start showing ETH\/ERC20 token balance as 0, then after a second or so, it will show the correct balance.",
        "ts": "1526283204.000106"
    },
    {
        "type": "message",
        "user": "U03SKEFEL",
        "text": "That's because in portfolio API, I run the api output in loop to make the portfolio screen table.\nand if the table row detects it's an address starting with \"0x\" it triggers another balance API to get it's balance and then shows it's balance in the table.",
        "ts": "1526283270.000137"
    },
    {
        "type": "message",
        "user": "U03SKEFEL",
        "text": "The same is the logic applied to the send button to withdraw dialog box.",
        "ts": "1526283287.000416"
    },
    {
        "type": "message",
        "user": "U2Q1DP6EQ",
        "text": "<@U03SKEFEL> dashboard and send-screen now show the correct balance for ETH and withdraw worked too -&gt; problem fixed, thank you",
        "ts": "1526294441.000219"
    },
    {
        "type": "message",
        "user": "U03SKEFEL",
        "text": "great! :slightly_smiling_face: :+1:",
        "ts": "1526294477.000091"
    },
    {
        "type": "message",
        "user": "U2Q1DP6EQ",
        "text": "Octus (OCT) swapped on BarterDEX\n```SWAP completed! 1984359727-3491584519 {\"uuid\":\"6604d8a9a7acb7bcdb84be62e8def87f71e753aa8d9c0c3da5493a28fe513eb2\",\"expiration\":1526319936,\"tradeid\":0,\"requestid\":1984359727,\"quoteid\":3491584519,\"iambob\":1,\"Bgui\":\"nogui\",\"Agui\":\"\",\"gui\":\"nogui\",\"bob\":\"OCT\",\"bobtomic\":\"0x7e9d365C0C97Fe5FcAdcc1B513Af974b768C5867\",\"etomicsrc\":\"0x4e623b150b847da59f064f7c7fcc9f787dae2229\",\"srcamount\":0.70036548,\"bobtxfee\":0.00001000,\"alice\":\"KMD\",\"etomicdest\":\"0xdf38dd108bab50da564092ad0cd739c4634d963c\",\"destamount\":0.08009000,\"alicetxfee\":0.00001000,\"aliceid\":\"3968908837098291201\",\"sentflags\":[\"alicespend\", \"bobspend\", \"bobpayment\", \"alicepayment\", \"bobdeposit\", \"bobrefund\"],\"values\":[0.70037548, 0.08010000, 0.70038548, 0.08011000, 0.78793116, 0, 0, 0.78792116, 0, 0, 0],\"result\":\"success\",\"status\":\"finished\",\"finishtime\":1526304787,\"bobdeposit\":\"8e9f36e13f90448a90eb9006993ab259bd11e4daf737f8d042a5cdc2ec2e414e\",\"alicepayment\":\"802cd1540345f4215e5e42d154c2db99b389e7175173d1631290c471f7b883b2\",\"bobpayment\":\"6ccce0df90f707e8c177ce7e4c3455b76aa3b1b9a54fdf6407d90e237783f0e9\",\"paymentspent\":\"c881a121e17f8cc770296c356443150a3a2f4fe4588cef0b9159f6efdb07fd97\",\"Apaymentspent\":\"2111867c2122abb107d7ed238b73ad5d3a1b9f973fd4e68cf0268e61b6236aaf\",\"depositspent\":\"c070b2622424e203d163824e1b93067eaf5542b06dbd0947dcd77bc90d4b0018\",\"method\":\"tradestatus\",\"finishtime\":1526304787}```\nbobdeposit <https:\/\/etherscan.io\/tx\/0x928f94e06f3354ec7e4658e7129e8ead6ba49782cd5148161cfcaeb675ae01be>\nalicepayment <https:\/\/kmdexplorer.ru\/tx\/802cd1540345f4215e5e42d154c2db99b389e7175173d1631290c471f7b883b2>\nbobpayment <https:\/\/etherscan.io\/tx\/0x07734841296588a48baf79a320633e926f4a5f9b2a0d8544e5caca86917d2e76>",
        "edited": {
            "user": "U2Q1DP6EQ",
            "ts": "1526305001.000000"
        },
        "ts": "1526304993.000363"
    },
    {
        "type": "message",
        "user": "U2Q1DP6EQ",
        "text": "<@U02LQ1WHQ> please add them to coins file: `{\\\"coin\\\":\\\"OCT\\\",\\\"name\\\":\\\"octus\\\",\\\"etomic\\\":\\\"0x7e9d365C0C97Fe5FcAdcc1B513Af974b768C5867\\\",\\\"rpcport\\\":80}`",
        "ts": "1526305024.000653"
    },
    {
        "type": "message",
        "user": "U5VUWSR0D",
        "text": "what is the timeout for unresponsive electrum servers? method : electrum\n `curl --url \"<http:\/\/127.0.0.1:7783>\" --data \"{\\\"userpass\\\":\\\"$userpass\\\",\\\"method\\\":\\\"electrum\\\",\\\"coin\\\":\\\"HODLC\\\",\\\"ipaddr\\\":\\\"serverisoffline.amit.systems\\\",\\\"port\\\":17989} `\nIt looks like it takes forever should I expect an connection failed after 30 seconds or so?",
        "edited": {
            "user": "U5VUWSR0D",
            "ts": "1526305358.000000"
        },
        "ts": "1526305169.000548"
    },
    {
        "type": "message",
        "user": "U2Q1DP6EQ",
        "text": "that depends on the server\/firewall, eg. difference between iptables REJECT and iptables DROP... maybe the behaviour can be changed on mm side to timeout quicker, not sure",
        "ts": "1526305426.000407"
    },
    {
        "type": "message",
        "user": "U5VUWSR0D",
        "text": "in my case that is a node which has no firewall configured.",
        "ts": "1526305594.000172"
    },
    {
        "type": "message",
        "user": "U2Q1DP6EQ",
        "text": "i mean the firewall on the electrum server :slightly_smiling_face: or whatever problem they may have",
        "ts": "1526305741.000256"
    },
    {
        "type": "message",
        "user": "U5VUWSR0D",
        "text": "ah I see ok...\nyes maybe a mm timeout limit would be great specially if you try to connect to the whole list and one in the middle does not want to.",
        "ts": "1526305812.000183"
    },
    {
        "type": "message",
        "user": "U2Q1DP6EQ",
        "text": "yes, i agree, it is indeed annoying",
        "ts": "1526305848.000698"
    },
    {
        "type": "message",
        "user": "U5VUWSR0D",
        "text": "<@U02LQ1WHQ> in case this is possible and does not break anything else it would be nice if marketmaker has a specific timeout limit when connecting to electrum servers. If the connection can not be made within x seconds it would be nice to return and error and stopp trying to connect.",
        "ts": "1526306044.000061"
    },
    {
        "type": "message",
        "user": "U02LQ1WHQ",
        "text": "I will look into this",
        "ts": "1526306283.000648"
    },
    {
        "type": "message",
        "user": "U708VNG66",
        "text": "I'm looking at creating a script that pre-tests Windows for MM accessibility, for example tries the ports, IP and other similar activity MM requires to run correctly, and can give output to the user accordingly.",
        "ts": "1526315554.000173"
    },
    {
        "type": "message",
        "user": "U708VNG66",
        "text": "Can someone outline the precise activity required by MM for proper function and any ports etc needed?",
        "ts": "1526315582.000090"
    },
    {
        "type": "message",
        "user": "U708VNG66",
        "text": "I can script a little file that does the testing in advance, so when we have a user who's using the dICO app for example, and it keeps failing half way, we can identify specifically what's causing the issue",
        "ts": "1526315621.000392"
    },
    {
        "user": "UAMMJ7E3D",
        "text": "<@UAMMJ7E3D> has joined the channel",
        "type": "message",
        "subtype": "channel_join",
        "ts": "1526334729.000188"
    },
    {
        "type": "message",
        "user": "U8T3ZA1MG",
        "text": "last block 11 mins?",
        "ts": "1526336235.000099"
    },
    {
        "type": "message",
        "user": "U8T3ZA1MG",
        "text": "ago",
        "ts": "1526336236.000132"
    },
    {
        "type": "message",
        "user": "U8T3ZA1MG",
        "text": "still gets hung up sometimes?",
        "ts": "1526336251.000334"
    },
    {
        "type": "message",
        "user": "U8T3ZA1MG",
        "text": "yikes, 28 min one earlier",
        "ts": "1526336364.000289"
    },
    {
        "type": "message",
        "user": "U70MZ24DQ",
        "text": "Hi",
        "client_msg_id": "8fcaea50-f80f-49a5-8d08-01ba64be8a74",
        "ts": "1526341524.000035"
    },
    {
        "type": "message",
        "user": "U70MZ24DQ",
        "text": "I can't get hush to show in barterdex",
        "client_msg_id": "adb5ac7a-9056-40a8-80c3-f9e28674f689",
        "ts": "1526341533.000281"
    },
    {
        "type": "message",
        "user": "U8VM45XBL",
        "text": "Which version of barterdex you have currently?",
        "ts": "1526342723.000002"
    },
    {
        "type": "message",
        "user": "U70MZ24DQ",
        "text": "1.02",
        "client_msg_id": "5b16fdcf-1162-4b4d-b4aa-58bb5b304e58",
        "ts": "1526344339.000214"
    },
    {
        "type": "message",
        "user": "U6PPCCQ00",
        "text": "we have 1.0.5-rc released 5 days ago\n!barterdex",
        "ts": "1526344526.000212"
    },
    {
        "text": "<https:\/\/github.com\/KomodoPlatform\/BarterDEX\/releases>",
        "attachments": [
            {
                "service_name": "GitHub",
                "title": "KomodoPlatform\/BarterDEX",
                "title_link": "https:\/\/github.com\/KomodoPlatform\/BarterDEX\/releases",
                "text": ":chart_with_upwards_trend: BarterDEX: Decentralised Exchange and Cryptocurrency Market",
                "fallback": "GitHub: KomodoPlatform\/BarterDEX",
                "from_url": "https:\/\/github.com\/KomodoPlatform\/BarterDEX\/releases",
                "thumb_url": "https:\/\/avatars2.githubusercontent.com\/u\/21276113?s=400&v=4",
                "thumb_width": 250,
                "thumb_height": 250,
                "service_icon": "https:\/\/a.slack-edge.com\/bfaba\/img\/unfurl_icons\/github.png",
                "id": 1,
                "original_url": "https:\/\/github.com\/KomodoPlatform\/BarterDEX\/releases"
            }
        ],
        "type": "message",
        "subtype": "slackbot_response",
        "user": "USLACKBOT",
        "ts": "1526344526.000270"
    },
    {
        "type": "message",
        "user": "U70MZ24DQ",
        "text": "how can i trade btcp?",
        "ts": "1526347971.000167"
    },
    {
        "type": "message",
        "user": "U6PPCCQ00",
        "text": "BTCP electrum seems down, Please use BTCP native mode on BarterDEX and try to buy",
        "ts": "1526348968.000048"
    },
    {
        "type": "message",
        "user": "U6PPCCQ00",
        "text": "<@U2Q1DP6EQ> If In case you are managing btcp electrum, can you help to check",
        "edited": {
            "user": "U6PPCCQ00",
            "ts": "1526349023.000000"
        },
        "ts": "1526349006.000298"
    },
    {
        "type": "message",
        "user": "U6PPCCQ00",
        "text": "```no more electrum data when expected2 len.7 n.-54\nbindflag.0 iguana_socket mismatch (35.227.229.146) -&gt; (<http:\/\/electrum.btcprivate.org|electrum.btcprivate.org>)\nRECONNECT ep.0x10a51c000 BTCP numerrors.0 too big -&gt; new <http:\/\/electrum.btcprivate.org:5222|electrum.btcprivate.org:5222> sock.71\nno more electrum data when expected2 len.7 n.-54```",
        "ts": "1526349117.000043"
    },
    {
        "type": "message",
        "user": "U2Q1DP6EQ",
        "text": "i don't run the BTCP electrums and they are indeed crappy... already asked the BTCP-guys to merge the changes to electrumx-repo, so i could run my own: <https:\/\/github.com\/BTCPrivate\/electrumx\/issues\/7>",
        "edited": {
            "user": "U2Q1DP6EQ",
            "ts": "1526349148.000000"
        },
        "ts": "1526349139.000268"
    },
    {
        "type": "message",
        "user": "U6PPCCQ00",
        "text": "Oh ok, Let me followup from myside",
        "ts": "1526349244.000161"
    },
    {
        "type": "message",
        "user": "U8T3ZA1MG",
        "text": "Any idea why I get a \"transaction cannot be completed\" frequently when trying to send coins out of barterdex into agama?",
        "ts": "1526353072.000113"
    },
    {
        "type": "message",
        "user": "U8T3ZA1MG",
        "text": "\"Transaction did not complete, please try again\"",
        "ts": "1526353100.000069"
    },
    {
        "type": "message",
        "user": "U6PPCCQ00",
        "text": "<@U2Q1DP6EQ> Pull request just raised by BTCP team, They may have updated their changes\n<https:\/\/github.com\/kyuupichan\/electrumx\/pull\/469>",
        "attachments": [
            {
                "service_name": "GitHub",
                "title": "Added ZCL testnet, BTCP mainnet, and BTCP testnet by csulmone · Pull Request #469 · kyuupichan\/electrumx",
                "title_link": "https:\/\/github.com\/kyuupichan\/electrumx\/pull\/469",
                "fallback": "GitHub: Added ZCL testnet, BTCP mainnet, and BTCP testnet by csulmone · Pull Request #469 · kyuupichan\/electrumx",
                "from_url": "https:\/\/github.com\/kyuupichan\/electrumx\/pull\/469",
                "thumb_url": "https:\/\/avatars0.githubusercontent.com\/u\/2083694?s=400&v=4",
                "thumb_width": 250,
                "thumb_height": 250,
                "service_icon": "https:\/\/a.slack-edge.com\/bfaba\/img\/unfurl_icons\/github.png",
                "id": 1,
                "original_url": "https:\/\/github.com\/kyuupichan\/electrumx\/pull\/469"
            }
        ],
        "edited": {
            "user": "U6PPCCQ00",
            "ts": "1526354174.000000"
        },
        "ts": "1526354006.000002"
    },
    {
        "type": "message",
        "user": "U2Q1DP6EQ",
        "text": "very nice, thanks for your efforts",
        "ts": "1526354171.000029",
        "reactions": [
            {
                "name": "+1",
                "users": [
                    "U6PPCCQ00"
                ],
                "count": 1
            }
        ]
    },
    {
        "type": "message",
        "user": "U6PPCCQ00",
        "text": "<@U8T3ZA1MG> Please use Bdex Seed In Agama, Inorder to do transactions. Let us Know for which pair you are facing that error",
        "ts": "1526355908.000084"
    },
    {
        "type": "message",
        "user": "U0EGQUAPJ",
        "text": "```marketmaker(4485,0x700003183000) malloc: *** error for object 0x7fda4f992bd0: pointer being freed was not allocated\n*** set a breakpoint in malloc_error_break to debug ```",
        "ts": "1526357247.000195"
    },
    {
        "type": "message",
        "user": "U0EGQUAPJ",
        "text": "I’ve seen his a few times, maybe once a day. Anyone else get this after running mm for a while?",
        "ts": "1526357294.000149"
    },
    {
        "type": "message",
        "user": "U0EGQUAPJ",
        "text": "Doesn’t seem to tell much, but just throwin it out there. ",
        "ts": "1526357316.000228"
    },
    {
        "type": "message",
        "user": "U0EGQUAPJ",
        "text": "Last thing before that was a price feed update, nothing unusual afaik",
        "ts": "1526357360.000005"
    },
    {
        "type": "message",
        "user": "U02LQ1WHQ",
        "text": "i havent seen memory errors in a long time. how much RAM does your system have? maybe in a low RAM system it will run into some errors?",
        "ts": "1526358979.000147"
    },
    {
        "type": "message",
        "user": "U0EGQUAPJ",
        "text": "16gb ram. MacBook Pro. Maybe I should reboot, been a while. I’ll check ram utilization. I do have Agama (for komodod) and bch abc qt wallet running. ",
        "edited": {
            "user": "U0EGQUAPJ",
            "ts": "1526360489.000000"
        },
        "ts": "1526360452.000243"
    },
    {
        "type": "message",
        "user": "U0EGQUAPJ",
        "text": "I haven’t paid attention to this before; looks like I have 5 or 6 instances of Komodod running. Is this due to running multiple coins (asset chains) in Agama?",
        "ts": "1526362399.000080"
    },
    {
        "type": "message",
        "user": "U0EGQUAPJ",
        "text": "Otherwise memory utilization seems ok.",
        "ts": "1526362422.000232"
    },
    {
        "type": "message",
        "user": "U03SKEFEL",
        "text": "each native assetchain uses it's own `komodod` process.",
        "ts": "1526362527.000160"
    },
    {
        "type": "message",
        "user": "U0EGQUAPJ",
        "text": "Cool, thanks <@U03SKEFEL> got it",
        "ts": "1526366295.000393"
    },
    {
        "type": "message",
        "user": "U0EGQUAPJ",
        "text": "Spent a little beer and bought a little bch, nuthin too exotic.",
        "ts": "1526366373.000122"
    },
    {
        "type": "message",
        "user": "U03SKEFEL",
        "text": ":slightly_smiling_face: :+1:",
        "ts": "1526366430.000009"
    }
]