[
    {
        "type": "message",
        "user": "U41M5AAJW",
        "text": "<@U02PH4RHZ> <@U7B8VF6TB> <@U02LQ1WHQ>",
        "client_msg_id": "cb91a539-5ec7-402e-8be3-254ef54cd161",
        "ts": "1527855780.000220"
    },
    {
        "type": "message",
        "user": "U02LQ1WHQ",
        "text": "why cant you use builds without ETOMIC for the dICO?",
        "ts": "1527856747.000372"
    },
    {
        "type": "message",
        "user": "U02LQ1WHQ",
        "text": "pretty sure CHMEX has windows builds for mm",
        "ts": "1527856768.000217"
    },
    {
        "type": "message",
        "user": "U02LQ1WHQ",
        "text": "<@U02QSHX81> can we make new builds?",
        "ts": "1527856781.000088"
    },
    {
        "type": "message",
        "user": "U02LQ1WHQ",
        "text": "also didnt we have stable builds from before? why to change mm binaries if it was working stable?",
        "ts": "1527857942.000096"
    },
    {
        "type": "message",
        "user": "U5VUWSR0D",
        "text": "<http:\/\/dexstats.info\/marketmaker.zip|dexstats.info\/marketmaker.zip>\nwindows 64 (non etomic) in case it's needed I did a test swap on hyperdex and it worked.",
        "edited": {
            "user": "U5VUWSR0D",
            "ts": "1527859283.000000"
        },
        "ts": "1527859185.000566"
    },
    {
        "type": "message",
        "user": "U41M5AAJW",
        "text": "I had forgotten about chmex builds! Thanks",
        "client_msg_id": "50e630d5-defb-4ea6-82cf-ee15ffda8ccd",
        "ts": "1527859417.000113"
    },
    {
        "type": "message",
        "user": "U02QSHX81",
        "text": "<@U41M5AAJW> do you need to Linux and macOS now?",
        "ts": "1527860782.000443"
    },
    {
        "type": "message",
        "user": "U02QSHX81",
        "text": "i can compile and upload for you",
        "ts": "1527860808.000736"
    },
    {
        "type": "message",
        "user": "U02QSHX81",
        "text": "jenkins win slave is offline. so, using CHMEX's build should be fine",
        "ts": "1527860851.000521"
    },
    {
        "type": "message",
        "user": "U41M5AAJW",
        "text": "<@U02QSHX81> need to talk to ca, he is doing a new dicoapp release using normal mm",
        "client_msg_id": "02f344a8-6b44-4a5f-9b28-f61e701d201d",
        "ts": "1527861093.000695"
    },
    {
        "type": "message",
        "user": "U93ET4RU4",
        "text": "Thanks!",
        "thread_ts": "1527741002.000016",
        "parent_user_id": "U93ET4RU4",
        "ts": "1527864495.000683"
    },
    {
        "type": "message",
        "user": "U741E9ZCJ",
        "text": "Please fix this, We are hardly getting any sales because of the bear. One or two guys attempting and they get failed swaps.",
        "ts": "1527870353.000417"
    },
    {
        "type": "message",
        "user": "U0EGQUAPJ",
        "text": "<@U7B8VF6TB> I’ve been studying that marketmaker-socket example, JavaScript and how it may translate to python, most of it’s starting to click but can you please explain what this is?\n\n```this._ws = new WebSocket(endpoint, ['<http:\/\/pair.sp.nanomsg.org|pair.sp.nanomsg.org>']); ```\n\nI see the endpoint is something you’re grabbing from BarterDex, but what is this second argument? Is it just a placeholder or does it serve a purpose? In the JavaScript examples, it seems to just have one argument, the first one being the endpoint. What is the purpose of the second? ",
        "edited": {
            "user": "U0EGQUAPJ",
            "ts": "1527872777.000000"
        },
        "thread_ts": "1527872525.000346",
        "reply_count": 1,
        "replies": [
            {
                "user": "U7B8VF6TB",
                "ts": "1528098643.000267"
            }
        ],
        "unread_count": 1,
        "ts": "1527872525.000346"
    },
    {
        "type": "message",
        "user": "U0EGQUAPJ",
        "text": "From: <https:\/\/developer.mozilla.org\/en-US\/docs\/Web\/API\/WebSocket> it appears second optional arg is to specify protocols, but I’m uncertain how that <http:\/\/pair.sp.nanomsg.org|pair.sp.nanomsg.org> address provides that.",
        "attachments": [
            {
                "service_name": "MDN Web Docs",
                "title": "WebSocket",
                "title_link": "https:\/\/developer.mozilla.org\/en-US\/docs\/Web\/API\/WebSocket",
                "text": "The WebSocket object provides the API for creating and managing a WebSocket connection to a server, as well as for sending and receiving data on the connection.",
                "fallback": "MDN Web Docs: WebSocket",
                "thumb_url": "https:\/\/developer.mozilla.org\/static\/img\/opengraph-logo.72382e605ce3.png",
                "from_url": "https:\/\/developer.mozilla.org\/en-US\/docs\/Web\/API\/WebSocket",
                "thumb_width": 600,
                "thumb_height": 600,
                "service_icon": "https:\/\/developer.mozilla.org\/static\/img\/favicon144.e7e21ca263ca.png",
                "id": 1,
                "original_url": "https:\/\/developer.mozilla.org\/en-US\/docs\/Web\/API\/WebSocket"
            }
        ],
        "ts": "1527874173.000597"
    },
    {
        "type": "message",
        "user": "U0EGQUAPJ",
        "text": "Heya guys, just wanted to report after all that drama, the atomic swap that was taking its sweet time (all started due to a machine falling asleep) finally produced a “finished” file. Started May 25th, finished June 1st. So think it’s all done :)",
        "ts": "1527889204.000461",
        "reactions": [
            {
                "name": "champagne",
                "users": [
                    "U8QKXKKBM"
                ],
                "count": 1
            }
        ]
    },
    {
        "type": "message",
        "user": "U0EGQUAPJ",
        "text": "I see the nanomsg explanation of sub protocols. Getting “invalidMessage: malformed HTTP message” errors when simply trying to connect though.",
        "ts": "1527892590.000026"
    },
    {
        "type": "message",
        "user": "U0EGQUAPJ",
        "text": "Ok, looks like just a config issue. Tried on Mac with WebSocket-client, worked fine, something incorrect in Linux setup. ",
        "ts": "1527908803.000092"
    },
    {
        "type": "message",
        "user": "U0EGQUAPJ",
        "text": "Interestingly with WebSocket. Didn’t have to specify a subprotocol for some reason. ",
        "ts": "1527908930.000042"
    }
]