[
    {
        "text": "where should I report generic mm bugs?",
        "username": "[discord] <lukechilds>",
        "icons": {
            "image_48": "https:\/\/slack-files2.s3-us-west-2.amazonaws.com\/bot_icons\/2018-06-15\/383186477815_48.png"
        },
        "bot_id": "BB46XBDAM",
        "attachments": [
            {
                "callback_id": "matterbridge_bd6flfjovtqcd5msvbmg",
                "id": 1
            }
        ],
        "type": "message",
        "subtype": "bot_message",
        "ts": "1534351618.000100"
    },
    {
        "text": "@jl777c on your repo or artems?",
        "username": "[discord] <lukechilds>",
        "icons": {
            "image_48": "https:\/\/slack-files2.s3-us-west-2.amazonaws.com\/bot_icons\/2018-06-15\/383186477815_48.png"
        },
        "bot_id": "BB46XBDAM",
        "attachments": [
            {
                "callback_id": "matterbridge_bd6flfjovtqcd5msvbmg",
                "id": 1
            }
        ],
        "type": "message",
        "subtype": "bot_message",
        "ts": "1534351627.000100"
    },
    {
        "text": "if they are related to general behaviour",
        "username": "[discord] <lukechilds>",
        "icons": {
            "image_48": "https:\/\/slack-files2.s3-us-west-2.amazonaws.com\/bot_icons\/2018-06-15\/383186477815_48.png"
        },
        "bot_id": "BB46XBDAM",
        "attachments": [
            {
                "callback_id": "matterbridge_bd6flfjovtqcd5msvbmg",
                "id": 1
            }
        ],
        "type": "message",
        "subtype": "bot_message",
        "ts": "1534351637.000100"
    },
    {
        "text": "e.g withdrawing currency, not etomic specific",
        "username": "[discord] <lukechilds>",
        "icons": {
            "image_48": "https:\/\/slack-files2.s3-us-west-2.amazonaws.com\/bot_icons\/2018-06-15\/383186477815_48.png"
        },
        "bot_id": "BB46XBDAM",
        "attachments": [
            {
                "callback_id": "matterbridge_bd6flfjovtqcd5msvbmg",
                "id": 1
            }
        ],
        "type": "message",
        "subtype": "bot_message",
        "ts": "1534351647.000100"
    },
    {
        "text": "James I made a gtc order on my Alice",
        "username": "[discord] <lukechilds>",
        "icons": {
            "image_48": "https:\/\/slack-files2.s3-us-west-2.amazonaws.com\/bot_icons\/2018-06-15\/383186477815_48.png"
        },
        "bot_id": "BB46XBDAM",
        "attachments": [
            {
                "callback_id": "matterbridge_bd6flfjovtqcd5msvbmg",
                "id": 1
            }
        ],
        "type": "message",
        "subtype": "bot_message",
        "ts": "1534354229.000100"
    },
    {
        "text": "looked to all be working",
        "username": "[discord] <lukechilds>",
        "icons": {
            "image_48": "https:\/\/slack-files2.s3-us-west-2.amazonaws.com\/bot_icons\/2018-06-15\/383186477815_48.png"
        },
        "bot_id": "BB46XBDAM",
        "attachments": [
            {
                "callback_id": "matterbridge_bd6flfjovtqcd5msvbmg",
                "id": 1
            }
        ],
        "type": "message",
        "subtype": "bot_message",
        "ts": "1534354237.000100"
    },
    {
        "text": "I could see it re-issueing every 5 mins",
        "username": "[discord] <lukechilds>",
        "icons": {
            "image_48": "https:\/\/slack-files2.s3-us-west-2.amazonaws.com\/bot_icons\/2018-06-15\/383186477815_48.png"
        },
        "bot_id": "BB46XBDAM",
        "attachments": [
            {
                "callback_id": "matterbridge_bd6flfjovtqcd5msvbmg",
                "id": 1
            }
        ],
        "type": "message",
        "subtype": "bot_message",
        "ts": "1534354250.000100"
    },
    {
        "text": "however when I offer up a matching order on my Bob it doesn't seem to match",
        "username": "[discord] <lukechilds>",
        "icons": {
            "image_48": "https:\/\/slack-files2.s3-us-west-2.amazonaws.com\/bot_icons\/2018-06-15\/383186477815_48.png"
        },
        "bot_id": "BB46XBDAM",
        "attachments": [
            {
                "callback_id": "matterbridge_bd6flfjovtqcd5msvbmg",
                "id": 1
            }
        ],
        "type": "message",
        "subtype": "bot_message",
        "ts": "1534354268.000100"
    },
    {
        "text": "it does do something",
        "username": "[discord] <lukechilds>",
        "icons": {
            "image_48": "https:\/\/slack-files2.s3-us-west-2.amazonaws.com\/bot_icons\/2018-06-15\/383186477815_48.png"
        },
        "bot_id": "BB46XBDAM",
        "attachments": [
            {
                "callback_id": "matterbridge_bd6flfjovtqcd5msvbmg",
                "id": 1
            }
        ],
        "type": "message",
        "subtype": "bot_message",
        "ts": "1534354273.000100"
    },
    {
        "text": "but the trade doesn't seem to start",
        "username": "[discord] <lukechilds>",
        "icons": {
            "image_48": "https:\/\/slack-files2.s3-us-west-2.amazonaws.com\/bot_icons\/2018-06-15\/383186477815_48.png"
        },
        "bot_id": "BB46XBDAM",
        "attachments": [
            {
                "callback_id": "matterbridge_bd6flfjovtqcd5msvbmg",
                "id": 1
            }
        ],
        "type": "message",
        "subtype": "bot_message",
        "ts": "1534354281.000100"
    },
    {
        "text": "```\nunexpected.0 tradestatus aliceid.7056878579986792449 requestid.3535348499 quoteid.1802278873\nunexpected.1 tradestatus aliceid.10075308251591606273 requestid.2704605636 quoteid.3556726780\nadded 12 of 12 from KMD listunspents\nconnected to push.(<tcp:\/\/192.99.71.59:7793>) pushsock.10 valid.1  | connected to sub.(<tcp:\/\/192.99.71.59:7803>) subsock.11 valid.1 numactive.1\nNew priority.1 max_Reserved_msgs.1\nmax rpc threads spawned and alive 0 &lt;- 1\nuserpass.(18474d8ecc7ec07f1d3011189234621c7c1b4fc739ade6c2a5ace20a80ae6557)\n0 Using ref KMD\/MYTH for KMD\/MYTH factor 0.00000000, offset 0.00000000, margin 0.00000000\/0.00000000 fixed 0.10000000\nAUTOPRICE numautorefs.1\nadded 19 of 19 from ETOMIC listunspents\nNew priority.0 max_Reserved_msgs.1\nAUTOPRICE numautorefs.1\nAUTOPRICE numautorefs.1\nAUTOPRICE numautorefs.1\n1567 uuid.7e8943db0239d0a085d1436f5dcccccc M.0 g.1 f.0      request  MYTH\/KMD     1.00086685 -&gt;   0.15010000 ( 0.14997150) | RT.7 868 n0\nbob 9d94d31074788fe1ee3a6a67bbe9a19888ddfa9be084e6bc3c32c17b4baea246 received REQUEST.(7e8943db0239d0a085d1436f5dcccccc) mpnet.0 fill.0 gtc.1\n5452088862428364801 &gt;&gt;&gt;&gt;&gt;&gt;&gt; myprice 0.10000000 qprice 0.14997150 r.17 range 0.04997150 -&gt; 0.10849515, bestprice 0.10849515 counter.-1\npriceiter.0 voliter.0 price 0.10849515 vol 0.15010000\nMYTH\/KMD i.0 j.0 qprice 0.14997150 myprice 0.10000000 price 0.10849515 [0.10849437]\nNew priority.1 max_Reserved_msgs.2\nmissing field.(maxprice) add to MM_fields[]\nmissing field.(gtc) add to MM_fields[]\nmissing field.(maxprice) add to MM_fields[]\n1568 uuid.7e8943db0239d0a085d1436f5dcccccc M.0 g.1 f.0     reserved  MYTH\/KMD     1.38349192 -&gt;   0.15010000 ( 0.10849437) | RT.7 868 n0\n```",
        "username": "[discord] <lukechilds>",
        "icons": {
            "image_48": "https:\/\/slack-files2.s3-us-west-2.amazonaws.com\/bot_icons\/2018-06-15\/383186477815_48.png"
        },
        "bot_id": "BB46XBDAM",
        "attachments": [
            {
                "callback_id": "matterbridge_bd6flfjovtqcd5msvbmg",
                "id": 1
            }
        ],
        "type": "message",
        "subtype": "bot_message",
        "ts": "1534354342.000100"
    },
    {
        "text": "it basically just repeats that last block (from `request  MYTH\/KMD` to  `reserved  MYTH\/KMD`) every 5 minutes",
        "username": "[discord] <lukechilds>",
        "icons": {
            "image_48": "https:\/\/slack-files2.s3-us-west-2.amazonaws.com\/bot_icons\/2018-06-15\/383186477815_48.png"
        },
        "bot_id": "BB46XBDAM",
        "attachments": [
            {
                "callback_id": "matterbridge_bd6flfjovtqcd5msvbmg",
                "id": 1
            }
        ],
        "type": "message",
        "subtype": "bot_message",
        "ts": "1534354391.000100"
    },
    {
        "text": "after each order is issued from Alice",
        "username": "[discord] <lukechilds>",
        "icons": {
            "image_48": "https:\/\/slack-files2.s3-us-west-2.amazonaws.com\/bot_icons\/2018-06-15\/383186477815_48.png"
        },
        "bot_id": "BB46XBDAM",
        "attachments": [
            {
                "callback_id": "matterbridge_bd6flfjovtqcd5msvbmg",
                "id": 1
            }
        ],
        "type": "message",
        "subtype": "bot_message",
        "ts": "1534354401.000100"
    },
    {
        "text": "(those logs are from Bob)",
        "username": "[discord] <lukechilds>",
        "icons": {
            "image_48": "https:\/\/slack-files2.s3-us-west-2.amazonaws.com\/bot_icons\/2018-06-15\/383186477815_48.png"
        },
        "bot_id": "BB46XBDAM",
        "attachments": [
            {
                "callback_id": "matterbridge_bd6flfjovtqcd5msvbmg",
                "id": 1
            }
        ],
        "type": "message",
        "subtype": "bot_message",
        "ts": "1534354406.000100"
    },
    {
        "text": "but the trade never seems to actually execute",
        "username": "[discord] <lukechilds>",
        "icons": {
            "image_48": "https:\/\/slack-files2.s3-us-west-2.amazonaws.com\/bot_icons\/2018-06-15\/383186477815_48.png"
        },
        "bot_id": "BB46XBDAM",
        "attachments": [
            {
                "callback_id": "matterbridge_bd6flfjovtqcd5msvbmg",
                "id": 1
            }
        ],
        "type": "message",
        "subtype": "bot_message",
        "ts": "1534354419.000100"
    },
    {
        "text": "Does `reserved  MYTH\/KMD` mean Bob has reserved the order for himself?",
        "username": "[discord] <lukechilds>",
        "icons": {
            "image_48": "https:\/\/slack-files2.s3-us-west-2.amazonaws.com\/bot_icons\/2018-06-15\/383186477815_48.png"
        },
        "bot_id": "BB46XBDAM",
        "attachments": [
            {
                "callback_id": "matterbridge_bd6flfjovtqcd5msvbmg",
                "id": 1
            }
        ],
        "type": "message",
        "subtype": "bot_message",
        "ts": "1534354433.000100"
    },
    {
        "text": "it got the reserved, but maybe the price was fractionally not enough?",
        "username": "[discord] <jl777c>",
        "bot_id": "BB46XBDAM",
        "attachments": [
            {
                "callback_id": "matterbridge_bd6flfjovtqcd5msvbmg",
                "id": 1
            }
        ],
        "type": "message",
        "subtype": "bot_message",
        "ts": "1534357547.000100"
    },
    {
        "text": "Bob wants 0.1",
        "username": "[discord] <lukechilds>",
        "icons": {
            "image_48": "https:\/\/slack-files2.s3-us-west-2.amazonaws.com\/bot_icons\/2018-06-15\/383186477815_48.png"
        },
        "bot_id": "BB46XBDAM",
        "attachments": [
            {
                "callback_id": "matterbridge_bd6flfjovtqcd5msvbmg",
                "id": 1
            }
        ],
        "type": "message",
        "subtype": "bot_message",
        "ts": "1534358097.000100"
    },
    {
        "text": "I set Alice's price to 0.15",
        "username": "[discord] <lukechilds>",
        "icons": {
            "image_48": "https:\/\/slack-files2.s3-us-west-2.amazonaws.com\/bot_icons\/2018-06-15\/383186477815_48.png"
        },
        "bot_id": "BB46XBDAM",
        "attachments": [
            {
                "callback_id": "matterbridge_bd6flfjovtqcd5msvbmg",
                "id": 1
            }
        ],
        "type": "message",
        "subtype": "bot_message",
        "ts": "1534358107.000100"
    },
    {
        "text": "I think it normally gives a message in the logs if the prices don't match",
        "username": "[discord] <lukechilds>",
        "icons": {
            "image_48": "https:\/\/slack-files2.s3-us-west-2.amazonaws.com\/bot_icons\/2018-06-15\/383186477815_48.png"
        },
        "bot_id": "BB46XBDAM",
        "attachments": [
            {
                "callback_id": "matterbridge_bd6flfjovtqcd5msvbmg",
                "id": 1
            }
        ],
        "type": "message",
        "subtype": "bot_message",
        "ts": "1534358132.000100"
    },
    {
        "text": "wait a sec",
        "username": "[discord] <lukechilds>",
        "icons": {
            "image_48": "https:\/\/slack-files2.s3-us-west-2.amazonaws.com\/bot_icons\/2018-06-15\/383186477815_48.png"
        },
        "bot_id": "BB46XBDAM",
        "attachments": [
            {
                "callback_id": "matterbridge_bd6flfjovtqcd5msvbmg",
                "id": 1
            }
        ],
        "type": "message",
        "subtype": "bot_message",
        "ts": "1534358189.000100"
    },
    {
        "text": "just got back from dinner and it appears to have gone through",
        "username": "[discord] <lukechilds>",
        "icons": {
            "image_48": "https:\/\/slack-files2.s3-us-west-2.amazonaws.com\/bot_icons\/2018-06-15\/383186477815_48.png"
        },
        "bot_id": "BB46XBDAM",
        "attachments": [
            {
                "callback_id": "matterbridge_bd6flfjovtqcd5msvbmg",
                "id": 1
            }
        ],
        "type": "message",
        "subtype": "bot_message",
        "ts": "1534358242.000100"
    },
    {
        "text": "odd",
        "username": "[discord] <lukechilds>",
        "icons": {
            "image_48": "https:\/\/slack-files2.s3-us-west-2.amazonaws.com\/bot_icons\/2018-06-15\/383186477815_48.png"
        },
        "bot_id": "BB46XBDAM",
        "attachments": [
            {
                "callback_id": "matterbridge_bd6flfjovtqcd5msvbmg",
                "id": 1
            }
        ],
        "type": "message",
        "subtype": "bot_message",
        "ts": "1534358244.000100"
    },
    {
        "text": "it took about 4-5 of those request\/reserved blocks before it matched",
        "username": "[discord] <lukechilds>",
        "icons": {
            "image_48": "https:\/\/slack-files2.s3-us-west-2.amazonaws.com\/bot_icons\/2018-06-15\/383186477815_48.png"
        },
        "bot_id": "BB46XBDAM",
        "attachments": [
            {
                "callback_id": "matterbridge_bd6flfjovtqcd5msvbmg",
                "id": 1
            }
        ],
        "type": "message",
        "subtype": "bot_message",
        "ts": "1534358276.000100"
    },
    {
        "text": "normally when I'm not using gtc it matches instantly",
        "username": "[discord] <lukechilds>",
        "icons": {
            "image_48": "https:\/\/slack-files2.s3-us-west-2.amazonaws.com\/bot_icons\/2018-06-15\/383186477815_48.png"
        },
        "bot_id": "BB46XBDAM",
        "attachments": [
            {
                "callback_id": "matterbridge_bd6flfjovtqcd5msvbmg",
                "id": 1
            }
        ],
        "type": "message",
        "subtype": "bot_message",
        "ts": "1534358305.000100"
    },
    {
        "text": "this seems to take 4-5 of the re-orders before it matched",
        "username": "[discord] <lukechilds>",
        "icons": {
            "image_48": "https:\/\/slack-files2.s3-us-west-2.amazonaws.com\/bot_icons\/2018-06-15\/383186477815_48.png"
        },
        "bot_id": "BB46XBDAM",
        "attachments": [
            {
                "callback_id": "matterbridge_bd6flfjovtqcd5msvbmg",
                "id": 1
            }
        ],
        "type": "message",
        "subtype": "bot_message",
        "ts": "1534358338.000100"
    },
    {
        "text": "even though it saw all of them and got to reserved state",
        "username": "[discord] <lukechilds>",
        "icons": {
            "image_48": "https:\/\/slack-files2.s3-us-west-2.amazonaws.com\/bot_icons\/2018-06-15\/383186477815_48.png"
        },
        "bot_id": "BB46XBDAM",
        "attachments": [
            {
                "callback_id": "matterbridge_bd6flfjovtqcd5msvbmg",
                "id": 1
            }
        ],
        "type": "message",
        "subtype": "bot_message",
        "ts": "1534358349.000100"
    },
    {
        "text": "also, it appears there is a bug with the IDs",
        "username": "[discord] <lukechilds>",
        "icons": {
            "image_48": "https:\/\/slack-files2.s3-us-west-2.amazonaws.com\/bot_icons\/2018-06-15\/383186477815_48.png"
        },
        "bot_id": "BB46XBDAM",
        "attachments": [
            {
                "callback_id": "matterbridge_bd6flfjovtqcd5msvbmg",
                "id": 1
            }
        ],
        "type": "message",
        "subtype": "bot_message",
        "ts": "1534358356.000100"
    },
    {
        "text": "The `marketmaker` response when alice placed the order said the UUID is: `6194b5e826a4ba650d4c6f37d343763a7e8943db0239d0a085d1436f5d702fa7 `",
        "username": "[discord] <lukechilds>",
        "icons": {
            "image_48": "https:\/\/slack-files2.s3-us-west-2.amazonaws.com\/bot_icons\/2018-06-15\/383186477815_48.png"
        },
        "bot_id": "BB46XBDAM",
        "attachments": [
            {
                "callback_id": "matterbridge_bd6flfjovtqcd5msvbmg",
                "id": 1
            }
        ],
        "type": "message",
        "subtype": "bot_message",
        "ts": "1534358398.000100"
    },
    {
        "text": "However from Bobs end the logs show the UUID as `6194b5e826a4ba650d4c6f37d343763a7e8943db0239d0a085d1436f5dcccccc`",
        "username": "[discord] <lukechilds>",
        "icons": {
            "image_48": "https:\/\/slack-files2.s3-us-west-2.amazonaws.com\/bot_icons\/2018-06-15\/383186477815_48.png"
        },
        "bot_id": "BB46XBDAM",
        "attachments": [
            {
                "callback_id": "matterbridge_bd6flfjovtqcd5msvbmg",
                "id": 1
            }
        ],
        "type": "message",
        "subtype": "bot_message",
        "ts": "1534358467.000100"
    },
    {
        "text": "we didn't get any events in the UI",
        "username": "[discord] <lukechilds>",
        "icons": {
            "image_48": "https:\/\/slack-files2.s3-us-west-2.amazonaws.com\/bot_icons\/2018-06-15\/383186477815_48.png"
        },
        "bot_id": "BB46XBDAM",
        "attachments": [
            {
                "callback_id": "matterbridge_bd6flfjovtqcd5msvbmg",
                "id": 1
            }
        ],
        "type": "message",
        "subtype": "bot_message",
        "ts": "1534358530.000100"
    },
    {
        "text": "presumably because it was listening for the UUID it was given from mm but the socket messages contained the one ending in `cccccc`",
        "username": "[discord] <lukechilds>",
        "icons": {
            "image_48": "https:\/\/slack-files2.s3-us-west-2.amazonaws.com\/bot_icons\/2018-06-15\/383186477815_48.png"
        },
        "bot_id": "BB46XBDAM",
        "attachments": [
            {
                "callback_id": "matterbridge_bd6flfjovtqcd5msvbmg",
                "id": 1
            }
        ],
        "type": "message",
        "subtype": "bot_message",
        "ts": "1534358574.000100"
    },
    {
        "text": "what's the reason for replacing the last 6 characters with `c`?",
        "username": "[discord] <lukechilds>",
        "icons": {
            "image_48": "https:\/\/slack-files2.s3-us-west-2.amazonaws.com\/bot_icons\/2018-06-15\/383186477815_48.png"
        },
        "bot_id": "BB46XBDAM",
        "attachments": [
            {
                "callback_id": "matterbridge_bd6flfjovtqcd5msvbmg",
                "id": 1
            }
        ],
        "type": "message",
        "subtype": "bot_message",
        "ts": "1534358601.000100"
    },
    {
        "text": "i guess the uuid is changed to have the  cccccc after it is sent as an event",
        "username": "[discord] <jl777c>",
        "bot_id": "BB46XBDAM",
        "attachments": [
            {
                "callback_id": "matterbridge_bd6flfjovtqcd5msvbmg",
                "id": 1
            }
        ],
        "type": "message",
        "subtype": "bot_message",
        "ts": "1534358610.000100"
    },
    {
        "text": "it is a signal that it is a gtc order",
        "username": "[discord] <jl777c>",
        "bot_id": "BB46XBDAM",
        "attachments": [
            {
                "callback_id": "matterbridge_bd6flfjovtqcd5msvbmg",
                "id": 1
            }
        ],
        "type": "message",
        "subtype": "bot_message",
        "ts": "1534358624.000100"
    },
    {
        "text": "would it be possible to either use the normal ID all the time, or if there is a reason it needs to end in `cccccc` make sure it's returned like that in the original order request?",
        "username": "[discord] <lukechilds>",
        "icons": {
            "image_48": "https:\/\/slack-files2.s3-us-west-2.amazonaws.com\/bot_icons\/2018-06-15\/383186477815_48.png"
        },
        "bot_id": "BB46XBDAM",
        "attachments": [
            {
                "callback_id": "matterbridge_bd6flfjovtqcd5msvbmg",
                "id": 1
            }
        ],
        "type": "message",
        "subtype": "bot_message",
        "ts": "1534358643.000100"
    },
    {
        "text": "could gtc orders not be signalled with an extra property or something",
        "username": "[discord] <lukechilds>",
        "icons": {
            "image_48": "https:\/\/slack-files2.s3-us-west-2.amazonaws.com\/bot_icons\/2018-06-15\/383186477815_48.png"
        },
        "bot_id": "BB46XBDAM",
        "attachments": [
            {
                "callback_id": "matterbridge_bd6flfjovtqcd5msvbmg",
                "id": 1
            }
        ],
        "type": "message",
        "subtype": "bot_message",
        "ts": "1534358671.000100"
    },
    {
        "text": "like gtc:1 in the order",
        "username": "[discord] <lukechilds>",
        "icons": {
            "image_48": "https:\/\/slack-files2.s3-us-west-2.amazonaws.com\/bot_icons\/2018-06-15\/383186477815_48.png"
        },
        "bot_id": "BB46XBDAM",
        "attachments": [
            {
                "callback_id": "matterbridge_bd6flfjovtqcd5msvbmg",
                "id": 1
            }
        ],
        "type": "message",
        "subtype": "bot_message",
        "ts": "1534358680.000100"
    },
    {
        "text": "it doesn't seem like a good idea to hack meaningful info into something that's supposed to be a unique identifier",
        "username": "[discord] <lukechilds>",
        "icons": {
            "image_48": "https:\/\/slack-files2.s3-us-west-2.amazonaws.com\/bot_icons\/2018-06-15\/383186477815_48.png"
        },
        "bot_id": "BB46XBDAM",
        "attachments": [
            {
                "callback_id": "matterbridge_bd6flfjovtqcd5msvbmg",
                "id": 1
            }
        ],
        "type": "message",
        "subtype": "bot_message",
        "ts": "1534358700.000100"
    },
    {
        "text": "also, why do gtc orders need to be signalled",
        "username": "[discord] <lukechilds>",
        "icons": {
            "image_48": "https:\/\/slack-files2.s3-us-west-2.amazonaws.com\/bot_icons\/2018-06-15\/383186477815_48.png"
        },
        "bot_id": "BB46XBDAM",
        "attachments": [
            {
                "callback_id": "matterbridge_bd6flfjovtqcd5msvbmg",
                "id": 1
            }
        ],
        "type": "message",
        "subtype": "bot_message",
        "ts": "1534358713.000100"
    },
    {
        "text": "will they ever be treated differently to a normal order?",
        "username": "[discord] <lukechilds>",
        "icons": {
            "image_48": "https:\/\/slack-files2.s3-us-west-2.amazonaws.com\/bot_icons\/2018-06-15\/383186477815_48.png"
        },
        "bot_id": "BB46XBDAM",
        "attachments": [
            {
                "callback_id": "matterbridge_bd6flfjovtqcd5msvbmg",
                "id": 1
            }
        ],
        "type": "message",
        "subtype": "bot_message",
        "ts": "1534358727.000100"
    },
    {
        "text": "yes, bob treats them differently, but I can remove the cccccc",
        "username": "[discord] <jl777c>",
        "bot_id": "BB46XBDAM",
        "attachments": [
            {
                "callback_id": "matterbridge_bd6flfjovtqcd5msvbmg",
                "id": 1
            }
        ],
        "type": "message",
        "subtype": "bot_message",
        "ts": "1534358763.000100"
    },
    {
        "text": "thanks, that would be great :ok_hand:",
        "username": "[discord] <lukechilds>",
        "icons": {
            "image_48": "https:\/\/slack-files2.s3-us-west-2.amazonaws.com\/bot_icons\/2018-06-15\/383186477815_48.png"
        },
        "bot_id": "BB46XBDAM",
        "attachments": [
            {
                "callback_id": "matterbridge_bd6flfjovtqcd5msvbmg",
                "id": 1
            }
        ],
        "type": "message",
        "subtype": "bot_message",
        "ts": "1534358773.000100"
    },
    {
        "text": "also, any ideas on why it took so long to match?",
        "username": "[discord] <lukechilds>",
        "icons": {
            "image_48": "https:\/\/slack-files2.s3-us-west-2.amazonaws.com\/bot_icons\/2018-06-15\/383186477815_48.png"
        },
        "bot_id": "BB46XBDAM",
        "attachments": [
            {
                "callback_id": "matterbridge_bd6flfjovtqcd5msvbmg",
                "id": 1
            }
        ],
        "type": "message",
        "subtype": "bot_message",
        "ts": "1534358819.000100"
    },
    {
        "text": "it had to be re-broadcast about 5 times before the bob decided to swap",
        "username": "[discord] <lukechilds>",
        "icons": {
            "image_48": "https:\/\/slack-files2.s3-us-west-2.amazonaws.com\/bot_icons\/2018-06-15\/383186477815_48.png"
        },
        "bot_id": "BB46XBDAM",
        "attachments": [
            {
                "callback_id": "matterbridge_bd6flfjovtqcd5msvbmg",
                "id": 1
            }
        ],
        "type": "message",
        "subtype": "bot_message",
        "ts": "1534358837.000100"
    },
    {
        "text": "but the Bob noticed it each time before, just didn't swap",
        "username": "[discord] <lukechilds>",
        "icons": {
            "image_48": "https:\/\/slack-files2.s3-us-west-2.amazonaws.com\/bot_icons\/2018-06-15\/383186477815_48.png"
        },
        "bot_id": "BB46XBDAM",
        "attachments": [
            {
                "callback_id": "matterbridge_bd6flfjovtqcd5msvbmg",
                "id": 1
            }
        ],
        "type": "message",
        "subtype": "bot_message",
        "ts": "1534358859.000100"
    },
    {
        "text": "updated my repo, will trigger build in artem's when it propagates",
        "username": "[discord] <jl777c>",
        "bot_id": "BB46XBDAM",
        "attachments": [
            {
                "callback_id": "matterbridge_bd6flfjovtqcd5msvbmg",
                "id": 1
            }
        ],
        "type": "message",
        "subtype": "bot_message",
        "ts": "1534358888.000100"
    },
    {
        "text": "no idea why 5 times",
        "username": "[discord] <jl777c>",
        "bot_id": "BB46XBDAM",
        "attachments": [
            {
                "callback_id": "matterbridge_bd6flfjovtqcd5msvbmg",
                "id": 1
            }
        ],
        "type": "message",
        "subtype": "bot_message",
        "ts": "1534358892.000100"
    },
    {
        "text": "awesome thanks",
        "username": "[discord] <lukechilds>",
        "icons": {
            "image_48": "https:\/\/slack-files2.s3-us-west-2.amazonaws.com\/bot_icons\/2018-06-15\/383186477815_48.png"
        },
        "bot_id": "BB46XBDAM",
        "attachments": [
            {
                "callback_id": "matterbridge_bd6flfjovtqcd5msvbmg",
                "id": 1
            }
        ],
        "type": "message",
        "subtype": "bot_message",
        "ts": "1534358905.000100"
    },
    {
        "text": "ok, maybe just a one off",
        "username": "[discord] <lukechilds>",
        "icons": {
            "image_48": "https:\/\/slack-files2.s3-us-west-2.amazonaws.com\/bot_icons\/2018-06-15\/383186477815_48.png"
        },
        "bot_id": "BB46XBDAM",
        "attachments": [
            {
                "callback_id": "matterbridge_bd6flfjovtqcd5msvbmg",
                "id": 1
            }
        ],
        "type": "message",
        "subtype": "bot_message",
        "ts": "1534358913.000100"
    },
    {
        "text": "it's late here",
        "username": "[discord] <lukechilds>",
        "icons": {
            "image_48": "https:\/\/slack-files2.s3-us-west-2.amazonaws.com\/bot_icons\/2018-06-15\/383186477815_48.png"
        },
        "bot_id": "BB46XBDAM",
        "attachments": [
            {
                "callback_id": "matterbridge_bd6flfjovtqcd5msvbmg",
                "id": 1
            }
        ],
        "type": "message",
        "subtype": "bot_message",
        "ts": "1534358920.000100"
    },
    {
        "text": "will test again with the new build tomorrow and let you know if I still experience matching issues",
        "username": "[discord] <lukechilds>",
        "icons": {
            "image_48": "https:\/\/slack-files2.s3-us-west-2.amazonaws.com\/bot_icons\/2018-06-15\/383186477815_48.png"
        },
        "bot_id": "BB46XBDAM",
        "attachments": [
            {
                "callback_id": "matterbridge_bd6flfjovtqcd5msvbmg",
                "id": 1
            }
        ],
        "type": "message",
        "subtype": "bot_message",
        "ts": "1534358940.000100"
    },
    {
        "text": "thanks for your help :+1:",
        "username": "[discord] <lukechilds>",
        "icons": {
            "image_48": "https:\/\/slack-files2.s3-us-west-2.amazonaws.com\/bot_icons\/2018-06-15\/383186477815_48.png"
        },
        "bot_id": "BB46XBDAM",
        "attachments": [
            {
                "callback_id": "matterbridge_bd6flfjovtqcd5msvbmg",
                "id": 1
            }
        ],
        "type": "message",
        "subtype": "bot_message",
        "ts": "1534358948.000100"
    }
]