[
    {
        "type": "message",
        "user": "U9LUDEM8T",
        "text": "Made a Commercium.conf file with the above my personal rpcuser and rpcpassword.  I made these up, am I supposed to pull them from somewhere?",
        "thread_ts": "1527579743.000052",
        "reply_count": 1,
        "replies": [
            {
                "user": "U2Q1DP6EQ",
                "ts": "1527596717.000548"
            }
        ],
        "unread_count": 1,
        "ts": "1527579743.000052"
    },
    {
        "type": "message",
        "user": "U9LUDEM8T",
        "text": "I tried to get in barterDEX and I am still getting the error.",
        "ts": "1527579754.000419"
    },
    {
        "type": "message",
        "user": "U9LUDEM8T",
        "text": "Maybe <@U33CGLNNR> Knows?   He's up and about around this time yea?",
        "ts": "1527580341.000364"
    },
    {
        "type": "message",
        "user": "U8QKXKKBM",
        "text": "<@U2Q1DP6EQ> <@U8MLQ662K> <@U41M5AAJW> might know",
        "ts": "1527580425.000041"
    },
    {
        "type": "message",
        "user": "U33CGLNNR",
        "text": "rpcuser=random \nrpcpassword=random\ntxindex=1\nbind=127.0.0.1\nrpcbind=127.0.0.1",
        "client_msg_id": "673685d9-635c-40f2-bd5b-ad63006fb966",
        "ts": "1527580621.000072"
    },
    {
        "type": "message",
        "user": "U9LUDEM8T",
        "text": "Random can be anything. \nSo I did that, and I am still coming up with the 4 bulletpoint list of possible reasons.",
        "ts": "1527580746.000228"
    },
    {
        "type": "message",
        "user": "U9LUDEM8T",
        "text": "I have both BDex and The wallet installed on my D drive.  Would this be an issue?",
        "thread_ts": "1527580763.000114",
        "reply_count": 1,
        "replies": [
            {
                "user": "U2Q1DP6EQ",
                "ts": "1527596799.000010"
            }
        ],
        "unread_count": 1,
        "ts": "1527580763.000114"
    },
    {
        "type": "message",
        "user": "U03SKEFEL",
        "text": "<@U41M5AAJW> <@U2Q1DP6EQ> <@U02QSHX81> pushed fix for package.json",
        "ts": "1527582720.000171"
    },
    {
        "type": "message",
        "user": "U03SKEFEL",
        "text": "I found the new fix would have not let `npm start` to work.",
        "ts": "1527582728.000367"
    },
    {
        "type": "message",
        "user": "U03SKEFEL",
        "text": "the update fixes for all relative path now.",
        "ts": "1527582745.000514"
    },
    {
        "type": "message",
        "user": "U03SKEFEL",
        "text": "thanks for taking care in my absence",
        "ts": "1527582759.000267"
    },
    {
        "type": "message",
        "user": "U03SKEFEL",
        "text": "<@U41M5AAJW> <@U2Q1DP6EQ> <@U02QSHX81> dev branch changes merged to master",
        "ts": "1527582974.000029"
    },
    {
        "type": "message",
        "user": "U03SKEFEL",
        "text": "please test. it should not complain about package issue on any platform now.",
        "ts": "1527582998.000123"
    },
    {
        "type": "message",
        "user": "U03SKEFEL",
        "text": "<@U2Q1DP6EQ> earlier the version number had to be changed in 3 places.\ngui\/index.html\nmain.js\npackage.json\n\nafter that line and bit more changes to the code, that's only need to be done single place. package.json.\nless chances of errors and efforts needed to update.",
        "ts": "1527583648.000116"
    },
    {
        "type": "message",
        "user": "U02QSHX81",
        "text": ":100:",
        "ts": "1527586371.000273"
    },
    {
        "type": "message",
        "user": "U41M5AAJW",
        "text": ":+1:",
        "client_msg_id": "a5cc857c-a68c-4717-b0f2-021ce845d649",
        "ts": "1527586729.000080"
    },
    {
        "type": "message",
        "user": "U5VUWSR0D",
        "text": "<http:\/\/dexstats.info\/finddeposit.php|dexstats.info\/finddeposit.php>\nI created a service to find the 0conf Deposit TXID. What it does is it searches the BOTS address for unspent and than lists the bAddresses which are still not spend\nIt does NOT check the locktime so a 52 weeks deposit might be there for a while. It's just an easy way to find the txid you can also download the instantdex json file.\nPage is updated each 24 hours. I hope it helps finding the txid on a heavy used address <@U02QSHX81> <@U02PH4RHZ> maybe useful for you guys",
        "ts": "1527594434.000228",
        "reactions": [
            {
                "name": "tada",
                "users": [
                    "U02QSHX81"
                ],
                "count": 1
            },
            {
                "name": "ok_hand::skin-tone-3",
                "users": [
                    "U02QSHX81"
                ],
                "count": 1
            },
            {
                "name": "raised_hands::skin-tone-3",
                "users": [
                    "U02QSHX81"
                ],
                "count": 1
            },
            {
                "name": "sunglasses",
                "users": [
                    "U02QSHX81"
                ],
                "count": 1
            }
        ]
    },
    {
        "type": "message",
        "user": "U02QSHX81",
        "text": "Thank you <@U5VUWSR0D>. This is awesome",
        "ts": "1527594564.000046"
    },
    {
        "type": "message",
        "user": "U02QSHX81",
        "text": "kmdbot tip <@U5VUWSR0D> 5",
        "ts": "1527594577.000048"
    },
    {
        "username": "",
        "text": "<@U02QSHX81> sent <@U5VUWSR0D> 5.0KMD (<https:\/\/www.kmd.host\/tx\/eedb03c60aee27d55149b2c5038cc23bb0950a30bf508439257768d02dc1ab0c| view on blockchain>)",
        "bot_id": "B8Y9N7F0U",
        "type": "message",
        "subtype": "bot_message",
        "ts": "1527594577.000320"
    },
    {
        "type": "message",
        "user": "U02QSHX81",
        "text": "i just found some txid that i didn't claim yet :stuck_out_tongue:",
        "ts": "1527594616.000210"
    },
    {
        "type": "message",
        "user": "U5VUWSR0D",
        "text": "Cool thanks a lot",
        "client_msg_id": "b2c84be1-b337-4a43-a29f-43ab1849d744",
        "ts": "1527594685.000242"
    },
    {
        "type": "message",
        "user": "U02QSHX81",
        "text": "out of 10 txids listed against my address, 1 of them is already spent\/claimed",
        "edited": {
            "user": "U02QSHX81",
            "ts": "1527594807.000000"
        },
        "ts": "1527594795.000107"
    },
    {
        "type": "message",
        "user": "U5VUWSR0D",
        "text": "Ok thanks I will check that",
        "client_msg_id": "493bed50-b253-4968-a02e-140868e2e912",
        "ts": "1527594973.000364"
    },
    {
        "type": "message",
        "user": "U02QSHX81",
        "text": "<@U9LBB4CTG> please make a guide on `How to find 0conf deposit txid if you lost it?`",
        "ts": "1527594997.000036"
    },
    {
        "type": "message",
        "user": "U9LBB4CTG",
        "text": ":+1::skin-tone-3:",
        "ts": "1527595040.000068"
    },
    {
        "type": "message",
        "user": "U9LBB4CTG",
        "text": "<@U02QSHX81> for gui?",
        "ts": "1527595090.000189"
    },
    {
        "type": "message",
        "user": "U02QSHX81",
        "text": "0conf deposit works on barterDEX, either CLI or GUI. everyone will benefit from this",
        "ts": "1527595140.000288"
    },
    {
        "type": "message",
        "user": "U9LBB4CTG",
        "text": "ok",
        "ts": "1527595175.000358"
    },
    {
        "type": "message",
        "user": "U5VUWSR0D",
        "text": "Not sure how the trx has to look like but maybe that can even be integrated in Agama?",
        "client_msg_id": "e8c29b93-99e8-4402-b5a4-ec49b758bddc",
        "edited": {
            "user": "U5VUWSR0D",
            "ts": "1527595222.000000"
        },
        "ts": "1527595212.000185"
    },
    {
        "type": "message",
        "user": "U02QSHX81",
        "text": "<@U9LBB4CTG> pelase also edit this guide to link to your new guide. this will be helpful for users",
        "ts": "1527595264.000409"
    },
    {
        "type": "message",
        "user": "U02QSHX81",
        "text": "<https:\/\/komodoplatform.atlassian.net\/wiki\/spaces\/KPSD\/pages\/112951303\/How+to+claim+0conf+deposit+after+expiry+date>",
        "ts": "1527595266.000079"
    },
    {
        "type": "message",
        "user": "U5VUWSR0D",
        "text": "That would remove the headache of creating the file etc.",
        "client_msg_id": "2168da14-f3e4-4fb5-ba18-7aa8c69eb685",
        "ts": "1527595276.000538"
    },
    {
        "text": "the file should be created automatically and updated automatically",
        "username": "jl777",
        "bot_id": "BAXPT56P9",
        "type": "message",
        "subtype": "bot_message",
        "ts": "1527595636.000264"
    },
    {
        "text": "only if it is deleted should it need to be recreated",
        "username": "jl777",
        "bot_id": "BAXPT56P9",
        "type": "message",
        "subtype": "bot_message",
        "ts": "1527595646.000113"
    },
    {
        "type": "message",
        "user": "U5VUWSR0D",
        "text": "There is some bug shen using the gui. It clears the file content",
        "client_msg_id": "8be4e60e-7c2b-40f1-9d9b-328e7a06efa0",
        "ts": "1527595952.000358"
    },
    {
        "type": "message",
        "user": "U5VUWSR0D",
        "text": "But have not figured out where it happens",
        "client_msg_id": "190c40a3-a11e-4bc0-a011-292ad048e662",
        "ts": "1527595967.000293"
    },
    {
        "type": "message",
        "user": "U81J3QWRG",
        "text": "i had a bad experience with barterdex today.\n\nseemed to have had 28KMD in there (display), tried to trade it for some LTC, transferred 83KMD to try buying some LTC again, understandably didn't have the corret UTXO, so needed to fix that.\n\nTried to send it to myself so i could split UTXO again but couldn't - not enough balance.\nNow the balance display is 0.\nHowever, balance on explorer says 90KMD <https:\/\/kmdexplorer.ru\/address\/RLYxeyjjED1Xc8s1VxoFRDFgRTGFmTtWvP>\n\nAre there logs I can examine from earlier today.  Sorry for the vague report.",
        "ts": "1527596082.000286"
    },
    {
        "text": "using SPV?",
        "username": "jl777",
        "bot_id": "BAXPT56P9",
        "type": "message",
        "subtype": "bot_message",
        "ts": "1527596141.000037"
    },
    {
        "type": "message",
        "user": "U81J3QWRG",
        "text": "yes.... :grimacing:",
        "ts": "1527596227.000027"
    },
    {
        "type": "message",
        "user": "U81J3QWRG",
        "text": "there's my problem and the UTXOs in SPV mode.",
        "ts": "1527596246.000178"
    },
    {
        "type": "message",
        "user": "U2Q1DP6EQ",
        "text": "the file must be called commercium.conf and be in the directory .commercium... under linux this is the whole path: `~\/.commercium\/commercium.conf`",
        "thread_ts": "1527579743.000052",
        "parent_user_id": "U9LUDEM8T",
        "ts": "1527596717.000548"
    },
    {
        "type": "message",
        "user": "U2Q1DP6EQ",
        "text": "yes, this is an issue, the directory with the blockchain-data must be in the default location, else BarterDEX can't find it",
        "thread_ts": "1527580763.000114",
        "parent_user_id": "U9LUDEM8T",
        "ts": "1527596799.000010"
    },
    {
        "type": "message",
        "user": "U9LBB4CTG",
        "text": "<https:\/\/komodoplatform.atlassian.net\/wiki\/spaces\/KPSD\/pages\/331644929\/How+to+find+0conf+deposit+txid+if+you+lost+it>",
        "ts": "1527598644.000363"
    },
    {
        "type": "message",
        "subtype": "pinned_item",
        "text": "<@U02QSHX81> pinned a message to this channel.",
        "user": "U02QSHX81",
        "item_type": "C",
        "attachments": [
            {
                "fallback": "[May 29th, 2018 5:57 AM] gcharang: <https:\/\/komodoplatform.atlassian.net\/wiki\/spaces\/KPSD\/pages\/331644929\/How+to+find+0conf+deposit+txid+if+you+lost+it>",
                "ts": "1527598644.000363",
                "author_id": "U9LBB4CTG",
                "author_subname": "gcharang",
                "channel_id": "C0MN08277",
                "channel_name": "tradebots",
                "is_msg_unfurl": true,
                "text": "<https:\/\/komodoplatform.atlassian.net\/wiki\/spaces\/KPSD\/pages\/331644929\/How+to+find+0conf+deposit+txid+if+you+lost+it>",
                "author_name": "gcharang",
                "author_link": "https:\/\/komodo-platform.slack.com\/team\/U9LBB4CTG",
                "author_icon": "https:\/\/secure.gravatar.com\/avatar\/b4b474d332681aa42b099f5c5b521ece.jpg?s=48&d=https%3A%2F%2Fa.slack-edge.com%2F66f9%2Fimg%2Favatars%2Fava_0002-48.png",
                "mrkdwn_in": [
                    "text"
                ],
                "from_hidden_wksp": false
            }
        ],
        "ts": "1527598870.000194"
    },
    {
        "text": "<@U81J3QWRG> delete the DB\/UNSPENTS files for you address",
        "username": "jl777",
        "bot_id": "BAXPT56P9",
        "type": "message",
        "subtype": "bot_message",
        "ts": "1527599118.000204"
    },
    {
        "type": "message",
        "user": "U03SKEFEL",
        "text": "<@U02QSHX81> <@U9LBB4CTG> all history of zeroconf operations are logged in .log files in BarterDEX data directory. Just in case someone looses the txid, they can refer to those too.",
        "edited": {
            "user": "U03SKEFEL",
            "ts": "1527599806.000000"
        },
        "ts": "1527599803.000327",
        "reactions": [
            {
                "name": "+1::skin-tone-3",
                "users": [
                    "U02QSHX81"
                ],
                "count": 1
            }
        ]
    },
    {
        "type": "message",
        "user": "U02QSHX81",
        "text": "Thanks <@U03SKEFEL>. i'll update the doc",
        "ts": "1527600064.000594",
        "reactions": [
            {
                "name": "+1",
                "users": [
                    "U81J3QWRG"
                ],
                "count": 1
            }
        ]
    },
    {
        "type": "message",
        "user": "U03SKEFEL",
        "text": ":slightly_smiling_face: :+1:",
        "ts": "1527600087.000752"
    },
    {
        "type": "message",
        "user": "U02QSHX81",
        "text": "after some food :stuck_out_tongue:",
        "ts": "1527600098.000534"
    },
    {
        "type": "message",
        "user": "U02QSHX81",
        "text": "this guide basically for anyone, using gui or cli",
        "ts": "1527600388.000265"
    },
    {
        "type": "message",
        "user": "U81J3QWRG",
        "text": "still 0 balance showing after removing this directory.  SPV mode.  is there a way to check connection to electrum server?",
        "attachments": [
            {
                "fallback": "[May 29th, 2018 11:05 PM] jl777: <@U81J3QWRG> delete the DB\/UNSPENTS files for you address",
                "ts": "1527599118.000204",
                "msg_subtype": "bot_message",
                "author_subname": "jl777",
                "channel_id": "C0MN08277",
                "channel_name": "tradebots",
                "is_msg_unfurl": true,
                "text": "<@U81J3QWRG> delete the DB\/UNSPENTS files for you address",
                "author_icon": "https:\/\/a.slack-edge.com\/7f1a0\/plugins\/_skeleton\/assets\/service_48.png",
                "author_link": "https:\/\/komodo-platform.slack.com\/services\/BAXPT56P9",
                "mrkdwn_in": [
                    "text"
                ],
                "color": "D0D0D0",
                "from_url": "https:\/\/komodo-platform.slack.com\/archives\/C0MN08277\/p1527599118000204",
                "is_share": true,
                "footer": "Posted in #tradebots"
            }
        ],
        "ts": "1527603614.000489"
    },
    {
        "type": "message",
        "user": "U81J3QWRG",
        "text": "barterdex was in native mode, without a native chain running.\nremoved coin.\nadded, in electrum mode.",
        "ts": "1527604122.000566"
    },
    {
        "text": "in native mode without native chain running -&gt; nothing would work",
        "username": "jl777",
        "bot_id": "BAXPT56P9",
        "type": "message",
        "subtype": "bot_message",
        "ts": "1527604343.000700"
    },
    {
        "type": "message",
        "user": "U81J3QWRG",
        "text": "yeah, pebkac of the highest order :facepalm:",
        "ts": "1527604712.000207"
    },
    {
        "type": "message",
        "user": "U9LUDEM8T",
        "text": "Good morning <@U2Q1DP6EQ> \nI am having trouble connecting my CMM wallet to BarterDEX.  I made a .conf file using the following rpcuser\/password.  Am I doing this right?  It says that it can't connect to the wallet.\n\nrpcuser=randomuser\nrpcpassword=randompassword\ntxindex=1\nserver=1\nrpcbind=127.0.0.1\nbind=127.0.0.1\n\n\n<https:\/\/komodo-platform.slack.com\/archives\/C0MN08277\/p1527535787000213>",
        "attachments": [
            {
                "from_url": "https:\/\/komodo-platform.slack.com\/archives\/C0MN08277\/p1527535787000213",
                "fallback": "[May 28th, 2018 12:29 PM] cipi: Commercium (CMM) swapped on BarterDEX\n```SWAP completed! 2205933191-4141539607 {\"uuid\":\"4d3f3ee4eff39eeb5429b1e038fa6a541b41c188c5d113e35f1d91f678a964b4\",\"expiration\":1527549956,\"tradeid\":0,\"requestid\":2205933191,\"quoteid\":4141539607,\"iambob\":1,\"Bgui\":\"nogui\",\"Agui\":\"\",\"gui\":\"nogui\",\"bob\":\"CMM\",\"srcamount\":0.68161425,\"bobtxfee\":0.00010000,\"alice\":\"KMD\",\"destamount\":0.08009000,\"alicetxfee\":0.00001000,\"aliceid\":\"14091686060053757953\",\"sentflags\":[\"alicespend\", \"bobspend\", \"bobpayment\", \"alicepayment\", \"bobdeposit\", \"bobrefund\"],\"values\":[0.68171425, 0.08010000, 0.68181425, 0.08011000, 0.76701603, 0, 0, 0.76691603, 0, 0, 0],\"result\":\"success\",\"status\":\"finished\",\"finishtime\":1527535412,\"bobdeposit\":\"7dceba690807add0e05a2108b1fc9bc22ab66058b219c7286dba3834732c2b4b\",\"alicepayment\":\"28ccbc8eac75d3bd2ac153b78f6d4e328ce63e8f5a22a930f3baf35af288553a\",\"bobpayment\":\"38164c982f64538064d467e607e8d2aed00c5e5036b3d0b16c84ea3e50ca5c10\",\"paymentspent\":\"feeaf7bcbef9b5b3c8611d9aef9acd0870927d2fdb1a932c1fc32cbbed0b493e\",\"Apaymentspent\":\"fb9d5e30063696264b62478ba69ac306514f32b6097e1b4913304fe56bb0e079\",\"depositspent\":\"638667b10d5bc79ae3f29977bbadda83832e7b2147f40e7c0467ad9f6d365f64\",\"method\":\"tradestatus\",\"finishtime\":1527535412}```\nbobdeposit <https:\/\/explorer.commercium.net\/tx\/7dceba690807add0e05a2108b1fc9bc22ab66058b219c7286dba3834732c2b4b>\nalicepayment <https:\/\/kmdexplorer.ru\/tx\/28ccbc8eac75d3bd2ac153b78f6d4e328ce63e8f5a22a930f3baf35af288553a>\nbobpayment <https:\/\/explorer.commercium.net\/tx\/38164c982f64538064d467e607e8d2aed00c5e5036b3d0b16c84ea3e50ca5c10>",
                "ts": "1527535787.000213",
                "author_id": "U2Q1DP6EQ",
                "author_subname": "Cipi Tor",
                "channel_id": "C0MN08277",
                "channel_name": "tradebots",
                "is_msg_unfurl": true,
                "text": "Commercium (CMM) swapped on BarterDEX\n```SWAP completed! 2205933191-4141539607 {\"uuid\":\"4d3f3ee4eff39eeb5429b1e038fa6a541b41c188c5d113e35f1d91f678a964b4\",\"expiration\":1527549956,\"tradeid\":0,\"requestid\":2205933191,\"quoteid\":4141539607,\"iambob\":1,\"Bgui\":\"nogui\",\"Agui\":\"\",\"gui\":\"nogui\",\"bob\":\"CMM\",\"srcamount\":0.68161425,\"bobtxfee\":0.00010000,\"alice\":\"KMD\",\"destamount\":0.08009000,\"alicetxfee\":0.00001000,\"aliceid\":\"14091686060053757953\",\"sentflags\":[\"alicespend\", \"bobspend\", \"bobpayment\", \"alicepayment\", \"bobdeposit\", \"bobrefund\"],\"values\":[0.68171425, 0.08010000, 0.68181425, 0.08011000, 0.76701603, 0, 0, 0.76691603, 0, 0, 0],\"result\":\"success\",\"status\":\"finished\",\"finishtime\":1527535412,\"bobdeposit\":\"7dceba690807add0e05a2108b1fc9bc22ab66058b219c7286dba3834732c2b4b\",\"alicepayment\":\"28ccbc8eac75d3bd2ac153b78f6d4e328ce63e8f5a22a930f3baf35af288553a\",\"bobpayment\":\"38164c982f64538064d467e607e8d2aed00c5e5036b3d0b16c84ea3e50ca5c10\",\"paymentspent\":\"feeaf7bcbef9b5b3c8611d9aef9acd0870927d2fdb1a932c1fc32cbbed0b493e\",\"Apaymentspent\":\"fb9d5e30063696264b62478ba69ac306514f32b6097e1b4913304fe56bb0e079\",\"depositspent\":\"638667b10d5bc79ae3f29977bbadda83832e7b2147f40e7c0467ad9f6d365f64\",\"method\":\"tradestatus\",\"finishtime\":1527535412}```\nbobdeposit <https:\/\/explorer.commercium.net\/tx\/7dceba690807add0e05a2108b1fc9bc22ab66058b219c7286dba3834732c2b4b>\nalicepayment <https:\/\/kmdexplorer.ru\/tx\/28ccbc8eac75d3bd2ac153b78f6d4e328ce63e8f5a22a930f3baf35af288553a>\nbobpayment <https:\/\/explorer.commercium.net\/tx\/38164c982f64538064d467e607e8d2aed00c5e5036b3d0b16c84ea3e50ca5c10>",
                "author_name": "Cipi Tor",
                "author_link": "https:\/\/komodo-platform.slack.com\/team\/U2Q1DP6EQ",
                "author_icon": "https:\/\/secure.gravatar.com\/avatar\/3ba923e3ddaf36d1fc2a9b5d8b4f7bc9.jpg?s=48&d=https%3A%2F%2Fa.slack-edge.com%2F66f9%2Fimg%2Favatars%2Fava_0019-48.png",
                "mrkdwn_in": [
                    "text"
                ],
                "id": 1,
                "original_url": "https:\/\/komodo-platform.slack.com\/archives\/C0MN08277\/p1527535787000213",
                "footer": "Posted in #tradebots"
            }
        ],
        "ts": "1527608253.000838"
    },
    {
        "type": "message",
        "user": "U2Q1DP6EQ",
        "text": "this is the config in BarterDEX for CMM: `{\\\"coin\\\":\\\"CMM\\\",\\\"name\\\":\\\"commercium\\\",\\\"rpcport\\\":9657,\\\"pubtype\\\":28,\\\"p2shtype\\\":50,\\\"wiftype\\\":140,\\\"txfee\\\":10000}` which means that BarterDEX tries to find the config file under ~\/.commercium\/commercium.conf (indicated by the parameter \"name\") and then tries to connect to the port 9657 using the credentials from this config file (rpcuser + password)\nif BarterDEX either does not find the config file or if it can't connect to port 9657, you get the error",
        "ts": "1527608626.000034"
    },
    {
        "type": "message",
        "user": "U9LUDEM8T",
        "text": "So should I change the folder it is in then?\nAnd do I change that port anywhere?",
        "ts": "1527609448.000065"
    },
    {
        "type": "message",
        "user": "U9LUDEM8T",
        "text": "Does that config file apply to anything specific I am supposed to do to get it to connect or is it just information (If I was smarter about this and knew what I was looking at).",
        "ts": "1527609475.000226"
    },
    {
        "type": "message",
        "user": "U2Q1DP6EQ",
        "text": "the port is the default port (so no need to set it up), so is the path to the config file... if you change the location of the config file, you would also have to change the config in BarterDEX... i recommend to stay with the default location or make a link from the default location to the new location, if you have to change that",
        "ts": "1527609818.000191"
    },
    {
        "type": "message",
        "user": "U9LUDEM8T",
        "text": "So changing the config in Barterdex?  I didn't install the CMM wallet in the default folder, but on my D drive, the same drive as Barter DEX.  \n\nSo should I make a link from the default location of the CMM wallet folder to the D folder ?\nSorry for the beginner questions.",
        "ts": "1527610214.000830"
    },
    {
        "type": "message",
        "user": "U9LUDEM8T",
        "text": "I changed the folder name in D drive and that didn't fix it.",
        "ts": "1527610227.000069"
    },
    {
        "type": "message",
        "user": "U2Q1DP6EQ",
        "text": "yes, that would be easier then changing the config in BarterDEX",
        "ts": "1527610847.000012"
    },
    {
        "type": "message",
        "user": "U2Q1DP6EQ",
        "text": "the name of the folder and config file must be all lower case, at least for real OSes with real file systems that are case sensitive :wink:",
        "ts": "1527610937.000102"
    },
    {
        "type": "message",
        "user": "U2Q1DP6EQ",
        "text": "i saw that <@UA9Q8PK1S> managed to activate CMM in BarterDEX GUI... he showed me a screenshot with a positive balance on CMM, so i assume it worked for him",
        "ts": "1527611441.000333"
    },
    {
        "type": "message",
        "user": "U9LUDEM8T",
        "text": "True.  I am not as advanced as he is though :slightly_smiling_face:",
        "ts": "1527611458.000190"
    },
    {
        "type": "message",
        "user": "UA9Q8PK1S",
        "text": "i could not withdraw cmm",
        "ts": "1527611521.000664"
    },
    {
        "type": "message",
        "user": "UA9Q8PK1S",
        "text": "sighash error",
        "ts": "1527611526.000756"
    },
    {
        "type": "message",
        "user": "UA9Q8PK1S",
        "text": "<http:\/\/prntscr.com\/jo5h22>",
        "attachments": [
            {
                "service_name": "Lightshot",
                "title": "Screenshot",
                "title_link": "http:\/\/prntscr.com\/jo5h22",
                "text": "Captured with Lightshot",
                "fallback": "Lightshot: Screenshot",
                "image_url": "https:\/\/image.prntscr.com\/image\/3TwxDaorR9ym9_Z4i7J15A.png",
                "from_url": "http:\/\/prntscr.com\/jo5h22",
                "image_width": 735,
                "image_height": 233,
                "image_bytes": 7030,
                "service_icon": "http:\/\/prntscr.com\/favicon.ico",
                "id": 1,
                "original_url": "http:\/\/prntscr.com\/jo5h22"
            }
        ],
        "ts": "1527611603.000160"
    },
    {
        "type": "message",
        "user": "U2Q1DP6EQ",
        "text": "yes, that is because of the change needed for CMM in marketmaker code... <@U8LL61DE1> must merge the changes from jl's repo (dev-branch) in his first and then make a release of the marketmaker-binary... you would have to then replace the binary in BarterDEX-GUI (`assets\/bin\/linux64\/marketmaker` or `assets\/bin\/win64\/marketmaker.exe`) with his... or wait for a completely new BarterDEX-GUI-release that incorporates all this changes",
        "ts": "1527611730.000512"
    },
    {
        "type": "message",
        "user": "U2Q1DP6EQ",
        "text": "that is because CMM wallet is actually a fork of BCH wallet, which has replay-protection through FORKID active, so marketmaker must treat CMM like BCH for everything that requires a transaction (eg withdrawals)",
        "ts": "1527611836.000820"
    },
    {
        "type": "message",
        "user": "U9LUDEM8T",
        "text": "Ok, Thank you.   Any time frame we can give the miners\/traders in discord?  No rush, just curious.  Thank you.",
        "ts": "1527611946.000590"
    },
    {
        "type": "message",
        "user": "U2Q1DP6EQ",
        "text": "siu just made a new release yesterday... i think i will have to integrate some 10 new coins first before he is willing to do another one :smile:\nbut there is a faster solution... if artem does his marketmeker binary release, i will put that in the BarterDEX-GUI-repo and then you can install it with\n```git clone <https:\/\/github.com\/KomodoPlatform\/BarterDEX.git>\ncd BarterDEX\ngit pull\ngit checkout dev\nnpm install\nnpm start```\nmanually and you have what you want without needing to wait for a BarterDEX-GUI-release... Windows users must install gitbash from <http:\/\/gitforwindows.org\/> first, then cut&amp;paste the above commands in gitbash",
        "edited": {
            "user": "U2Q1DP6EQ",
            "ts": "1527612473.000000"
        },
        "ts": "1527612465.000683"
    },
    {
        "type": "message",
        "user": "U9LUDEM8T",
        "text": "I will try with a smal amount on my vps for my LPnand wait for artem then. For my personal.   Thank you. ",
        "client_msg_id": "05297F9C-D958-40A5-970C-E4FA75CE41C7",
        "ts": "1527613073.000624"
    },
    {
        "type": "message",
        "user": "U41M5AAJW",
        "text": "<https:\/\/github.com\/KomodoPlatform\/BarterDEX\/releases\/tag\/v1.0.6-rc>",
        "ts": "1527613913.000665"
    },
    {
        "type": "message",
        "user": "U41M5AAJW",
        "text": "please test !",
        "ts": "1527613919.000018"
    },
    {
        "type": "message",
        "user": "U41M5AAJW",
        "text": "```komodowaitfor timedout aliceid.18188206521411502081 requestid.1211681255 quoteid.2705670933\nerror waiting for alicepayment```",
        "ts": "1527613951.000209"
    },
    {
        "type": "message",
        "user": "U41M5AAJW",
        "text": "im getting too much timeout swaps",
        "ts": "1527613972.000704"
    },
    {
        "type": "message",
        "user": "U41M5AAJW",
        "text": "it doesnt make much sense.",
        "ts": "1527613990.000193"
    },
    {
        "type": "message",
        "user": "U41M5AAJW",
        "text": "bobs have been restarted, canbind is active, the nodes are up and running, spv servers have been updated and restarted, dont see what else can be happening",
        "ts": "1527614038.000492"
    },
    {
        "type": "message",
        "user": "U2Q1DP6EQ",
        "text": "Loopring (LRC) swapped on BarterDEX\n```SWAP completed! 1416935604-4123801199 {\"uuid\":\"c12336f7f3987b8057f4e8dfbe0a7b262a1fb25ee13896ce1df0e65a9b0a0282\",\"expiration\":1527630203,\"tradeid\":0,\"requestid\":1416935604,\"quoteid\":4123801199,\"iambob\":1,\"Bgui\":\"nogui\",\"Agui\":\"\",\"gui\":\"nogui\",\"bob\":\"LRC\",\"bobtomic\":\"0xEF68e7C694F40c8202821eDF525dE3782458639f\",\"etomicsrc\":\"0x4e623b150b847da59f064f7c7fcc9f787dae2229\",\"srcamount\":0.77925915,\"bobtxfee\":0.00001000,\"alice\":\"KMD\",\"etomicdest\":\"0xdf38dd108bab50da564092ad0cd739c4634d963c\",\"destamount\":0.08009000,\"alicetxfee\":0.00001000,\"aliceid\":\"3538462148359225345\",\"sentflags\":[\"alicespend\", \"bobspend\", \"bobpayment\", \"alicepayment\", \"bobdeposit\", \"bobrefund\"],\"values\":[0.77926915, 0.08010000, 0.77927915, 0.08011000, 0.87668654, 0, 0, 0.87667654, 0, 0, 0],\"result\":\"success\",\"status\":\"finished\",\"finishtime\":1527615300,\"bobdeposit\":\"4c1910655e175f10b8e338e88401eaf7db949aaad9fb4a9a2cc6cc322cb788f7\",\"alicepayment\":\"e854b73f7b57d6645972a60d794cdd0708da1da5bc438ff375ac4b585cebc927\",\"bobpayment\":\"3113d2de54c8281f2d8e0e8da007de820c19d7fa372670d4ff275a16f65c8c7c\",\"paymentspent\":\"4f283efcb3954e6be2b68e021afeea7224f1a6800c6021939859c0c648c46476\",\"Apaymentspent\":\"c8861122e72af9d55bf4756c6c6c0809af16ee1f185a309b77e7ae6c092ce046\",\"depositspent\":\"9baa3d03374d3d1cdd1247c125cc3c01f635ba84444ab6921921cc1ec55ce9c4\",\"method\":\"tradestatus\",\"finishtime\":1527615300}```\nbobdeposit <https:\/\/etherscan.io\/tx\/0x018448a765c7208fcd84afc694219cbead889128d4be256b9d3790af195f89ed>\nalicepayment <https:\/\/kmdexplorer.ru\/tx\/e854b73f7b57d6645972a60d794cdd0708da1da5bc438ff375ac4b585cebc927>\nbobpayment <https:\/\/etherscan.io\/tx\/0xf20c7e809cc78cd3b3e5b16333839c39da2510fb1927ad2b266dcf94489ce5c5>",
        "ts": "1527615533.000703"
    },
    {
        "type": "message",
        "user": "U2Q1DP6EQ",
        "text": "<@U02LQ1WHQ> this goes to coins file: `{\\\"coin\\\":\\\"LRC\\\",\\\"name\\\":\\\"loopring\\\",\\\"etomic\\\":\\\"0xEF68e7C694F40c8202821eDF525dE3782458639f\\\",\\\"rpcport\\\":80,\\\"decimals\\\":18}`",
        "ts": "1527615555.000175"
    },
    {
        "type": "message",
        "user": "U2Q1DP6EQ",
        "text": "this is btw the first erc20 token with a \"damaged\" contract (decimals are not configured right), so they need the additional config in mm `\\\"decimals\\\":18`\nthanks to <@U8LL61DE1> who made it possible to integrate such tokens",
        "ts": "1527615648.000838",
        "reactions": [
            {
                "name": "100",
                "users": [
                    "U02QSHX81"
                ],
                "count": 1
            },
            {
                "name": "tada",
                "users": [
                    "U02QSHX81"
                ],
                "count": 1
            },
            {
                "name": "clap::skin-tone-3",
                "users": [
                    "U02QSHX81"
                ],
                "count": 1
            },
            {
                "name": "boom",
                "users": [
                    "U02QSHX81"
                ],
                "count": 1
            }
        ]
    },
    {
        "type": "message",
        "user": "U2Q1DP6EQ",
        "text": "oh, and take a look at the 2 transactions... bobdeposit $0.71 txfee, bobpayment $0.61 txfee and that are not all txids for bob... and alice also pays $0.52 for <https:\/\/etherscan.io\/tx\/0xfc04ee856bb916926a8ffe321afbc07832c73dc41a2a9686bd7f642d4fc9626c> (aliceClaimsPayment)",
        "ts": "1527615824.000311"
    },
    {
        "type": "message",
        "user": "U9LUDEM8T",
        "text": "<@U41M5AAJW> \"it is a fork of bitcoin cash\"\nSo, does that help at all?  I was told to let you know in case it does.",
        "ts": "1527617743.000576"
    },
    {
        "type": "message",
        "user": "U41M5AAJW",
        "text": "?",
        "ts": "1527617782.000702"
    },
    {
        "type": "message",
        "user": "U41M5AAJW",
        "text": "you mean CMM?",
        "ts": "1527617785.000774"
    },
    {
        "type": "message",
        "user": "U9LUDEM8T",
        "text": "Yes, sorry",
        "ts": "1527618119.000269"
    },
    {
        "type": "message",
        "user": "U741E9ZCJ",
        "text": "<@U41M5AAJW> New barterdex version seems to have error",
        "ts": "1527618437.000061"
    },
    {
        "type": "message",
        "user": "U741E9ZCJ",
        "text": "Windows version",
        "ts": "1527618459.000394"
    },
    {
        "type": "message",
        "user": "U41M5AAJW",
        "text": "what does it say?",
        "ts": "1527618467.000292"
    },
    {
        "type": "message",
        "user": "U741E9ZCJ",
        "text": "Auth error, you need to make sure userpass is set when tried enabling coin",
        "ts": "1527618500.000429"
    },
    {
        "type": "message",
        "user": "U41M5AAJW",
        "text": "hmm thats weird, since it should get your userpass when you log in with your passphrase",
        "ts": "1527618544.000257"
    },
    {
        "type": "message",
        "user": "U41M5AAJW",
        "text": "<@U03SKEFEL> maybe something to take a look at?",
        "ts": "1527618553.000240"
    },
    {
        "type": "message",
        "user": "U741E9ZCJ",
        "text": "Portfolio coins are not loading",
        "ts": "1527618593.000315"
    },
    {
        "type": "message",
        "user": "U2Q1DP6EQ",
        "text": "Binance Coin (BNB) swapped on BarterDEX\n```SWAP completed! 2287206822-3001442527 {\"uuid\":\"1449cbd5ad723952927b12e06d7a338a0e17e020e656e74b6918b790ee1eb315\",\"expiration\":1527633739,\"tradeid\":0,\"requestid\":2287206822,\"quoteid\":3001442527,\"iambob\":1,\"Bgui\":\"nogui\",\"Agui\":\"\",\"gui\":\"nogui\",\"bob\":\"BNB\",\"bobtomic\":\"0xB8c77482e45F1F44dE1745F52C74426C631bDD52\",\"etomicsrc\":\"0x4e623b150b847da59f064f7c7fcc9f787dae2229\",\"srcamount\":0.07032909,\"bobtxfee\":0.00001000,\"alice\":\"KMD\",\"etomicdest\":\"0xdf38dd108bab50da564092ad0cd739c4634d963c\",\"destamount\":0.08009000,\"alicetxfee\":0.00001000,\"aliceid\":\"12607321946846789633\",\"sentflags\":[\"alicespend\", \"bobspend\", \"bobpayment\", \"alicepayment\", \"bobdeposit\", \"bobrefund\"],\"values\":[0.07033909, 0.08010000, 0.07034909, 0.08011000, 0.07914022, 0, 0, 0.07913022, 0, 0, 0],\"result\":\"success\",\"status\":\"finished\",\"finishtime\":1527619020,\"bobdeposit\":\"9b8e66407e95873ddd5a51398d26df8cff49f9880d16e0ba25b5e5a79bc8769e\",\"alicepayment\":\"70a0542faafbc1ade9b28dfce8e29f7736a430c781a250c89b84aaa620ffa0b0\",\"bobpayment\":\"f90f93214cc0a8a0061b81b4304377fc64a1e2bbcf4d2facc7812f0a2acc8a8f\",\"paymentspent\":\"c9a65d09bdc32e12c4f6dfc117471238d4647352df48712a23d713f527e93b49\",\"Apaymentspent\":\"294a1ed5ec032eea8bee99758d087378110bb3a0eac057e5633a6cc76610aed8\",\"depositspent\":\"008ab2d79e3a5533d4fb8fa15536327d6369083b78fee077b13bad258e438514\",\"method\":\"tradestatus\",\"finishtime\":1527619020}```\nbobdeposit <https:\/\/etherscan.io\/tx\/0xb5053663bc0c1f6b338f63c725fa5ce0e5f872dabe5f92ebf873d584545e1037>\nalicepayment <https:\/\/kmdexplorer.ru\/tx\/70a0542faafbc1ade9b28dfce8e29f7736a430c781a250c89b84aaa620ffa0b0>\nbobpayment <https:\/\/etherscan.io\/tx\/0x5b94b17a303d05e43711b6e7767438dbf6b6698036800d6438eb5f2990cce968>",
        "ts": "1527619160.000345"
    },
    {
        "type": "message",
        "user": "U2Q1DP6EQ",
        "text": "thanks to <@U5VUWSR0D> for the tokens\ni think we are the first exchange besides Binance itself where this tokens can be traded",
        "ts": "1527619226.000016",
        "reactions": [
            {
                "name": "100",
                "users": [
                    "U741E9ZCJ",
                    "U0394QTC7",
                    "U90TN0WPL",
                    "U0EGQUAPJ",
                    "U02QSHX81",
                    "U047X3GAM",
                    "U98GKU48G",
                    "U9R8C9A5V"
                ],
                "count": 8
            },
            {
                "name": "heavy_check_mark",
                "users": [
                    "U741E9ZCJ",
                    "U90TN0WPL",
                    "U02QSHX81",
                    "U047X3GAM",
                    "U0EVBU5GC",
                    "U98GKU48G",
                    "U9R8C9A5V"
                ],
                "count": 7
            }
        ]
    },
    {
        "type": "message",
        "user": "U0EGQUAPJ",
        "text": "Well that’s attractive... will be good to be in shortlist on blockfolio",
        "ts": "1527620455.000567"
    },
    {
        "type": "message",
        "user": "U0394QTC7",
        "text": "<http:\/\/barterdex.readthedocs.io|barterdex.readthedocs.io> is now updated, thanks to <@U9LBB4CTG>",
        "ts": "1527620878.000156",
        "reactions": [
            {
                "name": "100",
                "users": [
                    "U02QSHX81",
                    "U41M5AAJW",
                    "U2Q1DP6EQ",
                    "U8QKXKKBM"
                ],
                "count": 4
            },
            {
                "name": "boom",
                "users": [
                    "U02QSHX81",
                    "U41M5AAJW",
                    "U8QKXKKBM"
                ],
                "count": 3
            },
            {
                "name": "sunglasses",
                "users": [
                    "U02QSHX81",
                    "U41M5AAJW",
                    "U8QKXKKBM",
                    "U9LBB4CTG"
                ],
                "count": 4
            },
            {
                "name": "tada",
                "users": [
                    "U02QSHX81",
                    "U41M5AAJW",
                    "U8QKXKKBM"
                ],
                "count": 3
            },
            {
                "name": "komodo_logo",
                "users": [
                    "U02QSHX81",
                    "U41M5AAJW",
                    "U8QKXKKBM",
                    "U9LBB4CTG"
                ],
                "count": 4
            }
        ]
    },
    {
        "type": "message",
        "user": "U41M5AAJW",
        "text": "<@U741E9ZCJ> delete coin.json file and restart",
        "ts": "1527621817.000756"
    },
    {
        "type": "message",
        "user": "U741E9ZCJ",
        "text": "ok",
        "ts": "1527622739.000231"
    },
    {
        "type": "message",
        "user": "U2Q1DP6EQ",
        "text": "ICON (ICX) swapped on BarterDEX\n```SWAP completed! 4207641-2792212684 {\"uuid\":\"b6c40c09a4eaefa06b6112072a368c2ab533b58a5ce09b5f40b65024c3c0ae97\",\"expiration\":1527637380,\"tradeid\":0,\"requestid\":4207641,\"quoteid\":2792212684,\"iambob\":1,\"Bgui\":\"nogui\",\"Agui\":\"\",\"gui\":\"nogui\",\"bob\":\"ICX\",\"bobtomic\":\"0xb5a5f22694352c15b00323844ad545abb2b11028\",\"etomicsrc\":\"0x4e623b150b847da59f064f7c7fcc9f787dae2229\",\"srcamount\":0.69550933,\"bobtxfee\":0.00001000,\"alice\":\"KMD\",\"etomicdest\":\"0xdf38dd108bab50da564092ad0cd739c4634d963c\",\"destamount\":0.08009000,\"alicetxfee\":0.00001000,\"aliceid\":\"1425943695473442817\",\"sentflags\":[\"alicespend\", \"bobspend\", \"bobpayment\", \"alicepayment\", \"bobdeposit\", \"bobrefund\"],\"values\":[0.69551933, 0.08010000, 0.69552933, 0.08011000, 0.78246799, 0, 0, 0.78245799, 0, 0, 0],\"result\":\"success\",\"status\":\"finished\",\"finishtime\":1527622616,\"bobdeposit\":\"87f04107816edcc3eaaf8df9d82af4bfbb2774973b480723bf85e893c93c3f6c\",\"alicepayment\":\"be7ff27f90a4dd8de719e54f7c93a5f73742035069a2b3a1a1773f570c264ddb\",\"bobpayment\":\"764090866a612b997928afc8a774e593276d405c3bed90fee5ac6c131c6b31e5\",\"paymentspent\":\"403cbf4dce16bdb73b1cf2cd0db358428fea22782e51a0d1925b95484fe45238\",\"Apaymentspent\":\"69cd1004214f7f32f1d8ae52c36eb9ac80feb460ae6e62684ef875ce2e12381d\",\"depositspent\":\"03b8a631dbac06a6701df92bbe7a5b6f29f09a948544b142198074159cdac21d\",\"method\":\"tradestatus\",\"finishtime\":1527622616}```\nbobdeposit <https:\/\/etherscan.io\/tx\/0x85e5d2c694a7be12af80fbb3668d38036af224fb46da9ba4bbe3afcfa88e13f6>\nalicepayment <https:\/\/kmdexplorer.ru\/tx\/be7ff27f90a4dd8de719e54f7c93a5f73742035069a2b3a1a1773f570c264ddb>\nbobpayment <https:\/\/etherscan.io\/tx\/0x29bf1e20e216aa896a17f4956a22d64811dd3c74873ff555ac82d74e97e97935>",
        "ts": "1527622746.000220"
    },
    {
        "type": "message",
        "user": "U2Q1DP6EQ",
        "text": "<@U02LQ1WHQ> ICX is already in coins file, but it lacks the special paramater `\\\"decimals\\\":18` needed for this kind of damaged contracts... please update the entry so it looks like this\n```{\\\"coin\\\":\\\"ICX\\\",\\\"name\\\":\\\"icon\\\",\\\"etomic\\\":\\\"0xb5a5f22694352c15b00323844ad545abb2b11028\\\",\\\"rpcport\\\":80,\\\"decimals\\\":18}```",
        "ts": "1527622823.000350"
    },
    {
        "type": "message",
        "user": "U9LUDEM8T",
        "text": "On FIYA! :fire:",
        "ts": "1527622889.000235"
    },
    {
        "type": "message",
        "user": "U047X3GAM",
        "text": ":robot_face::yassinheart::yassinkomodo:<@U2Q1DP6EQ>",
        "ts": "1527622920.000333"
    },
    {
        "type": "message",
        "user": "U9LUDEM8T",
        "text": "How many coins is that this past week? \n777 ?",
        "ts": "1527622940.000622"
    },
    {
        "type": "message",
        "user": "U2Q1DP6EQ",
        "text": ":smile:",
        "ts": "1527622971.000752"
    },
    {
        "text": "i think 1, the rest were ERC20",
        "username": "jl777",
        "bot_id": "BAXPT56P9",
        "type": "message",
        "subtype": "bot_message",
        "ts": "1527622984.000156"
    },
    {
        "text": "not that there is anything wrong with being ERC20",
        "username": "jl777",
        "bot_id": "BAXPT56P9",
        "type": "message",
        "subtype": "bot_message",
        "ts": "1527623002.000708"
    },
    {
        "type": "message",
        "user": "U9LUDEM8T",
        "text": ":joy:",
        "client_msg_id": "2CBB2C65-2A6F-4CBC-A203-7806FE156304",
        "ts": "1527623167.000026"
    },
    {
        "type": "message",
        "user": "U2Q1DP6EQ",
        "text": "we will \"convert\" all of them to KMD assetchains :slightly_smiling_face:",
        "ts": "1527623306.000545",
        "reactions": [
            {
                "name": "soon",
                "users": [
                    "U030L14Q0"
                ],
                "count": 1
            }
        ]
    },
    {
        "type": "message",
        "user": "U2Q1DP6EQ",
        "text": "Vitalik should buy a Lambo as long as he still can afford it :smile:",
        "ts": "1527623373.000553"
    },
    {
        "text": "i have cloned myself",
        "username": "cipig",
        "bot_id": "BAXPT56P9",
        "type": "message",
        "subtype": "bot_message",
        "ts": "1527625204.000337"
    },
    {
        "type": "message",
        "user": "U8QKXKKBM",
        "text": "He’ll be a happy man when his eth erc20 tokens get converted to kmd",
        "client_msg_id": "86B6CD60-F0B1-4C3F-8256-27BF1AE1DB8A",
        "ts": "1527625215.000175"
    },
    {
        "type": "message",
        "user": "U41M5AAJW",
        "text": "blockinit.OOT 52315 error",
        "ts": "1527625534.000466"
    },
    {
        "type": "message",
        "user": "U41M5AAJW",
        "text": "what is this??",
        "ts": "1527625538.000056"
    },
    {
        "type": "message",
        "user": "U41M5AAJW",
        "text": "problems with the chain?",
        "ts": "1527625547.000014"
    },
    {
        "type": "message",
        "user": "U41M5AAJW",
        "text": "<@U02LQ1WHQ>",
        "ts": "1527625654.000690"
    },
    {
        "type": "message",
        "user": "U41M5AAJW",
        "text": "oot swaps are not going through at all",
        "ts": "1527625662.000245"
    },
    {
        "type": "message",
        "user": "U41M5AAJW",
        "text": "chains are not forked or anything",
        "ts": "1527625740.000199"
    },
    {
        "type": "message",
        "user": "U741E9ZCJ",
        "text": "<https:\/\/ootexplorer.com\/block\/00dd767a29199dc114e5331b0243695e117f422fe51dea64991c04d165fb4e2a>",
        "ts": "1527625802.000746"
    },
    {
        "type": "message",
        "user": "U741E9ZCJ",
        "text": "this is block 52315 siu",
        "ts": "1527625809.000209"
    },
    {
        "type": "message",
        "user": "U741E9ZCJ",
        "text": "Shall we try reindex?",
        "ts": "1527625857.000095"
    },
    {
        "type": "message",
        "user": "U41M5AAJW",
        "text": "getblockhash 52315\n00dd767a29199dc114e5331b0243695e117f422fe51dea64991c04d165fb4e2a",
        "ts": "1527625903.000442"
    },
    {
        "type": "message",
        "user": "U41M5AAJW",
        "text": "yes, im on the correct chain",
        "ts": "1527625910.000100"
    },
    {
        "type": "message",
        "user": "U41M5AAJW",
        "text": "im moving the SWAP directory and starting with a fresh one... maybe there is an issue with that",
        "ts": "1527626420.000265"
    },
    {
        "type": "message",
        "user": "U741E9ZCJ",
        "text": "No, users are facing the issues as well",
        "ts": "1527626479.000161"
    },
    {
        "type": "message",
        "user": "U741E9ZCJ",
        "text": "I tried too, same problem",
        "ts": "1527626484.000013"
    },
    {
        "type": "message",
        "user": "U741E9ZCJ",
        "text": "timedout or 1\/4 pending",
        "ts": "1527626492.000285"
    },
    {
        "type": "message",
        "user": "U41M5AAJW",
        "text": "```count.162188 postprice\nblockinit.OOT 52318 error\n                other coins loop elapsed   10104.18 millis &gt; threshold    5000.00, ave     168.18 millis, count.162189 notify```",
        "ts": "1527626855.000177"
    },
    {
        "type": "message",
        "user": "U41M5AAJW",
        "text": "???",
        "ts": "1527626861.000016"
    },
    {
        "type": "message",
        "user": "U41M5AAJW",
        "text": "what is this?",
        "ts": "1527626863.000588"
    },
    {
        "type": "message",
        "user": "U741E9ZCJ",
        "text": "Seems JL is not around siu",
        "ts": "1527626922.000392"
    },
    {
        "type": "message",
        "user": "U741E9ZCJ",
        "text": "Users are facing it from past 24 hours, no swaps going through",
        "ts": "1527626954.000258"
    },
    {
        "text": "KMD SPV servers seem to be having some issues, but with cli i got a swap to work just fine",
        "username": "jl777",
        "bot_id": "BAXPT56P9",
        "type": "message",
        "subtype": "bot_message",
        "ts": "1527627011.000279"
    },
    {
        "type": "message",
        "user": "U741E9ZCJ",
        "text": "User is using LTC JL",
        "ts": "1527627125.000710"
    },
    {
        "text": "do we have LTC SPV server working?",
        "username": "jl777",
        "bot_id": "BAXPT56P9",
        "type": "message",
        "subtype": "bot_message",
        "ts": "1527627174.000442"
    },
    {
        "type": "message",
        "user": "U741E9ZCJ",
        "text": "<@U41M5AAJW> can you confirm this",
        "ts": "1527627264.000743"
    },
    {
        "type": "message",
        "user": "U2Q1DP6EQ",
        "text": "```    \"daemon_height\": 1430303,\n    \"db_height\": 1430303,```\nfor LTC, which matches the block explorer",
        "ts": "1527627398.000127"
    },
    {
        "type": "message",
        "user": "U41M5AAJW",
        "text": "LTC? i dont have LTC spv running... cipi does",
        "ts": "1527627726.000225"
    },
    {
        "type": "message",
        "user": "U741E9ZCJ",
        "text": "<@U2Q1DP6EQ> any issues with KMD SPV?",
        "ts": "1527627748.000554"
    },
    {
        "type": "message",
        "user": "U2Q1DP6EQ",
        "text": "doesn't look like\n```    \"daemon_height\": 856105,\n    \"db_height\": 856105,```",
        "ts": "1527627943.000162"
    },
    {
        "type": "message",
        "user": "U41M5AAJW",
        "text": "&gt;&gt;&gt;&gt;&gt;&gt;&gt;&gt;&gt;&gt;&gt;&gt;&gt;&gt;&gt;&gt;&gt;&gt;&gt;&gt;&gt;&gt;&gt;&gt;&gt;\nSWAP completed! 2455228201-4255381318 {\"uuid\":\"a57f05183118ab4990dfdfbf3fe1f727f7f60a1889c321361ad551463c19a362\",\"expiration\":1527642245,\"tradeid\":0,\"requestid\":2455228201,\"quoteid\":4255381318,\"iambob\":1,\"Bgui\":\"nogui\",\"Agui\":\"\",\"gui\":\"nogui\",\"bob\":\"OOT\",\"srcamount\":185.32746146,\"bobtxfee\":0.00001000,\"alice\":\"KMD\",\"destamount\":10.00009000,\"alicetxfee\":0.00001000,\"aliceid\":\"18188167298924216321\",\"sentflags\":[\"alicespend\", \"bobspend\", \"bobpayment\", \"alicepayment\", \"bobdeposit\", \"bobrefund\"],\"values\":[185.32747146, 10.00009999, 185.32748146, 10.00011000, 208.49341414, 0, 0, 208.49340414, 0, 0, 0],\"result\":\"success\",\"status\":\"finished\",\"finishtime\":1527627603,\"bobdeposit\":\"84bce2ec440d0652a94307d53bea3098d19871c53674a5628f4a4769bf050c56\",\"alicepayment\":\"7074829b30b3c8724bc913469a52d778621f0109fbfc6494d3378abb4e78ba3a\",\"bobpayment\":\"25634f51783a0d58b81304d7044353215b6fd4548e1f1b780f43309c74a69a22\",\"paymentspent\":\"01ae0238cfcb4a82fcb68f28d6a9b5fbb63fc325eb6a8218a1d64ad276432c19\",\"Apaymentspent\":\"863475048af56eb170b208ba3e5b3ec2024643a23199aabc04b4fde32eb960ac\",\"depositspent\":\"fb2ea1ea694c7807b9bb8c9d587167ef249a392377197f6c55f46b0fd6e25272\",\"method\":\"tradestatus\",\"finishtime\":1527627603}",
        "ts": "1527627993.000247"
    },
    {
        "type": "message",
        "user": "U41M5AAJW",
        "text": "i guess this was james testing",
        "ts": "1527627999.000230"
    },
    {
        "type": "message",
        "user": "U41M5AAJW",
        "text": "<@U2Q1DP6EQ>,",
        "ts": "1527628005.000238"
    },
    {
        "type": "message",
        "user": "U41M5AAJW",
        "text": "maybe flush the database or something?",
        "ts": "1527628013.000063"
    },
    {
        "type": "message",
        "user": "U2Q1DP6EQ",
        "text": "wasn't me... flush the database? you mean DB\/SWAPS? could help if you have a lot of swaps done",
        "ts": "1527628259.000324"
    },
    {
        "type": "message",
        "user": "U41M5AAJW",
        "text": "no, the electrumdb",
        "ts": "1527630156.000123"
    },
    {
        "type": "message",
        "user": "U41M5AAJW",
        "text": "<@U2Q1DP6EQ>",
        "ts": "1527630160.000324"
    },
    {
        "type": "message",
        "user": "U2Q1DP6EQ",
        "text": "not a good idea, it will take a long time to rebuild them and the servers would be totally offline during this time",
        "ts": "1527630219.000163"
    },
    {
        "text": "cli swap worked, it seems the bobs are ok",
        "username": "jl777",
        "bot_id": "BAXPT56P9",
        "type": "message",
        "subtype": "bot_message",
        "ts": "1527630282.000478"
    },
    {
        "type": "message",
        "user": "U41M5AAJW",
        "text": "hmm",
        "ts": "1527630291.000378"
    },
    {
        "type": "message",
        "user": "U41M5AAJW",
        "text": "bobs are ok, seems the issue is in spv, but i check spv and dont see any particular issue",
        "ts": "1527630309.000182"
    },
    {
        "text": "do a cli LTC swap, that will show where the problem is",
        "username": "jl777",
        "bot_id": "BAXPT56P9",
        "type": "message",
        "subtype": "bot_message",
        "ts": "1527631130.000059"
    },
    {
        "type": "message",
        "user": "U2Q1DP6EQ",
        "text": "DigixDAO (DGD) swapped on BarterDEX\n```SWAP completed! 1860713620-536288889 {\"uuid\":\"98e9639399e72f85eeaf7aa349a60cbe10e9800d98c2453967cc5f59d1391407\",\"expiration\":1527650552,\"tradeid\":0,\"requestid\":1860713620,\"quoteid\":536288889,\"iambob\":1,\"Bgui\":\"nogui\",\"Agui\":\"\",\"gui\":\"nogui\",\"bob\":\"DGD\",\"bobtomic\":\"0xE0B7927c4aF23765Cb51314A0E0521A9645F0E2A\",\"etomicsrc\":\"0x4e623b150b847da59f064f7c7fcc9f787dae2229\",\"srcamount\":0.07512149,\"bobtxfee\":0.00001000,\"alice\":\"KMD\",\"etomicdest\":\"0xdf38dd108bab50da564092ad0cd739c4634d963c\",\"destamount\":0.08009000,\"alicetxfee\":0.00001000,\"aliceid\":\"17234623542384787457\",\"sentflags\":[\"alicespend\", \"bobspend\", \"bobpayment\", \"alicepayment\", \"bobdeposit\", \"bobrefund\"],\"values\":[0.07513149, 0.08010000, 0.07514149, 0.08011000, 0.08453167, 0, 0, 0.08452167, 0, 0, 0],\"result\":\"success\",\"status\":\"finished\",\"finishtime\":1527636059,\"bobdeposit\":\"5d7b65f8d876044c107cc0c9bdd3deffc3012bdb2865a057298b514dc75b052b\",\"alicepayment\":\"e97dda6f1f9c95c6ff70aba4b443651a23666ace53903b7d934ab22831092ca6\",\"bobpayment\":\"31ecc2fbe2b04e8af1ad6830e3d17830c2046219d435224a15bf04b1feeadeff\",\"paymentspent\":\"750ce8abcbb0fba09620a852f99c86345e599d26f226569ea496b22eddf2e3bb\",\"Apaymentspent\":\"6608fe8d17326cbd9df8cc7e0db201f0f7fb486488eea566653cdf7b367fb4c6\",\"depositspent\":\"067cd2a0d677cb433c4fa239e1989273d5eee8f2673fcd707433f7696e3d0eea\",\"method\":\"tradestatus\",\"finishtime\":1527636059}```\nbobdeposit <https:\/\/etherscan.io\/tx\/0xcb9e0ccc4389aea401d38d9aae567548fb393a481871e0f41ff0dc1c5644dd04>\nalicepayment <https:\/\/kmdexplorer.ru\/tx\/e97dda6f1f9c95c6ff70aba4b443651a23666ace53903b7d934ab22831092ca6>\nbobpayment <https:\/\/etherscan.io\/tx\/0xedb9b112690eafb82eb3e82dc12ee875b1110c73f89ae6c5778e18a61ab99fec>",
        "ts": "1527636520.000344"
    },
    {
        "type": "message",
        "user": "U2Q1DP6EQ",
        "text": "<@U02LQ1WHQ> same procedure as with LRC... DGD is already in coins file but needs the additional parameter decimals to work... should look like this\n```{\\\"coin\\\":\\\"DGD\\\",\\\"name\\\":\\\"digixdao\\\",\\\"etomic\\\":\\\"0xE0B7927c4aF23765Cb51314A0E0521A9645F0E2A\\\",\\\"rpcport\\\":80,\\\"decimals\\\":9}```",
        "edited": {
            "user": "U2Q1DP6EQ",
            "ts": "1527636605.000000"
        },
        "ts": "1527636585.000293"
    },
    {
        "type": "message",
        "user": "U2Q1DP6EQ",
        "text": "i will take a short brake and watch a movie before phrases like \"decimals\", \"txfees\", \"coins file\" and  so will be burnt forever in my head :smile:",
        "ts": "1527637457.000020",
        "reactions": [
            {
                "name": "joy",
                "users": [
                    "U41M5AAJW",
                    "U9LUDEM8T"
                ],
                "count": 2
            }
        ]
    },
    {
        "type": "message",
        "user": "U0EGQUAPJ",
        "text": "Trying to interface with getendpoint api and easily enough I get output via marketmaker with the event flag, but I’m not sure how to best operate on the resulting nohup.out file with grep. Instead I’m hoping to get the events direction from the NN_PAIR socket. I realize this is more of a general programming question, but hoepfully someone can point me in the right direction. I installed a nanomsg-python package and appear to have connected, but I’m not clear on how to capture the socket stream. I’m using a socket.recv method, attempting to assign it to a variable, but this halts the program. Not surprising - Python is generally serial execution, but how would one generally integrate\/access\/operate on a stream of data like that? Is there a way I can just point to the socket and check its state\/watch for certain strings to find what I need? Or do I need to explore asynchronous programming to retrieve the stream while processing it? <@U7B8VF6TB> <@U02PH4RHZ> ",
        "edited": {
            "user": "U0EGQUAPJ",
            "ts": "1527644703.000000"
        },
        "ts": "1527638478.000088"
    },
    {
        "type": "message",
        "user": "U9LUDEM8T",
        "text": "You should watch Hot Fuzz <@U2Q1DP6EQ> ",
        "client_msg_id": "A669448C-4798-407D-AEF4-13C89F008EB8",
        "ts": "1527641549.000041"
    },
    {
        "type": "message",
        "user": "U7B8VF6TB",
        "text": "<@U0EGQUAPJ> I’m not sure exactly what you’re asking but you can see my code for communicating with the socket interface here if it’s any help:\n\n<https:\/\/github.com\/lukechilds\/hyperdex\/blob\/master\/app\/renderer\/marketmaker-socket.js>\n\nI don’t use a nanomsg specific lib just implement it all manually. It’s just a normal WebSocket but the data is all binary.",
        "ts": "1527650023.000009"
    },
    {
        "type": "message",
        "user": "U0EGQUAPJ",
        "text": "Thank you. I’m asking a lot I know, just trying to learn many things at once. I’ll checkout your example above and see if that helps me understand. I just want to get events from marketmaker into my python code but haven’t figured out how to best tie that in.",
        "ts": "1527650199.000167"
    },
    {
        "type": "message",
        "user": "U7B8VF6TB",
        "text": "not too familiar with python but the code should be pretty similar to my JS example",
        "edited": {
            "user": "U7B8VF6TB",
            "ts": "1527650342.000000"
        },
        "ts": "1527650265.000192"
    },
    {
        "type": "message",
        "user": "U7B8VF6TB",
        "text": "you just need a websocket lib",
        "ts": "1527650269.000112"
    },
    {
        "type": "message",
        "user": "U7B8VF6TB",
        "text": "<https:\/\/pypi.org\/project\/websocket-client\/>",
        "attachments": [
            {
                "service_name": "PyPI",
                "title": "websocket-client",
                "title_link": "https:\/\/pypi.org\/project\/websocket-client\/",
                "text": "WebSocket client for python. hybi13 is supported.",
                "fallback": "PyPI: websocket-client",
                "image_url": "https:\/\/pypi.org\/static\/images\/twitter.c0030826.jpg",
                "from_url": "https:\/\/pypi.org\/project\/websocket-client\/",
                "image_width": 250,
                "image_height": 250,
                "image_bytes": 13245,
                "service_icon": "https:\/\/pypi.org\/static\/images\/favicon.6a76275d.ico",
                "id": 1,
                "original_url": "https:\/\/pypi.org\/project\/websocket-client\/"
            }
        ],
        "ts": "1527650270.000124"
    },
    {
        "type": "message",
        "user": "U7B8VF6TB",
        "text": "and then fire a callback for every message",
        "edited": {
            "user": "U7B8VF6TB",
            "ts": "1527650292.000000"
        },
        "ts": "1527650285.000147"
    },
    {
        "type": "message",
        "user": "U7B8VF6TB",
        "text": "and do whatever you want in that callback",
        "ts": "1527650299.000151"
    },
    {
        "type": "message",
        "user": "U7B8VF6TB",
        "text": "log to a file\/check swap uuid\/check order status etc",
        "ts": "1527650320.000040"
    },
    {
        "type": "message",
        "user": "U0EGQUAPJ",
        "text": "thanks very much <@U7B8VF6TB>, much appreciated!! I have been banging my head over just trying to get nanomsg-python running and it kinda seems like an abandoned effort :wink:",
        "ts": "1527650572.000192"
    },
    {
        "type": "message",
        "user": "U7B8VF6TB",
        "text": "There was also a js nanomsg lib that didn't help me much",
        "client_msg_id": "9173cb39-ff5c-423c-ace1-95a8d470b8c3",
        "ts": "1527650736.000090"
    },
    {
        "type": "message",
        "user": "U7B8VF6TB",
        "text": "But it really is just a vanilla websocket",
        "client_msg_id": "4d5694b0-2764-4fcc-902a-412db36e466b",
        "ts": "1527650747.000237"
    },
    {
        "type": "message",
        "user": "U7B8VF6TB",
        "text": "So no need for any nanomsg specific libs",
        "client_msg_id": "b3fbcb43-fa8f-4e49-8ffc-64def9af3d6c",
        "ts": "1527650765.000203"
    },
    {
        "type": "message",
        "user": "U0EGQUAPJ",
        "text": "Thank god hah :)",
        "ts": "1527652598.000241"
    },
    {
        "type": "message",
        "user": "U2Q1DP6EQ",
        "text": "Sancoj (SANC) swapped on BarterDEX\n```SWAP completed! 2373720386-1507931026 {\"uuid\":\"5a222663efdf0bfa27665977f5433bbb79ce096011052b50a18c8b1d490fe73b\",\"expiration\":1527670881,\"tradeid\":0,\"requestid\":2373720386,\"quoteid\":1507931026,\"iambob\":1,\"Bgui\":\"nogui\",\"Agui\":\"\",\"gui\":\"nogui\",\"bob\":\"SANC\",\"bobtomic\":\"0x03ec7bb59be036870ef696a2abf124f496d6735a\",\"etomicsrc\":\"0x4e623b150b847da59f064f7c7fcc9f787dae2229\",\"srcamount\":0.76295923,\"bobtxfee\":0.00001000,\"alice\":\"KMD\",\"etomicdest\":\"0xdf38dd108bab50da564092ad0cd739c4634d963c\",\"destamount\":0.08009000,\"alicetxfee\":0.00001000,\"aliceid\":\"13300101371143192577\",\"sentflags\":[\"alicespend\", \"bobspend\", \"bobpayment\", \"alicepayment\", \"bobdeposit\", \"bobrefund\"],\"values\":[0.76296923, 0.08010000, 0.76297923, 0.08011000, 0.85834913, 0, 0, 0.85833913, 0, 0, 0],\"result\":\"success\",\"status\":\"finished\",\"finishtime\":1527655797,\"bobdeposit\":\"e7246ebc7aac25fd87608fe9db353b98c4667b7b79c02d4cdc1634e77d6659bd\",\"alicepayment\":\"c3bdafb5baf1adbebebb5ee9944680127eaa668d59f9d622dbb5e4cb0ef458ff\",\"bobpayment\":\"7008d1801907e96aad6cfd1a01c6c6093164e55f33a80196b672d78c1fc7031a\",\"paymentspent\":\"03454ba1c90fac519991c87b5b2d5994cfeb2e02718afb4aad6a0ada2cb64e2b\",\"Apaymentspent\":\"6b19dbc33f38cf7cb9441df4c886acb6af51092e9ba9f363686b4fdb2fed9f1c\",\"depositspent\":\"f95b2c2971e4963c540497349be53fee4a03ac65d0244fe1461b9d434d131f6f\",\"method\":\"tradestatus\",\"finishtime\":1527655797}```\nbobdeposit <https:\/\/etherscan.io\/tx\/0x6fb3d0c0405cdee876acc8d6649c4b707261cefcd233a60fed8b345fdb81c8dc>\nalicepayment <https:\/\/kmdexplorer.ru\/tx\/c3bdafb5baf1adbebebb5ee9944680127eaa668d59f9d622dbb5e4cb0ef458ff>\nbobpayment <https:\/\/etherscan.io\/tx\/0x383a8acbc038ed3e016b3aa50dbf2964318c2e32f7dab365689d5f46b482ff32>",
        "ts": "1527656377.000112"
    },
    {
        "type": "message",
        "user": "U2Q1DP6EQ",
        "text": "<@U02LQ1WHQ> please add them to coins file: `{\\\"coin\\\":\\\"SANC\\\",\\\"name\\\":\\\"sancoj\\\",\\\"etomic\\\":\\\"0x03ec7bb59be036870ef696a2abf124f496d6735a\\\",\\\"rpcport\\\":80}`",
        "ts": "1527656403.000046"
    }
]