[
    {
        "text": "Morpheus Network (MRPH) swapped on BarterDEX\n```\nSWAP completed! 2089036062-3171306920 {\"uuid\":\"db6e56a54bb8c52265f14324e864f182d0f40a1778112831c5fb886cdbf1483e\",\"expiration\":1533098853,\"tradeid\":0,\"requestid\":2089036062,\"quoteid\":3171306920,\"iambob\":1,\"Bgui\":\"nogui\",\"Agui\":\"\",\"gui\":\"nogui\",\"bob\":\"MRPH\",\"bobtomic\":\"0x7b0c06043468469967dba22d1af33d77d44056c8\",\"etomicsrc\":\"0x98298409c949135eed89233d04c2cfef984baff5\",\"srcamount\":0.70033548,\"bobtxfee\":0.00001000,\"alice\":\"KMD\",\"etomicdest\":\"0xdf38dd108bab50da564092ad0cd739c4634d963c\",\"destamount\":0.08009000,\"alicetxfee\":0.00001000,\"aliceid\":\"9494237869881032705\",\"txChain\":[{\"stage\":\"bobdeposit\",\"coin\":\"MRPH\",\"txid\":\"0x134e409932456cffc2ca6c216116d6439c44723ff59cd72b77eec8a995d69e5d\",\"amount\":0.78787741}, {\"stage\":\"alicepayment\",\"coin\":\"KMD\",\"txid\":\"a626e01999aeeb67021c8e0f8bb50ef80e3c2c2743304d940a45891d92513bb5\",\"amount\":0.08011000}, {\"stage\":\"bobpayment\",\"coin\":\"MRPH\",\"txid\":\"0xdbcd1c9f3f958d6831071d5be5138eeb4da9fab9971450d293a2b92f5354220f\",\"amount\":0.70033548}, {\"stage\":\"alicespend\",\"coin\":\"MRPH\",\"txid\":\"292940186fd9a334d99122537090c4e9ab27f0dd4d4a34ffc84c24cad89a27f5\",\"amount\":1.00000999}, {\"stage\":\"bobspend\",\"coin\":\"KMD\",\"txid\":\"096f167939b1d6a0cc537e0aa3a073ba5589d8dfca0fa710f147c865ed75906f\",\"amount\":0.08010000}, {\"stage\":\"bobrefund\",\"coin\":\"MRPH\",\"txid\":\"0x226107437a63b20433eceb45ed32fdd47a8de5b46784f940008750e478bfd6f4\",\"amount\":0.78787741}],\"sentflags\":[\"bobdeposit\", \"alicepayment\", \"bobpayment\", \"alicespend\", \"bobspend\", \"bobrefund\"],\"values\":[0, 0, 1.12502000, 0.08011000, 1.00002000, 1.00000999, 0.08010000, 1.12500999, 0, 0, 0],\"result\":\"success\",\"status\":\"finished\",\"finishtime\":1533083630,\"bobdeposit\":\"1dd6c4898361552b30fe6f50d19b258f70e13b80465d65b1139cf35c27e92801\",\"alicepayment\":\"a626e01999aeeb67021c8e0f8bb50ef80e3c2c2743304d940a45891d92513bb5\",\"bobpayment\":\"0118ced7baad8b9a50e38d4672a3adc4de5b312ea3e9576ea9c74ed42a5d7e39\",\"paymentspent\":\"292940186fd9a334d99122537090c4e9ab27f0dd4d4a34ffc84c24cad89a27f5\",\"Apaymentspent\":\"096f167939b1d6a0cc537e0aa3a073ba5589d8dfca0fa710f147c865ed75906f\",\"depositspent\":\"b8de88cd9f2d82943f9ca550e0423c87f865f182706d720ed9977522c332ee59\",\"alicedexfee\":\"8e28bf145829b78e3c01fa0051c1cd82d6d49fe4775b08b9c5c5ac99ae47ada0\",\"method\":\"tradestatus\",\"finishtime\":153308363\n```\nbobdeposit <https:\/\/etherscan.io\/tx\/0x134e409932456cffc2ca6c216116d6439c44723ff59cd72b77eec8a995d69e5d>\nalicepayment <https:\/\/kmdexplorer.ru\/tx\/a626e01999aeeb67021c8e0f8bb50ef80e3c2c2743304d940a45891d92513bb5>\nbobpayment <https:\/\/etherscan.io\/tx\/0xdbcd1c9f3f958d6831071d5be5138eeb4da9fab9971450d293a2b92f5354220f>\n",
        "username": "[matrix] <cipig:matrix.org>",
        "bot_id": "BB46XBDAM",
        "attachments": [
            {
                "callback_id": "matterbridge_bd6flfjovtqcd5msvbmg",
                "id": 1
            }
        ],
        "type": "message",
        "subtype": "bot_message",
        "ts": "1533084419.000188"
    },
    {
        "text": "EnergiToken (ETK) swapped on BarterDEX\n```\nSWAP completed! 1555875186-2074265669 {\"uuid\":\"d609d81130b52b976042df438b3e71f2c47fbd8220a4f6ab3a5ad172e0f04018\",\"expiration\":1533100591,\"tradeid\":0,\"requestid\":1555875186,\"quoteid\":2074265669,\"iambob\":1,\"Bgui\":\"nogui\",\"Agui\":\"\",\"gui\":\"nogui\",\"bob\":\"ETK\",\"bobtomic\":\"0x3c4a3ffd813a107febd57b2f01bc344264d90fde\",\"etomicsrc\":\"0x98298409c949135eed89233d04c2cfef984baff5\",\"srcamount\":0.69911510,\"bobtxfee\":0.00001000,\"alice\":\"KMD\",\"etomicdest\":\"0xdf38dd108bab50da564092ad0cd739c4634d963c\",\"destamount\":0.08009000,\"alicetxfee\":0.00001000,\"aliceid\":\"5739266663190626305\",\"txChain\":[{\"stage\":\"bobdeposit\",\"coin\":\"ETK\",\"txid\":\"0x6a312976a6d035342d32f46b3584b16c3087fd04091906ca23d6642d2de7a860\",\"amount\":0.78650448}, {\"stage\":\"alicepayment\",\"coin\":\"KMD\",\"txid\":\"347d04d37ef2e816d90ee768cda6a7bba2dad1f1b9ac24a5c6449059635b9d32\",\"amount\":0.08011000}, {\"stage\":\"bobpayment\",\"coin\":\"ETK\",\"txid\":\"0x07c2f0046e5bdd626f2137775bc412be2d86e0abecdb318d101188b8784c0020\",\"amount\":0.69911510}, {\"stage\":\"alicespend\",\"coin\":\"ETK\",\"txid\":\"068bc3cfda9ece741e5c6022a5cc34602a7ebf0385577eb2d515d95307b4ab03\",\"amount\":1.00000999}, {\"stage\":\"bobspend\",\"coin\":\"KMD\",\"txid\":\"31287f669e0b948babf22ca43f093b6e2cc411bcec32729a7a4a9a86ec2afa81\",\"amount\":0.08010000}, {\"stage\":\"bobrefund\",\"coin\":\"ETK\",\"txid\":\"0xcb04f83b79847ed3248b326870d5a31e6925ef0914867bb73693d68fe65b97bb\",\"amount\":0.78650448}],\"sentflags\":[\"bobdeposit\", \"alicepayment\", \"bobpayment\", \"alicespend\", \"bobspend\", \"bobrefund\"],\"values\":[0, 0, 1.12502000, 0.08011000, 1.00002000, 1.00000999, 0.08010000, 1.12500999, 0, 0, 0],\"result\":\"success\",\"status\":\"finished\",\"finishtime\":1533085393,\"bobdeposit\":\"61e50fc522d73265df3a042cfcf9cf8d9e4a02ab5da50128693dd01c735aeaab\",\"alicepayment\":\"347d04d37ef2e816d90ee768cda6a7bba2dad1f1b9ac24a5c6449059635b9d32\",\"bobpayment\":\"a96ebdaf581385d3b51b910cfad73e0bb66a96168d8214043f401e766796b3cb\",\"paymentspent\":\"068bc3cfda9ece741e5c6022a5cc34602a7ebf0385577eb2d515d95307b4ab03\",\"Apaymentspent\":\"31287f669e0b948babf22ca43f093b6e2cc411bcec32729a7a4a9a86ec2afa81\",\"depositspent\":\"b27a35c35495a66f8f32f8a4bb3cdb98d006cce2b1ea05e3bf0ed69ff75b888c\",\"alicedexfee\":\"fb4dd49febdde2b9fcbfa738eaf4fe44aa94dafe3536be1d8ce17d979221a8e0\",\"method\":\"tradestatus\",\"finishtime\":1533085393}\n```\nbobdeposit <https:\/\/etherscan.io\/tx\/0x6a312976a6d035342d32f46b3584b16c3087fd04091906ca23d6642d2de7a860>\nalicepayment <https:\/\/kmdexplorer.ru\/tx\/347d04d37ef2e816d90ee768cda6a7bba2dad1f1b9ac24a5c6449059635b9d32>\nbobpayment <https:\/\/etherscan.io\/tx\/0x07c2f0046e5bdd626f2137775bc412be2d86e0abecdb318d101188b8784c0020>",
        "username": "[matrix] <cipig:matrix.org>",
        "bot_id": "BB46XBDAM",
        "attachments": [
            {
                "callback_id": "matterbridge_bd6flfjovtqcd5msvbmg",
                "id": 1
            }
        ],
        "type": "message",
        "subtype": "bot_message",
        "ts": "1533086057.000041"
    },
    {
        "text": "KickCoin (KICK) swapped on BarterDEX\n```\nSWAP completed! 556174295-1045150646 {\"uuid\":\"4632290054e73ce9a7e769bed07cb8c760290f301bdb59e9b18f6f98aa599d3e\",\"expiration\":1533107201,\"tradeid\":0,\"requestid\":556174295,\"quoteid\":1045150646,\"iambob\":1,\"Bgui\":\"nogui\",\"Agui\":\"\",\"gui\":\"nogui\",\"bob\":\"KICK\",\"bobtomic\":\"0x27695e09149adc738a978e9a678f99e4c39e9eb9\",\"etomicsrc\":\"0x98298409c949135eed89233d04c2cfef984baff5\",\"srcamount\":0.72045775,\"bobtxfee\":0.00001000,\"alice\":\"KMD\",\"etomicdest\":\"0xdf38dd108bab50da564092ad0cd739c4634d963c\",\"destamount\":0.08009000,\"alicetxfee\":0.00001000,\"aliceid\":\"9462801501249011713\",\"txChain\":[{\"stage\":\"bobdeposit\",\"coin\":\"KICK\",\"txid\":\"0x08cbbabb99bb2da5bd8622e9c8fc6d0871b72038fbc27ff8a6f73fc148abf6be\",\"amount\":0.81051496}, {\"stage\":\"alicepayment\",\"coin\":\"KMD\",\"txid\":\"f514855f411d4e067802db435b67fd5d5b68a97e71103f14ee8972bfd6dbd921\",\"amount\":0.08011000}, {\"stage\":\"bobpayment\",\"coin\":\"KICK\",\"txid\":\"0x44dc549ebbedc67c5a90b7c8fad2017e09af4c569846c961bf0458a33d346cd1\",\"amount\":0.72045775}, {\"stage\":\"alicespend\",\"coin\":\"KICK\",\"txid\":\"6b20c3bc40504f122d79e0042f6a02f7e23a1bc6fb2f8dcb3827a0f8af4358b4\",\"amount\":1.00000999}, {\"stage\":\"bobspend\",\"coin\":\"KMD\",\"txid\":\"e91bc872fb92b3a06e114503fd288adce3d4a0ca8dea259399191c71c6c2f4bb\",\"amount\":0.08010000}, {\"stage\":\"bobrefund\",\"coin\":\"KICK\",\"txid\":\"0xcdd89e897b002ee3c23382887ead36100095c0c29ece2e14d10acf18e7b0ba20\",\"amount\":0.81051496}],\"sentflags\":[\"bobdeposit\", \"alicepayment\", \"bobpayment\", \"alicespend\", \"bobspend\", \"bobrefund\"],\"values\":[0, 0, 1.12502000, 0.08011000, 1.00002000, 1.00000999, 0.08010000, 1.12500999, 0, 0, 0],\"result\":\"success\",\"status\":\"finished\",\"finishtime\":1533091993,\"bobdeposit\":\"dfb8916b26e03c9f5a9ade2861cfe191d8123940f96a19b3686738a75a61de0e\",\"alicepayment\":\"f514855f411d4e067802db435b67fd5d5b68a97e71103f14ee8972bfd6dbd921\",\"bobpayment\":\"474427df1572b8f2e11ac49a22533c6af1a95bdaef559203a87764ee94b4c037\",\"paymentspent\":\"6b20c3bc40504f122d79e0042f6a02f7e23a1bc6fb2f8dcb3827a0f8af4358b4\",\"Apaymentspent\":\"e91bc872fb92b3a06e114503fd288adce3d4a0ca8dea259399191c71c6c2f4bb\",\"depositspent\":\"28aa4200e290f6f0f43cf38924090739f6333fab036e65125908fa31ee849c82\",\"alicedexfee\":\"84cd006fba0756a2b0c41af7bce9fb5b4bd00ebc5324c055b802cc026aa502ea\",\"method\":\"tradestatus\",\"finishtime\":1533091993}\n```\nbobdeposit <https:\/\/etherscan.io\/tx\/0x08cbbabb99bb2da5bd8622e9c8fc6d0871b72038fbc27ff8a6f73fc148abf6be>\nalicepayment <https:\/\/kmdexplorer.ru\/tx\/f514855f411d4e067802db435b67fd5d5b68a97e71103f14ee8972bfd6dbd921>\nbobpayment <https:\/\/etherscan.io\/tx\/0x44dc549ebbedc67c5a90b7c8fad2017e09af4c569846c961bf0458a33d346cd1>\n",
        "username": "[matrix] <cipig:matrix.org>",
        "bot_id": "BB46XBDAM",
        "attachments": [
            {
                "callback_id": "matterbridge_bd6flfjovtqcd5msvbmg",
                "id": 1
            }
        ],
        "type": "message",
        "subtype": "bot_message",
        "ts": "1533092687.000045"
    }
]