[
    {
        "type": "message",
        "user": "U6MTBP2QK",
        "text": "<@U70MZ24DQ> there are some improvements (both in GUI and marketmaker), and one of the most significant changes is the introduction of ETH and tokens",
        "ts": "1522584376.000004"
    },
    {
        "type": "message",
        "user": "U03SKEFEL",
        "text": "<https:\/\/twitter.com\/satindergrewal\/status\/980416038306271234>",
        "attachments": [
            {
                "fallback": "<https:\/\/twitter.com\/satindergrewal|@satindergrewal>: Less than 3 hours to send last votes to support MESHBITS. With you help we can still win. Plz Vote for MESHBITS team. Thank you :pray::innocent:\nNA Vote addr: RH1vUjh6JBX7dpPR3C89U8hzErp1uoa2by\nAR Vote addr: RV8Khq8SbYQALx9eMQ8meseWpFiZS8seL1\nEU Vote addr: RTF4GvjePY4YUy3M8iwkGZfEor2p5zFkbo",
                "ts": 1522584373,
                "author_name": "Satinder Grewal",
                "author_link": "https:\/\/twitter.com\/satindergrewal\/status\/980416038306271234",
                "author_icon": "https:\/\/pbs.twimg.com\/profile_images\/790484870501769216\/OG09CMj6_normal.jpg",
                "author_subname": "@satindergrewal",
                "text": "Less than 3 hours to send last votes to support MESHBITS. With you help we can still win. Plz Vote for MESHBITS team. Thank you :pray::innocent:\nNA Vote addr: RH1vUjh6JBX7dpPR3C89U8hzErp1uoa2by\nAR Vote addr: RV8Khq8SbYQALx9eMQ8meseWpFiZS8seL1\nEU Vote addr: RTF4GvjePY4YUy3M8iwkGZfEor2p5zFkbo",
                "service_name": "twitter",
                "service_url": "https:\/\/twitter.com\/",
                "from_url": "https:\/\/twitter.com\/satindergrewal\/status\/980416038306271234",
                "id": 1,
                "footer": "Twitter",
                "footer_icon": "https:\/\/a.slack-edge.com\/6e067\/img\/services\/twitter_pixel_snapped_32.png"
            }
        ],
        "ts": "1522584424.000072"
    },
    {
        "type": "message",
        "user": "U41M5AAJW",
        "text": "Last spam...",
        "ts": "1522584571.000044",
        "reactions": [
            {
                "name": "clap",
                "users": [
                    "U6MTBP2QK"
                ],
                "count": 1
            },
            {
                "name": "smiley",
                "users": [
                    "U6MTBP2QK"
                ],
                "count": 1
            }
        ]
    },
    {
        "type": "message",
        "user": "U41M5AAJW",
        "text": "Chainmakers is the first corp being built on top of the komodo platform. We will be working on the expansion and adoption of the komodo ecosystem.",
        "ts": "1522584632.000017"
    },
    {
        "type": "message",
        "user": "U41M5AAJW",
        "text": "and on a more personal note... please whales! Help us achieve the 2 nodes we had planned as our seed capital! :slightly_smiling_face:",
        "ts": "1522584684.000009"
    },
    {
        "type": "message",
        "user": "U034631U0",
        "text": "First spam. Vote a-team. Fin.",
        "ts": "1522584714.000044"
    },
    {
        "type": "message",
        "user": "U034631U0",
        "text": "I know I'm late to the party, but hey.",
        "ts": "1522584721.000096"
    },
    {
        "type": "message",
        "user": "U41M5AAJW",
        "text": ":stuck_out_tongue:",
        "ts": "1522584738.000039"
    },
    {
        "type": "message",
        "user": "U6MTBP2QK",
        "text": "* Please, whales, help\n:troll:",
        "ts": "1522584744.000034"
    },
    {
        "type": "message",
        "user": "U41M5AAJW",
        "text": ":troll:",
        "ts": "1522584754.000041"
    },
    {
        "type": "message",
        "user": "U41M5AAJW",
        "text": ":trumpet:",
        "ts": "1522584774.000014"
    },
    {
        "type": "message",
        "user": "U6MTBP2QK",
        "text": "Unless you're into that sort of thing; I don't judge...",
        "ts": "1522584826.000023"
    },
    {
        "type": "message",
        "user": "U034631U0",
        "text": "And wow! Hey! What’s this thing suddenly coming towards me very fast? Very very fast. So big and flat and round, it needs a big wide sounding name like … ow … ound … round … ground! That’s it! That’s a good name – ground!\n\nI wonder if it will be friends with me?",
        "ts": "1522584866.000012"
    },
    {
        "type": "message",
        "user": "U41M5AAJW",
        "text": "??",
        "ts": "1522584973.000057"
    },
    {
        "type": "message",
        "user": "U6MTBP2QK",
        "text": "&gt;So big and flat and round, it needs a big wide....\nYeah, that's a different kinda site than this one :confused:",
        "ts": "1522584992.000065"
    },
    {
        "type": "message",
        "user": "U6MTBP2QK",
        "text": "anywho, on-topic:\nI've got my fomo branch about 3\/4 done :slightly_smiling_face:",
        "ts": "1522585449.000052"
    },
    {
        "type": "message",
        "user": "U41M5AAJW",
        "text": "<http:\/\/i64.tinypic.com\/33z7l0w.jpg>",
        "attachments": [
            {
                "fallback": "1599x791px image",
                "image_url": "http:\/\/i64.tinypic.com\/33z7l0w.jpg",
                "image_width": 1599,
                "image_height": 791,
                "image_bytes": 95603,
                "from_url": "http:\/\/i64.tinypic.com\/33z7l0w.jpg",
                "id": 1
            }
        ],
        "ts": "1522585490.000032"
    },
    {
        "type": "message",
        "user": "U6MTBP2QK",
        "text": "huh?",
        "ts": "1522585563.000080"
    },
    {
        "type": "message",
        "user": "U6MTBP2QK",
        "text": "the only thing worse than multi-channel spam is multi-channel spam that's confusing :confused:",
        "ts": "1522585657.000006"
    },
    {
        "type": "message",
        "user": "U41M5AAJW",
        "text": "toss some votes to chainmakers EU! NAAOO",
        "ts": "1522585680.000023"
    },
    {
        "type": "message",
        "user": "U41M5AAJW",
        "text": ":stuck_out_tongue:",
        "ts": "1522585682.000060"
    },
    {
        "type": "message",
        "user": "U6MTBP2QK",
        "text": "ummmm...\nyeah....\nsure....",
        "ts": "1522585777.000047"
    },
    {
        "type": "message",
        "user": "U6MTBP2QK",
        "text": "All I got out of that was \"throw trash at chainmakers\"\n:stuck_out_tongue:",
        "ts": "1522585802.000132"
    },
    {
        "type": "message",
        "user": "U41M5AAJW",
        "text": ":joy: :joy: :trollface: :trollface:",
        "client_msg_id": "cccb8213-f1f0-4413-938f-4566392d0fe1",
        "ts": "1522586111.000058"
    },
    {
        "type": "message",
        "user": "U034631U0",
        "text": "It's a quote from Hitchikers Guide to the Galaxy. It's whale, who was spontaneously brought into existence miles above the surface, who has to figure out what he is, how he got there, what is happening and then promptly splats all over the ground.",
        "attachments": [
            {
                "fallback": "[April 1st, 2018 10:16 PM] siu: ??",
                "ts": "1522584973.000057",
                "author_id": "U41M5AAJW",
                "author_subname": "COQUI Cash",
                "channel_id": "C0MN08277",
                "channel_name": "tradebots",
                "is_msg_unfurl": true,
                "text": "??",
                "author_name": "COQUI Cash",
                "author_link": "https:\/\/komodo-platform.slack.com\/team\/U41M5AAJW",
                "author_icon": "https:\/\/avatars.slack-edge.com\/2018-03-02\/323893063092_ea34299d218cb8915d02_48.png",
                "mrkdwn_in": [
                    "text"
                ],
                "color": "D0D0D0",
                "from_url": "https:\/\/komodo-platform.slack.com\/archives\/C0MN08277\/p1522584973000057",
                "is_share": true,
                "footer": "Posted in #tradebots"
            }
        ],
        "ts": "1522587669.000073"
    },
    {
        "text": "almost feels like he's blacklisted from SUPERNET bobs :confused:",
        "type": "message",
        "subtype": "me_message",
        "user": "U6MTBP2QK",
        "ts": "1522588434.000011"
    },
    {
        "type": "message",
        "user": "U02QSHX81",
        "text": "are you buying SUPERNET or selling?",
        "ts": "1522588487.000040"
    },
    {
        "type": "message",
        "user": "U6MTBP2QK",
        "text": "was trying to sell some; it's, literally, the only coin I can't sell :confused:",
        "ts": "1522588552.000055"
    },
    {
        "type": "message",
        "user": "U02QSHX81",
        "text": "what volume you are trying?",
        "ts": "1522588740.000090"
    },
    {
        "type": "message",
        "user": "U6MTBP2QK",
        "text": "if (base == \"SUPERNET\" &amp;&amp; buyer == \"ComputerGenie\") { meh(fek_him); };",
        "ts": "1522588797.000024",
        "reactions": [
            {
                "name": "rolling_on_the_floor_laughing",
                "users": [
                    "U02QSHX81"
                ],
                "count": 1
            }
        ]
    },
    {
        "type": "message",
        "user": "U6MTBP2QK",
        "text": ":stuck_out_tongue:",
        "ts": "1522588799.000065"
    },
    {
        "type": "message",
        "user": "U6MTBP2QK",
        "text": "I tried a few vols and a few prices not too many though (mostly just during working on code)",
        "ts": "1522588859.000073"
    },
    {
        "type": "message",
        "user": "U02QSHX81",
        "text": "look like selling SUPERNET is bit hard now :stuck_out_tongue:",
        "ts": "1522589149.000071"
    },
    {
        "type": "message",
        "user": "U6MTBP2QK",
        "text": "so,\nlimit immediate = alice\nlimit till canceled = bob\nyes?",
        "ts": "1522589234.000007"
    },
    {
        "type": "message",
        "user": "U41M5AAJW",
        "text": "1404 (116945692   906694482)      request id.18090648564159545345   KMD\/INN",
        "ts": "1522589242.000019"
    },
    {
        "type": "message",
        "user": "U41M5AAJW",
        "text": "????",
        "ts": "1522589243.000068"
    },
    {
        "type": "message",
        "user": "U41M5AAJW",
        "text": "whos INN?",
        "ts": "1522589247.000052"
    },
    {
        "type": "message",
        "user": "U41M5AAJW",
        "text": "Holiday INN?",
        "ts": "1522589253.000038"
    },
    {
        "type": "message",
        "user": "U02QSHX81",
        "text": "testing in progress i guess :slightly_smiling_face:",
        "ts": "1522589264.000075"
    },
    {
        "type": "message",
        "user": "U6MTBP2QK",
        "text": "innova",
        "ts": "1522589266.000027"
    },
    {
        "type": "message",
        "user": "U41M5AAJW",
        "text": "cool!",
        "ts": "1522589279.000097"
    },
    {
        "type": "message",
        "user": "U6MTBP2QK",
        "text": "<https:\/\/coinmarketcap.com\/currencies\/innova\/>",
        "attachments": [
            {
                "title": "Innova (INN) price, charts, market cap, and other metrics | CoinMarketCap",
                "title_link": "https:\/\/coinmarketcap.com\/currencies\/innova\/",
                "text": "Get Innova price, charts, and other cryptocurrency info",
                "fallback": "Innova (INN) price, charts, market cap, and other metrics | CoinMarketCap",
                "from_url": "https:\/\/coinmarketcap.com\/currencies\/innova\/",
                "thumb_url": "https:\/\/s2.coinmarketcap.com\/static\/img\/coins\/200x200\/2160.png",
                "thumb_width": 200,
                "thumb_height": 200,
                "service_icon": "https:\/\/s2.coinmarketcap.com\/static\/img\/coins\/16x16\/2160.png",
                "service_name": "coinmarketcap.com",
                "id": 1
            }
        ],
        "ts": "1522589289.000084"
    },
    {
        "type": "message",
        "user": "U6MTBP2QK",
        "text": "remind me what `UTXO sum` is supposed to be in the GUI....",
        "ts": "1522590000.000032"
    },
    {
        "type": "message",
        "user": "U02QSHX81",
        "text": "depth",
        "ts": "1522591134.000009"
    },
    {
        "type": "message",
        "text": "&gt;depth\nby what scale?",
        "files": [
            {
                "id": "FA077LTT8",
                "created": 1522591800,
                "timestamp": 1522591800,
                "name": "Capture.JPG",
                "title": "Capture.JPG",
                "mimetype": "image\/jpeg",
                "filetype": "jpg",
                "pretty_type": "JPEG",
                "user": "U6MTBP2QK",
                "editable": false,
                "size": 96961,
                "mode": "hosted",
                "is_external": false,
                "external_type": "",
                "is_public": true,
                "public_url_shared": false,
                "display_as_bot": false,
                "username": "",
                "url_private": "https:\/\/files.slack.com\/files-pri\/T02LAJBUW-FA077LTT8\/capture.jpg?t=xoxe-2690623982-420508393732-420508393844-55126cc98091fbe0399fac3c66f6ed8e",
                "url_private_download": "https:\/\/files.slack.com\/files-pri\/T02LAJBUW-FA077LTT8\/download\/capture.jpg?t=xoxe-2690623982-420508393732-420508393844-55126cc98091fbe0399fac3c66f6ed8e",
                "thumb_64": "https:\/\/files.slack.com\/files-tmb\/T02LAJBUW-FA077LTT8-5ed0c660b2\/capture_64.jpg?t=xoxe-2690623982-420508393732-420508393844-55126cc98091fbe0399fac3c66f6ed8e",
                "thumb_80": "https:\/\/files.slack.com\/files-tmb\/T02LAJBUW-FA077LTT8-5ed0c660b2\/capture_80.jpg?t=xoxe-2690623982-420508393732-420508393844-55126cc98091fbe0399fac3c66f6ed8e",
                "thumb_360": "https:\/\/files.slack.com\/files-tmb\/T02LAJBUW-FA077LTT8-5ed0c660b2\/capture_360.jpg?t=xoxe-2690623982-420508393732-420508393844-55126cc98091fbe0399fac3c66f6ed8e",
                "thumb_360_w": 360,
                "thumb_360_h": 280,
                "thumb_480": "https:\/\/files.slack.com\/files-tmb\/T02LAJBUW-FA077LTT8-5ed0c660b2\/capture_480.jpg?t=xoxe-2690623982-420508393732-420508393844-55126cc98091fbe0399fac3c66f6ed8e",
                "thumb_480_w": 480,
                "thumb_480_h": 373,
                "thumb_160": "https:\/\/files.slack.com\/files-tmb\/T02LAJBUW-FA077LTT8-5ed0c660b2\/capture_160.jpg?t=xoxe-2690623982-420508393732-420508393844-55126cc98091fbe0399fac3c66f6ed8e",
                "thumb_720": "https:\/\/files.slack.com\/files-tmb\/T02LAJBUW-FA077LTT8-5ed0c660b2\/capture_720.jpg?t=xoxe-2690623982-420508393732-420508393844-55126cc98091fbe0399fac3c66f6ed8e",
                "thumb_720_w": 720,
                "thumb_720_h": 559,
                "thumb_800": "https:\/\/files.slack.com\/files-tmb\/T02LAJBUW-FA077LTT8-5ed0c660b2\/capture_800.jpg?t=xoxe-2690623982-420508393732-420508393844-55126cc98091fbe0399fac3c66f6ed8e",
                "thumb_800_w": 800,
                "thumb_800_h": 621,
                "image_exif_rotation": 1,
                "original_w": 841,
                "original_h": 653,
                "permalink": "https:\/\/komodo-platform.slack.com\/files\/U6MTBP2QK\/FA077LTT8\/capture.jpg",
                "permalink_public": "https:\/\/slack-files.com\/T02LAJBUW-FA077LTT8-f04c5daeb0"
            }
        ],
        "upload": true,
        "user": "U6MTBP2QK",
        "display_as_bot": false,
        "ts": "1522591803.000141"
    },
    {
        "type": "message",
        "user": "U02QSHX81",
        "text": "Previously, this column used to be called depth\n```\n\t\t\t\"coin\": \"CHIPS\",\n\t\t\t\"address\": \"RUdNzKNzsyebRdDoprrkDZum1PkGoMY4RP\",\n\t\t\t\"price\": 0.12500000,\n\t\t\t\"numutxos\": 81,\n\t\t\t\"avevolume\": 0.46125000,\n\t\t\t\"maxvolume\": 5.60250000,\n\t\t\t\"depth\": 37.36125000,\n\t\t\t\"pubkey\": \"57825d35b1f4b68f993a5058bee9430a34ce898c46bfc68258ccd60aceca422f\",\n\t\t\t\"age\": 19,\n\t\t\t\"zcredits\": -11.05116853\n```",
        "ts": "1522591977.000031"
    },
    {
        "type": "message",
        "user": "U6MTBP2QK",
        "text": ":confused:",
        "ts": "1522591993.000093"
    },
    {
        "type": "message",
        "user": "U02QSHX81",
        "text": "as of depth of CHIPS available",
        "ts": "1522591996.000057"
    },
    {
        "type": "message",
        "user": "U02LQ1WHQ",
        "text": "maybe i broke depth recently with the changeover in meaning of the orderbook fields",
        "ts": "1522592014.000084"
    },
    {
        "type": "message",
        "text": "<@U02LQ1WHQ> also, whatever creates that max vol number is (I think) a factor in why bob usually doesn't want to sell actual largest UTXOs",
        "files": [
            {
                "id": "F9Z5CMHE0",
                "created": 1522592555,
                "timestamp": 1522592555,
                "name": "Capture.JPG",
                "title": "Capture.JPG",
                "mimetype": "image\/jpeg",
                "filetype": "jpg",
                "pretty_type": "JPEG",
                "user": "U6MTBP2QK",
                "editable": false,
                "size": 30029,
                "mode": "hosted",
                "is_external": false,
                "external_type": "",
                "is_public": true,
                "public_url_shared": false,
                "display_as_bot": false,
                "username": "",
                "url_private": "https:\/\/files.slack.com\/files-pri\/T02LAJBUW-F9Z5CMHE0\/capture.jpg?t=xoxe-2690623982-420508393732-420508393844-55126cc98091fbe0399fac3c66f6ed8e",
                "url_private_download": "https:\/\/files.slack.com\/files-pri\/T02LAJBUW-F9Z5CMHE0\/download\/capture.jpg?t=xoxe-2690623982-420508393732-420508393844-55126cc98091fbe0399fac3c66f6ed8e",
                "thumb_64": "https:\/\/files.slack.com\/files-tmb\/T02LAJBUW-F9Z5CMHE0-e5ee92ba2d\/capture_64.jpg?t=xoxe-2690623982-420508393732-420508393844-55126cc98091fbe0399fac3c66f6ed8e",
                "thumb_80": "https:\/\/files.slack.com\/files-tmb\/T02LAJBUW-F9Z5CMHE0-e5ee92ba2d\/capture_80.jpg?t=xoxe-2690623982-420508393732-420508393844-55126cc98091fbe0399fac3c66f6ed8e",
                "thumb_360": "https:\/\/files.slack.com\/files-tmb\/T02LAJBUW-F9Z5CMHE0-e5ee92ba2d\/capture_360.jpg?t=xoxe-2690623982-420508393732-420508393844-55126cc98091fbe0399fac3c66f6ed8e",
                "thumb_360_w": 194,
                "thumb_360_h": 337,
                "thumb_160": "https:\/\/files.slack.com\/files-tmb\/T02LAJBUW-F9Z5CMHE0-e5ee92ba2d\/capture_160.jpg?t=xoxe-2690623982-420508393732-420508393844-55126cc98091fbe0399fac3c66f6ed8e",
                "image_exif_rotation": 1,
                "original_w": 194,
                "original_h": 337,
                "permalink": "https:\/\/komodo-platform.slack.com\/files\/U6MTBP2QK\/F9Z5CMHE0\/capture.jpg",
                "permalink_public": "https:\/\/slack-files.com\/T02LAJBUW-F9Z5CMHE0-5cb57de02b"
            }
        ],
        "upload": true,
        "user": "U6MTBP2QK",
        "display_as_bot": false,
        "ts": "1522592557.000079"
    },
    {
        "type": "message",
        "user": "U6MTBP2QK",
        "text": "\"price\": 0.12500000  \"maxvolume\": 5.60250000\nmeans it stops a the 44.82... UTXO",
        "ts": "1522592707.000006"
    },
    {
        "type": "message",
        "user": "U02LQ1WHQ",
        "text": "it is a quirk (bug) of the algo, i guess the largest isnt big enough for the deposit for the second largest, so it drops to the 44's",
        "ts": "1522592830.000080",
        "reactions": [
            {
                "name": "heavy_check_mark",
                "users": [
                    "U6MTBP2QK"
                ],
                "count": 1
            }
        ]
    },
    {
        "type": "message",
        "user": "U6MTBP2QK",
        "text": "dump lacks boundaries and defaults to largest UTXO if input is larger than balance; I like that :thumbsup:  :simple_smile:",
        "edited": {
            "user": "U6MTBP2QK",
            "ts": "1522594568.000000"
        },
        "ts": "1522594429.000058"
    },
    {
        "type": "message",
        "user": "U02LQ1WHQ",
        "text": "yes, i implement dump as literally as possible",
        "ts": "1522595043.000004"
    },
    {
        "type": "message",
        "user": "U02LQ1WHQ",
        "text": "same for fomo. price is secondary",
        "ts": "1522595049.000057"
    },
    {
        "type": "message",
        "user": "U6MTBP2QK",
        "text": "well, I'm always a fan of your end having more code so that my end needs less (i.e., if error) :troll:",
        "ts": "1522595158.000086"
    },
    {
        "type": "message",
        "user": "U9MMTULGJ",
        "text": "Hi I am suppose to ask about MoM ",
        "client_msg_id": "46704081-7D6B-4FF8-A5AA-2689BE4D889F",
        "ts": "1522613300.000004"
    },
    {
        "type": "message",
        "user": "U9MMTULGJ",
        "text": "KMD focus for smart contracts between the asset chains",
        "client_msg_id": "F2FF9D32-FFA1-4CB4-838F-52DDB8C4CF05",
        "ts": "1522613340.000083"
    },
    {
        "type": "message",
        "user": "U02QSHX81",
        "text": "MoM = Merkle root of Merkle",
        "ts": "1522613684.000042"
    },
    {
        "type": "message",
        "text": "",
        "files": [
            {
                "id": "F9V6BJTND",
                "created": 1521992723,
                "timestamp": 1521992723,
                "name": "Komodo_2_0_Overview.md",
                "title": "Komodo 2.0 Overview",
                "mimetype": "text\/plain",
                "filetype": "markdown",
                "pretty_type": "Markdown (raw)",
                "user": "U02QSHX81",
                "editable": true,
                "size": 2711,
                "mode": "snippet",
                "is_external": false,
                "external_type": "",
                "is_public": true,
                "public_url_shared": false,
                "display_as_bot": false,
                "username": "",
                "url_private": "https:\/\/files.slack.com\/files-pri\/T02LAJBUW-F9V6BJTND\/Komodo_2_0_Overview.md?t=xoxe-2690623982-420508393732-420508393844-55126cc98091fbe0399fac3c66f6ed8e",
                "url_private_download": "https:\/\/files.slack.com\/files-pri\/T02LAJBUW-F9V6BJTND\/download\/Komodo_2_0_Overview.md?t=xoxe-2690623982-420508393732-420508393844-55126cc98091fbe0399fac3c66f6ed8e",
                "permalink": "https:\/\/komodo-platform.slack.com\/files\/U02QSHX81\/F9V6BJTND\/Komodo_2_0_Overview.md",
                "permalink_public": "https:\/\/slack-files.com\/T02LAJBUW-F9V6BJTND-610f844fb8",
                "edit_link": "https:\/\/komodo-platform.slack.com\/files\/U02QSHX81\/F9V6BJTND\/Komodo_2_0_Overview.md\/edit",
                "preview": "Komodo 2.0 in Simple Words\r\nby jl777\r\n25 March 2018\r\n\r\nThe security alone is enough to justify it as assetchains need to be secured, but now that it exists it turns out to enable smartchain combos where multiple smartchains can all be combined into a combined set of chains that are all able to validate consensus in the other chains, relying on the notarized MoM (Merkle root of Merkle) data.\r",
                "preview_highlight": "<div class=\"CodeMirror cm-s-default CodeMirrorServer\" oncopy=\"if(event.clipboardData){event.clipboardData.setData('text\/plain',window.getSelection().toString().replace(\/\\u200b\/g,''));event.preventDefault();event.stopPropagation();}\">\n<div class=\"CodeMirror-code\">\n<div><pre>Komodo 2.0 in Simple Words<\/pre><\/div>\n<div><pre>by jl777<\/pre><\/div>\n<div><pre>25 March 2018<\/pre><\/div>\n<div><pre>&#8203;<\/pre><\/div>\n<div><pre>The security alone is enough to justify it as assetchains need to be secured, but now that it exists it turns out to enable smartchain combos where multiple smartchains can all be combined into a combined set of chains that are all able to validate consensus in the other chains, relying on the notarized MoM (Merkle root of Merkle) data.<\/pre><\/div>\n<\/div>\n<\/div>\n",
                "lines": 29,
                "lines_more": 24,
                "preview_is_truncated": true,
                "reactions": [
                    {
                        "name": "komodo_logo",
                        "users": [
                            "U66SWTM47",
                            "U827NNSES",
                            "U8BDP1UE8",
                            "U06LEAJBZ",
                            "U41JPDUSG",
                            "U93DCAC85",
                            "U8RH2UDL2",
                            "U8QKXKKBM",
                            "U5WU93QUQ",
                            "U7BGH14Q5",
                            "U81J3QWRG",
                            "U5U0T947P",
                            "U034LRVFJ",
                            "U033XV3DL",
                            "U2N405TRT",
                            "U939Z66PR",
                            "U33CGLNNR",
                            "U03SKEFEL",
                            "U6ZP43AL9",
                            "U9LBB4CTG",
                            "U0NPWSWAK",
                            "U5YMVH881",
                            "U9V7W9BH7",
                            "U78V1PKCL",
                            "U8P25DC82",
                            "U6XDTBDSN",
                            "U47DBLM44",
                            "U047X3GAM",
                            "U41M5AAJW",
                            "U9K42AHQW",
                            "U8RMBDL9Z",
                            "U1TE5UXGF",
                            "U34RJ030D",
                            "U5K03CYRX",
                            "U0338MXRR",
                            "U97L57W8G"
                        ],
                        "count": 36
                    },
                    {
                        "name": "lizard",
                        "users": [
                            "U4PNWF8Q5",
                            "U06LEAJBZ",
                            "U8QKXKKBM",
                            "U5U0T947P",
                            "U939Z66PR",
                            "U03SKEFEL",
                            "U6ZP43AL9",
                            "U0EGQUAPJ",
                            "U41M5AAJW",
                            "U1TE5UXGF",
                            "U5K03CYRX"
                        ],
                        "count": 11
                    },
                    {
                        "name": "iguana",
                        "users": [
                            "U2PSPGFJS",
                            "U939Z66PR",
                            "U03SKEFEL",
                            "U6ZP43AL9",
                            "U0EGQUAPJ",
                            "U78V1PKCL",
                            "U41M5AAJW",
                            "U5K03CYRX"
                        ],
                        "count": 8
                    },
                    {
                        "name": "ok_hand",
                        "users": [
                            "U741E9ZCJ",
                            "U939Z66PR",
                            "U9TMKNHPS",
                            "U03SKEFEL",
                            "U6ZP43AL9",
                            "U0EGQUAPJ",
                            "U90TN0WPL",
                            "U41M5AAJW"
                        ],
                        "count": 8
                    },
                    {
                        "name": "crescent_moon",
                        "users": [
                            "U6ZP43AL9",
                            "U03SKEFEL",
                            "U0EGQUAPJ",
                            "U78V1PKCL",
                            "U41M5AAJW"
                        ],
                        "count": 5
                    },
                    {
                        "name": "+1",
                        "users": [
                            "U93ET4RU4",
                            "U0NKGE47P",
                            "U9V7W9BH7",
                            "U78V1PKCL",
                            "U6ZP43AL9",
                            "U41M5AAJW",
                            "U9K42AHQW",
                            "U5K03CYRX"
                        ],
                        "count": 8
                    },
                    {
                        "name": "fire",
                        "users": [
                            "U9V7W9BH7",
                            "U6ZP43AL9",
                            "U41M5AAJW",
                            "U0EGQUAPJ"
                        ],
                        "count": 4
                    },
                    {
                        "name": "turtle",
                        "users": [
                            "U6ZP43AL9",
                            "U41M5AAJW",
                            "U5K03CYRX"
                        ],
                        "count": 3
                    },
                    {
                        "name": "sunglasses",
                        "users": [
                            "U1TE5UXGF"
                        ],
                        "count": 1
                    },
                    {
                        "name": "muscle",
                        "users": [
                            "U1TE5UXGF",
                            "U0EGQUAPJ",
                            "U8WCQ7D8D"
                        ],
                        "count": 3
                    },
                    {
                        "name": "kiss",
                        "users": [
                            "U06NY7TLG"
                        ],
                        "count": 1
                    }
                ]
            }
        ],
        "upload": false,
        "user": "U02QSHX81",
        "display_as_bot": false,
        "reactions": [
            {
                "name": "komodo_logo",
                "users": [
                    "U66SWTM47",
                    "U827NNSES",
                    "U8BDP1UE8",
                    "U06LEAJBZ",
                    "U41JPDUSG",
                    "U93DCAC85",
                    "U8RH2UDL2",
                    "U8QKXKKBM",
                    "U5WU93QUQ",
                    "U7BGH14Q5",
                    "U81J3QWRG",
                    "U5U0T947P",
                    "U034LRVFJ",
                    "U033XV3DL",
                    "U2N405TRT",
                    "U939Z66PR",
                    "U33CGLNNR",
                    "U03SKEFEL",
                    "U6ZP43AL9",
                    "U9LBB4CTG",
                    "U0NPWSWAK",
                    "U5YMVH881",
                    "U9V7W9BH7",
                    "U78V1PKCL",
                    "U8P25DC82",
                    "U6XDTBDSN",
                    "U47DBLM44",
                    "U047X3GAM",
                    "U41M5AAJW",
                    "U9K42AHQW",
                    "U8RMBDL9Z",
                    "U1TE5UXGF",
                    "U34RJ030D",
                    "U5K03CYRX",
                    "U0338MXRR",
                    "U97L57W8G"
                ],
                "count": 36
            },
            {
                "name": "lizard",
                "users": [
                    "U4PNWF8Q5",
                    "U06LEAJBZ",
                    "U8QKXKKBM",
                    "U5U0T947P",
                    "U939Z66PR",
                    "U03SKEFEL",
                    "U6ZP43AL9",
                    "U0EGQUAPJ",
                    "U41M5AAJW",
                    "U1TE5UXGF",
                    "U5K03CYRX"
                ],
                "count": 11
            },
            {
                "name": "iguana",
                "users": [
                    "U2PSPGFJS",
                    "U939Z66PR",
                    "U03SKEFEL",
                    "U6ZP43AL9",
                    "U0EGQUAPJ",
                    "U78V1PKCL",
                    "U41M5AAJW",
                    "U5K03CYRX"
                ],
                "count": 8
            },
            {
                "name": "ok_hand",
                "users": [
                    "U741E9ZCJ",
                    "U939Z66PR",
                    "U9TMKNHPS",
                    "U03SKEFEL",
                    "U6ZP43AL9",
                    "U0EGQUAPJ",
                    "U90TN0WPL",
                    "U41M5AAJW"
                ],
                "count": 8
            },
            {
                "name": "crescent_moon",
                "users": [
                    "U6ZP43AL9",
                    "U03SKEFEL",
                    "U0EGQUAPJ",
                    "U78V1PKCL",
                    "U41M5AAJW"
                ],
                "count": 5
            },
            {
                "name": "+1",
                "users": [
                    "U93ET4RU4",
                    "U0NKGE47P",
                    "U9V7W9BH7",
                    "U78V1PKCL",
                    "U6ZP43AL9",
                    "U41M5AAJW",
                    "U9K42AHQW",
                    "U5K03CYRX"
                ],
                "count": 8
            },
            {
                "name": "fire",
                "users": [
                    "U9V7W9BH7",
                    "U6ZP43AL9",
                    "U41M5AAJW",
                    "U0EGQUAPJ"
                ],
                "count": 4
            },
            {
                "name": "turtle",
                "users": [
                    "U6ZP43AL9",
                    "U41M5AAJW",
                    "U5K03CYRX"
                ],
                "count": 3
            },
            {
                "name": "sunglasses",
                "users": [
                    "U1TE5UXGF"
                ],
                "count": 1
            },
            {
                "name": "muscle",
                "users": [
                    "U1TE5UXGF",
                    "U0EGQUAPJ",
                    "U8WCQ7D8D"
                ],
                "count": 3
            },
            {
                "name": "kiss",
                "users": [
                    "U06NY7TLG"
                ],
                "count": 1
            }
        ],
        "ts": "1522613731.000001"
    },
    {
        "user": "U9RJCDM8U",
        "text": "<@U9RJCDM8U> has joined the channel",
        "type": "message",
        "subtype": "channel_join",
        "ts": "1522623971.000018"
    },
    {
        "type": "message",
        "user": "U70MZ24DQ",
        "text": "Hi everyone",
        "client_msg_id": "8f396a8a-924d-4a7a-9e01-1c8220505e34",
        "ts": "1522637420.000056",
        "reactions": [
            {
                "name": "wave",
                "users": [
                    "U5WU93QUQ",
                    "U6U5LQEAG",
                    "U8QKXKKBM",
                    "U02QSHX81",
                    "U93ET4RU4"
                ],
                "count": 5
            }
        ]
    }
]