[
    {
        "text": "[matrix] snoa:<http:\/\/matrix.org|matrix.org> test5",
        "username": "Gateway",
        "bot_id": "BAXPT56P9",
        "type": "message",
        "subtype": "bot_message",
        "ts": "1528622403.000059"
    },
    {
        "text": "[slack] noashh-komodo test5",
        "username": "Gateway",
        "bot_id": "BAXPT56P9",
        "type": "message",
        "subtype": "bot_message",
        "ts": "1528622403.000074"
    },
    {
        "text": "[matrix] snoa:<http:\/\/matrix.org|matrix.org> t6",
        "username": "Gateway",
        "bot_id": "BAXPT56P9",
        "type": "message",
        "subtype": "bot_message",
        "ts": "1528623206.000022"
    },
    {
        "text": "t7",
        "username": "noashh#2802",
        "bot_id": "BAXPT56P9",
        "icons": {
            "image_48": "https:\/\/slack-files2.s3-us-west-2.amazonaws.com\/bot_icons\/2018-05-27\/371903099286_48.png"
        },
        "type": "message",
        "subtype": "bot_message",
        "ts": "1528623298.000016"
    },
    {
        "text": "[slack] noashh t8",
        "username": "Gateway",
        "bot_id": "BAXPT56P9",
        "type": "message",
        "subtype": "bot_message",
        "ts": "1528623337.000038"
    },
    {
        "text": "[slack] grewalsatinder This dPoW regarding thread on twitter might be interesting to fall fearful ones in cryptosphere with 51% attacks:\n<https:\/\/twitter.com\/satindergrewal\/status\/1003959784234672128>",
        "username": "Gateway",
        "bot_id": "BAXPT56P9",
        "type": "message",
        "subtype": "bot_message",
        "ts": "1528623799.000086"
    },
    {
        "text": "*edit:* ~~[slack] grewalsatinder This dPoW regarding thread on twitter might be interesting to fall fearful ones in cryptosphere with 51% attacks:\n<https:\/\/twitter.com\/satindergrewal\/status\/1003959784234672128~~> -&gt; [slack] grewalsatinder This dPoW regarding thread on twitter might be interesting to all fearful ones in cryptosphere with 51% attacks:\n<https:\/\/twitter.com\/satindergrewal\/status\/1003959784234672128>",
        "username": "Gateway",
        "bot_id": "BAXPT56P9",
        "type": "message",
        "subtype": "bot_message",
        "ts": "1528623810.000020"
    },
    {
        "text": "[slack] noashh test9",
        "username": "Gateway",
        "bot_id": "BAXPT56P9",
        "type": "message",
        "subtype": "bot_message",
        "ts": "1528625218.000036"
    },
    {
        "type": "message",
        "user": "U2Q1DP6EQ",
        "text": "MktCoin (MLM) swapped on BarterDEX\n```SWAP completed! 2422942281-1293978842 {\"uuid\":\"f6bfeade598d20160d86d5ceaf88eb785a8daaed82facf0e40dd8c06f874d72b\",\"expiration\":1528648623,\"tradeid\":0,\"requestid\":2422942281,\"quoteid\":1293978842,\"iambob\":1,\"Bgui\":\"nogui\",\"Agui\":\"\",\"gui\":\"nogui\",\"bob\":\"MLM\",\"srcamount\":0.69100301,\"bobtxfee\":0.00010000,\"alice\":\"KMD\",\"destamount\":0.08009000,\"alicetxfee\":0.00001000,\"aliceid\":\"18324871027314065409\",\"sentflags\":[\"alicespend\", \"bobspend\", \"bobpayment\", \"alicepayment\", \"bobdeposit\", \"bobrefund\"],\"values\":[0.69110301, 0.08010000, 0.69120301, 0.08011000, 0.77757838, 0, 0, 0.77747838, 0, 0, 0],\"result\":\"success\",\"status\":\"finished\",\"finishtime\":1528633470,\"bobdeposit\":\"1cf88d61aaf56381da64464a9e03863d16eff3df2ccbf4e8e842cdc63038477d\",\"alicepayment\":\"b5f321ccdb9629afe346ef2e44b950b91517294296a10214e8f2ca929f415f9e\",\"bobpayment\":\"aac7d0ef81f15cb3804fd3715d2d8e5a40af58b8cb80330edb531af5e4b2fc1c\",\"paymentspent\":\"85a3c2713e32e4e569adb07a5e44680ebf08d9cbd2e977e97ff6c49eb4374c40\",\"Apaymentspent\":\"bb236ee46892bf08b6deb40a58feb03e5ad1bb5c996983585346000a9765c650\",\"depositspent\":\"0882a35e785812b04e0437703ff782b56eaeb6e993b62296e5dd6d0b2914b799\",\"method\":\"tradestatus\",\"finishtime\":1528633470}```\nbobdeposit <https:\/\/info.mktcoin.org\/tx\/1cf88d61aaf56381da64464a9e03863d16eff3df2ccbf4e8e842cdc63038477d>\nalicepayment <https:\/\/kmdexplorer.ru\/tx\/b5f321ccdb9629afe346ef2e44b950b91517294296a10214e8f2ca929f415f9e>\nbobpayment <https:\/\/info.mktcoin.org\/tx\/aac7d0ef81f15cb3804fd3715d2d8e5a40af58b8cb80330edb531af5e4b2fc1c>",
        "client_msg_id": "b027b1da-28b5-4981-a2d3-04dade732405",
        "ts": "1528634185.000083"
    },
    {
        "type": "message",
        "user": "U2Q1DP6EQ",
        "text": "<@U02LQ1WHQ> please add this real coin to the coins file: `{\\\"coin\\\":\\\"MLM\\\",\\\"name\\\":\\\"mktcoin\\\",\\\"rpcport\\\":9276,\\\"pubtype\\\":110,\\\"p2shtype\\\":115,\\\"wiftype\\\":238,\\\"txfee\\\":10000}`",
        "client_msg_id": "28b92424-460b-4e8e-9c61-c8e3c2937316",
        "ts": "1528634217.000102"
    },
    {
        "text": "<@U2Q1DP6EQ> I'm feeling slow as per your coin add\/test results :v:",
        "username": "grewalsatinder",
        "bot_id": "BAXPT56P9",
        "icons": {
            "image_48": "https:\/\/slack-files2.s3-us-west-2.amazonaws.com\/bot_icons\/2018-06-07\/377470975797_48.png"
        },
        "type": "message",
        "subtype": "bot_message",
        "ts": "1528634295.000002"
    },
    {
        "text": ":D",
        "username": "grewalsatinder",
        "bot_id": "BAXPT56P9",
        "icons": {
            "image_48": "https:\/\/slack-files2.s3-us-west-2.amazonaws.com\/bot_icons\/2018-06-07\/377470975797_48.png"
        },
        "type": "message",
        "subtype": "bot_message",
        "ts": "1528634297.000041"
    },
    {
        "type": "message",
        "user": "U02QSHX81",
        "text": ":rolling_on_the_floor_laughing:",
        "client_msg_id": "b41035c8-7b59-4142-b643-a5197061f27b",
        "ts": "1528634309.000093"
    },
    {
        "text": "still working on internal logic of coinsdb",
        "username": "grewalsatinder",
        "bot_id": "BAXPT56P9",
        "icons": {
            "image_48": "https:\/\/slack-files2.s3-us-west-2.amazonaws.com\/bot_icons\/2018-06-07\/377470975797_48.png"
        },
        "type": "message",
        "subtype": "bot_message",
        "ts": "1528634316.000072"
    },
    {
        "type": "message",
        "user": "U02QSHX81",
        "text": "<@U2Q1DP6EQ> doesn't stop adding them :slightly_smiling_face:",
        "client_msg_id": "2b4c7068-e085-4f2d-b96a-5fd760356fe8",
        "ts": "1528634323.000044"
    },
    {
        "text": "it's not just linked to 1 or 2 things but many",
        "username": "grewalsatinder",
        "bot_id": "BAXPT56P9",
        "icons": {
            "image_48": "https:\/\/slack-files2.s3-us-west-2.amazonaws.com\/bot_icons\/2018-06-07\/377470975797_48.png"
        },
        "type": "message",
        "subtype": "bot_message",
        "ts": "1528634333.000024"
    },
    {
        "text": "it indeed is big update",
        "username": "grewalsatinder",
        "bot_id": "BAXPT56P9",
        "icons": {
            "image_48": "https:\/\/slack-files2.s3-us-west-2.amazonaws.com\/bot_icons\/2018-06-07\/377470975797_48.png"
        },
        "type": "message",
        "subtype": "bot_message",
        "ts": "1528634342.000013"
    },
    {
        "type": "message",
        "user": "U2Q1DP6EQ",
        "text": "lol... yes, but there were also many erc20 tokens, they are easier to add because you don't need to compile and sync wallets, only buy the coins and swap them :slightly_smiling_face:",
        "client_msg_id": "b894e0bf-ef40-4c6a-9df1-8a167809f686",
        "ts": "1528634785.000032"
    },
    {
        "type": "message",
        "user": "U2Q1DP6EQ",
        "text": "hmmm, interesting\n```grep coin assets\/coins.json | wc\n1     234   26231```\nso the number of coins in the coins.json of the GUI is \"only\" 234\n```grep \"\\\"coin\\\"\" coins | wc -l\n253```\nand this is from the coins file in <https:\/\/github.com\/jl777\/coins\/blob\/master\/coins>\nwonder where the difference comes from...",
        "client_msg_id": "f6a1f44a-e23b-411f-9bcc-cfdeb93e4b64",
        "ts": "1528635418.000077"
    },
    {
        "type": "message",
        "user": "U2Q1DP6EQ",
        "text": "looking for duplicates in jl's coin file... found one... looking for more",
        "client_msg_id": "7bf1a699-f185-46a0-8f63-9a118591e656",
        "ts": "1528635731.000094"
    },
    {
        "type": "message",
        "user": "U2Q1DP6EQ",
        "text": "only one...",
        "client_msg_id": "be005b37-10e0-43aa-9896-d7c0a9462516",
        "ts": "1528635838.000043"
    },
    {
        "text": "I think you should keep adding new erc coins to only jl777 coins repo, as those are the one adding limit to coins.json",
        "username": "grewalsatinder",
        "bot_id": "BAXPT56P9",
        "icons": {
            "image_48": "https:\/\/slack-files2.s3-us-west-2.amazonaws.com\/bot_icons\/2018-06-07\/377470975797_48.png"
        },
        "type": "message",
        "subtype": "bot_message",
        "ts": "1528636686.000006"
    },
    {
        "text": "hope I finish the coinsdb soon",
        "username": "grewalsatinder",
        "bot_id": "BAXPT56P9",
        "icons": {
            "image_48": "https:\/\/slack-files2.s3-us-west-2.amazonaws.com\/bot_icons\/2018-06-07\/377470975797_48.png"
        },
        "type": "message",
        "subtype": "bot_message",
        "ts": "1528636711.000009"
    },
    {
        "text": "I'll try my best to do this as soon as possible",
        "username": "grewalsatinder",
        "bot_id": "BAXPT56P9",
        "icons": {
            "image_48": "https:\/\/slack-files2.s3-us-west-2.amazonaws.com\/bot_icons\/2018-06-07\/377470975797_48.png"
        },
        "type": "message",
        "subtype": "bot_message",
        "ts": "1528636716.000066"
    },
    {
        "text": "it has been urgent task now",
        "username": "grewalsatinder",
        "bot_id": "BAXPT56P9",
        "icons": {
            "image_48": "https:\/\/slack-files2.s3-us-west-2.amazonaws.com\/bot_icons\/2018-06-07\/377470975797_48.png"
        },
        "type": "message",
        "subtype": "bot_message",
        "ts": "1528636717.000100"
    },
    {
        "text": "become*",
        "username": "grewalsatinder",
        "bot_id": "BAXPT56P9",
        "icons": {
            "image_48": "https:\/\/slack-files2.s3-us-west-2.amazonaws.com\/bot_icons\/2018-06-07\/377470975797_48.png"
        },
        "type": "message",
        "subtype": "bot_message",
        "ts": "1528636722.000063"
    },
    {
        "type": "message",
        "user": "U2Q1DP6EQ",
        "text": "good idea... and if you are done with the changes, jls coins file will be used anyway",
        "client_msg_id": "c737ba2f-0c9e-429d-b5c5-2679d1800ef3",
        "ts": "1528637171.000078"
    },
    {
        "type": "message",
        "user": "U2Q1DP6EQ",
        "text": "<@U03SKEFEL> <@U41M5AAJW> i think we should do a new release with the old code, before staring to do major changes to it... what do you think?",
        "client_msg_id": "efb46ede-7f24-4a19-99ef-4eff9a045abe",
        "ts": "1528638691.000105"
    },
    {
        "type": "message",
        "user": "U41M5AAJW",
        "text": "yes",
        "client_msg_id": "774e3ff0-4a3e-47a0-b86e-8b4bb96d590f",
        "ts": "1528638703.000049"
    },
    {
        "type": "message",
        "user": "U41M5AAJW",
        "text": "with non etomic version included",
        "client_msg_id": "881606b8-980a-49ac-b6e5-29b23c8c5341",
        "ts": "1528638714.000077"
    },
    {
        "type": "message",
        "user": "U2Q1DP6EQ",
        "text": "hmmm, there is an erc20 token i added couple of days ago and they want to start trading on the 15, so they need the erc20-version",
        "client_msg_id": "a15b4fe3-7950-4de5-82be-c517a69513c0",
        "ts": "1528638859.000034"
    },
    {
        "type": "message",
        "user": "U41M5AAJW",
        "text": "ok",
        "client_msg_id": "77fa5725-a8d4-4114-84d3-71b400146db5",
        "ts": "1528639951.000126"
    },
    {
        "type": "message",
        "user": "U41M5AAJW",
        "text": "yeah, but there is a non etomic branch now",
        "client_msg_id": "cd315c15-88c3-47fd-a6db-db86064102a8",
        "ts": "1528639962.000026"
    },
    {
        "type": "message",
        "user": "U41M5AAJW",
        "text": "i can get bundles for both mm",
        "client_msg_id": "27e8b0e7-89cc-492f-950c-b77358772705",
        "ts": "1528639976.000084"
    },
    {
        "type": "message",
        "user": "U41M5AAJW",
        "text": "hah",
        "client_msg_id": "45a45c36-8f1b-44db-8631-67a3e364a9b3",
        "ts": "1528640512.000114"
    },
    {
        "type": "message",
        "user": "U41M5AAJW",
        "text": "no, there is no non-etomic branch, it was on my repo",
        "client_msg_id": "8b6977b4-c64f-4e09-bf9a-1e64ededcfa6",
        "ts": "1528640517.000066"
    },
    {
        "type": "message",
        "user": "U41M5AAJW",
        "text": "ok. So, waht can we do?",
        "client_msg_id": "100ffcd5-7212-43af-aa36-33b83c84969d",
        "ts": "1528640529.000048"
    },
    {
        "type": "message",
        "user": "U41M5AAJW",
        "text": "anyway, ill just publish the etomic version and thats it",
        "client_msg_id": "907b05e0-f726-4658-afbf-846c5ca6bbf2",
        "ts": "1528640668.000035"
    },
    {
        "type": "message",
        "user": "U2Q1DP6EQ",
        "text": "yes, i would say, just do a release with etomic including the coins from dev branch... i used the included mm-binaries for all swaps i have done in the last time and it works fine",
        "client_msg_id": "5c8bee8d-fb95-4146-8d54-bd8d2ef39f89",
        "ts": "1528640826.000032"
    },
    {
        "type": "message",
        "user": "U41M5AAJW",
        "text": "in windows?",
        "client_msg_id": "0f8263b9-a95d-4d65-8672-39c88930d0e4",
        "ts": "1528640844.000013"
    },
    {
        "type": "message",
        "user": "U2Q1DP6EQ",
        "text": ":slightly_smiling_face: no, linux... i know...",
        "client_msg_id": "ea2ca959-3660-4c76-b715-001d761aa4fb",
        "ts": "1528640859.000012"
    },
    {
        "type": "message",
        "user": "U41M5AAJW",
        "text": "hehehe",
        "client_msg_id": "ff7733aa-1b6a-4690-9cf1-404e2cc602b7",
        "ts": "1528640872.000103"
    },
    {
        "type": "message",
        "user": "U2Q1DP6EQ",
        "text": "but artem did a change regarding windows (the changelog says so), so could be it works better then the last release in windows, but i didn't tried it, because no windows here :smile:",
        "client_msg_id": "92b7391a-f1a8-4cc6-8655-9901ddaa078d",
        "ts": "1528640936.000021"
    },
    {
        "type": "message",
        "user": "U41M5AAJW",
        "text": "ok",
        "client_msg_id": "77718b9a-584b-44a4-8be3-71e82c02d6cd",
        "ts": "1528640955.000079"
    },
    {
        "type": "message",
        "user": "U41M5AAJW",
        "text": "<https:\/\/github.com\/KomodoPlatform\/BarterDEX\/releases\/tag\/v1.0.7-rc>",
        "client_msg_id": "67e5db15-6ff9-48fb-8bd3-4fcb57a39244",
        "ts": "1528645345.000014"
    },
    {
        "type": "message",
        "user": "U41M5AAJW",
        "text": "new release is out",
        "client_msg_id": "aac7db64-40d5-4a3d-8a69-30d2d6058b52",
        "ts": "1528645351.000082"
    },
    {
        "type": "message",
        "user": "U2Q1DP6EQ",
        "text": "thanks a lot... Linux looks good",
        "client_msg_id": "5efe1a17-2284-4e01-af82-eb90a32dd717",
        "ts": "1528646250.000067"
    },
    {
        "type": "message",
        "user": "U41M5AAJW",
        "text": "please, anyone that detects an issue, let me know!",
        "client_msg_id": "111cced0-4b8d-423a-a90e-2bd5d1f299a0",
        "ts": "1528646268.000021"
    },
    {
        "text": "[slack] Ben from Komodo <https:\/\/twitter.com\/komodoplatform\/status\/1005856415708274690?s=21>",
        "username": "Gateway",
        "bot_id": "BAXPT56P9",
        "type": "message",
        "subtype": "bot_message",
        "ts": "1528650086.000019"
    },
    {
        "type": "message",
        "user": "U2Q1DP6EQ",
        "text": "ETH chain down again... gas price ok, but transactions take longer then 30 min: <https:\/\/etherscan.io\/gastracker> - swaps just fail",
        "client_msg_id": "ae9b2385-b9ec-4ff9-b76c-45873eb973c1",
        "ts": "1528651142.000095"
    },
    {
        "type": "message",
        "user": "U02LQ1WHQ",
        "text": "making new release of mm that fixes windows electrum connecting",
        "client_msg_id": "c0554d58-8ab8-46f6-b030-a4a0c735235c",
        "ts": "1528657257.000135"
    },
    {
        "type": "message",
        "user": "U02LQ1WHQ",
        "text": "<@U41M5AAJW> updated mm, old version likely SPV doesnt work in windows",
        "client_msg_id": "67def384-df23-4579-8a9d-015a4801ff4a",
        "ts": "1528659459.000066"
    },
    {
        "type": "message",
        "user": "U70MZ24DQ",
        "text": "Is verus in barterdex yet?",
        "client_msg_id": "1dfdf666-db20-4a97-ad80-80f17f2b3c9b",
        "ts": "1528659724.000126"
    },
    {
        "type": "message",
        "user": "U41M5AAJW",
        "text": "Yes, it got out on this version",
        "client_msg_id": "6d86614f-38c6-4648-bb67-f2917f59bc2a",
        "ts": "1528659742.000031"
    },
    {
        "type": "message",
        "user": "U41M5AAJW",
        "text": "Can someone get the new release with the fix on the repo?",
        "client_msg_id": "c2f24c1c-118c-46d9-bb80-bff41b77ab43",
        "ts": "1528659779.000078"
    },
    {
        "text": "decker is building now",
        "username": "jl777",
        "bot_id": "BAXPT56P9",
        "type": "message",
        "subtype": "bot_message",
        "ts": "1528659830.000080"
    },
    {
        "type": "message",
        "user": "U6U67BH37",
        "text": "FYI only Verus native mode is supported in BarterDEX so far",
        "client_msg_id": "1e97075d-a2d1-4b9a-8ab1-da5d5d6cb9cb",
        "ts": "1528675829.000010",
        "reactions": [
            {
                "name": "eyes",
                "users": [
                    "U81J3QWRG"
                ],
                "count": 1
            }
        ]
    },
    {
        "type": "message",
        "user": "U02PH4RHZ",
        "text": "Mike is working on electrum support",
        "client_msg_id": "1E92F6E5-945E-4F64-930F-076520A6FE1E",
        "ts": "1528681733.000123"
    },
    {
        "type": "message",
        "user": "U02PH4RHZ",
        "text": "Once it is done hyper will get it added",
        "client_msg_id": "95315361-1540-4B8A-AE94-35E3B5C0C137",
        "ts": "1528681742.000107"
    }
]