[
    {
        "type": "message",
        "user": "U8LRMS7EC",
        "text": "<@U03SKEFEL> not too bad indeed! we could also consider https browser cert authentication as it is enough strong, and less complicated to interact with",
        "edited": {
            "user": "U8LRMS7EC",
            "ts": "1527150478.000000"
        },
        "ts": "1527150191.000468"
    },
    {
        "type": "message",
        "user": "U8LRMS7EC",
        "text": "&gt; In cryptography, a client certificate is a type of digital certificate that is used by client systems to make authenticated requests to a remote server.[1] Client certificates play a key role in many mutual authentication designs, providing strong assurances of a requester's identity.\n\nAnd this solution could be plugged easily on mobile devices too :wink:",
        "edited": {
            "user": "U8LRMS7EC",
            "ts": "1527155420.000000"
        },
        "ts": "1527150252.000081"
    },
    {
        "type": "message",
        "user": "U5Z26MP60",
        "text": "yes",
        "thread_ts": "1527094039.000594",
        "parent_user_id": "U5Z26MP60",
        "ts": "1527151150.000348"
    },
    {
        "type": "message",
        "user": "U7B8VF6TB",
        "text": "I could tell by your excessive usage of the word “heap” :wink:",
        "edited": {
            "user": "U7B8VF6TB",
            "ts": "1527153595.000000"
        },
        "thread_ts": "1527094039.000594",
        "parent_user_id": "U5Z26MP60",
        "ts": "1527153580.000135"
    },
    {
        "type": "message",
        "user": "U034631U0",
        "text": "struth",
        "thread_ts": "1527094039.000594",
        "parent_user_id": "U5Z26MP60",
        "ts": "1527154734.000311"
    },
    {
        "type": "message",
        "user": "U5VUWSR0D",
        "text": "what could be the reason that the netid:0 suddenly does not have an orderbook anymore. \nI also dont see event trades anymore which suggest I lost connectifity to the network I believe this has happened on 6 nodes.\nthere is also a guy on telegram saying he does not see orderbooks",
        "ts": "1527155327.000298"
    },
    {
        "type": "message",
        "user": "U5VUWSR0D",
        "text": "cipi LP looks like is connected he probably did not restart in a while?",
        "ts": "1527155496.000427"
    },
    {
        "type": "message",
        "user": "U7B8VF6TB",
        "text": "Throw another shrimp on the barbie!",
        "thread_ts": "1527094039.000594",
        "parent_user_id": "U5Z26MP60",
        "ts": "1527156686.000006"
    },
    {
        "type": "message",
        "user": "U0394QTC7",
        "text": "Too few FR nodes?",
        "client_msg_id": "10541A2B-475E-4275-B812-FCDB239E46F1",
        "ts": "1527156823.000313"
    },
    {
        "text": "Invalid SSL cert on their site. And they forked Agama to add their coin",
        "unfurl_links": true,
        "client_msg_id": "da3b13a8-f47d-4f51-b083-cf1db596bcc4",
        "unfurl_media": true,
        "thread_ts": "1527130011.000071",
        "is_thread_broadcast": true,
        "type": "message",
        "subtype": "thread_broadcast",
        "user": "U6U67BH37",
        "root": {
            "type": "message",
            "user": "U8MLQ662K",
            "text": "a new komodo fork <https:\/\/bitcointalk.org\/index.php?topic=4070404.0>",
            "attachments": [
                {
                    "title": "[ANN] Verus (VRSC) - zk-SNARK privacy, CPU-mining, 50\/50 POW\/POS, fair launch",
                    "title_link": "https:\/\/bitcointalk.org\/index.php?topic=4070404.0",
                    "text": "[ANN] Verus (VRSC) - zk-SNARK privacy, CPU-mining, 50\/50 POW\/POS, fair launch",
                    "fallback": "[ANN] Verus (VRSC) - zk-SNARK privacy, CPU-mining, 50\/50 POW\/POS, fair launch",
                    "from_url": "https:\/\/bitcointalk.org\/index.php?topic=4070404.0",
                    "service_icon": "https:\/\/bitcointalk.org\/favicon.ico",
                    "service_name": "bitcointalk.org",
                    "id": 1,
                    "original_url": "https:\/\/bitcointalk.org\/index.php?topic=4070404.0"
                }
            ],
            "thread_ts": "1527130011.000071",
            "reply_count": 1,
            "replies": [
                {
                    "user": "U6U67BH37",
                    "ts": "1527162667.000446"
                }
            ],
            "unread_count": 1,
            "ts": "1527130011.000071"
        },
        "ts": "1527162667.000446"
    },
    {
        "type": "message",
        "user": "U02LQ1WHQ",
        "text": "yes, they are part of the ecosystem, other than missing SSL certificate, it looks like all OS have working wallets",
        "ts": "1527163042.000098"
    },
    {
        "type": "message",
        "user": "U03SKEFEL",
        "text": "<@U41M5AAJW> <@U02QSHX81> package dependencies updated in dev branch.\nnext time you make a release, please make sure you do `npm update\/upgrade` command.",
        "ts": "1527179108.000210"
    },
    {
        "type": "message",
        "user": "U41M5AAJW",
        "text": "ok",
        "ts": "1527179145.000596"
    },
    {
        "type": "message",
        "user": "U2Q1DP6EQ",
        "text": "Hydra (HYD) swapped on BarterDEX\n```SWAP completed! 3233497964-3122270960 {\"uuid\":\"71893671e3b4b057dc572ab35770d6303dae42d0a6607c766c20dbfe8d7b015e\",\"expiration\":1527212649,\"tradeid\":0,\"requestid\":3233497964,\"quoteid\":3122270960,\"iambob\":1,\"Bgui\":\"nogui\",\"Agui\":\"\",\"gui\":\"nogui\",\"bob\":\"HYD\",\"bobtomic\":\"0xD233495C48EB0143661fFC8458EAfc21b633f97f\",\"etomicsrc\":\"0x4e623b150b847da59f064f7c7fcc9f787dae2229\",\"srcamount\":0.72308463,\"bobtxfee\":0.00001000,\"alice\":\"KMD\",\"etomicdest\":\"0xdf38dd108bab50da564092ad0cd739c4634d963c\",\"destamount\":0.08009000,\"alicetxfee\":0.00001000,\"aliceid\":\"15632618567521533953\",\"sentflags\":[\"alicespend\", \"bobspend\", \"bobpayment\", \"alicepayment\", \"bobdeposit\", \"bobrefund\"],\"values\":[0.72309463, 0.08010000, 0.72310463, 0.08011000, 0.81349020, 0, 0, 0.81348020, 0, 0, 0],\"result\":\"success\",\"status\":\"finished\",\"finishtime\":1527197588,\"bobdeposit\":\"6706016c0d77068e3415c007c6ea4be6b5399be42261738fe54de8bf2cede644\",\"alicepayment\":\"2997d97997cae522ae59534a6e6a304b5b4211b4883801603f1310c967acd359\",\"bobpayment\":\"48b5187cde817c9f613f36b6cd1540719d9e24a9bd4acfd242a20b0682b59f1f\",\"paymentspent\":\"bf5a44f798691c1e89f75cc23d1965e9c7d659cec93bce4c9a69ef4279e94275\",\"Apaymentspent\":\"1d48bea16ba3a7dc565cd14789cf2fa7b20669069e4ef1d71b4d75c942c3bdf4\",\"depositspent\":\"d28a1b91319c66e53c2c88b08aac4660831bd4231cbe1619d188a42b7c5c0315\",\"method\":\"tradestatus\",\"finishtime\":1527197588}```\nbobdeposit <https:\/\/etherscan.io\/tx\/0x86447dc7d8799cdabc238bed42303c6df4151f98b01bba21abfc000cc8260429>\nalicepayment <https:\/\/kmdexplorer.ru\/tx\/2997d97997cae522ae59534a6e6a304b5b4211b4883801603f1310c967acd359>\nbobpayment <https:\/\/etherscan.io\/tx\/0x07944c1c67d6bac5f22465ab85d4ff2f98c77b77d657daf61d867f56a74e16bd>",
        "edited": {
            "user": "U2Q1DP6EQ",
            "ts": "1527199290.000000"
        },
        "ts": "1527199281.000255",
        "reactions": [
            {
                "name": "+1",
                "users": [
                    "U047X3GAM"
                ],
                "count": 1
            },
            {
                "name": "robot_face",
                "users": [
                    "U047X3GAM"
                ],
                "count": 1
            }
        ]
    },
    {
        "type": "message",
        "user": "U2Q1DP6EQ",
        "text": "<@U02LQ1WHQ> please add them to coins file: `{\\\"coin\\\":\\\"HYD\\\",\\\"name\\\":\\\"hydra\\\",\\\"etomic\\\":\\\"0xD233495C48EB0143661fFC8458EAfc21b633f97f\\\",\\\"rpcport\\\":80}`",
        "ts": "1527199316.000325"
    },
    {
        "type": "message",
        "user": "U02LQ1WHQ",
        "text": "done locally",
        "ts": "1527199354.000307"
    },
    {
        "type": "message",
        "user": "U2Q1DP6EQ",
        "text": "managed to buy some DAI on exchanges and so we have the third stablecoin",
        "ts": "1527206327.000181"
    },
    {
        "type": "message",
        "user": "U2Q1DP6EQ",
        "text": "Dai (DAI) swapped on BarterDEX\n```SWAP completed! 1658943900-1630097863 {\"uuid\":\"33a425becc7bfb4b6fa27f4d0a6ca715b22083744dd00f71c1d8f4cf284c88af\",\"expiration\":1527220681,\"tradeid\":0,\"requestid\":1658943900,\"quoteid\":1630097863,\"iambob\":1,\"Bgui\":\"nogui\",\"Agui\":\"\",\"gui\":\"nogui\",\"bob\":\"DAI\",\"bobtomic\":\"0x89d24A6b4CcB1B6fAA2625fE562bDD9a23260359\",\"etomicsrc\":\"0x4e623b150b847da59f064f7c7fcc9f787dae2229\",\"srcamount\":0.67446483,\"bobtxfee\":0.00001000,\"alice\":\"KMD\",\"etomicdest\":\"0xdf38dd108bab50da564092ad0cd739c4634d963c\",\"destamount\":0.08009000,\"alicetxfee\":0.00001000,\"aliceid\":\"12360131572634222593\",\"sentflags\":[\"alicespend\", \"bobspend\", \"bobpayment\", \"alicepayment\", \"bobdeposit\", \"bobrefund\"],\"values\":[0.67447483, 0.08010000, 0.67448483, 0.08011000, 0.75879293, 0, 0, 0.75878293, 0, 0, 0],\"result\":\"success\",\"status\":\"finished\",\"finishtime\":1527206148,\"bobdeposit\":\"4c5de02487dc4ecc3891b738b2df5c5400a787c92e4cafa8dba09fea21184c1d\",\"alicepayment\":\"2defdad61cf8c3302a66b0351efafc4d2a8cfdec3abb1a03ea592c2679c60d22\",\"bobpayment\":\"46114111a4259514d0b05026cac8de2ec5782d014f8cc1910a3e17b43399571d\",\"paymentspent\":\"da7141483b7d02841e7d574f7a0c4fb16e96f8ed7d7f1e314f48ef732a088e7b\",\"Apaymentspent\":\"13b53302876509515d355a2f97f1c239bb5c7edac547dad17159df3db544494d\",\"depositspent\":\"1b51f73683e2de3667562db18063cbc13d778e4315f4158a8672b761b199d95e\",\"method\":\"tradestatus\",\"finishtime\":1527206148}```\nbobdeposit <https:\/\/etherscan.io\/tx\/0xf3f31c9315c090222af1edbfe9e81116e23527397f689de2dbba44356a9c946b>\nalicepayment <https:\/\/kmdexplorer.ru\/tx\/2defdad61cf8c3302a66b0351efafc4d2a8cfdec3abb1a03ea592c2679c60d22>\nbobpayment <https:\/\/etherscan.io\/tx\/0x57c1646a0fc4104664c85d870d8e64bec838ce145dcc49358257f9665a72e7dd>",
        "edited": {
            "user": "U2Q1DP6EQ",
            "ts": "1527206370.000000"
        },
        "ts": "1527206359.000091",
        "reactions": [
            {
                "name": "rocket",
                "users": [
                    "U41M5AAJW",
                    "U047X3GAM"
                ],
                "count": 2
            },
            {
                "name": "robot_face",
                "users": [
                    "U047X3GAM"
                ],
                "count": 1
            }
        ]
    },
    {
        "type": "message",
        "user": "U2Q1DP6EQ",
        "text": "<@U02LQ1WHQ> please add them too: `{\\\"coin\\\":\\\"DAI\\\",\\\"name\\\":\\\"dai\\\",\\\"etomic\\\":\\\"0x89d24A6b4CcB1B6fAA2625fE562bDD9a23260359\\\",\\\"rpcport\\\":80}`",
        "ts": "1527206395.000004"
    },
    {
        "type": "message",
        "user": "U63EZ8ZS8",
        "text": "Where is auto repeat? I want to sell 10000 pizza for 1 beer all day and not re input the order.. ..or at 10000 pizza 30000 beers....automatic repeat order until max is sold",
        "client_msg_id": "43888a49-b793-47ec-9615-53216ef09545",
        "edited": {
            "user": "U63EZ8ZS8",
            "ts": "1527207194.000000"
        },
        "thread_ts": "1527207006.000300",
        "reply_count": 1,
        "replies": [
            {
                "user": "U63EZ8ZS8",
                "ts": "1527207255.000167"
            }
        ],
        "unread_count": 1,
        "ts": "1527207006.000300"
    },
    {
        "type": "message",
        "user": "U63EZ8ZS8",
        "text": "Where is the easy button?",
        "client_msg_id": "ce0e003d-90f8-4b99-8c2b-d798087de0da",
        "thread_ts": "1527207006.000300",
        "parent_user_id": "U63EZ8ZS8",
        "ts": "1527207255.000167"
    },
    {
        "type": "message",
        "user": "U63EZ8ZS8",
        "text": "2.25 million pizza - I'm rich biatch!!",
        "client_msg_id": "848feb25-4ff7-4722-9535-16e3454126ea",
        "ts": "1527207444.000172"
    },
    {
        "type": "message",
        "user": "U63EZ8ZS8",
        "text": "Ok...so nobody wants pizza- I'm not that rich",
        "client_msg_id": "adc5f68a-15b0-4edf-a0a7-bb42797889f0",
        "ts": "1527207601.000112"
    },
    {
        "type": "message",
        "user": "U63EZ8ZS8",
        "text": "Bitch",
        "client_msg_id": "93008c33-34a2-4446-a99e-a960e9170004",
        "ts": "1527207674.000146"
    },
    {
        "type": "message",
        "user": "U63EZ8ZS8",
        "text": "Damn it.  I'm at 2.3 million now....2.28 .....fuck it ......its a free world...",
        "client_msg_id": "5d06604e-6099-455e-8d24-431ca6e05f52",
        "ts": "1527207898.000036"
    },
    {
        "type": "message",
        "user": "U9LUDEM8T",
        "text": "Haha ",
        "client_msg_id": "029723A9-8A12-4B65-91B0-3F89D6524F1A",
        "ts": "1527208735.000152"
    },
    {
        "type": "message",
        "user": "U0EGQUAPJ",
        "text": "Just can’t seem to get my bob to sell kmd for bch. I setup another bdex machine to act D an Alice to buy kmd.... UTXOs match, get a request and reserved then just seems to stop. I assume this is what happens when others try to buy from me. Anything else I can check to help determine what may be going wrong? ",
        "edited": {
            "user": "U0EGQUAPJ",
            "ts": "1527226581.000000"
        },
        "ts": "1527226543.000052"
    },
    {
        "type": "message",
        "user": "U63EZ8ZS8",
        "text": "Send me 1000 bch and I'll try hard to help..\nJust kidding- I only need 100 to try",
        "client_msg_id": "3792caa0-6d6b-4114-9d38-d246a35ad5fa",
        "ts": "1527226936.000045"
    },
    {
        "type": "message",
        "user": "U0EGQUAPJ",
        "text": ";)",
        "ts": "1527226944.000060"
    },
    {
        "type": "message",
        "user": "U63EZ8ZS8",
        "text": "There may be no Alice side",
        "client_msg_id": "9db3aa0d-ca3a-4f44-ae2f-fe2d5cf6b1a7",
        "ts": "1527226972.000176"
    },
    {
        "type": "message",
        "user": "U63EZ8ZS8",
        "text": "Proper UTXOs makes it work",
        "client_msg_id": "57c6c261-bf82-4b55-be3c-ddcb9cdd6656",
        "ts": "1527227067.000175"
    },
    {
        "type": "message",
        "user": "U63EZ8ZS8",
        "text": "Use easy math on both sides and make sure Alice and Bob's  have inventory to match the trade ... I hear you only need to do that on buyers side and seller works automatically- ...",
        "client_msg_id": "0ba5dc5c-3522-4ee8-bf0f-8b76c92653c5",
        "ts": "1527227341.000268"
    },
    {
        "type": "message",
        "user": "U63EZ8ZS8",
        "text": "So create inventory for what coin you want to buy with... at 1 - 1.2 and .1 value of total volume of trade expected, divided by the circumference of the moon times PI squared...",
        "client_msg_id": "2f56064a-f749-4c34-b9a5-999914f37d33",
        "ts": "1527227638.000011"
    },
    {
        "type": "message",
        "user": "U5Z26MP60",
        "text": "<@U0EGQUAPJ> make sure your BOB is started with client:1 canbind:1",
        "edited": {
            "user": "U5Z26MP60",
            "ts": "1527227679.000000"
        },
        "ts": "1527227656.000255"
    },
    {
        "type": "message",
        "user": "U5Z26MP60",
        "text": "and make sure it is not behind NAT",
        "ts": "1527227661.000189"
    },
    {
        "type": "message",
        "user": "U5Z26MP60",
        "text": "updated, sorry canbind:1",
        "edited": {
            "user": "U5Z26MP60",
            "ts": "1527227686.000000"
        },
        "ts": "1527227683.000232"
    },
    {
        "type": "message",
        "user": "U5Z26MP60",
        "text": "I battled for days and days trying to setup snowgem bobs, and this was the answer. Put marketmaker on VPS with public IP no firewall, and canbind:1",
        "ts": "1527227722.000065"
    },
    {
        "type": "message",
        "user": "U63EZ8ZS8",
        "text": "Restart your computer....would be a better start - especially if you watch porn",
        "client_msg_id": "66a3a990-9a51-479b-bb0c-71fdb8bec4ce",
        "ts": "1527227796.000114"
    },
    {
        "type": "message",
        "user": "U5Z26MP60",
        "text": "The issue, is that after it gets connect, it randomly generates a port on the bob side, then sends this port to the alice side, if alice cannot connect to this port, then the trade crashes out with a \"swap never started\" error. This seems to also lock the UTXO's up and requires a restart of marketmaker to free them up.",
        "ts": "1527227862.000172"
    },
    {
        "type": "message",
        "user": "U5Z26MP60",
        "text": "Not sue why this issue cannot be fixed.",
        "ts": "1527227873.000244"
    },
    {
        "type": "message",
        "user": "U63EZ8ZS8",
        "text": "I think it might be a local computer error and not marketmaker",
        "client_msg_id": "e25bd0a3-c974-4c5e-b88e-134f40721d5e",
        "ts": "1527227962.000007"
    },
    {
        "type": "message",
        "user": "U5Z26MP60",
        "text": "It dont think its marketmaker specifically either, its more likely how nanomsg works.",
        "ts": "1527227992.000232"
    },
    {
        "type": "message",
        "user": "U5Z26MP60",
        "text": "And without a specific network set-up it fails to work.",
        "ts": "1527228012.000028"
    },
    {
        "type": "message",
        "user": "U63EZ8ZS8",
        "text": "Like a setting in ....yeah what you said",
        "client_msg_id": "7404ce0b-20bd-4738-b933-baa562bd1b47",
        "ts": "1527228016.000185"
    },
    {
        "type": "message",
        "user": "U5Z26MP60",
        "text": "However, we know what this specific network set-up is, and we should be telling people exactly what it is so they can make bobs.",
        "ts": "1527228058.000248"
    },
    {
        "type": "message",
        "user": "U63EZ8ZS8",
        "text": "Right - like using a Commodore 64 when the system is expecting a 128",
        "client_msg_id": "f29d7317-217a-4fb2-8cea-e5777b78f1ec",
        "ts": "1527228088.000035",
        "reactions": [
            {
                "name": "+1",
                "users": [
                    "U5Z26MP60"
                ],
                "count": 1
            }
        ]
    },
    {
        "type": "message",
        "user": "U5Z26MP60",
        "text": "If marketmaker could work as bob with electrum, reliably it would be fine, $2.50 VPS marketmaker, bunch of coins in electrum.",
        "ts": "1527228099.000040"
    },
    {
        "type": "message",
        "user": "U5Z26MP60",
        "text": "You dont need to put the passphrase on the VPS, you just reverse SSH tunnel the port and run all your control scripts locally.",
        "ts": "1527228133.000206"
    },
    {
        "type": "message",
        "user": "U63EZ8ZS8",
        "text": "Nanomsg libraries expecting a computer it can talk to",
        "client_msg_id": "52782a91-6ea1-48bb-8597-a0ab94ae8f7b",
        "ts": "1527228135.000177"
    },
    {
        "type": "message",
        "user": "U5Z26MP60",
        "text": "I have had pretty good sucess with using 1 native coin and one electum coin as bob, but even then that means you can only do pairs that have 1 coin that has a tiny blockchain and you electrum the larger one.",
        "ts": "1527228204.000048"
    },
    {
        "type": "message",
        "user": "U5Z26MP60",
        "text": "Also means you cant use the liquidity multiplier feature.",
        "ts": "1527228237.000076"
    },
    {
        "type": "message",
        "user": "U5Z26MP60",
        "text": "unless you have the coins you have buttloads of running on native and heaps of coins your want to buy running electrum, :thinking_face:",
        "edited": {
            "user": "U5Z26MP60",
            "ts": "1527228288.000000"
        },
        "ts": "1527228264.000093"
    },
    {
        "type": "message",
        "user": "U63EZ8ZS8",
        "text": "Like pizza and beer - nobody wants pizza - they only want beer",
        "client_msg_id": "a648a697-be9a-492f-aa5d-9d002993b5b4",
        "ts": "1527228292.000183"
    },
    {
        "type": "message",
        "user": "U63EZ8ZS8",
        "text": "Or a great idea",
        "client_msg_id": "0c9f03e1-7986-4a55-b2f7-1464c3a57777",
        "ts": "1527228314.000120"
    },
    {
        "type": "message",
        "user": "U63EZ8ZS8",
        "text": "Have more than 1 order per coin??",
        "client_msg_id": "58daeb4b-1d66-4efe-bd83-ccdf8ee87155",
        "ts": "1527228345.000053"
    },
    {
        "type": "message",
        "user": "U63EZ8ZS8",
        "text": "Genius - I know",
        "client_msg_id": "aa31fb43-2547-43a9-80f4-746666a0cb25",
        "ts": "1527228402.000292"
    },
    {
        "type": "message",
        "user": "U63EZ8ZS8",
        "text": "I should be capable of filling 1 order book with 100s of offers",
        "client_msg_id": "c93013be-1ce1-4510-8e83-607d24868dd7",
        "ts": "1527228471.000054"
    },
    {
        "type": "message",
        "user": "U63EZ8ZS8",
        "text": "And auto repeat",
        "client_msg_id": "bc33b6f4-5fde-4580-8b8e-5b116d7e7868",
        "ts": "1527228496.000100"
    },
    {
        "type": "message",
        "user": "U63EZ8ZS8",
        "text": "And auto refill the most used UTXO",
        "client_msg_id": "7a1db4e7-acc7-4008-982e-17654840303a",
        "ts": "1527228564.000058",
        "reactions": [
            {
                "name": "+1",
                "users": [
                    "U5Z26MP60"
                ],
                "count": 1
            }
        ]
    },
    {
        "type": "message",
        "user": "U5Z26MP60",
        "text": "I dont think that would be hard either. For my BEER\/PIZZA bobs I already used another passphrase to fund all the pairs. Just poll and electrum server for listunspent of the bobs address and when it falls below a certain number send a transaction of UTXO pairs",
        "edited": {
            "user": "U5Z26MP60",
            "ts": "1527228768.000000"
        },
        "ts": "1527228764.000054"
    },
    {
        "type": "message",
        "user": "U63EZ8ZS8",
        "text": "I'm too old to go back to school...I believe you... just help write an automated script ... call it .\/yourdumb.curl - I want 1000 hot chicks for 10,000,000 pizza - return says \"You can only afford 2500 hot chicks\"",
        "client_msg_id": "cf1db1e0-8c6f-40b4-8488-7b0136124723",
        "ts": "1527229124.000142"
    },
    {
        "type": "message",
        "user": "U63EZ8ZS8",
        "text": "Damn it...",
        "client_msg_id": "aced5df6-f862-4cdc-b5e1-4ef520d12dca",
        "ts": "1527229156.000040"
    },
    {
        "type": "message",
        "user": "U63EZ8ZS8",
        "text": "Any way if I put up a sell for ALL my pizza at  1 beer per 10000 +1%....I dont want to go back and manage shit",
        "client_msg_id": "095d6ef8-ab97-4c96-aacc-9c04e85dc007",
        "ts": "1527229268.000210"
    },
    {
        "type": "message",
        "user": "U63EZ8ZS8",
        "text": "Or I want an easy button",
        "client_msg_id": "f85d4529-5b05-4886-b136-c734bb31252a",
        "ts": "1527229309.000309"
    },
    {
        "type": "message",
        "user": "U5Z26MP60",
        "text": "Havent touched any of my 5 bobs since restarting them the day after HyperDEX soft launch. its all about starting with big UTXO so the change ones will still match.",
        "ts": "1527229312.000295"
    },
    {
        "type": "message",
        "user": "U63EZ8ZS8",
        "text": "I made 1 million UTXOs",
        "client_msg_id": "c0e95363-7aff-4f52-8319-f3007032547e",
        "ts": "1527229348.000026"
    },
    {
        "type": "message",
        "user": "U5Z26MP60",
        "text": "Not going to work... just 50 big ones, they can be like 500x bigger than the amount thats requested to be bought.",
        "ts": "1527229371.000180"
    },
    {
        "type": "message",
        "user": "U63EZ8ZS8",
        "text": "I still have to go back and start new trades",
        "client_msg_id": "0e99133d-e11a-4e12-8c66-8d8f5f43f441",
        "ts": "1527229372.000047"
    },
    {
        "type": "message",
        "user": "U5Z26MP60",
        "text": "But they cannot be smaller.",
        "ts": "1527229389.000185"
    },
    {
        "type": "message",
        "user": "U63EZ8ZS8",
        "text": "Great - write a script",
        "client_msg_id": "e38d7d28-cd3f-4e3b-a9fa-4709114c900d",
        "ts": "1527229407.000225"
    },
    {
        "type": "message",
        "user": "U63EZ8ZS8",
        "text": "Shouldn't be tough for you - I  have at least 100 swaps being a dumb ass in 2 days - imagine what i could have if a script did it the right way",
        "client_msg_id": "ec57e454-7714-4b80-b966-9b62845917f5",
        "ts": "1527229525.000091"
    },
    {
        "type": "message",
        "user": "U5Z26MP60",
        "text": "haha genies chicken did most of the barterdex volume before me went MIA.",
        "ts": "1527229546.000309"
    },
    {
        "type": "message",
        "user": "U5Z26MP60",
        "text": "He never gave the code to anyone :disappointed:",
        "ts": "1527229554.000236"
    },
    {
        "type": "message",
        "user": "U63EZ8ZS8",
        "text": "Great we have hodlers within hodlers within hodlers...",
        "client_msg_id": "2be04f6e-348e-4c50-8f42-873c73fe9e07",
        "ts": "1527229634.000133"
    },
    {
        "type": "message",
        "user": "U63EZ8ZS8",
        "text": "Anyway....that script is easy ....just write it...I'm most definitely sleeping soon....late",
        "client_msg_id": "94d619e8-df16-4bbf-becd-5c312d7140fa",
        "ts": "1527229792.000054"
    },
    {
        "type": "message",
        "user": "U63EZ8ZS8",
        "text": "I'll show you the math tomorrow and you write the code",
        "client_msg_id": "423c966b-767a-4c4b-beaa-20013114b2ca",
        "ts": "1527229823.000240"
    },
    {
        "type": "message",
        "user": "U8MLQ662K",
        "text": "<@U5Z26MP60> are you saying you have 5 bobs running on the same pair with the same smart address?",
        "ts": "1527230126.000012"
    },
    {
        "type": "message",
        "user": "U5Z26MP60",
        "text": "no",
        "ts": "1527230140.000012"
    },
    {
        "type": "message",
        "user": "U5Z26MP60",
        "text": "they use diff passphrase",
        "ts": "1527230151.000134"
    },
    {
        "type": "message",
        "user": "U0EGQUAPJ",
        "text": "I’ll try canbind, haven’t tried that, I’ll try tomorrow. Yeah I’m all without nat, Publix ip etc. I have done many bob trades.. kmd\/dex. Kmd\/revs, kmd\/Jumblr... but not bch. \n\n bch I’ve bought from that machine as an Alice, so bch seems to be configured properly. ",
        "attachments": [
            {
                "fallback": "[May 24th, 2018 10:54 PM] blackjok3r: <@U0EGQUAPJ> make sure your BOB is started with client:1 canbind:1",
                "ts": "1527227656.000255",
                "author_id": "U5Z26MP60",
                "author_subname": "Adam Bullock",
                "channel_id": "C0MN08277",
                "channel_name": "tradebots",
                "is_msg_unfurl": true,
                "text": "<@U0EGQUAPJ> make sure your BOB is started with client:1 canbind:1",
                "author_name": "Adam Bullock",
                "author_link": "https:\/\/komodo-platform.slack.com\/team\/U5Z26MP60",
                "author_icon": "https:\/\/secure.gravatar.com\/avatar\/d78604a06190bbfb61f0bee3278e45c5.jpg?s=48&d=https%3A%2F%2Fa.slack-edge.com%2F66f9%2Fimg%2Favatars%2Fava_0023-48.png",
                "mrkdwn_in": [
                    "text"
                ],
                "color": "D0D0D0",
                "from_url": "https:\/\/komodo-platform.slack.com\/archives\/C0MN08277\/p1527227656000255",
                "is_share": true,
                "footer": "Posted in #tradebots"
            }
        ],
        "ts": "1527230409.000295"
    },
    {
        "type": "message",
        "user": "U0EGQUAPJ",
        "text": "Thanks <@U5Z26MP60> :)",
        "ts": "1527230651.000372"
    },
    {
        "type": "message",
        "user": "U0EGQUAPJ",
        "text": "What does canbind do?",
        "ts": "1527230709.000371"
    },
    {
        "type": "message",
        "user": "U8MLQ662K",
        "text": "`canbind:1` allows the marketmaker to bind to any port. If your LP is behind a firewall, you should use `canbind:0`, but it will only allow for one swap to occur at once.",
        "ts": "1527230856.000037"
    }
]