[
    {
        "text": "Having trouble with the 'add coins to local database'. I have already added a few and all is working, now would like to add more. After clicking the button 'add coins to local database', nothing happens. I am on 1.1.0 Dev branch.",
        "username": "[discord] <jansako>",
        "bot_id": "BB46XBDAM",
        "attachments": [
            {
                "callback_id": "matterbridge_bci4l7bovtqcdgq1sf50",
                "id": 1
            }
        ],
        "type": "message",
        "subtype": "bot_message",
        "ts": "1530171379.000184"
    },
    {
        "text": "Ah, right. the dev branch does not have the drop-down menu to actually add the coin. Switched to Master, the drop-down is there.",
        "username": "[discord] <jansako>",
        "bot_id": "BB46XBDAM",
        "attachments": [
            {
                "callback_id": "matterbridge_bci4l7bovtqcdgq1sf50",
                "id": 1
            }
        ],
        "type": "message",
        "subtype": "bot_message",
        "ts": "1530171533.000010"
    },
    {
        "text": "verfied barterdex and its now working on fresh install",
        "username": "[matrix] <siu:matrix.org>",
        "bot_id": "BB46XBDAM",
        "attachments": [
            {
                "callback_id": "matterbridge_bci4l7bovtqcdgq1sf50",
                "id": 1
            }
        ],
        "type": "message",
        "subtype": "bot_message",
        "ts": "1530183286.000150"
    },
    {
        "text": "BUT",
        "username": "[matrix] <siu:matrix.org>",
        "bot_id": "BB46XBDAM",
        "attachments": [
            {
                "callback_id": "matterbridge_bci4l7bovtqcdgq1sf50",
                "id": 1
            }
        ],
        "type": "message",
        "subtype": "bot_message",
        "ts": "1530183293.000314"
    },
    {
        "text": "are spv servers working?",
        "username": "[matrix] <siu:matrix.org>",
        "bot_id": "BB46XBDAM",
        "attachments": [
            {
                "callback_id": "matterbridge_bci4l7bovtqcdgq1sf50",
                "id": 1
            }
        ],
        "type": "message",
        "subtype": "bot_message",
        "ts": "1530183353.000043"
    },
    {
        "text": "```LP_trade mpnet.0 fill.0 gtc.1 BTC\/KMD 0.08452465 vol 340.00010000 dest.(0000000000000000000000000000000000000000000000000000000000000000) maxprice 4054.05000000 etomicdest.() uuid.883fa14bbb0be85c89247327c64c36268f9cea94c585ff529625c60816cccccc fill.0 gtc.1\n                 command_rpcloop elapsed    9273.06 millis &gt; threshold    2500.00, ave       7.50 millis, count.1697795 postprice\n2275 uuid.8f9cea94c585ff529625c60816cccccc M.0 g.1 f.0      request   BTC\/KMD     0.08452465 -&gt; 340.00010000 (4036.18773633) | RT.0 0 n0\n2285 uuid.8f9cea94c585ff529625c60816cccccc M.0 g.1 f.0     reserved   BTC\/KMD     0.04576593 -&gt; 151.11115555 (3322.64248983) | RT.0 0 n0\nupdated eff2f68efca93dc1235a89c78d8040cbf5dd0160803f0d960913defa47ecc2b5\/v0 BTC\/KMD 4576593 price 3322.64248983\n&gt;&gt;&gt;&gt;&gt;&gt;&gt;&gt;&gt;&gt; received quote BTC\/KMD 3322.64248983\naliceid.8421997629996531713 got new bestprice 3322.64248983 dynamictrust -181.74348926 (unconf 0.00000000) slowresponse.12\n2286 uuid.8f9cea94c585ff529625c60816cccccc M.0 g.1 f.0     reserved   BTC\/KMD     0.08567153 -&gt; 340.00010000 (3981.97407712) | RT.0 0 n0\n2287 uuid.8f9cea94c585ff529625c60816cccccc M.0 g.1 f.0      connect   BTC\/KMD     0.04576593 -&gt; 151.11115555 (3322.64248983) | RT.0 0 n0\n```",
        "username": "[discord] <siu>",
        "icons": {
            "image_48": "https:\/\/slack-files2.s3-us-west-2.amazonaws.com\/bot_icons\/2018-06-21\/385852666597_48.png"
        },
        "bot_id": "BB46XBDAM",
        "attachments": [
            {
                "callback_id": "matterbridge_bci4l7bovtqcdgq1sf50",
                "id": 1
            }
        ],
        "type": "message",
        "subtype": "bot_message",
        "ts": "1530211120.000110"
    },
    {
        "text": "my kmd\/btc swaps keep getting stuck here @jl777c",
        "username": "[discord] <siu>",
        "icons": {
            "image_48": "https:\/\/slack-files2.s3-us-west-2.amazonaws.com\/bot_icons\/2018-06-21\/385852666597_48.png"
        },
        "bot_id": "BB46XBDAM",
        "attachments": [
            {
                "callback_id": "matterbridge_bci4l7bovtqcdgq1sf50",
                "id": 1
            }
        ],
        "type": "message",
        "subtype": "bot_message",
        "ts": "1530211134.000425"
    },
    {
        "text": "maybe kicking it helps?",
        "username": "[discord] <siu>",
        "icons": {
            "image_48": "https:\/\/slack-files2.s3-us-west-2.amazonaws.com\/bot_icons\/2018-06-21\/385852666597_48.png"
        },
        "bot_id": "BB46XBDAM",
        "attachments": [
            {
                "callback_id": "matterbridge_bci4l7bovtqcdgq1sf50",
                "id": 1
            }
        ],
        "type": "message",
        "subtype": "bot_message",
        "ts": "1530211172.000189"
    },
    {
        "text": "<https:\/\/github.com\/KomodoPlatform\/BarterDEX\/releases\/tag\/v1.1.0>",
        "username": "[discord] <siu>",
        "icons": {
            "image_48": "https:\/\/slack-files2.s3-us-west-2.amazonaws.com\/bot_icons\/2018-06-21\/385852666597_48.png"
        },
        "bot_id": "BB46XBDAM",
        "attachments": [
            {
                "callback_id": "matterbridge_bci4l7bovtqcdgq1sf50",
                "id": 1
            }
        ],
        "type": "message",
        "subtype": "bot_message",
        "ts": "1530223509.000160"
    },
    {
        "text": "released BarterDEX again now that it has the issues fixed",
        "username": "[discord] <siu>",
        "icons": {
            "image_48": "https:\/\/slack-files2.s3-us-west-2.amazonaws.com\/bot_icons\/2018-06-21\/385852666597_48.png"
        },
        "bot_id": "BB46XBDAM",
        "attachments": [
            {
                "callback_id": "matterbridge_bci4l7bovtqcdgq1sf50",
                "id": 1
            }
        ],
        "type": "message",
        "subtype": "bot_message",
        "ts": "1530223523.000014"
    },
    {
        "text": "<https:\/\/github.com\/KomodoPlatform\/BarterDEX\/issues\/251>",
        "username": "[discord] <siu>",
        "icons": {
            "image_48": "https:\/\/slack-files2.s3-us-west-2.amazonaws.com\/bot_icons\/2018-06-21\/385852666597_48.png"
        },
        "bot_id": "BB46XBDAM",
        "attachments": [
            {
                "callback_id": "matterbridge_bci4l7bovtqcdgq1sf50",
                "id": 1
            }
        ],
        "type": "message",
        "subtype": "bot_message",
        "ts": "1530224324.000180"
    },
    {
        "text": "has anyone had the same issue?",
        "username": "[discord] <siu>",
        "icons": {
            "image_48": "https:\/\/slack-files2.s3-us-west-2.amazonaws.com\/bot_icons\/2018-06-21\/385852666597_48.png"
        },
        "bot_id": "BB46XBDAM",
        "attachments": [
            {
                "callback_id": "matterbridge_bci4l7bovtqcdgq1sf50",
                "id": 1
            }
        ],
        "type": "message",
        "subtype": "bot_message",
        "ts": "1530224325.000405"
    },
    {
        "text": "i have another issue; add coin to local database-button doesnt do anything",
        "username": "[discord] <Meyse>",
        "icons": {
            "image_48": "https:\/\/slack-files2.s3-us-west-2.amazonaws.com\/bot_icons\/2018-06-19\/384585245125_48.png"
        },
        "bot_id": "BB46XBDAM",
        "attachments": [
            {
                "callback_id": "matterbridge_bci4l7bovtqcdgq1sf50",
                "id": 1
            }
        ],
        "type": "message",
        "subtype": "bot_message",
        "ts": "1530230957.000047"
    },
    {
        "text": "so i cant add any other coins to bd now",
        "username": "[discord] <Meyse>",
        "icons": {
            "image_48": "https:\/\/slack-files2.s3-us-west-2.amazonaws.com\/bot_icons\/2018-06-19\/384585245125_48.png"
        },
        "bot_id": "BB46XBDAM",
        "attachments": [
            {
                "callback_id": "matterbridge_bci4l7bovtqcdgq1sf50",
                "id": 1
            }
        ],
        "type": "message",
        "subtype": "bot_message",
        "ts": "1530230989.000176"
    },
    {
        "text": "im on windows",
        "username": "[discord] <Meyse>",
        "icons": {
            "image_48": "https:\/\/slack-files2.s3-us-west-2.amazonaws.com\/bot_icons\/2018-06-19\/384585245125_48.png"
        },
        "bot_id": "BB46XBDAM",
        "attachments": [
            {
                "callback_id": "matterbridge_bci4l7bovtqcdgq1sf50",
                "id": 1
            }
        ],
        "type": "message",
        "subtype": "bot_message",
        "ts": "1530231001.000152"
    },
    {
        "text": "Seems like windows has issues now with adding coin.",
        "username": "[matrix] <siu:matrix.org>",
        "bot_id": "BB46XBDAM",
        "attachments": [
            {
                "callback_id": "matterbridge_bci4l7bovtqcdgq1sf50",
                "id": 1
            }
        ],
        "type": "message",
        "subtype": "bot_message",
        "ts": "1530234038.000048"
    },
    {
        "text": "Ok will check in few hours",
        "username": "[discord] <grewalsatinder>",
        "icons": {
            "image_48": "https:\/\/slack-files2.s3-us-west-2.amazonaws.com\/bot_icons\/2018-06-13\/380186066400_48.png"
        },
        "bot_id": "BB46XBDAM",
        "attachments": [
            {
                "callback_id": "matterbridge_bci4l7bovtqcdgq1sf50",
                "id": 1
            }
        ],
        "type": "message",
        "subtype": "bot_message",
        "ts": "1530238896.000005"
    },
    {
        "text": "I'm having issues with barterdex not loading other coins it states there are no electrum servers available\nuninstalled and reinstalled both agama(0.2.41-beta) and barterdex (1.1.0)\nCoin Status - No Electrum Servers found for ABC Please use native mode for ABC",
        "username": "[discord] <BinGx2>",
        "icons": {
            "image_48": "https:\/\/slack-files2.s3-us-west-2.amazonaws.com\/bot_icons\/2018-06-18\/384028546390_48.png"
        },
        "bot_id": "BB46XBDAM",
        "attachments": [
            {
                "callback_id": "matterbridge_bci4l7bovtqcdgq1sf50",
                "id": 1
            }
        ],
        "type": "message",
        "subtype": "bot_message",
        "ts": "1530245336.000052"
    },
    {
        "text": "most coins don't have electrum-support...",
        "username": "[discord] <cipi>",
        "bot_id": "BB46XBDAM",
        "attachments": [
            {
                "callback_id": "matterbridge_bci4l7bovtqcdgq1sf50",
                "id": 1
            }
        ],
        "type": "message",
        "subtype": "bot_message",
        "ts": "1530245480.000125"
    },
    {
        "text": "I used to be able to swap this coin on barterdex",
        "username": "[discord] <BinGx2>",
        "icons": {
            "image_48": "https:\/\/slack-files2.s3-us-west-2.amazonaws.com\/bot_icons\/2018-06-18\/384028546390_48.png"
        },
        "bot_id": "BB46XBDAM",
        "attachments": [
            {
                "callback_id": "matterbridge_bci4l7bovtqcdgq1sf50",
                "id": 1
            }
        ],
        "type": "message",
        "subtype": "bot_message",
        "ts": "1530245533.000176"
    },
    {
        "text": "i upgraded to the newest version and now i am having that issue",
        "username": "[discord] <BinGx2>",
        "icons": {
            "image_48": "https:\/\/slack-files2.s3-us-west-2.amazonaws.com\/bot_icons\/2018-06-18\/384028546390_48.png"
        },
        "bot_id": "BB46XBDAM",
        "attachments": [
            {
                "callback_id": "matterbridge_bci4l7bovtqcdgq1sf50",
                "id": 1
            }
        ],
        "type": "message",
        "subtype": "bot_message",
        "ts": "1530245546.000062"
    },
    {
        "text": "which coin?",
        "username": "[discord] <cipi>",
        "bot_id": "BB46XBDAM",
        "attachments": [
            {
                "callback_id": "matterbridge_bci4l7bovtqcdgq1sf50",
                "id": 1
            }
        ],
        "type": "message",
        "subtype": "bot_message",
        "ts": "1530245554.000109"
    },
    {
        "text": "M on mobile \nCan’t type much\nCheck coin manager in new build.\nIt should make sense if reading what is there.",
        "username": "[discord] <grewalsatinder>",
        "icons": {
            "image_48": "https:\/\/slack-files2.s3-us-west-2.amazonaws.com\/bot_icons\/2018-06-13\/380186066400_48.png"
        },
        "bot_id": "BB46XBDAM",
        "attachments": [
            {
                "callback_id": "matterbridge_bci4l7bovtqcdgq1sf50",
                "id": 1
            }
        ],
        "type": "message",
        "subtype": "bot_message",
        "ts": "1530246218.000040"
    },
    {
        "text": "Can also check which coin has and has no electrum servers checking coins details",
        "username": "[discord] <grewalsatinder>",
        "icons": {
            "image_48": "https:\/\/slack-files2.s3-us-west-2.amazonaws.com\/bot_icons\/2018-06-13\/380186066400_48.png"
        },
        "bot_id": "BB46XBDAM",
        "attachments": [
            {
                "callback_id": "matterbridge_bci4l7bovtqcdgq1sf50",
                "id": 1
            }
        ],
        "type": "message",
        "subtype": "bot_message",
        "ts": "1530246266.000088"
    },
    {
        "text": "for EQL, LTC, BCASH",
        "username": "[discord] <BinGx2>",
        "icons": {
            "image_48": "https:\/\/slack-files2.s3-us-west-2.amazonaws.com\/bot_icons\/2018-06-18\/384028546390_48.png"
        },
        "bot_id": "BB46XBDAM",
        "attachments": [
            {
                "callback_id": "matterbridge_bci4l7bovtqcdgq1sf50",
                "id": 1
            }
        ],
        "type": "message",
        "subtype": "bot_message",
        "ts": "1530246311.000076"
    },
    {
        "text": "Check their details",
        "username": "[discord] <grewalsatinder>",
        "icons": {
            "image_48": "https:\/\/slack-files2.s3-us-west-2.amazonaws.com\/bot_icons\/2018-06-13\/380186066400_48.png"
        },
        "bot_id": "BB46XBDAM",
        "attachments": [
            {
                "callback_id": "matterbridge_bci4l7bovtqcdgq1sf50",
                "id": 1
            }
        ],
        "type": "message",
        "subtype": "bot_message",
        "ts": "1530246323.000190"
    },
    {
        "text": "its not even showing them there",
        "username": "[discord] <BinGx2>",
        "icons": {
            "image_48": "https:\/\/slack-files2.s3-us-west-2.amazonaws.com\/bot_icons\/2018-06-18\/384028546390_48.png"
        },
        "bot_id": "BB46XBDAM",
        "attachments": [
            {
                "callback_id": "matterbridge_bci4l7bovtqcdgq1sf50",
                "id": 1
            }
        ],
        "type": "message",
        "subtype": "bot_message",
        "ts": "1530246662.000090"
    },
    {
        "text": "only etmoic",
        "username": "[discord] <BinGx2>",
        "icons": {
            "image_48": "https:\/\/slack-files2.s3-us-west-2.amazonaws.com\/bot_icons\/2018-06-18\/384028546390_48.png"
        },
        "bot_id": "BB46XBDAM",
        "attachments": [
            {
                "callback_id": "matterbridge_bci4l7bovtqcdgq1sf50",
                "id": 1
            }
        ],
        "type": "message",
        "subtype": "bot_message",
        "ts": "1530246667.000150"
    },
    {
        "text": "I pressed reset local coin DB &amp; fetch updates",
        "username": "[discord] <BinGx2>",
        "icons": {
            "image_48": "https:\/\/slack-files2.s3-us-west-2.amazonaws.com\/bot_icons\/2018-06-18\/384028546390_48.png"
        },
        "bot_id": "BB46XBDAM",
        "attachments": [
            {
                "callback_id": "matterbridge_bci4l7bovtqcdgq1sf50",
                "id": 1
            }
        ],
        "type": "message",
        "subtype": "bot_message",
        "ts": "1530246688.000064"
    },
    {
        "text": "Then add",
        "username": "[discord] <grewalsatinder>",
        "icons": {
            "image_48": "https:\/\/slack-files2.s3-us-west-2.amazonaws.com\/bot_icons\/2018-06-13\/380186066400_48.png"
        },
        "bot_id": "BB46XBDAM",
        "attachments": [
            {
                "callback_id": "matterbridge_bci4l7bovtqcdgq1sf50",
                "id": 1
            }
        ],
        "type": "message",
        "subtype": "bot_message",
        "ts": "1530246844.000167"
    },
    {
        "text": "N restart after add",
        "username": "[discord] <grewalsatinder>",
        "icons": {
            "image_48": "https:\/\/slack-files2.s3-us-west-2.amazonaws.com\/bot_icons\/2018-06-13\/380186066400_48.png"
        },
        "bot_id": "BB46XBDAM",
        "attachments": [
            {
                "callback_id": "matterbridge_bci4l7bovtqcdgq1sf50",
                "id": 1
            }
        ],
        "type": "message",
        "subtype": "bot_message",
        "ts": "1530246860.000006"
    },
    {
        "text": "Will check if there is a bug in few hrs\nJust try the steps i said",
        "username": "[discord] <grewalsatinder>",
        "icons": {
            "image_48": "https:\/\/slack-files2.s3-us-west-2.amazonaws.com\/bot_icons\/2018-06-13\/380186066400_48.png"
        },
        "bot_id": "BB46XBDAM",
        "attachments": [
            {
                "callback_id": "matterbridge_bci4l7bovtqcdgq1sf50",
                "id": 1
            }
        ],
        "type": "message",
        "subtype": "bot_message",
        "ts": "1530246916.000162"
    },
    {
        "text": "Also which os?",
        "username": "[discord] <grewalsatinder>",
        "icons": {
            "image_48": "https:\/\/slack-files2.s3-us-west-2.amazonaws.com\/bot_icons\/2018-06-13\/380186066400_48.png"
        },
        "bot_id": "BB46XBDAM",
        "attachments": [
            {
                "callback_id": "matterbridge_bci4l7bovtqcdgq1sf50",
                "id": 1
            }
        ],
        "type": "message",
        "subtype": "bot_message",
        "ts": "1530247073.000036"
    },
    {
        "text": "checking issue",
        "username": "[discord] <grewalsatinder>",
        "icons": {
            "image_48": "https:\/\/slack-files2.s3-us-west-2.amazonaws.com\/bot_icons\/2018-06-13\/380186066400_48.png"
        },
        "bot_id": "BB46XBDAM",
        "attachments": [
            {
                "callback_id": "matterbridge_bci4l7bovtqcdgq1sf50",
                "id": 1
            }
        ],
        "type": "message",
        "subtype": "bot_message",
        "ts": "1530252334.000047"
    },
    {
        "text": "on linux adding new coins to coins management works as expected.",
        "username": "[discord] <grewalsatinder>",
        "icons": {
            "image_48": "https:\/\/slack-files2.s3-us-west-2.amazonaws.com\/bot_icons\/2018-06-13\/380186066400_48.png"
        },
        "bot_id": "BB46XBDAM",
        "attachments": [
            {
                "callback_id": "matterbridge_bci4l7bovtqcdgq1sf50",
                "id": 1
            }
        ],
        "type": "message",
        "subtype": "bot_message",
        "ts": "1530252350.000166"
    },
    {
        "text": "\n<https:\/\/cdn.discordapp.com\/attachments\/449948412960440352\/462136813759496194\/Screen_Shot_2018-06-29_at_6.06.29_PM.png>",
        "username": "[discord] <grewalsatinder>",
        "icons": {
            "image_48": "https:\/\/slack-files2.s3-us-west-2.amazonaws.com\/bot_icons\/2018-06-13\/380186066400_48.png"
        },
        "bot_id": "BB46XBDAM",
        "attachments": [
            {
                "callback_id": "matterbridge_bci4l7bovtqcdgq1sf50",
                "id": 1
            }
        ],
        "type": "message",
        "subtype": "bot_message",
        "ts": "1530252402.000191"
    },
    {
        "text": "\n<https:\/\/cdn.discordapp.com\/attachments\/449948412960440352\/462136899637739520\/Screen_Shot_2018-06-29_at_6.06.52_PM.png>",
        "username": "[discord] <grewalsatinder>",
        "icons": {
            "image_48": "https:\/\/slack-files2.s3-us-west-2.amazonaws.com\/bot_icons\/2018-06-13\/380186066400_48.png"
        },
        "bot_id": "BB46XBDAM",
        "attachments": [
            {
                "callback_id": "matterbridge_bci4l7bovtqcdgq1sf50",
                "id": 1
            }
        ],
        "type": "message",
        "subtype": "bot_message",
        "ts": "1530252423.000022"
    },
    {
        "text": "coins add to coins manager fine\ndetails shows fine\nafter restart barterdex they show up on add coin list\nadding them with electrum mode works fine",
        "username": "[discord] <grewalsatinder>",
        "icons": {
            "image_48": "https:\/\/slack-files2.s3-us-west-2.amazonaws.com\/bot_icons\/2018-06-13\/380186066400_48.png"
        },
        "bot_id": "BB46XBDAM",
        "attachments": [
            {
                "callback_id": "matterbridge_bci4l7bovtqcdgq1sf50",
                "id": 1
            }
        ],
        "type": "message",
        "subtype": "bot_message",
        "ts": "1530252461.000094"
    },
    {
        "text": "on windows, I see weird issue.",
        "username": "[discord] <grewalsatinder>",
        "icons": {
            "image_48": "https:\/\/slack-files2.s3-us-west-2.amazonaws.com\/bot_icons\/2018-06-13\/380186066400_48.png"
        },
        "bot_id": "BB46XBDAM",
        "attachments": [
            {
                "callback_id": "matterbridge_bci4l7bovtqcdgq1sf50",
                "id": 1
            }
        ],
        "type": "message",
        "subtype": "bot_message",
        "ts": "1530252471.000049"
    },
    {
        "text": "\n<https:\/\/cdn.discordapp.com\/attachments\/449948412960440352\/462137175287398400\/Screen_Shot_2018-06-29_at_6.07.56_PM.png>",
        "username": "[discord] <grewalsatinder>",
        "icons": {
            "image_48": "https:\/\/slack-files2.s3-us-west-2.amazonaws.com\/bot_icons\/2018-06-13\/380186066400_48.png"
        },
        "bot_id": "BB46XBDAM",
        "attachments": [
            {
                "callback_id": "matterbridge_bci4l7bovtqcdgq1sf50",
                "id": 1
            }
        ],
        "type": "message",
        "subtype": "bot_message",
        "ts": "1530252488.000177"
    },
    {
        "text": "the coins list doesn't show!",
        "username": "[discord] <grewalsatinder>",
        "icons": {
            "image_48": "https:\/\/slack-files2.s3-us-west-2.amazonaws.com\/bot_icons\/2018-06-13\/380186066400_48.png"
        },
        "bot_id": "BB46XBDAM",
        "attachments": [
            {
                "callback_id": "matterbridge_bci4l7bovtqcdgq1sf50",
                "id": 1
            }
        ],
        "type": "message",
        "subtype": "bot_message",
        "ts": "1530252491.000092"
    },
    {
        "text": "it shows on accessing this screen, but then just hides\/disappers",
        "username": "[discord] <grewalsatinder>",
        "icons": {
            "image_48": "https:\/\/slack-files2.s3-us-west-2.amazonaws.com\/bot_icons\/2018-06-13\/380186066400_48.png"
        },
        "bot_id": "BB46XBDAM",
        "attachments": [
            {
                "callback_id": "matterbridge_bci4l7bovtqcdgq1sf50",
                "id": 1
            }
        ],
        "type": "message",
        "subtype": "bot_message",
        "ts": "1530252507.000142"
    },
    {
        "text": "gonna check what's causing it",
        "username": "[discord] <grewalsatinder>",
        "icons": {
            "image_48": "https:\/\/slack-files2.s3-us-west-2.amazonaws.com\/bot_icons\/2018-06-13\/380186066400_48.png"
        },
        "bot_id": "BB46XBDAM",
        "attachments": [
            {
                "callback_id": "matterbridge_bci4l7bovtqcdgq1sf50",
                "id": 1
            }
        ],
        "type": "message",
        "subtype": "bot_message",
        "ts": "1530252515.000046"
    },
    {
        "text": "The issue is slowness of windows, as always :frowning:",
        "username": "[discord] <grewalsatinder>",
        "icons": {
            "image_48": "https:\/\/slack-files2.s3-us-west-2.amazonaws.com\/bot_icons\/2018-06-13\/380186066400_48.png"
        },
        "bot_id": "BB46XBDAM",
        "attachments": [
            {
                "callback_id": "matterbridge_bci4l7bovtqcdgq1sf50",
                "id": 1
            }
        ],
        "type": "message",
        "subtype": "bot_message",
        "ts": "1530255047.000220"
    },
    {
        "text": "trying to find workaround.",
        "username": "[discord] <grewalsatinder>",
        "icons": {
            "image_48": "https:\/\/slack-files2.s3-us-west-2.amazonaws.com\/bot_icons\/2018-06-13\/380186066400_48.png"
        },
        "bot_id": "BB46XBDAM",
        "attachments": [
            {
                "callback_id": "matterbridge_bci4l7bovtqcdgq1sf50",
                "id": 1
            }
        ],
        "type": "message",
        "subtype": "bot_message",
        "ts": "1530255053.000234"
    },
    {
        "text": "lol... windows... what a massive global waste of development manpower",
        "username": "[discord] <cipi>",
        "bot_id": "BB46XBDAM",
        "attachments": [
            {
                "callback_id": "matterbridge_bci4l7bovtqcdgq1sf50",
                "id": 1
            }
        ],
        "type": "message",
        "subtype": "bot_message",
        "ts": "1530255420.000138"
    },
    {
        "text": "I was actually expecting this kinda of issue. and that is why I was asking if any of the testers found any bug or not before merging it to dev :smile:",
        "username": "[discord] <grewalsatinder>",
        "icons": {
            "image_48": "https:\/\/slack-files2.s3-us-west-2.amazonaws.com\/bot_icons\/2018-06-13\/380186066400_48.png"
        },
        "bot_id": "BB46XBDAM",
        "attachments": [
            {
                "callback_id": "matterbridge_bci4l7bovtqcdgq1sf50",
                "id": 1
            }
        ],
        "type": "message",
        "subtype": "bot_message",
        "ts": "1530255585.000120"
    }
]