[
    {
        "type": "message",
        "text": "",
        "files": [
            {
                "id": "FB9SZBC9L",
                "created": 1529247781,
                "timestamp": 1529247781,
                "name": "image.png",
                "title": "image.png",
                "mimetype": "image\/png",
                "filetype": "png",
                "pretty_type": "PNG",
                "user": "U70MZ24DQ",
                "editable": false,
                "size": 26395,
                "mode": "hosted",
                "is_external": false,
                "external_type": "",
                "is_public": true,
                "public_url_shared": false,
                "display_as_bot": false,
                "username": "",
                "url_private": "https:\/\/files.slack.com\/files-pri\/T02LAJBUW-FB9SZBC9L\/image.png?t=xoxe-2690623982-420508393732-420508393844-55126cc98091fbe0399fac3c66f6ed8e",
                "url_private_download": "https:\/\/files.slack.com\/files-pri\/T02LAJBUW-FB9SZBC9L\/download\/image.png?t=xoxe-2690623982-420508393732-420508393844-55126cc98091fbe0399fac3c66f6ed8e",
                "thumb_64": "https:\/\/files.slack.com\/files-tmb\/T02LAJBUW-FB9SZBC9L-0993ba85d4\/image_64.png?t=xoxe-2690623982-420508393732-420508393844-55126cc98091fbe0399fac3c66f6ed8e",
                "thumb_80": "https:\/\/files.slack.com\/files-tmb\/T02LAJBUW-FB9SZBC9L-0993ba85d4\/image_80.png?t=xoxe-2690623982-420508393732-420508393844-55126cc98091fbe0399fac3c66f6ed8e",
                "thumb_360": "https:\/\/files.slack.com\/files-tmb\/T02LAJBUW-FB9SZBC9L-0993ba85d4\/image_360.png?t=xoxe-2690623982-420508393732-420508393844-55126cc98091fbe0399fac3c66f6ed8e",
                "thumb_360_w": 360,
                "thumb_360_h": 63,
                "thumb_480": "https:\/\/files.slack.com\/files-tmb\/T02LAJBUW-FB9SZBC9L-0993ba85d4\/image_480.png?t=xoxe-2690623982-420508393732-420508393844-55126cc98091fbe0399fac3c66f6ed8e",
                "thumb_480_w": 480,
                "thumb_480_h": 84,
                "thumb_160": "https:\/\/files.slack.com\/files-tmb\/T02LAJBUW-FB9SZBC9L-0993ba85d4\/image_160.png?t=xoxe-2690623982-420508393732-420508393844-55126cc98091fbe0399fac3c66f6ed8e",
                "thumb_720": "https:\/\/files.slack.com\/files-tmb\/T02LAJBUW-FB9SZBC9L-0993ba85d4\/image_720.png?t=xoxe-2690623982-420508393732-420508393844-55126cc98091fbe0399fac3c66f6ed8e",
                "thumb_720_w": 720,
                "thumb_720_h": 127,
                "thumb_800": "https:\/\/files.slack.com\/files-tmb\/T02LAJBUW-FB9SZBC9L-0993ba85d4\/image_800.png?t=xoxe-2690623982-420508393732-420508393844-55126cc98091fbe0399fac3c66f6ed8e",
                "thumb_800_w": 800,
                "thumb_800_h": 141,
                "thumb_960": "https:\/\/files.slack.com\/files-tmb\/T02LAJBUW-FB9SZBC9L-0993ba85d4\/image_960.png?t=xoxe-2690623982-420508393732-420508393844-55126cc98091fbe0399fac3c66f6ed8e",
                "thumb_960_w": 960,
                "thumb_960_h": 169,
                "thumb_1024": "https:\/\/files.slack.com\/files-tmb\/T02LAJBUW-FB9SZBC9L-0993ba85d4\/image_1024.png?t=xoxe-2690623982-420508393732-420508393844-55126cc98091fbe0399fac3c66f6ed8e",
                "thumb_1024_w": 1024,
                "thumb_1024_h": 180,
                "image_exif_rotation": 1,
                "original_w": 1291,
                "original_h": 227,
                "permalink": "https:\/\/komodo-platform.slack.com\/files\/U70MZ24DQ\/FB9SZBC9L\/image.png",
                "permalink_public": "https:\/\/slack-files.com\/T02LAJBUW-FB9SZBC9L-af5b416c84"
            }
        ],
        "upload": true,
        "user": "U70MZ24DQ",
        "display_as_bot": false,
        "ts": "1529247784.000001"
    },
    {
        "type": "message",
        "user": "U70MZ24DQ",
        "text": "any idea why sell is not going through?",
        "client_msg_id": "ef6e6536-9eae-4a26-9457-9ee1030ec443",
        "ts": "1529247801.000068"
    },
    {
        "type": "message",
        "user": "U70MZ24DQ",
        "text": "RICEFEED UPDATE.(NAS   \/   KMD)   3.28746057 8adbf9d5de4fb49ec1fca9ca3f28ba384715752de1197c9cddbb756c3d2a1a7c   0.30418616\nAUTOPRICE numautorefs.1\n1984 uuid.4337b4eced430a8f64dffc4079683bf7      request   KMD\/SUPERNET   1.99070340 -&gt;   0.05893626 ( 0.02960590) | RT.0 610 n0\nno more electrum data when expected2 len.0 n.0\nno more electrum data when expected2 len.0 n.0\nbindflag.0 iguana_socket mismatch (52.41.58.116) -&gt; (<http:\/\/electrum1.cipig.net|electrum1.cipig.net>)\nbindflag.0 iguana_socket mismatch (52.41.58.116) -&gt; (<http:\/\/electrum2.cipig.net|electrum2.cipig.net>)\nRECONNECT ep.0x7f70b8a21fd0 KMD numerrors.8 too big -&gt; new <http:\/\/electrum1.cipig.net:10001|electrum1.cipig.net:10001> sock.41\nRECONNECT ep.0x7f70b8621dc0 KMD numerrors.16 too big -&gt; new <http:\/\/electrum2.cipig.net:10001|electrum2.cipig.net:10001> sock.54\nAUTOPRICE numautorefs.1\n2043 uuid.11721c7f8c8c4e35b27007639c5ba1f3      request   KMD\/SUPERNET   1.99070340 -&gt;   0.05893626 ( 0.02960590) | RT.0 610 n0\nAUTOPRICE numautorefs.1\n                   KMD coin loop elapsed   45095.03 millis &gt; threshold   10000.00, ave     200.42 millis, count.11518 notify\nAUTOPRICE numautorefs.1\n2102 uuid.91bfde9e40ac2a9c2f5d3a5bcba3435d      request   KMD\/SUPERNET   1.99070340 -&gt;   0.05893626 ( 0.02960590) | RT.0 610 n0\nAUTOPRICE numautorefs.1\nAUTOPRICE numautorefs.1\n                   KMD coin loop elapsed   45096.83 millis &gt; threshold   10000.00, ave     200.33",
        "client_msg_id": "ab9cfe78-05db-48db-9362-c16d7806bb41",
        "ts": "1529250600.000014"
    },
    {
        "type": "message",
        "user": "U2Q1DP6EQ",
        "text": "i stopped the electrum-server on 52.41.58.116 because the KMD chain is not advancing... can't do more right now, i am on the train,... simply reconnect, and it should connect to another electrums",
        "client_msg_id": "f2743c4c-5734-4c73-9295-e73802da3086",
        "ts": "1529252346.000080"
    },
    {
        "user": "U47DBLM44",
        "text": "<@U47DBLM44> has left the channel",
        "type": "message",
        "subtype": "channel_leave",
        "ts": "1529272058.000040"
    },
    {
        "user": "U6ZP43AL9",
        "text": "<@U6ZP43AL9> has left the channel",
        "type": "message",
        "subtype": "channel_leave",
        "ts": "1529287439.000064"
    },
    {
        "text": "Do we have any response to this? <https:\/\/medium.com\/legolas-exchange\/the-truth-about-decentralized-exchanges-9f0593c79baa?source=linkShare-f544aca5489-1529299432>",
        "username": "[discord] <farl>",
        "icons": {
            "image_48": "https:\/\/slack-files2.s3-us-west-2.amazonaws.com\/bot_icons\/2018-06-11\/379115943505_48.png"
        },
        "bot_id": "BB46XBDAM",
        "attachments": [
            {
                "callback_id": "matterbridge_bci4l7bovtqcdgq1sf50",
                "id": 1
            }
        ],
        "type": "message",
        "subtype": "bot_message",
        "ts": "1529299537.000073"
    },
    {
        "text": "Pathetic. Please destroy them in the comments.",
        "username": "[matrix] <dragonrider-e:matrix.org>",
        "bot_id": "BB46XBDAM",
        "attachments": [
            {
                "callback_id": "matterbridge_bci4l7bovtqcdgq1sf50",
                "id": 1
            }
        ],
        "type": "message",
        "subtype": "bot_message",
        "ts": "1529299776.000079"
    },
    {
        "text": "Considering they are talking about erc20's, I'm sure they will say the same about etomic being the centralizing factor in barterdex",
        "username": "[discord] <jorian>",
        "bot_id": "BB46XBDAM",
        "attachments": [
            {
                "callback_id": "matterbridge_bci4l7bovtqcdgq1sf50",
                "id": 1
            }
        ],
        "type": "message",
        "subtype": "bot_message",
        "ts": "1529299780.000110"
    },
    {
        "text": "<@U0394QTC7> how could be that true? when you can trade any token for BTC or KMD or LTC?",
        "username": "[discord] <Alfredo Casero>",
        "icons": {
            "image_48": "https:\/\/slack-files2.s3-us-west-2.amazonaws.com\/bot_icons\/2018-06-16\/382846463490_48.png"
        },
        "bot_id": "BB46XBDAM",
        "attachments": [
            {
                "callback_id": "matterbridge_bci4l7bovtqcdgq1sf50",
                "id": 1
            }
        ],
        "type": "message",
        "subtype": "bot_message",
        "ts": "1529303031.000298"
    },
    {
        "text": "i don't understand your question",
        "username": "[discord] <jorian>",
        "bot_id": "BB46XBDAM",
        "attachments": [
            {
                "callback_id": "matterbridge_bci4l7bovtqcdgq1sf50",
                "id": 1
            }
        ],
        "type": "message",
        "subtype": "bot_message",
        "ts": "1529303333.000168"
    },
    {
        "user": "U0394QTC7",
        "text": "<@U0394QTC7> has left the channel",
        "type": "message",
        "subtype": "channel_leave",
        "ts": "1529303359.000055"
    },
    {
        "text": "that article is about the level of decentralization of things, especially with regards to swapping ERC20 tokens",
        "username": "[discord] <jorian>",
        "bot_id": "BB46XBDAM",
        "attachments": [
            {
                "callback_id": "matterbridge_bci4l7bovtqcdgq1sf50",
                "id": 1
            }
        ],
        "type": "message",
        "subtype": "bot_message",
        "ts": "1529303408.000166"
    }
]