[
    {
        "type": "message",
        "user": "U02LQ1WHQ",
        "text": "<@U02QSHX81> can you do a fresh .\/client and then run the following script?",
        "ts": "1523002599.000118"
    },
    {
        "type": "message",
        "user": "U02LQ1WHQ",
        "text": "#!\/bin\/bash\nsource userpass\ncurl '<http:\/\/127.0.0.1:7783\/>' --data \"{\\\"userpass\\\":\\\"$userpass\\\",\\\"queueid\\\":11,\\\"method\\\":\\\"electrum\\\",\\\"coin\\\":\\\"KMD\\\",\\\"ipaddr\\\":\\\"<http:\/\/electrum1.cipig.net|electrum1.cipig.net>\\\",\\\"port\\\":10001}\"",
        "ts": "1523002599.000325"
    },
    {
        "type": "message",
        "user": "U02QSHX81",
        "text": "Testing soon.",
        "ts": "1523005344.000263"
    },
    {
        "type": "message",
        "user": "U7B8VF6TB",
        "text": "<@U02QSHX81> sorry, that was a bad reproduction, can you test this instead: <https:\/\/github.com\/jl777\/SuperNET\/issues\/742#issuecomment-379196023>",
        "attachments": [
            {
                "service_name": "GitHub",
                "title": "Latest mm builds crash when sending messages over the socket · Issue #742 · jl777\/SuperNET",
                "title_link": "https:\/\/github.com\/jl777\/SuperNET\/issues\/742#issuecomment-379196023",
                "text": "The latest builds of mm on both the jl777 and dev branch crash when I issue commands over the socket. If I just remove the non zero queueid to make the requests normal HTTP requests it works fine. ...",
                "fallback": "GitHub: Latest mm builds crash when sending messages over the socket · Issue #742 · jl777\/SuperNET",
                "from_url": "https:\/\/github.com\/jl777\/SuperNET\/issues\/742#issuecomment-379196023",
                "thumb_url": "https:\/\/avatars2.githubusercontent.com\/u\/2123375?s=400&v=4",
                "thumb_width": 250,
                "thumb_height": 250,
                "service_icon": "https:\/\/a.slack-edge.com\/bfaba\/img\/unfurl_icons\/github.png",
                "id": 1
            }
        ],
        "ts": "1523006164.000020"
    },
    {
        "type": "message",
        "user": "U02QSHX81",
        "text": "sure",
        "ts": "1523006194.000153"
    },
    {
        "type": "message",
        "text": "<@U7B8VF6TB> you want me to run only this as a script in a terminal?",
        "files": [
            {
                "id": "FA2AP541G",
                "created": 1523006356,
                "timestamp": 1523006356,
                "name": "-.sh",
                "title": "Untitled",
                "mimetype": "text\/plain",
                "filetype": "shell",
                "pretty_type": "Shell",
                "user": "U02QSHX81",
                "editable": true,
                "size": 3358,
                "mode": "snippet",
                "is_external": false,
                "external_type": "",
                "is_public": true,
                "public_url_shared": false,
                "display_as_bot": false,
                "username": "",
                "url_private": "https:\/\/files.slack.com\/files-pri\/T02LAJBUW-FA2AP541G\/-.sh?t=xoxe-2690623982-420508393732-420508393844-55126cc98091fbe0399fac3c66f6ed8e",
                "url_private_download": "https:\/\/files.slack.com\/files-pri\/T02LAJBUW-FA2AP541G\/download\/-.sh?t=xoxe-2690623982-420508393732-420508393844-55126cc98091fbe0399fac3c66f6ed8e",
                "permalink": "https:\/\/komodo-platform.slack.com\/files\/U02QSHX81\/FA2AP541G\/-.sh",
                "permalink_public": "https:\/\/slack-files.com\/T02LAJBUW-FA2AP541G-cf579e331d",
                "edit_link": "https:\/\/komodo-platform.slack.com\/files\/U02QSHX81\/FA2AP541G\/-.sh\/edit",
                "preview": "#!\/bin\/bash\r\n\r\nmarketmaker '{\"client\":1,\"passphrase\":\"passphrase\",\"coins\":[],\"rpcport\":63434}' &\r\nsleep 5\r\necho\r",
                "preview_highlight": "<div class=\"CodeMirror cm-s-default CodeMirrorServer\" oncopy=\"if(event.clipboardData){event.clipboardData.setData('text\/plain',window.getSelection().toString().replace(\/\\u200b\/g,''));event.preventDefault();event.stopPropagation();}\">\n<div class=\"CodeMirror-code\">\n<div><pre><span class=\"cm-meta\">#!\/bin\/bash<\/span><\/pre><\/div>\n<div><pre>&#8203;<\/pre><\/div>\n<div><pre>marketmaker <span class=\"cm-string\">'{&quot;client&quot;:1,&quot;passphrase&quot;:&quot;passphrase&quot;,&quot;coins&quot;:[],&quot;rpcport&quot;:63434}'<\/span> &amp;<\/pre><\/div>\n<div><pre><span class=\"cm-builtin\">sleep<\/span> <span class=\"cm-number\">5<\/span><\/pre><\/div>\n<div><pre><span class=\"cm-builtin\">echo<\/span><\/pre><\/div>\n<\/div>\n<\/div>\n",
                "lines": 23,
                "lines_more": 18,
                "preview_is_truncated": true
            }
        ],
        "upload": true,
        "user": "U02QSHX81",
        "display_as_bot": false,
        "ts": "1523006357.000073"
    },
    {
        "type": "message",
        "user": "U02LQ1WHQ",
        "text": "that didnt crash for me... maybe it is osx specific limit? can you limit the number pending? really more than 1 pending wont get you any better performance",
        "ts": "1523006383.000451"
    },
    {
        "type": "message",
        "user": "U02LQ1WHQ",
        "text": "so push in 2 queueid and as they complete, push the next",
        "ts": "1523006400.000244"
    },
    {
        "type": "message",
        "user": "U02LQ1WHQ",
        "text": "that will get you the same performance and hopefully avoid any os specific issues",
        "ts": "1523006413.000287"
    },
    {
        "type": "message",
        "user": "U7B8VF6TB",
        "text": "what spec is your machine?",
        "ts": "1523006466.000168"
    },
    {
        "type": "message",
        "user": "U7B8VF6TB",
        "text": "it might just be that there isn’t enough going on to cause the issue on your machine",
        "ts": "1523006486.000013"
    },
    {
        "type": "message",
        "user": "U02LQ1WHQ",
        "text": "lots of RAM",
        "ts": "1523006506.000084"
    },
    {
        "type": "message",
        "user": "U7B8VF6TB",
        "text": "how much is lots?",
        "ts": "1523006521.000148"
    },
    {
        "type": "message",
        "user": "U02LQ1WHQ",
        "text": "it shouldnt matter but there could indeed be resource limitation related bugs",
        "ts": "1523006533.000336"
    },
    {
        "type": "message",
        "user": "U02LQ1WHQ",
        "text": "128GB",
        "ts": "1523006535.000256",
        "reactions": [
            {
                "name": "sunglasses",
                "users": [
                    "U02QSHX81"
                ],
                "count": 1
            }
        ]
    },
    {
        "type": "message",
        "user": "U7B8VF6TB",
        "text": "fuck me",
        "ts": "1523006543.000103"
    },
    {
        "type": "message",
        "user": "U7B8VF6TB",
        "text": "that is a lot",
        "ts": "1523006545.000085"
    },
    {
        "type": "message",
        "user": "U02LQ1WHQ",
        "text": "<#C1SG5B9G9|manlove>?",
        "ts": "1523006548.000190"
    },
    {
        "type": "message",
        "user": "U7B8VF6TB",
        "text": "#RAMlove",
        "ts": "1523006555.000118"
    },
    {
        "type": "message",
        "user": "U02QSHX81",
        "text": "mine is 64GB",
        "ts": "1523006560.000434"
    },
    {
        "type": "message",
        "user": "U7B8VF6TB",
        "text": "I thought I was big with 16GB",
        "ts": "1523006576.000161"
    },
    {
        "type": "message",
        "user": "U7B8VF6TB",
        "text": "it’s not about size though, it’s what you store in it that counts",
        "ts": "1523006588.000085"
    },
    {
        "type": "message",
        "user": "U02QSHX81",
        "text": "i thought that last year :stuck_out_tongue:",
        "ts": "1523006589.000486"
    },
    {
        "type": "message",
        "user": "U7B8VF6TB",
        "text": "but yes, <@U02LQ1WHQ> we can request serially",
        "ts": "1523006612.000179"
    },
    {
        "type": "message",
        "user": "U7B8VF6TB",
        "text": "but that was the original issue that we introduced the queue to help with",
        "ts": "1523006629.000488"
    },
    {
        "type": "message",
        "user": "U02LQ1WHQ",
        "text": "yes, but portfolio and orderbook bypasses as can be seen with fasttest",
        "ts": "1523006674.000151"
    },
    {
        "type": "message",
        "user": "U02LQ1WHQ",
        "text": "and having in the queue 1 or 1000, still is the same performance",
        "ts": "1523006684.000504"
    },
    {
        "type": "message",
        "user": "U02LQ1WHQ",
        "text": "as long as the queue never runs empty",
        "ts": "1523006693.000424"
    },
    {
        "type": "message",
        "user": "U7B8VF6TB",
        "text": "isn’t the point of the queue that it queues things? :joy:",
        "ts": "1523006716.000222"
    },
    {
        "type": "message",
        "user": "U7B8VF6TB",
        "text": "if we have our own internal logic to only make sure there’s ever one thing in the queue at a time",
        "ts": "1523006732.000420"
    },
    {
        "type": "message",
        "user": "U7B8VF6TB",
        "text": "what’s the point of having a queue",
        "ts": "1523006740.000191"
    },
    {
        "type": "message",
        "user": "U7B8VF6TB",
        "text": "also worth noting, this has been working fine for a long time",
        "ts": "1523006977.000261"
    },
    {
        "type": "message",
        "user": "U7B8VF6TB",
        "text": "it’s recent changes in both `dev` and `jl777` that cause the crash",
        "ts": "1523006992.000482"
    },
    {
        "type": "message",
        "user": "U02QSHX81",
        "text": "normal `marketmaker` from jl777 branch not working for me. did i miss anything?",
        "ts": "1523007091.000531"
    },
    {
        "type": "message",
        "user": "U02LQ1WHQ",
        "text": "yes, it is the bypass of portfolio and orderbook that detablized",
        "ts": "1523007100.000201"
    },
    {
        "type": "message",
        "user": "U02LQ1WHQ",
        "text": "what do you mean notworking <@U02QSHX81>",
        "ts": "1523007108.000275"
    },
    {
        "type": "message",
        "user": "U02QSHX81",
        "text": "when i run `.\/client &amp;` in terminal, this is the only thing i see `$ curl: (7) Failed to connect to 127.0.0.1 port 7783: Connection refused`",
        "ts": "1523007132.000388"
    },
    {
        "type": "message",
        "user": "U02QSHX81",
        "text": "it waits and waits, does not show anything else",
        "edited": {
            "user": "U02QSHX81",
            "ts": "1523007153.000000"
        },
        "ts": "1523007148.000033"
    },
    {
        "type": "message",
        "user": "U7B8VF6TB",
        "text": "ok, do you want to revert the bypass of portfolio and orderbook then?",
        "ts": "1523007152.000198"
    },
    {
        "type": "message",
        "user": "U02LQ1WHQ",
        "text": "<@U7B8VF6TB> what if you dont use queueid at all? portfolio and orderbook should still bypass",
        "ts": "1523007155.000441"
    },
    {
        "type": "message",
        "user": "U7B8VF6TB",
        "text": "Yes, that works",
        "ts": "1523007171.000010"
    },
    {
        "type": "message",
        "user": "U02LQ1WHQ",
        "text": "does orderbook\/portfolio get stuck waiting for other commands?",
        "ts": "1523007186.000267"
    },
    {
        "type": "message",
        "user": "U02LQ1WHQ",
        "text": "if not, it seems there is a performant usage?",
        "ts": "1523007199.000186"
    },
    {
        "type": "message",
        "user": "U7B8VF6TB",
        "text": "let me check",
        "ts": "1523007206.000026"
    },
    {
        "type": "message",
        "user": "U7B8VF6TB",
        "text": "could that cause the same stability issues though?",
        "ts": "1523007214.000161"
    },
    {
        "type": "message",
        "user": "U02LQ1WHQ",
        "text": "no idea",
        "ts": "1523007305.000052"
    },
    {
        "type": "message",
        "user": "U02LQ1WHQ",
        "text": "maybe it is the same, maybe it runs stable",
        "ts": "1523007321.000059"
    },
    {
        "type": "message",
        "user": "U02LQ1WHQ",
        "text": "<@U02QSHX81> what port is the marketmaker on?",
        "ts": "1523008211.000138"
    },
    {
        "type": "message",
        "user": "U02QSHX81",
        "text": "default 7783",
        "ts": "1523008288.000424"
    },
    {
        "type": "message",
        "user": "U02QSHX81",
        "text": "used etomic mm and it is same for me using jl777 branch.\n```\n$ cat client\n#!\/bin\/bash\nsource passphrase\nsource coins\n.\/stop\n#git pull;\ncp ..\/exchanges\/updateprices .;.\/updateprices\ncd ..; \n#.\/m_mm;\npkill -15 marketmaker; \nstdbuf -oL $1 .\/marketmaker \"{\\\"gui\\\":\\\"nogui\\\",\\\"client\\\":1, \\\"userhome\\\":\\\"\/${HOME#\"\/\"}\\\", \\\"passphrase\\\":\\\"$passphrase\\\", \\\"coins\\\":$coins}\" &amp;\n```",
        "ts": "1523008520.000433"
    },
    {
        "type": "message",
        "user": "U02LQ1WHQ",
        "text": "it works fine for me in jl777 branch",
        "ts": "1523008562.000125"
    },
    {
        "type": "message",
        "user": "U02QSHX81",
        "text": "let me test again from scratch",
        "ts": "1523008600.000007"
    },
    {
        "type": "message",
        "user": "U02QSHX81",
        "text": "this morning i started with cloning the repo from fresh in a test dir",
        "ts": "1523008704.000130"
    },
    {
        "type": "message",
        "user": "U02QSHX81",
        "text": "<@U02LQ1WHQ> have you tried a fresh installation? i'm bit confused why it is not working for me. maybe i'm doing something wrong.",
        "ts": "1523008966.000270"
    },
    {
        "type": "message",
        "user": "U02QSHX81",
        "text": "when i use `git pull` jl777 branch inside older installation, it works",
        "ts": "1523009075.000223"
    },
    {
        "type": "message",
        "user": "U02LQ1WHQ",
        "text": "ok I will try a fresh clone",
        "ts": "1523009479.000306",
        "reactions": [
            {
                "name": "+1",
                "users": [
                    "U02QSHX81"
                ],
                "count": 1
            }
        ]
    },
    {
        "type": "message",
        "user": "U7B8VF6TB",
        "text": "btw, regarding mm binary releases, the version numbers are confusing",
        "ts": "1523009607.000326"
    },
    {
        "type": "message",
        "user": "U7B8VF6TB",
        "text": "the latest release here: <https:\/\/github.com\/artemii235\/SuperNET\/releases>",
        "attachments": [
            {
                "service_name": "GitHub",
                "title": "artemii235\/SuperNET",
                "title_link": "https:\/\/github.com\/artemii235\/SuperNET\/releases",
                "text": "Contribute to SuperNET development by creating an account on GitHub.",
                "fallback": "GitHub: artemii235\/SuperNET",
                "from_url": "https:\/\/github.com\/artemii235\/SuperNET\/releases",
                "thumb_url": "https:\/\/avatars1.githubusercontent.com\/u\/15745003?s=400&v=4",
                "thumb_width": 250,
                "thumb_height": 250,
                "service_icon": "https:\/\/a.slack-edge.com\/bfaba\/img\/unfurl_icons\/github.png",
                "id": 1
            }
        ],
        "ts": "1523009613.000107"
    },
    {
        "type": "message",
        "user": "U7B8VF6TB",
        "text": "is listed as `marketmaker-v1.0.65`",
        "ts": "1523009621.000080"
    },
    {
        "type": "message",
        "user": "U7B8VF6TB",
        "text": "however when you run it, it logs `Marketmaker 0.1 27772`",
        "ts": "1523009655.000052"
    },
    {
        "type": "message",
        "user": "U02QSHX81",
        "text": "<@U8LL61DE1> ^^",
        "ts": "1523009789.000126"
    },
    {
        "type": "message",
        "user": "U6PPCCQ00",
        "text": "<@U2Q1DP6EQ>  Please help to check this coin can be integrated\n\n```=========================================\nCoin Name  XCG\n\n{\"coin\":\"XCG\",\"confpath\":\"USERHOME\/.Xchangecore\/Xchange.conf\",\"name\":\"Xchange\",\"rpcport\":9386,\"pubtype\":76,\"p2shtype\":16,\"txfee\":10000},\n\n<https:\/\/github.com\/cryptforall\/Xchange.git>\n==========================================\n```",
        "ts": "1523010506.000025"
    },
    {
        "type": "message",
        "user": "U02QSHX81",
        "text": "<@U7B8VF6TB> your `queuetest` script got me the following output\n```\nmaketmaker processes running: 1\nmax rpc threads spawned and alive 0 &lt;- 1\n{\"result\":\"success\",\"endpoint\":\"ws:\/\/127.0.0.1:63481\",\"socket\":10,\"sockopt\":0}\n{\"result\":\"success\",\"status\":\"queued\"}\n{\"result\":\"success\",\"status\":\"queued\"}\n{\"result\":\"success\",\"status\":\"queued\"}\n{\"result\":\"success\",\"status\":\"queued\"}\n{\"result\":\"success\",\"status\":\"queued\"}\n{\"result\":\"success\",\"status\":\"queued\"}\n{\"result\":\"success\",\"status\":\"queued\"}\n{\"result\":\"success\",\"status\":\"queued\"}\n{\"result\":\"success\",\"status\":\"queued\"}\n{\"result\":\"success\",\"status\":\"queued\"}\n{\"result\":\"success\",\"status\":\"queued\"}\n{\"result\":\"success\",\"status\":\"queued\"}\n{\"result\":\"success\",\"status\":\"queued\"}\n{\"result\":\"success\",\"status\":\"queued\"}\nbindflag.0 iguana_socket mismatch (35.177.149.192) -&gt; (<http:\/\/electrum1.cipig.net|electrum1.cipig.net>)\nLP_dedicatedloop ep.0x7fd6101f1010 sock.29 for <http:\/\/electrum1.cipig.net:10001|electrum1.cipig.net:10001> num.1 0xa34ad0 KMD ht.0\nloaded DB\/UNSPENTS\/KMD.SPV 30 entries total len.8279\nmaketmaker processes running 1\n```\nI used script inside iguana dir and added only `.\/` before marketmaker",
        "edited": {
            "user": "U02QSHX81",
            "ts": "1523010832.000000"
        },
        "ts": "1523010828.000340"
    },
    {
        "type": "message",
        "user": "U7B8VF6TB",
        "text": "thanks for testing",
        "ts": "1523010859.000269"
    },
    {
        "type": "message",
        "user": "U7B8VF6TB",
        "text": "I’ve removed queueing in our app",
        "ts": "1523010866.000115"
    },
    {
        "type": "message",
        "user": "U7B8VF6TB",
        "text": "it seems to be much more stable now",
        "ts": "1523010871.000137"
    },
    {
        "type": "message",
        "user": "U02QSHX81",
        "text": "nice",
        "ts": "1523010953.000133"
    },
    {
        "type": "message",
        "user": "U02LQ1WHQ",
        "text": "does orderbook block or return instant?",
        "ts": "1523011043.000214"
    },
    {
        "type": "message",
        "user": "U02QSHX81",
        "text": "let me test that.",
        "ts": "1523011095.000379"
    },
    {
        "type": "message",
        "user": "U02LQ1WHQ",
        "text": "when there is some long term command running like sleep (dont forget &amp;) so it doesnt block in the shell",
        "ts": "1523011153.000227"
    },
    {
        "type": "message",
        "user": "U02QSHX81",
        "text": "using \n```\n\t\"method\": \"orderbook\",\n\t\"base\": \"REVS\",\n\t\"rel\": \"KMD\"\n```\ni get \n```\n{\n\t\"error\": \"base or rel not added\"\n}\n```",
        "ts": "1523011362.000125"
    },
    {
        "type": "message",
        "user": "U02LQ1WHQ",
        "text": "have both been enabled?",
        "ts": "1523011977.000417"
    },
    {
        "type": "message",
        "user": "U02QSHX81",
        "text": "yes",
        "ts": "1523011982.000155"
    },
    {
        "type": "message",
        "user": "U02QSHX81",
        "text": "<@U7B8VF6TB> script has them \n```\ncurl '<http:\/\/127.0.0.1:63434\/>' --data '{\"queueid\":1,\"method\":\"electrum\",\"coin\":\"KMD\",\"ipaddr\":\"<http:\/\/electrum1.cipig.net|electrum1.cipig.net>\",\"port\":10001,\"userpass\":\"1e089e3c5323ad80a90767bdd5907297b4138163f027097fd3bdbeab528d2d68\"}'\ncurl '<http:\/\/127.0.0.1:63434\/>' --data '{\"queueid\":2,\"method\":\"electrum\",\"coin\":\"KMD\",\"ipaddr\":\"<http:\/\/electrum2.cipig.net|electrum2.cipig.net>\",\"port\":10001,\"userpass\":\"1e089e3c5323ad80a90767bdd5907297b4138163f027097fd3bdbeab528d2d68\"}'\ncurl '<http:\/\/127.0.0.1:63434\/>' --data '{\"queueid\":3,\"method\":\"electrum\",\"coin\":\"REVS\",\"ipaddr\":\"<http:\/\/electrum1.cipig.net|electrum1.cipig.net>\",\"port\":10003,\"userpass\":\"1e089e3c5323ad80a90767bdd5907297b4138163f027097fd3bdbeab528d2d68\"}'\ncurl '<http:\/\/127.0.0.1:63434\/>' --data '{\"queueid\":4,\"method\":\"electrum\",\"coin\":\"REVS\",\"ipaddr\":\"<http:\/\/electrum2.cipig.net|electrum2.cipig.net>\",\"port\":10003,\"userpass\":\"1e089e3c5323ad80a90767bdd5907297b4138163f027097fd3bdbeab528d2d68\"}'\n```",
        "ts": "1523012016.000388"
    },
    {
        "type": "message",
        "user": "U7B8VF6TB",
        "text": "make sure you update the port and userpass from that example ^",
        "ts": "1523012047.000199"
    },
    {
        "type": "message",
        "user": "U7B8VF6TB",
        "text": "I wasn’t using the default port",
        "ts": "1523012052.000155"
    },
    {
        "type": "message",
        "user": "U02QSHX81",
        "text": "yes, i did :slightly_smiling_face:",
        "ts": "1523012054.000271"
    },
    {
        "type": "message",
        "user": "U7B8VF6TB",
        "text": ":ok_hand:",
        "ts": "1523012058.000345"
    },
    {
        "type": "message",
        "user": "U02LQ1WHQ",
        "text": "did all the queued commands complete?",
        "ts": "1523012068.000407"
    },
    {
        "type": "message",
        "text": "",
        "files": [
            {
                "id": "FA3DAHMGX",
                "created": 1523012110,
                "timestamp": 1523012110,
                "name": "-.sh",
                "title": "Untitled",
                "mimetype": "text\/plain",
                "filetype": "shell",
                "pretty_type": "Shell",
                "user": "U02QSHX81",
                "editable": true,
                "size": 1159,
                "mode": "snippet",
                "is_external": false,
                "external_type": "",
                "is_public": true,
                "public_url_shared": false,
                "display_as_bot": false,
                "username": "",
                "url_private": "https:\/\/files.slack.com\/files-pri\/T02LAJBUW-FA3DAHMGX\/-.sh?t=xoxe-2690623982-420508393732-420508393844-55126cc98091fbe0399fac3c66f6ed8e",
                "url_private_download": "https:\/\/files.slack.com\/files-pri\/T02LAJBUW-FA3DAHMGX\/download\/-.sh?t=xoxe-2690623982-420508393732-420508393844-55126cc98091fbe0399fac3c66f6ed8e",
                "permalink": "https:\/\/komodo-platform.slack.com\/files\/U02QSHX81\/FA3DAHMGX\/-.sh",
                "permalink_public": "https:\/\/slack-files.com\/T02LAJBUW-FA3DAHMGX-7a95a7ec92",
                "edit_link": "https:\/\/komodo-platform.slack.com\/files\/U02QSHX81\/FA3DAHMGX\/-.sh\/edit",
                "preview": ">>>>>>>>>> DEX stats 127.0.0.1:63434 bind sock.27 DEX stats API enabled at unixtime.1523011796 <<<<<<<<<\r\n\r\nmaketmaker processes running: 1\r\nmax rpc threads spawned and alive 0 <- 1\r\n{\"result\":\"success\",\"endpoint\":\"ws:\/\/127.0.0.1:63481\",\"socket\":10,\"sockopt\":0}\r",
                "preview_highlight": "<div class=\"CodeMirror cm-s-default CodeMirrorServer\" oncopy=\"if(event.clipboardData){event.clipboardData.setData('text\/plain',window.getSelection().toString().replace(\/\\u200b\/g,''));event.preventDefault();event.stopPropagation();}\">\n<div class=\"CodeMirror-code\">\n<div><pre>&gt;&gt;&gt;&gt;&gt;&gt;&gt;&gt;&gt;&gt; DEX stats <span class=\"cm-number\">127<\/span>.0.0.1:63434 bind sock.27 DEX stats API enabled at unixtime.1523011796 &lt;&lt;&lt;&lt;&lt;&lt;&lt;&lt;&lt;<\/pre><\/div>\n<div><pre>&#8203;<\/pre><\/div>\n<div><pre>maketmaker processes running: <span class=\"cm-number\">1<\/span><\/pre><\/div>\n<div><pre>max rpc threads spawned and alive <span class=\"cm-number\">0<\/span> &lt;- <span class=\"cm-number\">1<\/span><\/pre><\/div>\n<div><pre>{<span class=\"cm-string\">&quot;result&quot;<\/span>:<span class=\"cm-string\">&quot;success&quot;<\/span>,<span class=\"cm-string\">&quot;endpoint&quot;<\/span>:<span class=\"cm-string\">&quot;ws:\/\/127.0.0.1:63481&quot;<\/span>,<span class=\"cm-string\">&quot;socket&quot;<\/span>:10,<span class=\"cm-string\">&quot;sockopt&quot;<\/span>:0}<\/pre><\/div>\n<\/div>\n<\/div>\n",
                "lines": 26,
                "lines_more": 21,
                "preview_is_truncated": true
            }
        ],
        "upload": true,
        "user": "U02QSHX81",
        "display_as_bot": false,
        "ts": "1523012111.000102"
    },
    {
        "type": "message",
        "user": "U02LQ1WHQ",
        "text": "queued means it is in the queue and not completed yet",
        "ts": "1523012132.000084"
    },
    {
        "type": "message",
        "user": "U02LQ1WHQ",
        "text": "until it is completed, it isnt completed",
        "ts": "1523012139.000198"
    },
    {
        "type": "message",
        "user": "U02LQ1WHQ",
        "text": "if a enable\/electrum is not completed, orderbook will give an error",
        "ts": "1523012153.000127"
    },
    {
        "type": "message",
        "user": "U02QSHX81",
        "text": "i see. my mistake. but, i don't see anything else happening after that.",
        "ts": "1523012165.000166"
    },
    {
        "type": "message",
        "user": "U02LQ1WHQ",
        "text": "if you dont have the endpoint monitoring, maybe you wont see the events",
        "ts": "1523012185.000088"
    },
    {
        "type": "message",
        "user": "U02LQ1WHQ",
        "text": "see if orderbook works after some time passes",
        "ts": "1523012192.000304"
    },
    {
        "type": "message",
        "user": "U02LQ1WHQ",
        "text": "but it could be the queueid destabilizes things, so maybe best to not use it for now?",
        "ts": "1523012217.000359"
    },
    {
        "type": "message",
        "user": "U02LQ1WHQ",
        "text": "i reproduced the fresh clone not starting... investigating that",
        "ts": "1523012229.000294",
        "reactions": [
            {
                "name": "+1",
                "users": [
                    "U02QSHX81"
                ],
                "count": 1
            }
        ]
    },
    {
        "type": "message",
        "user": "U02QSHX81",
        "text": "also, used a new terminal inside iguana dir and issued `.\/marketmaker events`. does not show anything.",
        "ts": "1523012324.000254"
    },
    {
        "type": "message",
        "user": "U02LQ1WHQ",
        "text": "pushed fix for fresh clone not working. the EQL in coins didnt have \\\" just had \", which made it illegal JSON",
        "ts": "1523012861.000263"
    },
    {
        "type": "message",
        "user": "U02QSHX81",
        "text": "i see, testing the fix",
        "ts": "1523012887.000222"
    },
    {
        "type": "message",
        "user": "U02QSHX81",
        "text": "yep, working fine now",
        "ts": "1523012974.000174"
    },
    {
        "type": "message",
        "user": "U2Q1DP6EQ",
        "text": "<@U6PPCCQ00> installed the wallet (after i had to make all their scripts executable). Could you send some coins for testing to XquiyV5yzUxoumY9Wa3yvgkNxreE4f44WM?",
        "ts": "1523014802.000154"
    },
    {
        "type": "message",
        "user": "U7ESH6VT5",
        "text": "where i could find bootstrap? can't build in provided vm box",
        "ts": "1523015540.000301"
    },
    {
        "type": "message",
        "user": "U7ESH6VT5",
        "text": "need to sync two machines, can't do it for over 12 hours",
        "ts": "1523015560.000365"
    },
    {
        "type": "message",
        "user": "U02QSHX81",
        "text": "do you want to use CLI or GUI?",
        "ts": "1523015562.000089"
    },
    {
        "type": "message",
        "user": "U7ESH6VT5",
        "text": "just testing barterdex",
        "ts": "1523015573.000375"
    },
    {
        "type": "message",
        "user": "U7ESH6VT5",
        "text": "mac nad ubuntu",
        "ts": "1523015579.000281"
    },
    {
        "type": "message",
        "user": "U7ESH6VT5",
        "text": "mac synced",
        "ts": "1523015583.000146"
    },
    {
        "type": "message",
        "user": "U7ESH6VT5",
        "text": "ubuntu was on 20%, not probably will activate chain for another 10......",
        "ts": "1523015600.000275"
    },
    {
        "type": "message",
        "user": "U7ESH6VT5",
        "text": "no use for image that is just 20 tines slower",
        "ts": "1523015618.000225"
    },
    {
        "type": "message",
        "user": "U02QSHX81",
        "text": "which coin?",
        "ts": "1523015621.000001"
    },
    {
        "type": "message",
        "user": "U7ESH6VT5",
        "text": "im looking for kmd bootstrap",
        "ts": "1523015639.000029"
    },
    {
        "type": "message",
        "user": "U02QSHX81",
        "text": "use electrum mode, you dont need any blockchain data",
        "ts": "1523015661.000341"
    },
    {
        "type": "message",
        "user": "U7ESH6VT5",
        "text": "i need native kmd fully synced to do test swap, no?",
        "ts": "1523015679.000354"
    },
    {
        "type": "message",
        "user": "U02QSHX81",
        "text": "if you use electrum mode, you don't need any blockchain data",
        "ts": "1523015707.000122"
    },
    {
        "type": "message",
        "user": "U7ESH6VT5",
        "text": "so this is out of date? `Start Komodo Native Wallet\nStart Monaize Native Wallet`",
        "ts": "1523015757.000268"
    },
    {
        "type": "message",
        "user": "U02QSHX81",
        "text": "<https:\/\/komodoplatform.atlassian.net\/wiki\/spaces\/KPSD\/pages\/215646209\/BarterDEX+Explanation+and+Basic+Functions>",
        "ts": "1523015871.000034"
    },
    {
        "type": "message",
        "user": "U6MTBP2QK",
        "text": "If a coin needs a bootstrap, then the P2P part of the wallet is a fail",
        "ts": "1523016193.000214"
    },
    {
        "type": "message",
        "user": "U7ESH6VT5",
        "text": "kmd needs bootstrap",
        "ts": "1523016308.000298"
    },
    {
        "type": "message",
        "user": "U7ESH6VT5",
        "text": "ca't test fro over 10 hours",
        "ts": "1523016326.000365"
    },
    {
        "type": "message",
        "user": "U02QSHX81",
        "text": "which guide you are using?",
        "ts": "1523016345.000218"
    },
    {
        "type": "message",
        "user": "U7ESH6VT5",
        "text": "not using guides",
        "ts": "1523016390.000002"
    },
    {
        "type": "message",
        "user": "U7ESH6VT5",
        "text": "just preparing machines",
        "ts": "1523016397.000111"
    },
    {
        "type": "message",
        "user": "U7ESH6VT5",
        "text": "not using inage since can not build inside of it, so pulling fresh ones",
        "ts": "1523016432.000027"
    },
    {
        "type": "message",
        "user": "U7ESH6VT5",
        "text": "waiting for second one to finish",
        "ts": "1523016441.000195"
    },
    {
        "type": "message",
        "user": "U02QSHX81",
        "text": "why don't you activate KMD in electrum mode if you can't wait long to download blockchain database",
        "ts": "1523016441.000402"
    },
    {
        "type": "message",
        "user": "U6MTBP2QK",
        "text": "taking hours to download 4GB and *needing* bootstrap are not the same thing\nYou'd *prefer* a bootstrap, you don't *need* one",
        "attachments": [
            {
                "fallback": "[April 6th, 2018 7:05 AM] slowdive: kmd needs bootstrap",
                "ts": "1523016308.000298",
                "author_id": "U7ESH6VT5",
                "author_subname": "Kirill Orlov",
                "channel_id": "C0MN08277",
                "channel_name": "tradebots",
                "is_msg_unfurl": true,
                "text": "kmd needs bootstrap",
                "author_name": "Kirill Orlov",
                "author_link": "https:\/\/komodo-platform.slack.com\/team\/U7ESH6VT5",
                "author_icon": "https:\/\/secure.gravatar.com\/avatar\/237a13e13c06316946fbe6715a3a75f0.jpg?s=48&d=https%3A%2F%2Fa.slack-edge.com%2F66f9%2Fimg%2Favatars%2Fava_0022-48.png",
                "mrkdwn_in": [
                    "text"
                ],
                "color": "D0D0D0",
                "from_url": "https:\/\/komodo-platform.slack.com\/archives\/C0MN08277\/p1523016308000298",
                "is_share": true,
                "footer": "Posted in #tradebots"
            }
        ],
        "ts": "1523016446.000010"
    },
    {
        "type": "message",
        "user": "U02QSHX81",
        "text": "all you need it just BarterDEX",
        "ts": "1523016453.000256"
    },
    {
        "type": "message",
        "user": "U7ESH6VT5",
        "text": "Start Komodo Native Wallet",
        "ts": "1523016474.000143"
    },
    {
        "type": "message",
        "user": "U02QSHX81",
        "text": "where do you see that?",
        "ts": "1523016481.000301"
    },
    {
        "type": "message",
        "user": "U7ESH6VT5",
        "text": "readme in barterdex repo",
        "ts": "1523016498.000140"
    },
    {
        "type": "message",
        "user": "U7ESH6VT5",
        "text": "<https:\/\/github.com\/KomodoPlatform\/BarterDEX#instructions-to-test>",
        "attachments": [
            {
                "service_name": "GitHub",
                "title": "KomodoPlatform\/BarterDEX",
                "title_link": "https:\/\/github.com\/KomodoPlatform\/BarterDEX#instructions-to-test",
                "text": ":chart_with_upwards_trend: BarterDEX: Decentralised Exchange and Cryptocurrency Market",
                "fallback": "GitHub: KomodoPlatform\/BarterDEX",
                "from_url": "https:\/\/github.com\/KomodoPlatform\/BarterDEX#instructions-to-test",
                "thumb_url": "https:\/\/avatars2.githubusercontent.com\/u\/21276113?s=400&v=4",
                "thumb_width": 250,
                "thumb_height": 250,
                "service_icon": "https:\/\/a.slack-edge.com\/bfaba\/img\/unfurl_icons\/github.png",
                "id": 1
            }
        ],
        "ts": "1523016519.000070"
    },
    {
        "type": "message",
        "user": "U02QSHX81",
        "text": "native is the best to use. but, you can use electrum as well.",
        "ts": "1523016573.000340"
    },
    {
        "type": "message",
        "user": "U7ESH6VT5",
        "text": "didn't knew i can test swap on spv",
        "edited": {
            "user": "U7ESH6VT5",
            "ts": "1523016608.000000"
        },
        "ts": "1523016596.000362"
    },
    {
        "type": "message",
        "user": "U02QSHX81",
        "text": "i have been telling you",
        "ts": "1523016608.000097"
    },
    {
        "type": "message",
        "user": "U7ESH6VT5",
        "text": "you recommended image for bootstrap solution",
        "ts": "1523016662.000109"
    },
    {
        "type": "message",
        "user": "U7ESH6VT5",
        "text": "so thats why i thought native mode only",
        "ts": "1523016670.000010"
    },
    {
        "type": "message",
        "user": "U02QSHX81",
        "text": "because you asked for that",
        "ts": "1523016675.000407"
    },
    {
        "type": "message",
        "user": "U02QSHX81",
        "text": "",
        "attachments": [
            {
                "fallback": "[April 5th, 2018 11:08 PM] slowdive: is there any version boostrap available?",
                "ts": "1522966129.000172",
                "author_id": "U7ESH6VT5",
                "author_subname": "Kirill Orlov",
                "channel_id": "C0MN08277",
                "channel_name": "tradebots",
                "is_msg_unfurl": true,
                "text": "is there any version boostrap available?",
                "author_name": "Kirill Orlov",
                "author_link": "https:\/\/komodo-platform.slack.com\/team\/U7ESH6VT5",
                "author_icon": "https:\/\/secure.gravatar.com\/avatar\/237a13e13c06316946fbe6715a3a75f0.jpg?s=48&d=https%3A%2F%2Fa.slack-edge.com%2F66f9%2Fimg%2Favatars%2Fava_0022-48.png",
                "mrkdwn_in": [
                    "text"
                ],
                "color": "D0D0D0",
                "from_url": "https:\/\/komodo-platform.slack.com\/archives\/C0MN08277\/p1522966129000172",
                "is_share": true,
                "footer": "Posted in #tradebots"
            }
        ],
        "ts": "1523016688.000444"
    },
    {
        "type": "message",
        "user": "U6MTBP2QK",
        "text": "<https:\/\/komodo-platform.slack.com\/archives\/C0MN08277\/p1523015707000122>\n<https:\/\/komodo-platform.slack.com\/archives\/C0MN08277\/p1523015661000341>\n<https:\/\/komodo-platform.slack.com\/archives\/C0MN08277\/p1523016441000402>",
        "attachments": [
            {
                "from_url": "https:\/\/komodo-platform.slack.com\/archives\/C0MN08277\/p1523015707000122",
                "fallback": "[April 6th, 2018 4:55 AM] shossain: if you use electrum mode, you don't need any blockchain data",
                "ts": "1523015707.000122",
                "author_id": "U02QSHX81",
                "author_subname": "SHossain",
                "channel_id": "C0MN08277",
                "channel_name": "tradebots",
                "is_msg_unfurl": true,
                "text": "if you use electrum mode, you don't need any blockchain data",
                "author_name": "SHossain",
                "author_link": "https:\/\/komodo-platform.slack.com\/team\/U02QSHX81",
                "author_icon": "https:\/\/secure.gravatar.com\/avatar\/d483fcff98d06d24864b216b1e07fbca.jpg?s=48&d=https%3A%2F%2Fa.slack-edge.com%2F66f9%2Fimg%2Favatars%2Fava_0018-48.png",
                "mrkdwn_in": [
                    "text"
                ],
                "id": 1,
                "footer": "Posted in #tradebots"
            },
            {
                "from_url": "https:\/\/komodo-platform.slack.com\/archives\/C0MN08277\/p1523015661000341",
                "fallback": "[April 6th, 2018 4:54 AM] shossain: use electrum mode, you dont need any blockchain data",
                "ts": "1523015661.000341",
                "author_id": "U02QSHX81",
                "author_subname": "SHossain",
                "channel_id": "C0MN08277",
                "channel_name": "tradebots",
                "is_msg_unfurl": true,
                "text": "use electrum mode, you dont need any blockchain data",
                "author_name": "SHossain",
                "author_link": "https:\/\/komodo-platform.slack.com\/team\/U02QSHX81",
                "author_icon": "https:\/\/secure.gravatar.com\/avatar\/d483fcff98d06d24864b216b1e07fbca.jpg?s=48&d=https%3A%2F%2Fa.slack-edge.com%2F66f9%2Fimg%2Favatars%2Fava_0018-48.png",
                "mrkdwn_in": [
                    "text"
                ],
                "id": 2,
                "footer": "Posted in #tradebots"
            },
            {
                "from_url": "https:\/\/komodo-platform.slack.com\/archives\/C0MN08277\/p1523016441000402",
                "fallback": "[April 6th, 2018 5:07 AM] shossain: why don't you activate KMD in electrum mode if you can't wait long to download blockchain database",
                "ts": "1523016441.000402",
                "author_id": "U02QSHX81",
                "author_subname": "SHossain",
                "channel_id": "C0MN08277",
                "channel_name": "tradebots",
                "is_msg_unfurl": true,
                "text": "why don't you activate KMD in electrum mode if you can't wait long to download blockchain database",
                "author_name": "SHossain",
                "author_link": "https:\/\/komodo-platform.slack.com\/team\/U02QSHX81",
                "author_icon": "https:\/\/secure.gravatar.com\/avatar\/d483fcff98d06d24864b216b1e07fbca.jpg?s=48&d=https%3A%2F%2Fa.slack-edge.com%2F66f9%2Fimg%2Favatars%2Fava_0018-48.png",
                "mrkdwn_in": [
                    "text"
                ],
                "id": 3,
                "footer": "Posted in #tradebots"
            }
        ],
        "ts": "1523016697.000443"
    },
    {
        "type": "message",
        "user": "U6PPCCQ00",
        "text": "<@U2Q1DP6EQ> Sent 50 Coins . Please Check",
        "ts": "1523016721.000064"
    },
    {
        "type": "message",
        "user": "U7ESH6VT5",
        "text": "guess i was thinking about something else when saw electrum, my bad",
        "edited": {
            "user": "U7ESH6VT5",
            "ts": "1523016793.000000"
        },
        "ts": "1523016780.000269"
    },
    {
        "type": "message",
        "user": "U2Q1DP6EQ",
        "text": "<@U6PPCCQ00> received... will test a swap",
        "ts": "1523017120.000312",
        "reactions": [
            {
                "name": "+1",
                "users": [
                    "U6PPCCQ00"
                ],
                "count": 1
            }
        ]
    },
    {
        "type": "message",
        "user": "U2Q1DP6EQ",
        "text": "<@U6PPCCQ00> do you know a blockexplorer for XCG? can't find one.",
        "ts": "1523017955.000290"
    },
    {
        "type": "message",
        "user": "U6PPCCQ00",
        "text": "I ll check with developer, even I can't find one",
        "ts": "1523018526.000312"
    },
    {
        "type": "message",
        "user": "U2Q1DP6EQ",
        "text": "oh, and we also need a logo for the GUI... <https:\/\/www.Xchange.io> is down",
        "ts": "1523018567.000202"
    },
    {
        "type": "message",
        "user": "U6PPCCQ00",
        "text": "Sent logo thru DM",
        "ts": "1523018839.000442"
    },
    {
        "type": "message",
        "user": "U7ESH6VT5",
        "text": "where i can ask about barterdex setting and coin wallet?",
        "ts": "1523019866.000438"
    },
    {
        "type": "message",
        "user": "U41M5AAJW",
        "text": "Here",
        "client_msg_id": "fa97b9a8-ecc2-4346-9ee7-b15d062d252f",
        "ts": "1523020297.000059"
    },
    {
        "type": "message",
        "user": "U7ESH6VT5",
        "text": "barterdex can't find inventory, it has over 3 transactions",
        "ts": "1523020477.000310"
    },
    {
        "type": "message",
        "user": "U7ESH6VT5",
        "text": "click make deposit - transaction did not complete please try again",
        "ts": "1523020597.000171"
    },
    {
        "type": "message",
        "user": "U7ESH6VT5",
        "text": "and coin wallet balance not changing",
        "ts": "1523020620.000398"
    },
    {
        "type": "message",
        "user": "U7ESH6VT5",
        "text": "osx",
        "ts": "1523021140.000314"
    },
    {
        "type": "message",
        "user": "U7ESH6VT5",
        "text": "noticed dash had `dashcore` in the coins.json. is this the name for the coin or name for the client?",
        "ts": "1523021817.000086"
    },
    {
        "type": "message",
        "user": "U7ESH6VT5",
        "text": "but its working on linux tho",
        "ts": "1523021915.000094"
    },
    {
        "type": "message",
        "user": "U2Q1DP6EQ",
        "text": "the name in the coins-file is for BarterDEX to find the config-file, it is ~\/.$name\/$name.conf ... unfortunately some coins are using weird locations... if that is the case you need to additionally specify confpath like `\\\"confpath\\\":\\\"${HOME#}\/.dashcore\/dash.conf` for DASH",
        "ts": "1523022025.000131"
    },
    {
        "type": "message",
        "user": "U7ESH6VT5",
        "text": "no, default path",
        "ts": "1523022123.000411"
    },
    {
        "type": "message",
        "user": "U7ESH6VT5",
        "text": "its working on another machine with fresh ubuntu",
        "ts": "1523022134.000252"
    },
    {
        "type": "message",
        "user": "U7ESH6VT5",
        "text": "trying to finish test on working ubuntu",
        "ts": "1523022562.000132"
    },
    {
        "type": "message",
        "user": "U7ESH6VT5",
        "text": "getting tx did not complete please try again later",
        "edited": {
            "user": "U7ESH6VT5",
            "ts": "1523023283.000000"
        },
        "ts": "1523023277.000360"
    },
    {
        "type": "message",
        "user": "U7ESH6VT5",
        "text": "should i just don't touch it for a while?",
        "ts": "1523023306.000775"
    },
    {
        "type": "message",
        "user": "U7ESH6VT5",
        "text": "restarted barterdex and my 0.2 kmd just gone",
        "ts": "1523023328.000402"
    },
    {
        "type": "message",
        "user": "U7ESH6VT5",
        "text": "same seed but new deposit address",
        "ts": "1523023343.000184"
    },
    {
        "type": "message",
        "user": "U2Q1DP6EQ",
        "text": "the coin address is derived from the passphrase, so if you get another address, so must have used another passphrase... maybe some white space too much or to less",
        "ts": "1523023508.000481"
    },
    {
        "type": "message",
        "user": "U7ESH6VT5",
        "text": "orders are executed but nothings happening",
        "ts": "1523026205.000503"
    },
    {
        "type": "message",
        "user": "U6MTBP2QK",
        "text": "the thing to remember with a decentralized exchange is that no one is forced to do anything\nJust because you placed an offer doesn't mean anyone wants to accept that offer\nSometimes you have to try multiple different offers to find a price\/quantity someone else wants if you're alice; and if you're bob, you have to wait for an alice to place an offer you like",
        "edited": {
            "user": "U6MTBP2QK",
            "ts": "1523027391.000000"
        },
        "ts": "1523027371.000074"
    },
    {
        "type": "message",
        "user": "U7ESH6VT5",
        "text": "im trying to to test swap, on two machines",
        "ts": "1523027531.000300"
    },
    {
        "type": "message",
        "user": "U7ESH6VT5",
        "text": "gui shows green but thats it",
        "ts": "1523027579.000610"
    },
    {
        "type": "message",
        "user": "U6MTBP2QK",
        "text": "green?",
        "ts": "1523027597.000006"
    },
    {
        "type": "message",
        "user": "U7ESH6VT5",
        "text": "order executed",
        "ts": "1523027656.000505"
    },
    {
        "type": "message",
        "user": "U7ESH6VT5",
        "text": "also orderbooks are not refreshing",
        "ts": "1523027669.000401"
    },
    {
        "type": "message",
        "user": "U6MTBP2QK",
        "text": "orderbooks refresh on a timer",
        "ts": "1523027707.000692"
    },
    {
        "type": "message",
        "user": "U7ESH6VT5",
        "text": "maybe its because im on same ip idk",
        "ts": "1523027718.000660"
    },
    {
        "type": "message",
        "user": "U6MTBP2QK",
        "text": "that means that you *placed* an offer successfully; nothing more, nothing less",
        "attachments": [
            {
                "fallback": "[April 6th, 2018 10:14 AM] slowdive: order executed",
                "ts": "1523027656.000505",
                "author_id": "U7ESH6VT5",
                "author_subname": "Kirill Orlov",
                "channel_id": "C0MN08277",
                "channel_name": "tradebots",
                "is_msg_unfurl": true,
                "text": "order executed",
                "author_name": "Kirill Orlov",
                "author_link": "https:\/\/komodo-platform.slack.com\/team\/U7ESH6VT5",
                "author_icon": "https:\/\/secure.gravatar.com\/avatar\/237a13e13c06316946fbe6715a3a75f0.jpg?s=48&d=https%3A%2F%2Fa.slack-edge.com%2F66f9%2Fimg%2Favatars%2Fava_0022-48.png",
                "mrkdwn_in": [
                    "text"
                ],
                "color": "D0D0D0",
                "from_url": "https:\/\/komodo-platform.slack.com\/archives\/C0MN08277\/p1523027656000505",
                "is_share": true,
                "footer": "Posted in #tradebots"
            }
        ],
        "ts": "1523027786.000820"
    },
    {
        "type": "message",
        "user": "U2Q1DP6EQ",
        "text": "when i want to test a new coin, i do the following, that is the fastest\/easiest:\n`curl --url \"<http:\/\/127.0.0.1:7783>\" --data \"{\\\"userpass\\\":\\\"$userpass\\\",\\\"method\\\":\\\"setprice\\\",\\\"base\\\":\\\"COIN\\\",\\\"rel\\\":\\\"KMD\\\",\\\"price\\\":0.1}\"` on bob\n`curl --url \"<http:\/\/127.0.0.1:7783>\" --data \"{\\\"userpass\\\":\\\"$userpass\\\",\\\"method\\\":\\\"buy\\\",\\\"base\\\":\\\"COIN\\\",\\\"rel\\\":\\\"KMD\\\",\\\"relvolume\\\":0.08,\\\"price\\\":0.12}\"` on alice\nthat is after i sent two transactions of COIN to bob, one with amount 1 and the other with amount 1.2\nthe success rate is like 100%",
        "edited": {
            "user": "U2Q1DP6EQ",
            "ts": "1523027811.000000"
        },
        "ts": "1523027793.000127"
    },
    {
        "type": "message",
        "user": "U7ESH6VT5",
        "text": "is there a documentation about how to do tests?  can't find anything on wiki",
        "ts": "1523028354.000570"
    },
    {
        "type": "message",
        "user": "U7ESH6VT5",
        "text": "or atlassian is not the full?",
        "ts": "1523028381.000482"
    },
    {
        "type": "message",
        "user": "U6MTBP2QK",
        "text": "huh?",
        "attachments": [
            {
                "fallback": "[April 6th, 2018 10:26 AM] slowdive: or atlassian is not the full?",
                "ts": "1523028381.000482",
                "author_id": "U7ESH6VT5",
                "author_subname": "Kirill Orlov",
                "channel_id": "C0MN08277",
                "channel_name": "tradebots",
                "is_msg_unfurl": true,
                "text": "or atlassian is not the full?",
                "author_name": "Kirill Orlov",
                "author_link": "https:\/\/komodo-platform.slack.com\/team\/U7ESH6VT5",
                "author_icon": "https:\/\/secure.gravatar.com\/avatar\/237a13e13c06316946fbe6715a3a75f0.jpg?s=48&d=https%3A%2F%2Fa.slack-edge.com%2F66f9%2Fimg%2Favatars%2Fava_0022-48.png",
                "mrkdwn_in": [
                    "text"
                ],
                "color": "D0D0D0",
                "from_url": "https:\/\/komodo-platform.slack.com\/archives\/C0MN08277\/p1523028381000482",
                "is_share": true,
                "footer": "Posted in #tradebots"
            }
        ],
        "ts": "1523028853.000477"
    },
    {
        "type": "message",
        "user": "U7ESH6VT5",
        "text": "orderbooks are not refreshing, i can't figure out if there is a connection problem, or something else",
        "ts": "1523028871.000634"
    },
    {
        "type": "message",
        "user": "U6MTBP2QK",
        "text": "view ... toggle developer tools...\nwhat does it show?",
        "ts": "1523028914.000314"
    },
    {
        "type": "message",
        "user": "U7ESH6VT5",
        "text": "6 errors 255 warnings",
        "ts": "1523029039.000548"
    },
    {
        "type": "message",
        "user": "U7ESH6VT5",
        "text": "Object {result: \"success\", swaps: Array(0)",
        "ts": "1523029074.000423"
    },
    {
        "type": "message",
        "user": "U9KF6HXQF",
        "text": "<@U02LQ1WHQ> - Successful Brofist\/PEW swap \n\n```&gt;&gt;&gt;&gt;&gt;&gt;&gt;&gt;&gt;&gt;&gt;&gt;&gt;&gt;&gt;&gt;&gt;&gt;&gt;&gt;&gt;&gt;&gt;&gt;&gt;\nSWAP completed! 2540031643-1945047840 {\"expiration\":1523043037,\"tradeid\":0,\"requestid\":2540031643,\"quoteid\":1945047840,\"iambob\":1,\"Bgui\":\"nogui\",\"Agui\":\"\",\"gui\":\"nogui\",\"bob\":\"PEW\",\"srcamount\":0.86028112,\"bobtxfee\":0.00010000,\"alice\":\"KMD\",\"destamount\":0.12509000,\"alicetxfee\":0.00001000,\"aliceid\":\"6890999312195190785\",\"sentflags\":[\"alicespend\", \"bobspend\", \"bobpayment\", \"alicepayment\", \"bobdeposit\", \"bobrefund\"],\"values\":[0.86038112, 0.12510000, 0.86048112, 0.12511000, 0.96801626, 0, 0, 0.96791626, 0, 0, 0],\"result\":\"success\",\"status\":\"finished\",\"finishtime\":1523028267,\"bobdeposit\":\"0476fdfeb22a4af2231a22aaabf742c35e7f1dd34c026e62070ad3adb1099418\",\"alicepayment\":\"5b3c84f3ed709798b62c004ca04e428c3532d1fbbab158442fd978d9f532f952\",\"bobpayment\":\"8ab0bb6c4bae2d33055403243527e9559200c9b4029e30f6dad0cacb78ecb7ef\",\"paymentspent\":\"4fadf294b43513dcc0609c74c1d28ef7c9c7fd8765b143559673fee5cff85d6b\",\"Apaymentspent\":\"b5cee210f2964a4e4468b6e5d9b4e8d16a7bf94a2bc70155b88c4cad9a1a8b9a\",\"depositspent\":\"f671e6f23d8c13a449ce8081a8bee90041c166f183c42c1021cffa5f201edb49\",\"method\":\"tradestatus\",\"finishtime\":1523028267}```\n\n\nbobdeposit: <https:\/\/pew.overemo.com\/tx\/0476fdfeb22a4af2231a22aaabf742c35e7f1dd34c026e62070ad3adb1099418>\nalicepayment: <https:\/\/www.kmd.host\/tx\/5b3c84f3ed709798b62c004ca04e428c3532d1fbbab158442fd978d9f532f952>\nbobpayment: <https:\/\/pew.overemo.com\/tx\/8ab0bb6c4bae2d33055403243527e9559200c9b4029e30f6dad0cacb78ecb7ef>\ncoins-file: {\\\"coin\\\":\\\"PEW\\\",\\\"name\\\":\\\"brofist\\\",\\\"rpcport\\\":12454,\\\"pubtype\\\":55,\\\"p2shtype\\\":10,\\\"wiftype\\\":198,\\\"txfee\\\":10000,\\\"confpath\\\":\\\"${HOME#}\/.brofistcore\/brofist.conf\\\"}",
        "ts": "1523029074.000696",
        "reactions": [
            {
                "name": "100",
                "users": [
                    "U2Q1DP6EQ"
                ],
                "count": 1
            }
        ]
    },
    {
        "type": "message",
        "user": "U9KF6HXQF",
        "text": "PRs will take 30min, gotta eat first",
        "ts": "1523029081.000688"
    },
    {
        "type": "message",
        "user": "U7ESH6VT5",
        "text": "Object {result: \"success\", swaps: Array(0)",
        "ts": "1523029135.000765"
    },
    {
        "type": "message",
        "user": "U7ESH6VT5",
        "text": "dex_SimpleActions.js:4338 11:39:01 AM MM_CALL: bot_screen_sellcoin_balanc",
        "ts": "1523029151.000172"
    },
    {
        "type": "message",
        "user": "U6MTBP2QK",
        "text": "that, literally, means it *is* updating\nit also means that you're not getting the info from the network",
        "attachments": [
            {
                "fallback": "[April 6th, 2018 10:38 AM] slowdive: Object {result: \"success\", swaps: Array(0)",
                "ts": "1523029135.000765",
                "author_id": "U7ESH6VT5",
                "author_subname": "Kirill Orlov",
                "channel_id": "C0MN08277",
                "channel_name": "tradebots",
                "is_msg_unfurl": true,
                "text": "Object {result: \"success\", swaps: Array(0)",
                "author_name": "Kirill Orlov",
                "author_link": "https:\/\/komodo-platform.slack.com\/team\/U7ESH6VT5",
                "author_icon": "https:\/\/secure.gravatar.com\/avatar\/237a13e13c06316946fbe6715a3a75f0.jpg?s=48&d=https%3A%2F%2Fa.slack-edge.com%2F66f9%2Fimg%2Favatars%2Fava_0022-48.png",
                "mrkdwn_in": [
                    "text"
                ],
                "color": "D0D0D0",
                "from_url": "https:\/\/komodo-platform.slack.com\/archives\/C0MN08277\/p1523029135000765",
                "is_share": true,
                "footer": "Posted in #tradebots"
            }
        ],
        "ts": "1523029182.000530"
    },
    {
        "type": "message",
        "user": "U7ESH6VT5",
        "text": "what network that would be?",
        "ts": "1523029230.000094"
    },
    {
        "type": "message",
        "user": "U7ESH6VT5",
        "text": "balances on both wallets are changing",
        "ts": "1523029238.000492"
    },
    {
        "type": "message",
        "user": "U6MTBP2QK",
        "text": "the P2P network that makes all of this work",
        "ts": "1523029272.000047"
    },
    {
        "type": "message",
        "user": "U7ESH6VT5",
        "text": "but i saw orders before and they were executed",
        "ts": "1523029345.000651"
    },
    {
        "type": "message",
        "user": "U6MTBP2QK",
        "text": "ok, do you understand how P2P works?",
        "ts": "1523029430.000333"
    },
    {
        "type": "message",
        "user": "U7ESH6VT5",
        "text": "yes",
        "ts": "1523029449.000550"
    },
    {
        "type": "message",
        "user": "U6MTBP2QK",
        "text": "OK, so you understand that one node gets the information is has from other nodes?",
        "ts": "1523029483.000437"
    },
    {
        "type": "message",
        "user": "U7ESH6VT5",
        "text": "precisely",
        "ts": "1523029491.000393"
    },
    {
        "type": "message",
        "user": "U6MTBP2QK",
        "text": "and you understand that if you aren't connecting to other nodes, then you can't get information from them (no matter what you send out)",
        "ts": "1523029518.000072"
    },
    {
        "type": "message",
        "user": "U6MTBP2QK",
        "text": "?",
        "ts": "1523029521.000451"
    },
    {
        "type": "message",
        "user": "U7ESH6VT5",
        "text": "how can i figure out why it got disconnected?",
        "ts": "1523029553.000669"
    },
    {
        "type": "message",
        "user": "U7ESH6VT5",
        "text": "worked one way, should work another",
        "ts": "1523029567.000457"
    },
    {
        "type": "message",
        "user": "U6MTBP2QK",
        "text": "it could be any one of 100,000 reasons; because the internet",
        "ts": "1523029590.000099"
    },
    {
        "type": "message",
        "user": "U2Q1DP6EQ",
        "text": "<@U7ESH6VT5> should i try a swap with AXE instead? Or do you want to get it working yourself?",
        "ts": "1523029811.000482"
    },
    {
        "type": "message",
        "user": "U7ESH6VT5",
        "text": "<@U2Q1DP6EQ> i would like to be able to perform it, but i can not find documentation",
        "ts": "1523029946.000494"
    },
    {
        "type": "message",
        "user": "U2Q1DP6EQ",
        "text": "there is not much documentation about adding new coins i fear... but i think your problems are more basic, not really about adding a new coin... i also have to say that i have only added\/tested new coins with CLI, not using GUI, simply because i don't want to debug the GUI while adding a new coin... when doing CLI there is simply one potential problem eliminated",
        "ts": "1523030154.000492"
    },
    {
        "type": "message",
        "user": "U2Q1DP6EQ",
        "text": "and you see better what is actually happening then with GUI",
        "ts": "1523030193.000559"
    },
    {
        "type": "message",
        "user": "U7ESH6VT5",
        "text": "another axe dev is playing with cli with same results",
        "ts": "1523030207.000157"
    },
    {
        "type": "message",
        "user": "U7ESH6VT5",
        "text": "barterdex stopped updating orderbooks",
        "ts": "1523030237.000784"
    },
    {
        "type": "message",
        "user": "U7ESH6VT5",
        "text": "port connections are green",
        "ts": "1523030263.000791"
    },
    {
        "type": "message",
        "user": "U6MTBP2QK",
        "text": "If doing this fails, then you likely have networking issues",
        "attachments": [
            {
                "fallback": "[April 6th, 2018 10:16 AM] cipi: when i want to test a new coin, i do the following, that is the fastest\/easiest:\n`curl --url \"<http:\/\/127.0.0.1:7783>\" --data \"{\\\"userpass\\\":\\\"$userpass\\\",\\\"method\\\":\\\"setprice\\\",\\\"base\\\":\\\"COIN\\\",\\\"rel\\\":\\\"KMD\\\",\\\"price\\\":0.1}\"` on bob\n`curl --url \"<http:\/\/127.0.0.1:7783>\" --data \"{\\\"userpass\\\":\\\"$userpass\\\",\\\"method\\\":\\\"buy\\\",\\\"base\\\":\\\"COIN\\\",\\\"rel\\\":\\\"KMD\\\",\\\"relvolume\\\":0.08,\\\"price\\\":0.12}\"` on alice\nthat is after i sent two transactions of COIN to bob, one with amount 1 and the other with amount 1.2\nthe success rate is like 100%",
                "ts": "1523027793.000127",
                "author_id": "U2Q1DP6EQ",
                "author_subname": "Cipi Tor",
                "channel_id": "C0MN08277",
                "channel_name": "tradebots",
                "is_msg_unfurl": true,
                "text": "when i want to test a new coin, i do the following, that is the fastest\/easiest:\n`curl --url \"<http:\/\/127.0.0.1:7783>\" --data \"{\\\"userpass\\\":\\\"$userpass\\\",\\\"method\\\":\\\"setprice\\\",\\\"base\\\":\\\"COIN\\\",\\\"rel\\\":\\\"KMD\\\",\\\"price\\\":0.1}\"` on bob\n`curl --url \"<http:\/\/127.0.0.1:7783>\" --data \"{\\\"userpass\\\":\\\"$userpass\\\",\\\"method\\\":\\\"buy\\\",\\\"base\\\":\\\"COIN\\\",\\\"rel\\\":\\\"KMD\\\",\\\"relvolume\\\":0.08,\\\"price\\\":0.12}\"` on alice\nthat is after i sent two transactions of COIN to bob, one with amount 1 and the other with amount 1.2\nthe success rate is like 100%",
                "author_name": "Cipi Tor",
                "author_link": "https:\/\/komodo-platform.slack.com\/team\/U2Q1DP6EQ",
                "author_icon": "https:\/\/secure.gravatar.com\/avatar\/3ba923e3ddaf36d1fc2a9b5d8b4f7bc9.jpg?s=48&d=https%3A%2F%2Fa.slack-edge.com%2F66f9%2Fimg%2Favatars%2Fava_0019-48.png",
                "mrkdwn_in": [
                    "text"
                ],
                "color": "D0D0D0",
                "from_url": "https:\/\/komodo-platform.slack.com\/archives\/C0MN08277\/p1523027793000127",
                "is_share": true,
                "footer": "Posted in #tradebots"
            }
        ],
        "ts": "1523030272.000703"
    },
    {
        "type": "message",
        "user": "U7ESH6VT5",
        "text": "i will need to create new addresses and inventories for this",
        "ts": "1523030317.000673"
    },
    {
        "type": "message",
        "user": "U7ESH6VT5",
        "text": "so im trying my best with what i have, don't want to waste that burned kmd",
        "ts": "1523030340.000507"
    },
    {
        "type": "message",
        "user": "U2Q1DP6EQ",
        "text": "you have to know how the whole utxo-thing is working... you will have to make some in order to try a swap... the above example is making 2 utxos for bob side... alice also has to have some utxos, with KMD... something like 0.1 and 0.001",
        "ts": "1523030358.000345"
    },
    {
        "type": "message",
        "user": "U6MTBP2QK",
        "text": "You're using the wrong terms here.\nAs I previously said, the GUI (BarterDEX) is, in fact, updating the books (just with a null set); marketmaker is not getting the proper information from the network",
        "attachments": [
            {
                "fallback": "[April 6th, 2018 10:57 AM] slowdive: barterdex stopped updating orderbooks",
                "ts": "1523030237.000784",
                "author_id": "U7ESH6VT5",
                "author_subname": "Kirill Orlov",
                "channel_id": "C0MN08277",
                "channel_name": "tradebots",
                "is_msg_unfurl": true,
                "text": "barterdex stopped updating orderbooks",
                "author_name": "Kirill Orlov",
                "author_link": "https:\/\/komodo-platform.slack.com\/team\/U7ESH6VT5",
                "author_icon": "https:\/\/secure.gravatar.com\/avatar\/237a13e13c06316946fbe6715a3a75f0.jpg?s=48&d=https%3A%2F%2Fa.slack-edge.com%2F66f9%2Fimg%2Favatars%2Fava_0022-48.png",
                "mrkdwn_in": [
                    "text"
                ],
                "color": "D0D0D0",
                "from_url": "https:\/\/komodo-platform.slack.com\/archives\/C0MN08277\/p1523030237000784",
                "is_share": true,
                "footer": "Posted in #tradebots"
            }
        ],
        "ts": "1523030409.000724"
    },
    {
        "type": "message",
        "user": "U2Q1DP6EQ",
        "text": "yes, when making an orderbook entry with the call `setprice` it normally appears within seconds on alice side, doing it with `autoprice` will take much longer",
        "ts": "1523030495.000451"
    },
    {
        "type": "message",
        "user": "U6MTBP2QK",
        "text": "&gt;don't want to waste that burned kmd\nswap Your_Coin &lt;-&gt; PIZZA or Your_Coin &lt;-&gt; BEER",
        "ts": "1523030564.000672"
    },
    {
        "type": "message",
        "user": "U6MTBP2QK",
        "text": "use the test coins for testing",
        "ts": "1523030590.000528"
    },
    {
        "type": "message",
        "user": "U9KF6HXQF",
        "text": "test coins are for the weak :stuck_out_tongue:",
        "ts": "1523030601.000021",
        "reactions": [
            {
                "name": "100",
                "users": [
                    "U6MTBP2QK"
                ],
                "count": 1
            }
        ]
    },
    {
        "type": "message",
        "user": "U7ESH6VT5",
        "text": "i mentioned tx fees",
        "ts": "1523030602.000506"
    },
    {
        "type": "message",
        "user": "U9KF6HXQF",
        "text": "(just joking obviously)",
        "ts": "1523030608.000632"
    },
    {
        "type": "message",
        "user": "U02LQ1WHQ",
        "text": "315  (1892497285  287882434)      request id.10082416312884592640   AXE\/KMD    15.00119919 -&gt;   0.15016000 ( 0.01000993) | RT.0 0 n0",
        "ts": "1523030743.000518"
    },
    {
        "type": "message",
        "user": "U02LQ1WHQ",
        "text": "i see request for AXE",
        "ts": "1523030748.000749"
    },
    {
        "type": "message",
        "user": "U7ESH6VT5",
        "text": "got `address_myutxopair couldnt find AXE PUtiQxpG9ncQXxTrxhaMwYkd1jrP5c52t5 targets`",
        "ts": "1523030765.000375"
    },
    {
        "type": "message",
        "user": "U7ESH6VT5",
        "text": "there is al least one matching tx in inventory",
        "ts": "1523030792.000593"
    },
    {
        "type": "message",
        "user": "U2Q1DP6EQ",
        "text": "there have to be 2... one should be bigger by 20% then the other one... one is for bobdeposit (the bigger one), the other one for the actual bobpayment",
        "ts": "1523030867.000216"
    },
    {
        "type": "message",
        "user": "U7ESH6VT5",
        "text": "<@U2Q1DP6EQ> could you please try the test swap as well? having proper inventory is not letting it happening",
        "ts": "1523033075.000530"
    },
    {
        "type": "message",
        "user": "U2Q1DP6EQ",
        "text": "let me install the wallet first and sync the chain and all",
        "ts": "1523033276.000539"
    },
    {
        "type": "message",
        "user": "U7ESH6VT5",
        "text": "sure, thanks",
        "ts": "1523033332.000599"
    },
    {
        "type": "message",
        "user": "U2Q1DP6EQ",
        "text": "btw, the directory is .axecore and the confif file is .axe, so you need the confpath-thingy",
        "ts": "1523033831.000485"
    },
    {
        "type": "message",
        "user": "U7ESH6VT5",
        "text": "confpath\":\"USERHOME\/.axecore\/axe.conf\"",
        "ts": "1523033936.000293"
    },
    {
        "type": "message",
        "user": "U7ESH6VT5",
        "text": "thats the one in the string right now",
        "ts": "1523033942.000463"
    },
    {
        "type": "message",
        "user": "U2Q1DP6EQ",
        "text": "and the deafult rpcport is 9337, it collides with feathercoin, so i need rpcport=somethingelse in my config...",
        "ts": "1523033977.000508",
        "reactions": [
            {
                "name": "face_with_rolling_eyes",
                "users": [
                    "U9KF6HXQF"
                ],
                "count": 1
            }
        ]
    },
    {
        "type": "message",
        "user": "U2Q1DP6EQ",
        "text": "will use 9338",
        "ts": "1523034009.000600"
    },
    {
        "type": "message",
        "user": "U7ESH6VT5",
        "text": "got it",
        "ts": "1523034264.000323"
    },
    {
        "type": "message",
        "user": "U2Q1DP6EQ",
        "text": "ok, have it synced and configured... can you make two transactions, one with 1 and one with 1.2 to the following address: PASxz8RbzZMFuP6Wrz9yxARHqFyagJDp2k?",
        "ts": "1523034497.000202"
    },
    {
        "type": "message",
        "user": "U7ESH6VT5",
        "text": "yes, its coming",
        "ts": "1523034538.000047"
    },
    {
        "type": "message",
        "user": "U7ESH6VT5",
        "text": "sent",
        "ts": "1523034585.000063"
    },
    {
        "type": "message",
        "user": "U2Q1DP6EQ",
        "text": "got it... lets try :slightly_smiling_face:",
        "ts": "1523034633.000001"
    },
    {
        "type": "message",
        "user": "U7ESH6VT5",
        "text": "here's the moment)",
        "ts": "1523034657.000350"
    },
    {
        "type": "message",
        "user": "U9KF6HXQF",
        "text": "*waiting for test swap intensifies*",
        "ts": "1523034674.000035"
    },
    {
        "type": "message",
        "user": "U9KF6HXQF",
        "text": ":troll:",
        "ts": "1523034679.000142",
        "reactions": [
            {
                "name": "nerd_face",
                "users": [
                    "U4Y5ER7NV"
                ],
                "count": 1
            }
        ]
    },
    {
        "type": "message",
        "user": "U2Q1DP6EQ",
        "text": "ok, that was too fast... had 100+x coins, must wait couple of seconds",
        "ts": "1523034854.000722"
    },
    {
        "type": "message",
        "user": "U0394QTC7",
        "text": "i see some connected AXE trades",
        "ts": "1523035098.000058"
    },
    {
        "type": "message",
        "user": "U0394QTC7",
        "text": "happened a few times already",
        "ts": "1523035102.000313"
    },
    {
        "type": "message",
        "user": "U2Q1DP6EQ",
        "text": "yes, it started... took a bit, probably because i just restarted bob",
        "ts": "1523035131.000515"
    },
    {
        "type": "message",
        "user": "U2Q1DP6EQ",
        "text": "<@U7ESH6VT5> do you have the link to a blockexplorer for AXE?",
        "ts": "1523035228.000376"
    },
    {
        "type": "message",
        "user": "U7ESH6VT5",
        "text": "<@U2Q1DP6EQ> <http:\/\/207.246.65.114:3001>",
        "ts": "1523035259.000113"
    },
    {
        "type": "message",
        "user": "U2Q1DP6EQ",
        "text": "looks good... bobdeposit is through <http:\/\/207.246.65.114:3001\/tx\/cbba5bc953d9de639524910042b4b6ae342f42247107b8176c9314d0dcce9e5a>\nwaiting for the rest of the transactions to complete",
        "ts": "1523035375.000220"
    },
    {
        "type": "message",
        "user": "U7ESH6VT5",
        "text": "<@U2Q1DP6EQ> thank you",
        "ts": "1523035408.000231"
    },
    {
        "type": "message",
        "user": "U2Q1DP6EQ",
        "text": "```SWAP completed! 1115357564-566855785 {\"expiration\":1523050557,\"tradeid\":0,\"requestid\":1115357564,\"quoteid\":566855785,\"iambob\":1,\"Bgui\":\"nogui\",\"Agui\":\"\",\"gui\":\"nogui\",\"bob\":\"AXE\",\"srcamount\":0.69700355,\"bobtxfee\":0.00010000,\"alice\":\"KMD\",\"destamount\":0.08009000,\"alicetxfee\":0.00001000,\"aliceid\":\"9865619195785248769\",\"sentflags\":[\"alicespend\", \"bobspend\", \"bobpayment\", \"alicepayment\", \"bobdeposit\", \"bobrefund\"],\"values\":[0.69710355, 0.08010000, 0.69720355, 0.08011000, 0.78432899, 0, 0, 0.78422899, 0, 0, 0],\"result\":\"success\",\"status\":\"finished\",\"finishtime\":1523035845,\"bobdeposit\":\"cbba5bc953d9de639524910042b4b6ae342f42247107b8176c9314d0dcce9e5a\",\"alicepayment\":\"8de0e4f36d31fe32eb7c880bdf6606f6960c08c3b4635193b48c7f3206769c90\",\"bobpayment\":\"a2a229762561c954acf38eaf546ee65ce0fd2f6d064b8202ef1f5297c8cb2b5b\",\"paymentspent\":\"c246a767e651570b2a5822e81adfdc889c405df86fb65745281ccd8465adf518\",\"Apaymentspent\":\"37d4beeb6f69c0178c7b43cb181baceb949782dde20fa58ec13075f4c5debef4\",\"depositspent\":\"c15625d17d379a00647888bcf95614e07704ff22c1d6769d436b3c54a9dc54c8\",\"method\":\"tradestatus\",\"finishtime\":1523035845}```\nbobdeposit <http:\/\/207.246.65.114:3001\/tx\/cbba5bc953d9de639524910042b4b6ae342f42247107b8176c9314d0dcce9e5a>\nalicepayment <https:\/\/kmd.explorer.supernet.org\/tx\/8de0e4f36d31fe32eb7c880bdf6606f6960c08c3b4635193b48c7f3206769c90>\nbobpayment <http:\/\/207.246.65.114:3001\/tx\/a2a229762561c954acf38eaf546ee65ce0fd2f6d064b8202ef1f5297c8cb2b5b>",
        "ts": "1523035947.000621",
        "reactions": [
            {
                "name": "robot_face",
                "users": [
                    "U047X3GAM",
                    "U02QSHX81",
                    "U9KF6HXQF"
                ],
                "count": 3
            },
            {
                "name": "beers",
                "users": [
                    "U047X3GAM",
                    "U02QSHX81",
                    "U9KF6HXQF"
                ],
                "count": 3
            }
        ]
    },
    {
        "type": "message",
        "user": "U2Q1DP6EQ",
        "text": "<@U02LQ1WHQ> please add this to the coins file: `{\\\"coin\\\":\\\"AXE\\\",\\\"name\\\":\\\"axe\\\",\\\"confpath\\\":\\\"${HOME#}\/.axecore\/axe.conf\\\",\\\"rpcport\\\":9337,\\\"pubtype\\\":55,\\\"p2shtype\\\":16,\\\"wiftype\\\":204,\\\"txfee\\\":10000}`",
        "ts": "1523036135.000521"
    },
    {
        "type": "message",
        "user": "U02LQ1WHQ",
        "text": "done",
        "ts": "1523036188.000609"
    },
    {
        "type": "message",
        "user": "U91U3E3N2",
        "text": "kmd\/btc chart",
        "ts": "1523040680.000483"
    },
    {
        "type": "message",
        "user": "U02QSHX81",
        "text": "!kmdbtcchart",
        "ts": "1523040708.000614"
    },
    {
        "text": "<http:\/\/78.46.193.199\/bitmaps\/KMD_BTC.jpg>",
        "attachments": [
            {
                "fallback": "744x400px image",
                "image_url": "http:\/\/78.46.193.199\/bitmaps\/KMD_BTC.jpg",
                "image_width": 744,
                "image_height": 400,
                "image_bytes": 8303,
                "from_url": "http:\/\/78.46.193.199\/bitmaps\/KMD_BTC.jpg",
                "id": 1
            }
        ],
        "type": "message",
        "subtype": "slackbot_response",
        "user": "USLACKBOT",
        "ts": "1523040708.000734"
    },
    {
        "type": "message",
        "user": "U2Q1DP6EQ",
        "text": "<@U02LQ1WHQ> can you please tell me (most likely again, so sorry) why a listunspent-call with this output (in mm)\n```[\n   {\n      \"scriptPubKey\" : \"76a9141462c3dd3f936d595c9af55978003b27c250441f88ac\",\n      \"amount\" : 1,\n      \"confirmations\" : 169210,\n      \"txid\" : \"22d33348873d1b9cda466ed544335f95f4ac87dc5d85f1a98dde598058ae3272\",\n      \"address\" : \"TbAbpKhmoYStu9dU8bpVHYQwkooxVWc39M\",\n      \"account\" : \"TbAbpKhmoYStu9dU8bpVHYQwkooxVWc39M\",\n      \"vout\" : 1,\n      \"spendable\" : true\n   },\n   {\n      \"vout\" : 1,\n      \"address\" : \"TbAbpKhmoYStu9dU8bpVHYQwkooxVWc39M\",\n      \"account\" : \"TbAbpKhmoYStu9dU8bpVHYQwkooxVWc39M\",\n      \"spendable\" : true,\n      \"confirmations\" : 169184,\n      \"amount\" : 1.2,\n      \"scriptPubKey\" : \"76a9141462c3dd3f936d595c9af55978003b27c250441f88ac\",\n      \"txid\" : \"3904339c6c4a99462d58b2af568c6d7eef137c0fc0b1b1c7fa500aef1af168bc\"\n   },\n   {\n      \"spendable\" : true,\n      \"address\" : \"TbAbpKhmoYStu9dU8bpVHYQwkooxVWc39M\",\n      \"account\" : \"TbAbpKhmoYStu9dU8bpVHYQwkooxVWc39M\",\n      \"vout\" : 1,\n      \"txid\" : \"aa308e27403d9a3bb074f4d85bfb6d3ed530df7fb9cd0fbf2e1c08ab90ec77a1\",\n      \"scriptPubKey\" : \"76a9141462c3dd3f936d595c9af55978003b27c250441f88ac\",\n      \"confirmations\" : 236430,\n      \"amount\" : 10\n   },\n   {\n      \"txid\" : \"ccab0a9b206cbef220076086b2e3138b1103e5c45055ca08b3df7350b775efcf\",\n      \"confirmations\" : 236427,\n      \"amount\" : 12,\n      \"scriptPubKey\" : \"76a9141462c3dd3f936d595c9af55978003b27c250441f88ac\",\n      \"spendable\" : true,\n      \"vout\" : 1,\n      \"account\" : \"TbAbpKhmoYStu9dU8bpVHYQwkooxVWc39M\",\n      \"address\" : \"TbAbpKhmoYStu9dU8bpVHYQwkooxVWc39M\"\n   }\n]```\nleads to `{\"result\":\"success\",\"coin\":\"TZC\",\"address\":\"TbAbpKhmoYStu9dU8bpVHYQwkooxVWc39M\",\"balance\":0}`",
        "ts": "1523041736.000146"
    },
    {
        "type": "message",
        "user": "U02LQ1WHQ",
        "text": "ismine and isspendable are missing",
        "ts": "1523041835.000577"
    },
    {
        "type": "message",
        "user": "U2Q1DP6EQ",
        "text": "right, spendable:true is definitely wrong, since the address is watchonly...",
        "ts": "1523042294.000200"
    },
    {
        "type": "message",
        "user": "U02LQ1WHQ",
        "text": "also isspendable needs the \"is\"",
        "ts": "1523042444.000177"
    },
    {
        "type": "message",
        "user": "U02LQ1WHQ",
        "text": "and ismine is missing",
        "ts": "1523042451.000589"
    },
    {
        "type": "message",
        "user": "U02LQ1WHQ",
        "text": "so it will ignore all those",
        "ts": "1523042462.000033"
    },
    {
        "type": "message",
        "user": "U2Q1DP6EQ",
        "text": "that is the output in marketmaker, not from the wallet...",
        "ts": "1523042468.000086"
    },
    {
        "type": "message",
        "user": "U02LQ1WHQ",
        "text": "oh...",
        "ts": "1523042476.000272"
    },
    {
        "type": "message",
        "user": "U02LQ1WHQ",
        "text": "what does the wallet return?",
        "ts": "1523042495.000570"
    },
    {
        "type": "message",
        "user": "U2Q1DP6EQ",
        "text": "JSON parsing error because i forgot the right syntax :smile:",
        "ts": "1523042586.000264"
    },
    {
        "type": "message",
        "user": "U2Q1DP6EQ",
        "text": "trezarcoind listunspent 1 9999999 \"TbAbpKhmoYStu9dU8bpVHYQwkooxVWc39M\" is not right",
        "ts": "1523042595.000266"
    },
    {
        "type": "message",
        "user": "U2Q1DP6EQ",
        "text": "trezarcoind listunspent 1 9999999 [\"TbAbpKhmoYStu9dU8bpVHYQwkooxVWc39M\"] is also not right :slightly_smiling_face:",
        "ts": "1523042615.000450"
    },
    {
        "type": "message",
        "user": "U02LQ1WHQ",
        "text": "'[\"addr\"]'",
        "ts": "1523042624.000114"
    },
    {
        "type": "message",
        "user": "U02LQ1WHQ",
        "text": "what does a balance call return?",
        "ts": "1523042648.000233"
    },
    {
        "type": "message",
        "user": "U2Q1DP6EQ",
        "text": "ok, trezarcoind listunspent 1 9999999 '[\"TbAbpKhmoYStu9dU8bpVHYQwkooxVWc39M\"]' is simply empty",
        "ts": "1523042673.000414"
    },
    {
        "type": "message",
        "user": "U2Q1DP6EQ",
        "text": "balance in marketmaker is 0",
        "ts": "1523042681.000025"
    },
    {
        "type": "message",
        "user": "U2Q1DP6EQ",
        "text": "but the listunspent in marketmaker returns the above 4 utxos... wondering where they come from when listunspent from the wallet is empty",
        "ts": "1523042717.000050"
    },
    {
        "type": "message",
        "user": "U02LQ1WHQ",
        "text": "DB\/UNSPENTS cache?",
        "ts": "1523042727.000569"
    },
    {
        "type": "message",
        "user": "U2Q1DP6EQ",
        "text": "lol, yes, most likely... will delete it",
        "ts": "1523042751.000229"
    },
    {
        "type": "message",
        "user": "U2Q1DP6EQ",
        "text": "yes, it was the caching... and i am back to the old problem... they told me they fixed\/implemented watch-only-addresses, but is does not look like",
        "ts": "1523043374.000367"
    },
    {
        "type": "message",
        "user": "U2Q1DP6EQ",
        "text": "damn, my fault, i had to do a resan again... did that in the past, but they again changed something in the wallet code and it looks like i had to repeat it...",
        "ts": "1523043712.000550"
    },
    {
        "type": "message",
        "user": "U2Q1DP6EQ",
        "text": "problem solved, next problem here: listreceivedbyaddress takes only 2 arguments instead of 3... instead of rebasing the whole thing to a modern BTC-code-base, it seems better to bother with soemthing from last century :smile:",
        "ts": "1523046337.000148"
    },
    {
        "type": "message",
        "user": "U02LQ1WHQ",
        "text": "that is easy to fix. BAY did it",
        "ts": "1523046639.000466"
    },
    {
        "type": "message",
        "user": "U2Q1DP6EQ",
        "text": "right... already answered them... i hope after that it will \"just work\" :slightly_smiling_face:",
        "ts": "1523046974.000165"
    },
    {
        "user": "UA2T9CXT7",
        "text": "<@UA2T9CXT7> has joined the channel",
        "type": "message",
        "subtype": "channel_join",
        "ts": "1523059038.000216"
    },
    {
        "type": "message",
        "user": "U2Q1DP6EQ",
        "text": "Kyber Network (KNC) swapped on BarterDEX\n```SWAP completed! 3817497114-1940750085 {\"expiration\":1523078935,\"tradeid\":0,\"requestid\":3817497114,\"quoteid\":1940750085,\"iambob\":1,\"Bgui\":\"nogui\",\"Agui\":\"\",\"gui\":\"nogui\",\"bob\":\"KNC\",\"bobtomic\":\"0xdd974D5C2e2928deA5F71b9825b8b646686BD200\",\"etomicsrc\":\"0x4e623b150b847da59f064f7c7fcc9f787dae2229\",\"srcamount\":0.75719978,\"bobtxfee\":0.00001000,\"alice\":\"KMD\",\"etomicdest\":\"0xdf38dd108bab50da564092ad0cd739c4634d963c\",\"destamount\":0.08009000,\"alicetxfee\":0.00001000,\"aliceid\":\"10537249637034819585\",\"sentflags\":[\"alicespend\", \"bobspend\", \"bobpayment\", \"alicepayment\", \"bobdeposit\", \"bobrefund\"],\"values\":[0.75720978, 0.08010000, 0.75721978, 0.08011000, 0.85186975, 0, 0, 0.85185975, 0, 0, 0],\"result\":\"success\",\"status\":\"finished\",\"finishtime\":1523063914,\"bobdeposit\":\"9286a4ff4945cb57196b2756d81bd58f73662832d7c8d41a6f141fda333f73a5\",\"alicepayment\":\"deac0eebaae1ff0f36b3d8150e61d5183ebaa5f43808a66b7243a4960394764a\",\"bobpayment\":\"bb54b774f9c3163b1546d4411be80cef91551225c69c41e15c0be692fa414c29\",\"paymentspent\":\"2db509b010ef48d0e49456bfb53afc5476641ce909fd3294e4e036ff74b376e5\",\"Apaymentspent\":\"f5f0d86946f44b18e2000c4c8b7db1a69219e7daa42ad4da5361fbaf83266221\",\"depositspent\":\"a8777f2d5470e88a02a8efcb69e06ac4a470d0814077d62954fbf06e89f2a878\",\"method\":\"tradestatus\",\"finishtime\":1523063914}```\nbobdeposit <https:\/\/etherscan.io\/tx\/0xcd62e8797b1f185d01257edb3287b50808c86d10796cd1dc946f030ecbac384a>\nalicepayment <https:\/\/kmd.explorer.supernet.org\/tx\/deac0eebaae1ff0f36b3d8150e61d5183ebaa5f43808a66b7243a4960394764a>\nbobpayment <https:\/\/etherscan.io\/tx\/0x6bc09d0c9a61549cdfac994847c3a6d16ea3443d1af71224a74672f647ae1a94>",
        "edited": {
            "user": "U2Q1DP6EQ",
            "ts": "1523064087.000000"
        },
        "ts": "1523064079.000077",
        "reactions": [
            {
                "name": "thumbsup_all",
                "users": [
                    "U9KF6HXQF",
                    "U047X3GAM"
                ],
                "count": 2
            }
        ]
    },
    {
        "type": "message",
        "user": "U2Q1DP6EQ",
        "text": "and the last one for today, i promise :slightly_smiling_face:",
        "ts": "1523068512.000007"
    },
    {
        "type": "message",
        "user": "U2Q1DP6EQ",
        "text": "TenX (PAY) swapped on BarterDEX\n```SWAP completed! 1911068323-2689699776 {\"expiration\":1523083590,\"tradeid\":0,\"requestid\":1911068323,\"quoteid\":2689699776,\"iambob\":1,\"Bgui\":\"nogui\",\"Agui\":\"\",\"gui\":\"nogui\",\"bob\":\"PAY\",\"bobtomic\":\"0xB97048628DB6B661D4C2aA833e95Dbe1A905B280\",\"etomicsrc\":\"0x4e623b150b847da59f064f7c7fcc9f787dae2229\",\"srcamount\":0.76441281,\"bobtxfee\":0.00001000,\"alice\":\"KMD\",\"etomicdest\":\"0xdf38dd108bab50da564092ad0cd739c4634d963c\",\"destamount\":0.08009000,\"alicetxfee\":0.00001000,\"aliceid\":\"13141206478482309121\",\"sentflags\":[\"alicespend\", \"bobspend\", \"bobpayment\", \"alicepayment\", \"bobdeposit\", \"bobrefund\"],\"values\":[0.76442281, 0.08010000, 0.76443281, 0.08011000, 0.85998441, 0, 0, 0.85997441, 0, 0, 0],\"result\":\"success\",\"status\":\"finished\",\"finishtime\":1523068286,\"bobdeposit\":\"d3222176dcc4cc692a083557b51b0c1592849a02d9b3d6d959ac7e3843734bc0\",\"alicepayment\":\"541a8f06ce1bcad7d39d53d9094610ab521b3a377aa5c82b6664de3618686eca\",\"bobpayment\":\"756fb5ab5edcf8db09ff5751abcbb3d821a5ad431e874cffc556e53e940f3ded\",\"paymentspent\":\"ba484bac21a7f47940a0195d69579719c0c4a83778f0a4df0eb2ef91727a3e8a\",\"Apaymentspent\":\"a54c2a3ff828f9ed49bf6dd0f13920bfb1498ed483d712cc52fc7083ebd49008\",\"depositspent\":\"e39ca99a606e9c2299131d571a290a413a002e454cd218ee611af58a8a495d6f\",\"method\":\"tradestatus\",\"finishtime\":1523068286}```\nbobdeposit <https:\/\/etherscan.io\/tx\/0x1434aee4eb4d4539d6327da4c26029804685a6ae82ac562b0c40f276e59428d8>\nalicepayment <https:\/\/kmd.explorer.supernet.org\/tx\/541a8f06ce1bcad7d39d53d9094610ab521b3a377aa5c82b6664de3618686eca>\nbobpayment <https:\/\/etherscan.io\/tx\/0xbf2e6bc43c4b4c688c3c9ba0dafe793fa29da2c74962aca8c39d2dd691229ba4>",
        "edited": {
            "user": "U2Q1DP6EQ",
            "ts": "1523068555.000000"
        },
        "ts": "1523068547.000059",
        "reactions": [
            {
                "name": "rocket",
                "users": [
                    "U81J3QWRG",
                    "U7B8VF6TB",
                    "U0EVBU5GC",
                    "U047X3GAM"
                ],
                "count": 4
            },
            {
                "name": "thumbsup_all",
                "users": [
                    "U9KF6HXQF",
                    "U047X3GAM"
                ],
                "count": 2
            },
            {
                "name": "komodo_logo",
                "users": [
                    "U1TE5UXGF"
                ],
                "count": 1
            }
        ]
    }
]