[
    {
        "type": "message",
        "user": "U7B8VF6TB",
        "text": "Very cool :sunglasses:",
        "thread_ts": "1523965549.000346",
        "parent_user_id": "U8LL61DE1",
        "ts": "1524123171.000304"
    },
    {
        "type": "message",
        "user": "U7ESH6VT5",
        "text": "or im missing something?",
        "ts": "1524154088.000810"
    },
    {
        "type": "message",
        "user": "U8QKXKKBM",
        "text": "Is <@U6MTBP2QK> on a holiday? Normally I see him very active around here",
        "ts": "1524156704.000341"
    },
    {
        "type": "message",
        "user": "U8QKXKKBM",
        "text": "Status vacationing, nevermind, hard earned!",
        "ts": "1524156726.000134"
    },
    {
        "type": "message",
        "user": "U70MZ24DQ",
        "text": "Hush pump",
        "client_msg_id": "41f79014-6911-4a43-8dd9-f4e7fb7c16c7",
        "ts": "1524196630.000009"
    },
    {
        "type": "message",
        "user": "U70MZ24DQ",
        "text": "How's it doing hushkmd",
        "client_msg_id": "aab0c157-3db4-4efa-8362-36d39716b77d",
        "ts": "1524196636.000162"
    },
    {
        "type": "message",
        "user": "U81J3QWRG",
        "text": "shiiit",
        "ts": "1524197330.000178"
    },
    {
        "type": "message",
        "user": "U6U67BH37",
        "text": "upward correction, ho :+1:",
        "ts": "1524198565.000280",
        "reactions": [
            {
                "name": "+1",
                "users": [
                    "U81J3QWRG"
                ],
                "count": 1
            }
        ]
    },
    {
        "type": "message",
        "user": "U81J3QWRG",
        "text": "hushlist on testnet?",
        "ts": "1524198602.000151"
    },
    {
        "type": "message",
        "user": "U6U67BH37",
        "text": "<@U81J3QWRG> what is your question? HushList does work on testnet if that is what you are asking",
        "ts": "1524199338.000150"
    },
    {
        "type": "message",
        "user": "U81J3QWRG",
        "text": "just wondering if there was new news.  congrats on testnet, i haven't been following it but do look forward to release.  it's a great addition to the zcash protocol (or however it's described)",
        "ts": "1524199664.000132"
    },
    {
        "type": "message",
        "user": "U6U67BH37",
        "text": "actually, nothing has happened at all",
        "ts": "1524199758.000063"
    },
    {
        "type": "message",
        "user": "U6U67BH37",
        "text": "probably a large whale said \"ooh a good deal\"",
        "ts": "1524199768.000119"
    },
    {
        "type": "message",
        "user": "U5Z26MP60",
        "text": "Pump group on craptopia, WLC had a pump there a while ago.",
        "ts": "1524199823.000059"
    },
    {
        "type": "message",
        "user": "U5Z26MP60",
        "text": "?",
        "ts": "1524199824.000184"
    },
    {
        "type": "message",
        "user": "U81J3QWRG",
        "text": "was a good deal.  same price as SUMO.  bit ridiculous.",
        "ts": "1524201109.000062"
    }
]