[
    {
        "type": "message",
        "user": "U030L14Q0",
        "text": ":clap:",
        "client_msg_id": "f0d0e0f0-4215-4b81-9d57-e6af22cb5e7f",
        "ts": "1528786954.000159"
    },
    {
        "type": "message",
        "user": "U5Z26MP60",
        "text": "will update my bobs now aswell then. :smile:",
        "client_msg_id": "8c8e8589-bafc-4d69-9337-eec8c91a38f0",
        "ts": "1528787128.000124"
    },
    {
        "text": " &gt; sounds like it could be the problem, yes... will try it out\n\ni think that solved it... orderbooks are also propagating faster, especially the asks (don't know if that is related, but could be because i assume that mm tries to fetch the utxos from the daemons before doing the asks)",
        "username": "cipig",
        "bot_id": "BAXPT56P9",
        "type": "message",
        "subtype": "bot_message",
        "ts": "1528787334.000286"
    },
    {
        "type": "message",
        "user": "U41M5AAJW",
        "text": "<https:\/\/github.com\/KomodoPlatform\/BarterDEX\/releases\/tag\/v1.0.7-rc>",
        "client_msg_id": "420cd08e-082f-4d76-bd60-885cb3f08e68",
        "ts": "1528810289.000718"
    },
    {
        "type": "message",
        "user": "U41M5AAJW",
        "text": "hey guys",
        "client_msg_id": "25dc6666-42b1-4ec0-b7aa-41a5f457e091",
        "ts": "1528810292.000485"
    },
    {
        "type": "message",
        "user": "U41M5AAJW",
        "text": "just reuploaded the barterdex gui release with the fixed marketmaker for windows",
        "client_msg_id": "7d7c19de-6815-4521-8395-5cb2faa49380",
        "ts": "1528810308.000818"
    },
    {
        "type": "message",
        "user": "U41M5AAJW",
        "text": "please let me know any issues.",
        "client_msg_id": "6f09844d-a967-4b30-8776-0d1c2b311d02",
        "ts": "1528810318.000741"
    },
    {
        "text": "Lunyr (LUN) swapped on BarterDEX",
        "username": "cipig",
        "bot_id": "BAXPT56P9",
        "type": "message",
        "subtype": "bot_message",
        "ts": "1528822438.000045"
    },
    {
        "text": "```\nSWAP completed! 485913924-2702260163 {\"uuid\":\"6953a751b199e56570712cc4d5415bddb0366a80e08e4ced828245f3b5fb0648\",\"expiration\":1528837530,\"tradeid\":0,\"requestid\":485913924,\"quoteid\":2702260163,\"iambob\":1,\"Bgui\":\"nogui\",\"Agui\":\"\",\"gui\":\"nogui\",\"bob\":\"LUN\",\"bobtomic\":\"0xfa05A73FfE78ef8f1a739473e462c54bae6567D9\",\"etomicsrc\":\"0x4e623b150b847da59f064f7c7fcc9f787dae2229\",\"srcamount\":0.76295923,\"bobtxfee\":0.00001000,\"alice\":\"KMD\",\"etomicdest\":\"0xdf38dd108bab50da564092ad0cd739c4634d963c\",\"destamount\":0.08009000,\"alicetxfee\":0.00001000,\"aliceid\":\"383270709005778945\",\"sentflags\":[\"alicespend\", \"bobspend\", \"bobpayment\", \"alicepayment\", \"bobdeposit\", \"bobrefund\"],\"values\":[0.76296923, 0.08010000, 0.76297923, 0.08011000, 0.85834913, 0, 0, 0.85833913, 0, 0, 0],\"result\":\"success\",\"status\":\"finished\",\"finishtime\":1528822314,\"bobdeposit\":\"dbe4e84e4bf93b30c89dea57a448b3251631e9e5fd8f2be9d85f1b2cf131910d\",\"alicepayment\":\"47fe2849d85b7c86eaaf0207c7168b326897d15733b3a54c2e3c5325d7480734\",\"bobpayment\":\"2d9b5ac0bc2abe018c912a19709c5625b33367b343d61f6d083191b40c8b3e3b\",\"paymentspent\":\"f876c97451953dc1c47e1d01bc69bb3361b39a21209e92cc215cd676af991cc3\",\"Apaymentspent\":\"406d8be562b27c6a0c63dc1a665c522d2b9aa60916b2aa08ff7dd2a46a79afe6\",\"depositspent\":\"3a648d871f965c5bde06786203af3214cd3b8c60154be9c420f19fb598019706\",\"method\":\"tradestatus\",\"finishtime\":1528822314}\n```\nbobdeposit <https:\/\/etherscan.io\/tx\/0x8f2640d26642c340710135126ccad6d0c61f93b4cc7ffaca555632dccb8d4296>\nalicepayment <https:\/\/kmdexplorer.ru\/tx\/47fe2849d85b7c86eaaf0207c7168b326897d15733b3a54c2e3c5325d7480734>\nbobpayment <https:\/\/etherscan.io\/tx\/0x7090bd49cd8046d85780f160865b3a539c8019116e3192a5061936efd398b0f3>",
        "username": "cipig",
        "bot_id": "BAXPT56P9",
        "type": "message",
        "subtype": "bot_message",
        "ts": "1528822478.000690"
    },
    {
        "user": "U0DEV0GFK",
        "text": "<@U0DEV0GFK> has left the channel",
        "type": "message",
        "subtype": "channel_leave",
        "ts": "1528822832.000030"
    },
    {
        "text": "Chronobank (TIME) swapped on BarterDEX\n```\nSWAP completed! 1904244750-4129291030 {\"uuid\":\"0de13172ec17e165cd5e3c04b0fa6f3d54622858b19bf4bc403a1edc384f7c40\",\"expiration\":1528839735,\"tradeid\":0,\"requestid\":1904244750,\"quoteid\":4129291030,\"iambob\":1,\"Bgui\":\"nogui\",\"Agui\":\"\",\"gui\":\"nogui\",\"bob\":\"TIME\",\"bobtomic\":\"0x6531f133e6DeeBe7F2dcE5A0441aA7ef330B4e53\",\"etomicsrc\":\"0x4e623b150b847da59f064f7c7fcc9f787dae2229\",\"srcamount\":0.74732727,\"bobtxfee\":0.00001000,\"alice\":\"KMD\",\"etomicdest\":\"0xdf38dd108bab50da564092ad0cd739c4634d963c\",\"destamount\":0.08009000,\"alicetxfee\":0.00001000,\"aliceid\":\"2178445099625742337\",\"sentflags\":[\"alicespend\", \"bobspend\", \"bobpayment\", \"alicepayment\", \"bobdeposit\", \"bobrefund\"],\"values\":[0.74733727, 0.08010000, 0.74734727, 0.08011000, 0.84076317, 0, 0, 0.84075317, 0, 0, 0],\"result\":\"success\",\"status\":\"finished\",\"finishtime\":1528824483,\"bobdeposit\":\"80da8ca5ac421791a7356122b795a818cb726f65f726e3113671b76e44c617a5\",\"alicepayment\":\"1ec19681aba5e27711777b8c8665c19f675a319e8a0a77c495eab2ee3eb19bb1\",\"bobpayment\":\"e7f88def14ff4ed7fa055b3808994965962d9baa224baf92603eddd4d18b8314\",\"paymentspent\":\"82ffac49c3affcd6a502b98f14a0db04995c45f79d8daa26c297647321bcca33\",\"Apaymentspent\":\"f7af4f521d16dfb8e574faa059db424c8eb337fadf17887026e1775b7a2d8dbf\",\"depositspent\":\"46a4ea994550a7001df73432959b68744f8857869ba011e485d2e5602cb758ac\",\"method\":\"tradestatus\",\"finishtime\":1528824483}\n```\nbobdeposit <https:\/\/etherscan.io\/tx\/0x2ce94a9ef6d2ab62ddacdb69438e8c0fdd2ccacc4b2e06b482cb99b550fcd6c1>\nalicepayment <https:\/\/kmdexplorer.ru\/tx\/1ec19681aba5e27711777b8c8665c19f675a319e8a0a77c495eab2ee3eb19bb1>\nbobpayment <https:\/\/etherscan.io\/tx\/0x092025bcee35c1ccf9522503a3c79ead10fc4786130739fbaa858cb268a59f27>",
        "username": "cipig",
        "bot_id": "BAXPT56P9",
        "type": "message",
        "subtype": "bot_message",
        "ts": "1528825200.000416"
    },
    {
        "text": "Swarm City (SWT) swapped on BarterDEX\n```\nSWAP completed! 1233544006-1987155967 {\"uuid\":\"de3efe77996ef643efcfab9761059b765a89e2f6c3ca1f11a48430de8ab1bba4\",\"expiration\":1528842385,\"tradeid\":0,\"requestid\":1233544006,\"quoteid\":1987155967,\"iambob\":1,\"Bgui\":\"nogui\",\"Agui\":\"\",\"gui\":\"nogui\",\"bob\":\"SWT\",\"bobtomic\":\"0xB9e7F8568e08d5659f5D29C4997173d84CdF2607\",\"etomicsrc\":\"0x4e623b150b847da59f064f7c7fcc9f787dae2229\",\"srcamount\":0.67903057,\"bobtxfee\":0.00001000,\"alice\":\"KMD\",\"etomicdest\":\"0xdf38dd108bab50da564092ad0cd739c4634d963c\",\"destamount\":0.08009000,\"alicetxfee\":0.00001000,\"aliceid\":\"13915678367335710721\",\"sentflags\":[\"alicespend\", \"bobspend\", \"bobpayment\", \"alicepayment\", \"bobdeposit\", \"bobrefund\"],\"values\":[0.67904057, 0.08010000, 0.67905057, 0.08011000, 0.76392939, 0, 0, 0.76391939, 0, 0, 0],\"result\":\"success\",\"status\":\"finished\",\"finishtime\":1528827088,\"bobdeposit\":\"d6ebbb4abc3607c16aef12c335a0487ea2b481282403dac39662710458b40694\",\"alicepayment\":\"2de85679d08643528c58beaaa0743e2a127611c859a9134dfd56572641aeb27f\",\"bobpayment\":\"570f5a9445b60018bd45a20cc9519fc3dd86f537d739bec8f07b99c495995272\",\"paymentspent\":\"d58ffcfc78137cbb795ecd2a3302c3cbb39e9bed575dffa2e32a474795d683f6\",\"Apaymentspent\":\"6bf6d1d9cc68fd386058efa478b2116360fb6478f9b7a99100fb582e42983123\",\"depositspent\":\"7361f3db9a06f038c7b315b2d8c93e3a4db0e0cbecac6db4da76968710620d82\",\"method\":\"tradestatus\",\"finishtime\":1528827088}\n```\nbobdeposit <https:\/\/etherscan.io\/tx\/0xeb18a6ff004f7618691299150791e3e7977e5d8512a40486a4df6e0937ac0a77>\nalicepayment <https:\/\/kmdexplorer.ru\/tx\/2de85679d08643528c58beaaa0743e2a127611c859a9134dfd56572641aeb27f>\nbobpayment <https:\/\/etherscan.io\/tx\/0xd2b59e636f758a37523ee1091cb33b14ce80a1aca72d3efd4cf3a5176eb66409>",
        "username": "cipig",
        "bot_id": "BAXPT56P9",
        "type": "message",
        "subtype": "bot_message",
        "ts": "1528827684.000767"
    },
    {
        "user": "U02QSHX81",
        "topic": "HyperDEX - <https:\/\/goo.gl\/6fm3WE>\nBarterDEX GUI - <https:\/\/goo.gl\/S1V3N1>\nBarterDEX CLI - <https:\/\/goo.gl\/K1419a>\nElectrum Servers - <http:\/\/pad.supernet.org\/electrum-servers>",
        "text": "<@U02QSHX81> set the channel topic: HyperDEX - <https:\/\/goo.gl\/6fm3WE>\nBarterDEX GUI - <https:\/\/goo.gl\/S1V3N1>\nBarterDEX CLI - <https:\/\/goo.gl\/K1419a>\nElectrum Servers - <http:\/\/pad.supernet.org\/electrum-servers>",
        "type": "message",
        "subtype": "channel_topic",
        "ts": "1528843778.000128",
        "reactions": [
            {
                "name": "cool",
                "users": [
                    "U66SWTM47"
                ],
                "count": 1
            }
        ]
    },
    {
        "type": "message",
        "user": "U030L14Q0",
        "text": "<https:\/\/coinjournal.net\/decred-proposes-a-dex-without-a-blockchain\/>",
        "client_msg_id": "1027fd4b-9d32-45ea-aed0-a846cba50632",
        "attachments": [
            {
                "service_name": "Coinjournal",
                "title": "Decred Proposes a DEX Without a Blockchain - Coinjournal",
                "title_link": "https:\/\/coinjournal.net\/decred-proposes-a-dex-without-a-blockchain\/",
                "text": "Exchanges have been a weak spot in bitcoin going back to the Mt. Gox days. It is a decentralized currency, so why do so many people store their coins in centralized depositories? There are a lot of reasons, chief among them are ease of use and accessibility. Most of the time it is just laziness. …",
                "fallback": "Coinjournal: Decred Proposes a DEX Without a Blockchain - Coinjournal",
                "image_url": "https:\/\/coinjournal.net\/wp-content\/uploads\/2018\/06\/Untitled-design-58.png",
                "image_width": 500,
                "image_height": 250,
                "ts": 1528835636,
                "from_url": "https:\/\/coinjournal.net\/decred-proposes-a-dex-without-a-blockchain\/",
                "image_bytes": 82453,
                "service_icon": "https:\/\/coinjournal.net\/wp-content\/uploads\/2017\/10\/CoinJournal_FooterlogoRETINA.png",
                "id": 1,
                "original_url": "https:\/\/coinjournal.net\/decred-proposes-a-dex-without-a-blockchain\/"
            }
        ],
        "ts": "1528855295.000121"
    },
    {
        "type": "message",
        "user": "U66SWTM47",
        "text": "Like BarterDEX?",
        "client_msg_id": "ca36d3bc-ba27-4052-a5b6-d9dcffd76453",
        "ts": "1528856448.000213"
    },
    {
        "type": "message",
        "user": "U70MZ24DQ",
        "text": "hi",
        "client_msg_id": "470f57c9-9c5c-443d-85b7-396484aa396f",
        "ts": "1528857128.000124"
    },
    {
        "type": "message",
        "user": "U70MZ24DQ",
        "text": "trying hyperdex",
        "client_msg_id": "d93aebbc-44a6-4864-baef-e9dcc68c53f3",
        "ts": "1528857134.000100"
    },
    {
        "type": "message",
        "user": "U70MZ24DQ",
        "text": "how can i trade btcz",
        "client_msg_id": "b80504e3-d73c-498d-9624-2616c7f4ca95",
        "ts": "1528857137.000064"
    },
    {
        "type": "message",
        "user": "U41M5AAJW",
        "text": "if it has not been added, you will not be able to trade it in hyperdex",
        "client_msg_id": "0b111222-0381-4651-b59e-f3e7e0af2744",
        "edited": {
            "user": "U41M5AAJW",
            "ts": "1528857201.000000"
        },
        "ts": "1528857184.000062"
    },
    {
        "text": "read a bit of that article. Idea is same as BarterDEX, which is Blockchain-less. But, looks like they are targetting more towards Lightening Network enabled Blockchain for fast trading, which was expcted after LN activated on Bitcoin.",
        "username": "grewalsatinder",
        "bot_id": "BAXPT56P9",
        "icons": {
            "image_48": "https:\/\/slack-files2.s3-us-west-2.amazonaws.com\/bot_icons\/2018-06-07\/377470975797_48.png"
        },
        "type": "message",
        "subtype": "bot_message",
        "ts": "1528857386.000036"
    },
    {
        "text": "I'm sure it'll be more hyped like ETH atomic swap projects. LN",
        "username": "grewalsatinder",
        "bot_id": "BAXPT56P9",
        "icons": {
            "image_48": "https:\/\/slack-files2.s3-us-west-2.amazonaws.com\/bot_icons\/2018-06-07\/377470975797_48.png"
        },
        "type": "message",
        "subtype": "bot_message",
        "ts": "1528857406.000025"
    },
    {
        "type": "message",
        "user": "U02PH4RHZ",
        "text": "Proposes is the key word there",
        "client_msg_id": "b428ae20-3646-41fa-b5ce-2df1b194d351",
        "ts": "1528859962.000211",
        "reactions": [
            {
                "name": "key",
                "users": [
                    "U030L14Q0"
                ],
                "count": 1
            }
        ]
    },
    {
        "text": "most coins now dont have LN",
        "username": "jl777",
        "bot_id": "BAXPT56P9",
        "type": "message",
        "subtype": "bot_message",
        "ts": "1528873065.000004"
    }
]