[
    {
        "text": "pretty sure it's ERC20",
        "username": "[discord] <jorian>",
        "icons": {
            "image_48": "https:\/\/slack-files2.s3-us-west-2.amazonaws.com\/bot_icons\/2018-06-25\/387546872533_48.png"
        },
        "bot_id": "BB46XBDAM",
        "attachments": [
            {
                "callback_id": "matterbridge_bci4l7bovtqcdgq1sf50",
                "id": 1
            }
        ],
        "type": "message",
        "subtype": "bot_message",
        "ts": "1530949753.000018"
    },
    {
        "text": "<@U2Q1DP6EQ> should add it first",
        "username": "[discord] <jorian>",
        "icons": {
            "image_48": "https:\/\/slack-files2.s3-us-west-2.amazonaws.com\/bot_icons\/2018-06-25\/387546872533_48.png"
        },
        "bot_id": "BB46XBDAM",
        "attachments": [
            {
                "callback_id": "matterbridge_bci4l7bovtqcdgq1sf50",
                "id": 1
            }
        ],
        "type": "message",
        "subtype": "bot_message",
        "ts": "1530949759.000021"
    },
    {
        "text": "XTZ is their ticker",
        "username": "[discord] <jorian>",
        "icons": {
            "image_48": "https:\/\/slack-files2.s3-us-west-2.amazonaws.com\/bot_icons\/2018-06-25\/387546872533_48.png"
        },
        "bot_id": "BB46XBDAM",
        "attachments": [
            {
                "callback_id": "matterbridge_bci4l7bovtqcdgq1sf50",
                "id": 1
            }
        ],
        "type": "message",
        "subtype": "bot_message",
        "ts": "1530949771.000059"
    },
    {
        "text": "though i'm not too sure, because tezos is a ETH competitor",
        "username": "[discord] <jorian>",
        "icons": {
            "image_48": "https:\/\/slack-files2.s3-us-west-2.amazonaws.com\/bot_icons\/2018-06-25\/387546872533_48.png"
        },
        "bot_id": "BB46XBDAM",
        "attachments": [
            {
                "callback_id": "matterbridge_bci4l7bovtqcdgq1sf50",
                "id": 1
            }
        ],
        "type": "message",
        "subtype": "bot_message",
        "ts": "1530949803.000039"
    },
    {
        "text": "very good <@U2Q1DP6EQ> \nkeep them coming",
        "username": "[discord] <pbca26>",
        "bot_id": "BB46XBDAM",
        "attachments": [
            {
                "callback_id": "matterbridge_bci4l7bovtqcdgq1sf50",
                "id": 1
            }
        ],
        "type": "message",
        "subtype": "bot_message",
        "ts": "1530951634.000024"
    },
    {
        "text": "i had a look at the source from <https:\/\/gitlab.com\/tezos\/tezos> and the API docu <https:\/\/tezos.gitlab.io\/master\/api\/rpc.html> ... Tezos does not have a bitcoin-RPC-API, so it will not work with BarterDEX",
        "username": "[discord] <cipi>",
        "bot_id": "BB46XBDAM",
        "attachments": [
            {
                "callback_id": "matterbridge_bci4l7bovtqcdgq1sf50",
                "id": 1
            }
        ],
        "type": "message",
        "subtype": "bot_message",
        "ts": "1530973083.000008"
    },
    {
        "text": ":neutral_face:",
        "username": "[discord] <PTYX>",
        "icons": {
            "image_48": "https:\/\/slack-files2.s3-us-west-2.amazonaws.com\/bot_icons\/2018-06-14\/381273883123_48.png"
        },
        "bot_id": "BB46XBDAM",
        "attachments": [
            {
                "callback_id": "matterbridge_bci4l7bovtqcdgq1sf50",
                "id": 1
            }
        ],
        "type": "message",
        "subtype": "bot_message",
        "ts": "1530975182.000046"
    },
    {
        "text": "T-tomic?",
        "username": "[discord] <PTYX>",
        "icons": {
            "image_48": "https:\/\/slack-files2.s3-us-west-2.amazonaws.com\/bot_icons\/2018-06-14\/381273883123_48.png"
        },
        "bot_id": "BB46XBDAM",
        "attachments": [
            {
                "callback_id": "matterbridge_bci4l7bovtqcdgq1sf50",
                "id": 1
            }
        ],
        "type": "message",
        "subtype": "bot_message",
        "ts": "1530975196.000048"
    },
    {
        "text": "Tezomic",
        "username": "[discord] <PTYX>",
        "icons": {
            "image_48": "https:\/\/slack-files2.s3-us-west-2.amazonaws.com\/bot_icons\/2018-06-14\/381273883123_48.png"
        },
        "bot_id": "BB46XBDAM",
        "attachments": [
            {
                "callback_id": "matterbridge_bci4l7bovtqcdgq1sf50",
                "id": 1
            }
        ],
        "type": "message",
        "subtype": "bot_message",
        "ts": "1530975213.000023"
    },
    {
        "text": "<@U2Q1DP6EQ> can you confirm for me if these ports for ZILLA in coins repo are correct? <https:\/\/github.com\/jl777\/coins\/blob\/master\/electrums\/ZILLA>",
        "username": "[discord] <dukeleto>",
        "icons": {
            "image_48": "https:\/\/slack-files2.s3-us-west-2.amazonaws.com\/bot_icons\/2018-06-15\/383564249671_48.png"
        },
        "bot_id": "BB46XBDAM",
        "attachments": [
            {
                "callback_id": "matterbridge_bci4l7bovtqcdgq1sf50",
                "id": 1
            }
        ],
        "type": "message",
        "subtype": "bot_message",
        "ts": "1530990235.000115"
    },
    {
        "text": "<@U2Q1DP6EQ> and to clarify, i am wondering about the electrumX API port for ZILLA",
        "username": "[discord] <dukeleto>",
        "icons": {
            "image_48": "https:\/\/slack-files2.s3-us-west-2.amazonaws.com\/bot_icons\/2018-06-15\/383564249671_48.png"
        },
        "bot_id": "BB46XBDAM",
        "attachments": [
            {
                "callback_id": "matterbridge_bci4l7bovtqcdgq1sf50",
                "id": 1
            }
        ],
        "type": "message",
        "subtype": "bot_message",
        "ts": "1530990375.000022"
    },
    {
        "text": "yes, the port is correct and electrum is running",
        "username": "[discord] <cipi>",
        "bot_id": "BB46XBDAM",
        "attachments": [
            {
                "callback_id": "matterbridge_bci4l7bovtqcdgq1sf50",
                "id": 1
            }
        ],
        "type": "message",
        "subtype": "bot_message",
        "ts": "1530991413.000038"
    },
    {
        "text": "```    \"daemon_height\": 2324,\n    \"db_height\": 2324,```",
        "username": "[discord] <cipi>",
        "bot_id": "BB46XBDAM",
        "attachments": [
            {
                "callback_id": "matterbridge_bci4l7bovtqcdgq1sf50",
                "id": 1
            }
        ],
        "type": "message",
        "subtype": "bot_message",
        "ts": "1530991420.000102"
    },
    {
        "text": "<@U2Q1DP6EQ> i think i have confirmed the issue is on my side, all my electrum servers get marked \"ineligble\" and there are no servers left to connect to. Ever seen this in electrum client?",
        "username": "[discord] <dukeleto>",
        "icons": {
            "image_48": "https:\/\/slack-files2.s3-us-west-2.amazonaws.com\/bot_icons\/2018-06-15\/383564249671_48.png"
        },
        "bot_id": "BB46XBDAM",
        "attachments": [
            {
                "callback_id": "matterbridge_bci4l7bovtqcdgq1sf50",
                "id": 1
            }
        ],
        "type": "message",
        "subtype": "bot_message",
        "ts": "1530994414.000084"
    },
    {
        "text": "<@U2Q1DP6EQ> also, do you by chance see any interesting\/weird error messages in your ZILLA electrumx logs?",
        "username": "[discord] <dukeleto>",
        "icons": {
            "image_48": "https:\/\/slack-files2.s3-us-west-2.amazonaws.com\/bot_icons\/2018-06-15\/383564249671_48.png"
        },
        "bot_id": "BB46XBDAM",
        "attachments": [
            {
                "callback_id": "matterbridge_bci4l7bovtqcdgq1sf50",
                "id": 1
            }
        ],
        "type": "message",
        "subtype": "bot_message",
        "ts": "1530994998.000066"
    },
    {
        "text": "<@U2Q1DP6EQ> i am seeing this with an electrum client trying to connect: ```[<http:\/\/electrum1.cipig.net|electrum1.cipig.net>] SSL error retrieving SSL certificate: [SSL: UNKNOWN_PROTOCOL] unknown protocol (_ssl.c:1045)\n[<http:\/\/electrum2.cipig.net|electrum2.cipig.net>] SSL error retrieving SSL certificate: [SSL: UNKNOWN_PROTOCOL] unknown protocol (_ssl.c:1045)```",
        "username": "[discord] <dukeleto>",
        "icons": {
            "image_48": "https:\/\/slack-files2.s3-us-west-2.amazonaws.com\/bot_icons\/2018-06-15\/383564249671_48.png"
        },
        "bot_id": "BB46XBDAM",
        "attachments": [
            {
                "callback_id": "matterbridge_bci4l7bovtqcdgq1sf50",
                "id": 1
            }
        ],
        "type": "message",
        "subtype": "bot_message",
        "ts": "1530995673.000012"
    },
    {
        "text": "the electrum servers are doing only TCP, no SSL... looks like the client is trying to do SSL",
        "username": "[discord] <cipi>",
        "bot_id": "BB46XBDAM",
        "attachments": [
            {
                "callback_id": "matterbridge_bci4l7bovtqcdgq1sf50",
                "id": 1
            }
        ],
        "type": "message",
        "subtype": "bot_message",
        "ts": "1530997519.000035"
    },
    {
        "text": "not seen any errors in the electrum server logs",
        "username": "[discord] <cipi>",
        "bot_id": "BB46XBDAM",
        "attachments": [
            {
                "callback_id": "matterbridge_bci4l7bovtqcdgq1sf50",
                "id": 1
            }
        ],
        "type": "message",
        "subtype": "bot_message",
        "ts": "1530997579.000073"
    },
    {
        "text": "btw, the electrum servers are talking API version 1.1 and higher, so if the client is trying to do some 1.0 API calls they will fail... what client do you use?",
        "username": "[discord] <cipi>",
        "bot_id": "BB46XBDAM",
        "attachments": [
            {
                "callback_id": "matterbridge_bci4l7bovtqcdgq1sf50",
                "id": 1
            }
        ],
        "type": "message",
        "subtype": "bot_message",
        "ts": "1530997684.000034"
    },
    {
        "text": "<@U2Q1DP6EQ> <https:\/\/github.com\/letolabs\/electrum-zilla> , it's a fork of electrum master as of a yesterday or so",
        "username": "[discord] <dukeleto>",
        "icons": {
            "image_48": "https:\/\/slack-files2.s3-us-west-2.amazonaws.com\/bot_icons\/2018-06-15\/383564249671_48.png"
        },
        "bot_id": "BB46XBDAM",
        "attachments": [
            {
                "callback_id": "matterbridge_bci4l7bovtqcdgq1sf50",
                "id": 1
            }
        ],
        "type": "message",
        "subtype": "bot_message",
        "ts": "1530998007.000001"
    },
    {
        "text": "<@U2Q1DP6EQ> it forces ssl now, it seems",
        "username": "[discord] <dukeleto>",
        "icons": {
            "image_48": "https:\/\/slack-files2.s3-us-west-2.amazonaws.com\/bot_icons\/2018-06-15\/383564249671_48.png"
        },
        "bot_id": "BB46XBDAM",
        "attachments": [
            {
                "callback_id": "matterbridge_bci4l7bovtqcdgq1sf50",
                "id": 1
            }
        ],
        "type": "message",
        "subtype": "bot_message",
        "ts": "1530998064.000014"
    },
    {
        "text": "<@U2Q1DP6EQ> the 3.1.0 electrum release notes mention \"remove ssl option from GUI\"",
        "username": "[discord] <dukeleto>",
        "icons": {
            "image_48": "https:\/\/slack-files2.s3-us-west-2.amazonaws.com\/bot_icons\/2018-06-15\/383564249671_48.png"
        },
        "bot_id": "BB46XBDAM",
        "attachments": [
            {
                "callback_id": "matterbridge_bci4l7bovtqcdgq1sf50",
                "id": 1
            }
        ],
        "type": "message",
        "subtype": "bot_message",
        "ts": "1530998166.000002"
    },
    {
        "text": "<@U2Q1DP6EQ> i disabled ssl and it successfully connected",
        "username": "[discord] <dukeleto>",
        "icons": {
            "image_48": "https:\/\/slack-files2.s3-us-west-2.amazonaws.com\/bot_icons\/2018-06-15\/383564249671_48.png"
        },
        "bot_id": "BB46XBDAM",
        "attachments": [
            {
                "callback_id": "matterbridge_bci4l7bovtqcdgq1sf50",
                "id": 1
            }
        ],
        "type": "message",
        "subtype": "bot_message",
        "ts": "1530998428.000011"
    },
    {
        "text": "i use my fork, which is a fork of <https:\/\/github.com\/kyuupichan\/electrumx> ... are we talking about the same server?",
        "username": "[discord] <cipi>",
        "bot_id": "BB46XBDAM",
        "attachments": [
            {
                "callback_id": "matterbridge_bci4l7bovtqcdgq1sf50",
                "id": 1
            }
        ],
        "type": "message",
        "subtype": "bot_message",
        "ts": "1530998465.000089"
    },
    {
        "text": "looks like i requested some block headers from you then barfed",
        "username": "[discord] <dukeleto>",
        "icons": {
            "image_48": "https:\/\/slack-files2.s3-us-west-2.amazonaws.com\/bot_icons\/2018-06-15\/383564249671_48.png"
        },
        "bot_id": "BB46XBDAM",
        "attachments": [
            {
                "callback_id": "matterbridge_bci4l7bovtqcdgq1sf50",
                "id": 1
            }
        ],
        "type": "message",
        "subtype": "bot_message",
        "ts": "1530998468.000021"
    },
    {
        "text": "@cipi i am talking about the client that talks to that server",
        "username": "[discord] <dukeleto>",
        "icons": {
            "image_48": "https:\/\/slack-files2.s3-us-west-2.amazonaws.com\/bot_icons\/2018-06-15\/383564249671_48.png"
        },
        "bot_id": "BB46XBDAM",
        "attachments": [
            {
                "callback_id": "matterbridge_bci4l7bovtqcdgq1sf50",
                "id": 1
            }
        ],
        "type": "message",
        "subtype": "bot_message",
        "ts": "1530998482.000064"
    },
    {
        "text": "this is a fork of the default Electrum GUI for BTC",
        "username": "[discord] <dukeleto>",
        "icons": {
            "image_48": "https:\/\/slack-files2.s3-us-west-2.amazonaws.com\/bot_icons\/2018-06-15\/383564249671_48.png"
        },
        "bot_id": "BB46XBDAM",
        "attachments": [
            {
                "callback_id": "matterbridge_bci4l7bovtqcdgq1sf50",
                "id": 1
            }
        ],
        "type": "message",
        "subtype": "bot_message",
        "ts": "1530998500.000054"
    },
    {
        "text": "it talks to electrumX servers",
        "username": "[discord] <dukeleto>",
        "icons": {
            "image_48": "https:\/\/slack-files2.s3-us-west-2.amazonaws.com\/bot_icons\/2018-06-15\/383564249671_48.png"
        },
        "bot_id": "BB46XBDAM",
        "attachments": [
            {
                "callback_id": "matterbridge_bci4l7bovtqcdgq1sf50",
                "id": 1
            }
        ],
        "type": "message",
        "subtype": "bot_message",
        "ts": "1530998507.000022"
    },
    {
        "text": "ah ok, i see",
        "username": "[discord] <cipi>",
        "bot_id": "BB46XBDAM",
        "attachments": [
            {
                "callback_id": "matterbridge_bci4l7bovtqcdgq1sf50",
                "id": 1
            }
        ],
        "type": "message",
        "subtype": "bot_message",
        "ts": "1530998535.000037"
    },
    {
        "text": "<@U2Q1DP6EQ> asking you helped anyway, so thanks :smiley:",
        "username": "[discord] <dukeleto>",
        "icons": {
            "image_48": "https:\/\/slack-files2.s3-us-west-2.amazonaws.com\/bot_icons\/2018-06-15\/383564249671_48.png"
        },
        "bot_id": "BB46XBDAM",
        "attachments": [
            {
                "callback_id": "matterbridge_bci4l7bovtqcdgq1sf50",
                "id": 1
            }
        ],
        "type": "message",
        "subtype": "bot_message",
        "ts": "1530998681.000032"
    },
    {
        "text": "Was beginning to wonder if I’d ever get another non kmd assetchain Alice atomic swap to start, but looks like my first ltc\/kmd finally started.",
        "username": "[discord] <tolken>",
        "bot_id": "BB46XBDAM",
        "attachments": [
            {
                "callback_id": "matterbridge_bci4l7bovtqcdgq1sf50",
                "id": 1
            }
        ],
        "type": "message",
        "subtype": "bot_message",
        "ts": "1531001233.000030"
    },
    {
        "text": "fuck yea. Wish I could get a better grip on how to better diagnose when I can’t get trades initiated. Haven’t had any kmd\/ltc bob trades, but at least this Alice trade should confirm my ltc is more or less configured correctly.",
        "username": "[discord] <tolken>",
        "bot_id": "BB46XBDAM",
        "attachments": [
            {
                "callback_id": "matterbridge_bci4l7bovtqcdgq1sf50",
                "id": 1
            }
        ],
        "type": "message",
        "subtype": "bot_message",
        "ts": "1531001423.000005"
    },
    {
        "text": "Have been trying last few days to initiate an Alice btc\/kmd, bch\/kmd, ltc\/kmd, this is the first to finally take.",
        "username": "[discord] <tolken>",
        "bot_id": "BB46XBDAM",
        "attachments": [
            {
                "callback_id": "matterbridge_bci4l7bovtqcdgq1sf50",
                "id": 1
            }
        ],
        "type": "message",
        "subtype": "bot_message",
        "ts": "1531001473.000007"
    },
    {
        "text": "@PTYX tetomix for tezos :p",
        "username": "[discord] <siu>",
        "icons": {
            "image_48": "https:\/\/slack-files2.s3-us-west-2.amazonaws.com\/bot_icons\/2018-06-21\/385852666597_48.png"
        },
        "bot_id": "BB46XBDAM",
        "attachments": [
            {
                "callback_id": "matterbridge_bci4l7bovtqcdgq1sf50",
                "id": 1
            }
        ],
        "type": "message",
        "subtype": "bot_message",
        "ts": "1531001531.000041"
    },
    {
        "text": "OMG please no",
        "username": "[discord] <PTYX>",
        "icons": {
            "image_48": "https:\/\/slack-files2.s3-us-west-2.amazonaws.com\/bot_icons\/2018-06-14\/381273883123_48.png"
        },
        "bot_id": "BB46XBDAM",
        "attachments": [
            {
                "callback_id": "matterbridge_bci4l7bovtqcdgq1sf50",
                "id": 1
            }
        ],
        "type": "message",
        "subtype": "bot_message",
        "ts": "1531001547.000006"
    },
    {
        "text": "Lol",
        "username": "[discord] <PTYX>",
        "icons": {
            "image_48": "https:\/\/slack-files2.s3-us-west-2.amazonaws.com\/bot_icons\/2018-06-14\/381273883123_48.png"
        },
        "bot_id": "BB46XBDAM",
        "attachments": [
            {
                "callback_id": "matterbridge_bci4l7bovtqcdgq1sf50",
                "id": 1
            }
        ],
        "type": "message",
        "subtype": "bot_message",
        "ts": "1531001552.000006"
    },
    {
        "text": "Tetomic",
        "username": "[discord] <PTYX>",
        "icons": {
            "image_48": "https:\/\/slack-files2.s3-us-west-2.amazonaws.com\/bot_icons\/2018-06-14\/381273883123_48.png"
        },
        "bot_id": "BB46XBDAM",
        "attachments": [
            {
                "callback_id": "matterbridge_bci4l7bovtqcdgq1sf50",
                "id": 1
            }
        ],
        "type": "message",
        "subtype": "bot_message",
        "ts": "1531001561.000031"
    },
    {
        "text": "Seems like I’m seeing plenty of bob candidates within decent maxvols to match with my UTXOs. Holding off on btc as I don’t have good matches for that, but my bch\/ltc UTXOs could be large enough not to have issues with fees.",
        "username": "[discord] <tolken>",
        "bot_id": "BB46XBDAM",
        "attachments": [
            {
                "callback_id": "matterbridge_bci4l7bovtqcdgq1sf50",
                "id": 1
            }
        ],
        "type": "message",
        "subtype": "bot_message",
        "ts": "1531001564.000031"
    },
    {
        "text": ":joy: :joy:",
        "username": "[discord] <PTYX>",
        "icons": {
            "image_48": "https:\/\/slack-files2.s3-us-west-2.amazonaws.com\/bot_icons\/2018-06-14\/381273883123_48.png"
        },
        "bot_id": "BB46XBDAM",
        "attachments": [
            {
                "callback_id": "matterbridge_bci4l7bovtqcdgq1sf50",
                "id": 1
            }
        ],
        "type": "message",
        "subtype": "bot_message",
        "ts": "1531001565.000059"
    },
    {
        "text": ":joy: :joy:",
        "username": "[discord] <siu>",
        "icons": {
            "image_48": "https:\/\/slack-files2.s3-us-west-2.amazonaws.com\/bot_icons\/2018-06-21\/385852666597_48.png"
        },
        "bot_id": "BB46XBDAM",
        "attachments": [
            {
                "callback_id": "matterbridge_bci4l7bovtqcdgq1sf50",
                "id": 1
            }
        ],
        "type": "message",
        "subtype": "bot_message",
        "ts": "1531001603.000102"
    },
    {
        "text": "Worst than daicos",
        "username": "[discord] <PTYX>",
        "icons": {
            "image_48": "https:\/\/slack-files2.s3-us-west-2.amazonaws.com\/bot_icons\/2018-06-14\/381273883123_48.png"
        },
        "bot_id": "BB46XBDAM",
        "attachments": [
            {
                "callback_id": "matterbridge_bci4l7bovtqcdgq1sf50",
                "id": 1
            }
        ],
        "type": "message",
        "subtype": "bot_message",
        "ts": "1531001635.000021"
    },
    {
        "text": "Lol",
        "username": "[discord] <siu>",
        "icons": {
            "image_48": "https:\/\/slack-files2.s3-us-west-2.amazonaws.com\/bot_icons\/2018-06-21\/385852666597_48.png"
        },
        "bot_id": "BB46XBDAM",
        "attachments": [
            {
                "callback_id": "matterbridge_bci4l7bovtqcdgq1sf50",
                "id": 1
            }
        ],
        "type": "message",
        "subtype": "bot_message",
        "ts": "1531001659.000078"
    },
    {
        "text": "The line “LTC\/KMD I.25 j.10 qprice 59.93 myprice 50.59 price 50.49 [0.000]",
        "username": "[discord] <tolken>",
        "bot_id": "BB46XBDAM",
        "attachments": [
            {
                "callback_id": "matterbridge_bci4l7bovtqcdgq1sf50",
                "id": 1
            }
        ],
        "type": "message",
        "subtype": "bot_message",
        "ts": "1531002479.000018"
    },
    {
        "text": "What does i.25 and j.10 mean? What is Qprice vs myprice, vs price?",
        "username": "[discord] <tolken>",
        "bot_id": "BB46XBDAM",
        "attachments": [
            {
                "callback_id": "matterbridge_bci4l7bovtqcdgq1sf50",
                "id": 1
            }
        ],
        "type": "message",
        "subtype": "bot_message",
        "ts": "1531002531.000030"
    },
    {
        "text": "It is followed by a question “request processing selected ineligible UTXOs?”  I think I (Alice) have eligible utxos.... maybe bob doesn’t?",
        "username": "[discord] <tolken>",
        "bot_id": "BB46XBDAM",
        "attachments": [
            {
                "callback_id": "matterbridge_bci4l7bovtqcdgq1sf50",
                "id": 1
            }
        ],
        "type": "message",
        "subtype": "bot_message",
        "ts": "1531002590.000070"
    },
    {
        "text": "Why is it when I’m doing an ltc\/kmd Alice buy is it warning. “Address_myutxopair couldn’t find LTC (my address) targets 0.003 0.006375 priceiter.8 voliter.7 price 52.3107 vol 0.00000” ?  I’m buying with kmd, why is it worried about what LTC UTXOs I have?",
        "username": "[discord] <tolken>",
        "bot_id": "BB46XBDAM",
        "attachments": [
            {
                "callback_id": "matterbridge_bci4l7bovtqcdgq1sf50",
                "id": 1
            }
        ],
        "type": "message",
        "subtype": "bot_message",
        "ts": "1531026256.000035"
    },
    {
        "text": ":\/",
        "username": "[discord] <tolken>",
        "bot_id": "BB46XBDAM",
        "attachments": [
            {
                "callback_id": "matterbridge_bci4l7bovtqcdgq1sf50",
                "id": 1
            }
        ],
        "type": "message",
        "subtype": "bot_message",
        "ts": "1531028070.000050"
    },
    {
        "text": "```\n1743 uuid.482988204b5f98305679045e0d8c7d94 M.0 g.0 f.0     reserved   UFO\/KMD     0.64550510 -&gt;   0.00018291 ( 0.00028380) | RT.8 7162 n0\n1746 uuid.482988204b5f98305679045e0d8c7d94 M.0 g.0 f.0      connect   UFO\/KMD     0.64550510 -&gt;   0.00018291 ( 0.00028380) | RT.8 7162 n0\nbob 8adbf9d5de4fb49ec1fca9ca3f28ba384715752de1197c9cddbb756c3d2a1a7c received CONNECT.(482988204b5f98305679045e0d8c7d94)\n&gt;&gt;&gt;&gt;&gt;&gt;&gt;&gt;&gt;&gt; jumblrflag.-2 &lt;&lt;&lt;&lt;&lt;&lt;&lt;&lt;&lt; r.1381723280 q.912044611, 0.64450510 bobconfs.0, 0.00017291 aliceconfs.1 taddr.0 0\nmissing field.(maxprice) add to MM_fields[]\n1747 uuid.482988204b5f98305679045e0d8c7d94 M.0 g.0 f.0    connected   UFO\/KMD     0.64550510 -&gt;   0.00018291 ( 0.00028380) | RT.8 7162 n0\nsend CONNECT for 1381723280-912044611\nMISMATCHED required confirms me.(1 0) vs (0 1) max.(6 6) othermax.(6 6)\nNUMCONFIRMS for SWAP alice.1 bob.1, otheristrusted.0 othertrusts.0\nCUT VERIFIED\nadded 2 of 2 from UFO listunspents\nsecond couldnt add address_utxo df869827560ca9802af30455c6f5917340695398cd6335b1118782a1f508a5ec\/v1 after not finding\ndustcombine.0 numpre.0 min0.(nil) min1.(nil) numutxos.2 amount 0.72806823\nchange 0.00000000 = total 0.31174935 - amount 0.72806823, adjust 0.00000000 numvouts.1, txfee 0.00100000\nnot enough inputs  0.31174935 &lt; for amount 0.72806823 txfee 0.00100000\nrawtx withdraw error? ({\"utxotxid\":\"df869827560ca9802af30455c6f5917340695398cd6335b1118782a1f508a5ec\",\"utxovout\":1,\"locktime\":1531043343,\"txfee\":\"100000\",\"outputs\":[{\"3Jgc5LKmkoYcY63iFwTgj4xksrydXkYmQT\":0.72706823}]})\nerror bob generating 0x7f62e81177c4 deposit.23\n4200000: KMD ave  0.522704 | elapsed 0.299 millis | bitcoind_RPC.(getblock) url.(127.0.0.1:7771)\nETH txid received: 0x0000000000000000000000000000000000000000000000000000000000000000\nswapdata rawtx has null txbytes\nerror from basilisk_swapdata_rawtx.bobdeposit 0x7f62e81177c4 len.0\nerror sending bobdeposit\n0 wait for bobdeposit 3Jgc5LKmkoYcY63iFwTgj4xksrydXkYmQT numconfs.1 UFO 0000000000000000000000000000000000000000000000000000000000000000\n0 wait for bobdeposit 3Jgc5LKmkoYcY63iFwTgj4xksrydXkYmQT numconfs.1 UFO 0000000000000000000000000000000000000000000000000000000000000000\n```\ni get this on bob when i try a swap UFO\/KMD... bob has only 2 UFO utxos... strange is that although bob wasn't able to send bobdeposit, he waits for it, but with a null txid\n",
        "username": "[matrix] <cipig:matrix.org>",
        "bot_id": "BB46XBDAM",
        "attachments": [
            {
                "callback_id": "matterbridge_bci4l7bovtqcdgq1sf50",
                "id": 1
            }
        ],
        "type": "message",
        "subtype": "bot_message",
        "ts": "1531028084.000003"
    }
]