[
    {
        "type": "message",
        "user": "U91SWFB62",
        "text": "Is there a public API or something similar that I can query for address balances? I know about various explorers (atomicexplorer and a .ru one), but they are rife with javascript - I'd prefer not having to scrape them.",
        "ts": "1525003672.000058"
    },
    {
        "user": "U03320YD6",
        "text": "<@U03320YD6> has joined the channel",
        "type": "message",
        "subtype": "channel_join",
        "ts": "1525005506.000054"
    },
    {
        "type": "message",
        "user": "U8LRMS7EC",
        "text": "<@U91SWFB62> there is an api with insight explorers <http:\/\/kmdexplorer.ru\/insight-api-komodo\/blocks?limit=5>",
        "ts": "1525005541.000037"
    },
    {
        "type": "message",
        "user": "U8LRMS7EC",
        "text": "<https:\/\/github.com\/bitpay\/insight-api#api-http-endpoints>",
        "attachments": [
            {
                "service_name": "GitHub",
                "title": "bitpay\/insight-api",
                "title_link": "https:\/\/github.com\/bitpay\/insight-api#api-http-endpoints",
                "text": "insight-api - The bitcoin blockchain API powering Insight",
                "fallback": "GitHub: bitpay\/insight-api",
                "from_url": "https:\/\/github.com\/bitpay\/insight-api#api-http-endpoints",
                "thumb_url": "https:\/\/avatars0.githubusercontent.com\/u\/2554930?s=400&v=4",
                "thumb_width": 250,
                "thumb_height": 250,
                "service_icon": "https:\/\/a.slack-edge.com\/bfaba\/img\/unfurl_icons\/github.png",
                "id": 1,
                "original_url": "https:\/\/github.com\/bitpay\/insight-api#api-http-endpoints"
            }
        ],
        "ts": "1525005562.000054"
    },
    {
        "type": "message",
        "user": "U96AFHXSS",
        "text": "Hi guys.. $hush is not showing after i install the new agama..any idea what needs to be done..thanks",
        "client_msg_id": "49339396-05e4-4275-a079-1a2e7fcd0d74",
        "ts": "1525007351.000074"
    },
    {
        "type": "message",
        "text": "",
        "files": [
            {
                "id": "FAFEWU6SH",
                "created": 1525007379,
                "timestamp": 1525007379,
                "name": "Screenshot_20180429-090623__01.jpg",
                "title": "Screenshot_20180429-090623__01.jpg",
                "mimetype": "image\/jpeg",
                "filetype": "jpg",
                "pretty_type": "JPEG",
                "user": "U70MZ24DQ",
                "editable": false,
                "size": 63076,
                "mode": "hosted",
                "is_external": false,
                "external_type": "",
                "is_public": true,
                "public_url_shared": false,
                "display_as_bot": false,
                "username": "",
                "url_private": "https:\/\/files.slack.com\/files-pri\/T02LAJBUW-FAFEWU6SH\/screenshot_20180429-090623__01.jpg?t=xoxe-2690623982-420508393732-420508393844-55126cc98091fbe0399fac3c66f6ed8e",
                "url_private_download": "https:\/\/files.slack.com\/files-pri\/T02LAJBUW-FAFEWU6SH\/download\/screenshot_20180429-090623__01.jpg?t=xoxe-2690623982-420508393732-420508393844-55126cc98091fbe0399fac3c66f6ed8e",
                "thumb_64": "https:\/\/files.slack.com\/files-tmb\/T02LAJBUW-FAFEWU6SH-51b9530dbf\/screenshot_20180429-090623__01_64.jpg?t=xoxe-2690623982-420508393732-420508393844-55126cc98091fbe0399fac3c66f6ed8e",
                "thumb_80": "https:\/\/files.slack.com\/files-tmb\/T02LAJBUW-FAFEWU6SH-51b9530dbf\/screenshot_20180429-090623__01_80.jpg?t=xoxe-2690623982-420508393732-420508393844-55126cc98091fbe0399fac3c66f6ed8e",
                "thumb_360": "https:\/\/files.slack.com\/files-tmb\/T02LAJBUW-FAFEWU6SH-51b9530dbf\/screenshot_20180429-090623__01_360.jpg?t=xoxe-2690623982-420508393732-420508393844-55126cc98091fbe0399fac3c66f6ed8e",
                "thumb_360_w": 360,
                "thumb_360_h": 275,
                "thumb_480": "https:\/\/files.slack.com\/files-tmb\/T02LAJBUW-FAFEWU6SH-51b9530dbf\/screenshot_20180429-090623__01_480.jpg?t=xoxe-2690623982-420508393732-420508393844-55126cc98091fbe0399fac3c66f6ed8e",
                "thumb_480_w": 480,
                "thumb_480_h": 367,
                "thumb_160": "https:\/\/files.slack.com\/files-tmb\/T02LAJBUW-FAFEWU6SH-51b9530dbf\/screenshot_20180429-090623__01_160.jpg?t=xoxe-2690623982-420508393732-420508393844-55126cc98091fbe0399fac3c66f6ed8e",
                "thumb_720": "https:\/\/files.slack.com\/files-tmb\/T02LAJBUW-FAFEWU6SH-51b9530dbf\/screenshot_20180429-090623__01_720.jpg?t=xoxe-2690623982-420508393732-420508393844-55126cc98091fbe0399fac3c66f6ed8e",
                "thumb_720_w": 720,
                "thumb_720_h": 550,
                "thumb_800": "https:\/\/files.slack.com\/files-tmb\/T02LAJBUW-FAFEWU6SH-51b9530dbf\/screenshot_20180429-090623__01_800.jpg?t=xoxe-2690623982-420508393732-420508393844-55126cc98091fbe0399fac3c66f6ed8e",
                "thumb_800_w": 800,
                "thumb_800_h": 612,
                "thumb_960": "https:\/\/files.slack.com\/files-tmb\/T02LAJBUW-FAFEWU6SH-51b9530dbf\/screenshot_20180429-090623__01_960.jpg?t=xoxe-2690623982-420508393732-420508393844-55126cc98091fbe0399fac3c66f6ed8e",
                "thumb_960_w": 960,
                "thumb_960_h": 734,
                "thumb_1024": "https:\/\/files.slack.com\/files-tmb\/T02LAJBUW-FAFEWU6SH-51b9530dbf\/screenshot_20180429-090623__01_1024.jpg?t=xoxe-2690623982-420508393732-420508393844-55126cc98091fbe0399fac3c66f6ed8e",
                "thumb_1024_w": 1024,
                "thumb_1024_h": 783,
                "image_exif_rotation": 1,
                "original_w": 1070,
                "original_h": 818,
                "permalink": "https:\/\/komodo-platform.slack.com\/files\/U70MZ24DQ\/FAFEWU6SH\/screenshot_20180429-090623__01.jpg",
                "permalink_public": "https:\/\/slack-files.com\/T02LAJBUW-FAFEWU6SH-8e52dd3c2a"
            }
        ],
        "upload": true,
        "user": "U70MZ24DQ",
        "display_as_bot": false,
        "ts": "1525007382.000099"
    },
    {
        "type": "message",
        "user": "U70MZ24DQ",
        "text": "Help",
        "client_msg_id": "8fdb1947-b181-4ea9-8ea7-eb8734045c68",
        "ts": "1525007385.000004"
    },
    {
        "type": "message",
        "user": "U02QSHX81",
        "text": "<@U70MZ24DQ> stop posting same content in every channel. dev already asked you a question to help you in <#C4NHMTBAA|agama> channel",
        "ts": "1525007428.000082"
    },
    {
        "type": "message",
        "user": "U70MZ24DQ",
        "text": "I didnt know it posted",
        "client_msg_id": "07208de5-ac26-4220-b7d6-74e1b8f553ea",
        "ts": "1525007468.000074"
    },
    {
        "type": "message",
        "user": "U70MZ24DQ",
        "text": "Said something about workspace",
        "client_msg_id": "3c2e0eeb-7b71-496e-ac4b-a3f0c5e6a06b",
        "ts": "1525007488.000061"
    },
    {
        "type": "message",
        "user": "U66SWTM47",
        "text": "oh, that messaage",
        "ts": "1525007535.000012"
    },
    {
        "type": "message",
        "user": "U66SWTM47",
        "text": "ignore that message <@U70MZ24DQ>",
        "ts": "1525007543.000076"
    },
    {
        "type": "message",
        "user": "U91SWFB62",
        "text": "That is perfect <@U8LRMS7EC>, thanks so much!",
        "ts": "1525007893.000044"
    },
    {
        "type": "message",
        "user": "U8SV5EYLA",
        "text": "im gonna design a user interface for a webbased barterdex. some questions: barterdex does the splitting automatically now right, so i dont need to think about some splitting interface? when designing for web i dont need to make an extinction between native and lite mode right?",
        "ts": "1525008500.000058"
    },
    {
        "type": "message",
        "user": "U02QSHX81",
        "text": "marketmaker does autosplit. no need for manual split",
        "ts": "1525008542.000076"
    },
    {
        "type": "message",
        "user": "U8SV5EYLA",
        "text": "cool, and there is not gonna be some sick future feature where you can load a native blockchain into your webbrowser?",
        "ts": "1525008577.000040"
    },
    {
        "type": "message",
        "user": "U02QSHX81",
        "text": "we will see what the future holds for us :wink:",
        "ts": "1525008824.000017"
    },
    {
        "type": "message",
        "user": "U02QSHX81",
        "text": "autosplit wasn't there 6 months ago",
        "ts": "1525008842.000057"
    },
    {
        "type": "message",
        "user": "U02QSHX81",
        "text": ":stuck_out_tongue:",
        "ts": "1525008843.000095"
    },
    {
        "type": "message",
        "user": "U8SV5EYLA",
        "text": "true, im not gonna put that as a priority for now though, i only have 9 weeks to come up with a prototype :stuck_out_tongue:",
        "ts": "1525008872.000081"
    },
    {
        "type": "message",
        "user": "U96AFHXSS",
        "text": "Web based barterdex.. cool.. but how will it work with just a web browser?  How does the browser connects to local wallet...",
        "client_msg_id": "20df50b2-9d30-4899-a3e6-70bbd5c9a810",
        "ts": "1525010026.000068"
    },
    {
        "type": "message",
        "user": "U8SV5EYLA",
        "text": "with lite mode you dont need to connect to a local wallet",
        "ts": "1525010347.000035"
    },
    {
        "type": "message",
        "user": "U8SV5EYLA",
        "text": "or local blockchain",
        "ts": "1525010376.000008"
    },
    {
        "type": "message",
        "user": "U8SV5EYLA",
        "text": "im not great with the terminology",
        "ts": "1525010391.000123"
    },
    {
        "type": "message",
        "user": "U8SV5EYLA",
        "text": "its like the wavesdex but then with multiple coins",
        "ts": "1525010458.000015"
    },
    {
        "type": "message",
        "user": "U8SV5EYLA",
        "text": "you have the waves desktop app as well as the waves web app",
        "ts": "1525010494.000098"
    },
    {
        "type": "message",
        "user": "U33CGLNNR",
        "text": "With the litemode you are using something known as SPV or simple payment verification.",
        "client_msg_id": "de11997e-6237-4eb8-aba5-35daa3b6309d",
        "ts": "1525016582.000113"
    },
    {
        "type": "message",
        "user": "U33CGLNNR",
        "text": "It allows you to query the blockchain with your privatekeys without having to download a full copy of such.",
        "client_msg_id": "ae7882ad-b1e7-4aba-9453-40652267a47c",
        "ts": "1525016608.000080"
    },
    {
        "type": "message",
        "user": "U33CGLNNR",
        "text": "You can download Agama and use spv\/lite mode. The web wallet is also spv based as will be the dico dapp",
        "client_msg_id": "38a36b90-8606-4afb-b143-9799e2d7bd9e",
        "ts": "1525016647.000044"
    },
    {
        "type": "message",
        "user": "U0EGQUAPJ",
        "text": "PTYX, SPV seems flakey for BarterDex LPs, do you expect Komodo to eventually replace that functionality with something more robust \/appropriate for BarterDex? Seems like Basilisk was that effort until replaced a while back.",
        "ts": "1525019345.000015"
    },
    {
        "type": "message",
        "user": "U33CGLNNR",
        "text": "LPs should be on servers ideally and running on native",
        "ts": "1525019650.000060"
    },
    {
        "type": "message",
        "user": "U0EGQUAPJ",
        "text": "Looks like some trades must be going through on my bdex lp yay. No idea what people bought but showing a little kmd spent yesterday before I took my stuff offline :) ",
        "edited": {
            "user": "U0EGQUAPJ",
            "ts": "1525019746.000000"
        },
        "ts": "1525019658.000044"
    },
    {
        "type": "message",
        "user": "U0EGQUAPJ",
        "text": "Yeah i realize it’s best to use native (i am now) but eventually a solution for people to be able to provide liquidity more effortlessly of course  would be helpful for adoption.",
        "ts": "1525019725.000130"
    },
    {
        "type": "message",
        "user": "U2Q1DP6EQ",
        "text": "btw, please update your electrum-servers-enable-script with the entries from here: <http:\/\/pad.supernet.org\/electrum-servers> ... the list was recently updated ... and keep in mind that the order is important, so best to just copy&amp;paste the entire thing",
        "ts": "1525019846.000066"
    },
    {
        "type": "message",
        "user": "U0EGQUAPJ",
        "text": "Ahh I see it! Someone sold me some revs for kmd! My first official LP swap on bdex :) ",
        "ts": "1525020187.000033"
    },
    {
        "type": "message",
        "user": "U0EGQUAPJ",
        "text": "Somehow I see 0.000002 pizza in my balance too. No idea how that got there. ",
        "ts": "1525020260.000090"
    },
    {
        "type": "message",
        "user": "U0EGQUAPJ",
        "text": "<https:\/\/www.atomicexplorer.com\/#\/search\/RBs52D7pVq7txo6SCz1Tuyw2WrPmdqU3qw>",
        "attachments": [
            {
                "title": "Atomic Explorer",
                "title_link": "https:\/\/www.atomicexplorer.com\/#\/search\/RBs52D7pVq7txo6SCz1Tuyw2WrPmdqU3qw",
                "text": "Atomic Explorer",
                "fallback": "Atomic Explorer",
                "from_url": "https:\/\/www.atomicexplorer.com\/#\/search\/RBs52D7pVq7txo6SCz1Tuyw2WrPmdqU3qw",
                "service_name": "atomicexplorer.com",
                "id": 1,
                "original_url": "https:\/\/www.atomicexplorer.com\/#\/search\/RBs52D7pVq7txo6SCz1Tuyw2WrPmdqU3qw"
            }
        ],
        "ts": "1525020280.000110"
    },
    {
        "type": "message",
        "user": "U0EGQUAPJ",
        "text": "Looks like it happens a while back, probably inadvertently had autoprice enabled with pizza.",
        "ts": "1525020358.000051"
    },
    {
        "type": "message",
        "user": "U0EGQUAPJ",
        "text": "That atomicexplorer is great.",
        "ts": "1525020375.000090"
    },
    {
        "type": "message",
        "user": "U02LQ1WHQ",
        "text": "there was PIZZA airdrop as a test for VOTE2018",
        "ts": "1525020577.000074"
    },
    {
        "type": "message",
        "user": "U63EZ8ZS8",
        "text": "I suppose you could be a middle man, but then you would be responsible for losses and hackers",
        "attachments": [
            {
                "fallback": "[April 29th, 2018 12:29 PM] kmdkrazy: Breaking the code apart prooved to be difficult for the devs I hired to put BarterDex on a server. I really hope you find a way but sending the passphrase and making marketmaker run as a server seems impossible because it was designed to be peer to peer and completely decentralized. Every time someone connects, a new instance of BarterDex\/marketmaker would need to start.. Designing a way to remote in to your private server instance would be much easier <@U8SV5EYLA> ",
                "ts": "1525019356.000123",
                "author_id": "U63EZ8ZS8",
                "author_subname": "Tylor",
                "channel_id": "C0MN08277",
                "channel_name": "tradebots",
                "is_msg_unfurl": true,
                "text": "Breaking the code apart prooved to be difficult for the devs I hired to put BarterDex on a server. I really hope you find a way but sending the passphrase and making marketmaker run as a server seems impossible because it was designed to be peer to peer and completely decentralized. Every time someone connects, a new instance of BarterDex\/marketmaker would need to start.. Designing a way to remote in to your private server instance would be much easier <@U8SV5EYLA> ",
                "author_name": "Tylor",
                "author_link": "https:\/\/komodo-platform.slack.com\/team\/U63EZ8ZS8",
                "author_icon": "https:\/\/avatars.slack-edge.com\/2018-01-10\/297788391878_6173b4e49b1827931631_48.png",
                "mrkdwn_in": [
                    "text"
                ],
                "color": "D0D0D0",
                "from_url": "https:\/\/komodo-platform.slack.com\/archives\/C0MN08277\/p1525019356000123",
                "is_share": true,
                "footer": "Posted in #tradebots"
            }
        ],
        "ts": "1525020866.000022"
    },
    {
        "type": "message",
        "user": "U8SV5EYLA",
        "text": "Its not my plan to create a working usable product. I create a prototype that will simulate the experience a user will get when it would be a live product. I get study points for this :wink: Im in no way technical capable enough of creating a working product with code etc.",
        "ts": "1525021690.000040"
    },
    {
        "type": "message",
        "user": "U8SV5EYLA",
        "text": "I say web based barterdex because I need some limiting scope for myself",
        "ts": "1525021717.000031"
    },
    {
        "type": "message",
        "user": "U8SV5EYLA",
        "text": "Could also be desktop app, but i saw web based dex was on the roadmap in the future, so i thought this could be a good oppertunity",
        "ts": "1525021765.000094"
    },
    {
        "type": "message",
        "user": "U8SV5EYLA",
        "text": "im just finishing a litte blog article that will tell you guys more about my intentions",
        "ts": "1525021869.000021"
    },
    {
        "type": "message",
        "user": "U63EZ8ZS8",
        "text": "Got it...could be converted to something usable maybe later with API keys and remote in to fill and watch orderbooks",
        "client_msg_id": "78bf612f-ea90-4c7f-9788-abd37180635a",
        "ts": "1525021895.000024"
    },
    {
        "type": "message",
        "user": "U8SV5EYLA",
        "text": "yes exactly, will be useful for future",
        "ts": "1525021913.000052"
    },
    {
        "type": "message",
        "user": "U8SV5EYLA",
        "text": "Okay the first article of my (bi-)weekly blog! <https:\/\/medium.com\/@meyse\/new-komodo-web-dex-interface-part-i-3218192e89af>",
        "attachments": [
            {
                "service_name": "Medium",
                "title": "New Komodo Web DEX Interface: Part I – Meyse – Medium",
                "title_link": "https:\/\/medium.com\/@meyse\/new-komodo-web-dex-interface-part-i-3218192e89af",
                "text": "Creating happy users through user experience design.",
                "fallback": "Medium: New Komodo Web DEX Interface: Part I – Meyse – Medium",
                "image_url": "https:\/\/cdn-images-1.medium.com\/max\/1200\/1*PkgNvsWRgPq7VsjDHCBucA.png",
                "fields": [
                    {
                        "title": "Reading time",
                        "value": "4 min read",
                        "short": true
                    }
                ],
                "ts": 1525022268,
                "from_url": "https:\/\/medium.com\/@meyse\/new-komodo-web-dex-interface-part-i-3218192e89af",
                "image_width": 268,
                "image_height": 250,
                "image_bytes": 68536,
                "service_icon": "https:\/\/cdn-images-1.medium.com\/fit\/c\/304\/304\/1*8I-HPL0bfoIzGied-dzOvA.png",
                "id": 1,
                "original_url": "https:\/\/medium.com\/@meyse\/new-komodo-web-dex-interface-part-i-3218192e89af"
            }
        ],
        "ts": "1525022392.000115"
    },
    {
        "type": "message",
        "user": "U8SV5EYLA",
        "text": "I hope it makes things clear",
        "ts": "1525022400.000019"
    },
    {
        "type": "message",
        "user": "U8SV5EYLA",
        "text": "Omg this picture, why is it soo big haha jeez",
        "ts": "1525022416.000051"
    },
    {
        "type": "message",
        "user": "U0325KXM5",
        "text": "<@U8SV5EYLA> good article, the same suggestions are equally useful for the p2p app version",
        "ts": "1525027730.000026"
    },
    {
        "type": "message",
        "user": "U8T3ZA1MG",
        "text": "Ok, been a while since I used barterdex, but now that I've got coins in there, how do I get them back out again?",
        "ts": "1525052800.000137"
    },
    {
        "type": "message",
        "user": "U8T3ZA1MG",
        "text": "All I get is transaction cannot be completed",
        "ts": "1525052809.000040"
    },
    {
        "type": "message",
        "user": "U5Z26MP60",
        "text": "stick the passphrase in agama and try to send from there?",
        "ts": "1525054131.000108"
    },
    {
        "type": "message",
        "user": "U8T3ZA1MG",
        "text": "That will probably work as a workaround",
        "ts": "1525059232.000153"
    },
    {
        "type": "message",
        "user": "U8T3ZA1MG",
        "text": "curious as to why this wouldnt work though",
        "ts": "1525059236.000131"
    },
    {
        "type": "message",
        "user": "U8T3ZA1MG",
        "text": "would be nice to have it work properly",
        "ts": "1525059245.000004"
    },
    {
        "type": "message",
        "user": "U8T3ZA1MG",
        "text": "hmmm",
        "ts": "1525059441.000050"
    },
    {
        "type": "message",
        "user": "U8T3ZA1MG",
        "text": "might have been user error",
        "ts": "1525059444.000128"
    },
    {
        "type": "message",
        "user": "U8T3ZA1MG",
        "text": "whoops",
        "ts": "1525059447.000062"
    },
    {
        "type": "message",
        "user": "U8T3ZA1MG",
        "text": "I think I had a whitespace character",
        "ts": "1525059456.000070"
    },
    {
        "type": "message",
        "user": "U8T3ZA1MG",
        "text": "pasted with my address i was sending to",
        "ts": "1525059464.000020"
    },
    {
        "type": "message",
        "user": "U8T3ZA1MG",
        "text": "On that note though I'll say it would be nice if the error message indicated at little more about what was wrong if possible",
        "ts": "1525059483.000083"
    }
]