[
    {
        "type": "message",
        "user": "U2Q1DP6EQ",
        "text": "vSlice (VSL) swapped on BarterDEX\n```SWAP completed! 380641656-1353704323 {\"uuid\":\"c4e48d0866c7407787d2eb8f7151f75f29d11ece39c279adf1437a28778084e8\",\"expiration\":1528459884,\"tradeid\":0,\"requestid\":380641656,\"quoteid\":1353704323,\"iambob\":1,\"Bgui\":\"nogui\",\"Agui\":\"\",\"gui\":\"nogui\",\"bob\":\"VSL\",\"bobtomic\":\"0x5c543e7AE0A1104f78406C340E9C64FD9fCE5170\",\"etomicsrc\":\"0x4e623b150b847da59f064f7c7fcc9f787dae2229\",\"srcamount\":0.71662722,\"bobtxfee\":0.00001000,\"alice\":\"KMD\",\"etomicdest\":\"0xdf38dd108bab50da564092ad0cd739c4634d963c\",\"destamount\":0.08009000,\"alicetxfee\":0.00001000,\"aliceid\":\"8044494136024236033\",\"sentflags\":[\"alicespend\", \"bobspend\", \"bobpayment\", \"alicepayment\", \"bobdeposit\", \"bobrefund\"],\"values\":[0.71663722, 0.08010000, 0.71664722, 0.08011000, 0.80622562, 0, 0, 0.80621562, 0, 0, 0],\"result\":\"success\",\"status\":\"finished\",\"finishtime\":1528444847,\"bobdeposit\":\"6bc4b93d94bbab3e86afd6492616611a1601cb62112cfdf705bcfc18ab36336e\",\"alicepayment\":\"5daa0a0710ef2abacdbffe9acafa75ffcd352bb794d3ce27f93a82f8332f17a8\",\"bobpayment\":\"90137c77f334ad8be988d231200a8ca03c6ba4e8a4a64078aba5ae7cff7e1cb1\",\"paymentspent\":\"9f27370ae0a122b5a0d9e16bb41a08dd1f373eb566fc20e4d16f2eee37fd9a22\",\"Apaymentspent\":\"3b69bd66dd1a8710017795cb2573640207c02243fde6a28c51cc739628e4ded3\",\"depositspent\":\"443613d2ce612561bd6529d07b032c7341d1af8024675c111633fe798537e962\",\"method\":\"tradestatus\",\"finishtime\":1528444847}```\nbobdeposit <https:\/\/etherscan.io\/tx\/0x6015c3d61d02259b257b79d75ed8f3bc86589844bded950f9dc5d1d738a330dd>\nalicepayment <https:\/\/kmdexplorer.ru\/tx\/5daa0a0710ef2abacdbffe9acafa75ffcd352bb794d3ce27f93a82f8332f17a8>\nbobpayment <https:\/\/etherscan.io\/tx\/0x99bde628df2eb52ef8487f7cf6d171009b37a07029548a8411a3c2a443e382e2>",
        "ts": "1528445162.000077"
    },
    {
        "type": "message",
        "user": "U2Q1DP6EQ",
        "text": "<@U02LQ1WHQ> VSL is already in coins file, but needs decimals parameter added, so please change the entry to this:\n`{\\\"coin\\\":\\\"VSL\\\",\\\"name\\\":\\\"vslice\\\",\\\"etomic\\\":\\\"0x5c543e7AE0A1104f78406C340E9C64FD9fCE5170\\\",\\\"rpcport\\\":80,\\\"decimals\\\":18}`",
        "ts": "1528445216.000476"
    },
    {
        "type": "message",
        "user": "U2Q1DP6EQ",
        "text": "Matchpool (GUP) swapped on BarterDEX\n```SWAP completed! 1556278787-4122539829 {\"uuid\":\"a87d3f9d6fe83c40d0e633762c358399e01fc483c780be64be470e6c948eb013\",\"expiration\":1528467727,\"tradeid\":0,\"requestid\":1556278787,\"quoteid\":4122539829,\"iambob\":1,\"Bgui\":\"nogui\",\"Agui\":\"\",\"gui\":\"nogui\",\"bob\":\"GUP\",\"bobtomic\":\"0xf7B098298f7C69Fc14610bf71d5e02c60792894C\",\"etomicsrc\":\"0x4e623b150b847da59f064f7c7fcc9f787dae2229\",\"srcamount\":0.71154374,\"bobtxfee\":0.00001000,\"alice\":\"KMD\",\"etomicdest\":\"0xdf38dd108bab50da564092ad0cd739c4634d963c\",\"destamount\":0.08009000,\"alicetxfee\":0.00001000,\"aliceid\":\"12276022795734220801\",\"sentflags\":[\"alicespend\", \"bobspend\", \"bobpayment\", \"alicepayment\", \"bobdeposit\", \"bobrefund\"],\"values\":[0.71155374, 0.08010000, 0.71156374, 0.08011000, 0.80050670, 0, 0, 0.80049670, 0, 0, 0],\"result\":\"success\",\"status\":\"finished\",\"finishtime\":1528452785,\"bobdeposit\":\"8c0b1d92f1bfd63963ad6c7a295cdd2ee7db1a3a86832895826a5a3b4000c572\",\"alicepayment\":\"e1f12ae4eac609c6d69c5fe4315bcd4394d01a89d6e537314055a73f16f7bff2\",\"bobpayment\":\"3c78cec3552658bd4df4f5c1e108fac2b4e0a5346d7e205e7f99b0f6d6af14b1\",\"paymentspent\":\"070226155455ecdb00b89f35d11b3d910ace0dd5de68affa1d96ca9099e70f73\",\"Apaymentspent\":\"a3221b10cf0199ae69a428ccab4274a83e04fd7e93580a6324f895226dfd9b1b\",\"depositspent\":\"ba088f09632a6f79b58d5f9db257964adab62e0bdddbacc5a6f45d151e9d6b86\",\"method\":\"tradestatus\",\"finishtime\":1528452785}```\nbobdeposit <https:\/\/etherscan.io\/tx\/0xa4367efc13c88a53b9d3eb3566af588bd394e3a9a7784197554194e97dc94920>\nalicepayment <https:\/\/kmdexplorer.ru\/tx\/e1f12ae4eac609c6d69c5fe4315bcd4394d01a89d6e537314055a73f16f7bff2>\nbobpayment <https:\/\/etherscan.io\/tx\/0x0785c68fee3826eba361dce4c4e5a67c5c38fa14522ebc636212dcac6c384ec3>",
        "ts": "1528452897.000268"
    },
    {
        "type": "message",
        "user": "U93ET4RU4",
        "text": "Hi,  Is there a way to remove a privkey from a wallet after imo",
        "ts": "1528453483.000095"
    },
    {
        "type": "message",
        "user": "U93ET4RU4",
        "text": "porting it?",
        "ts": "1528453492.000311"
    },
    {
        "text": "not that I know of",
        "username": "jl777",
        "bot_id": "BAXPT56P9",
        "type": "message",
        "subtype": "bot_message",
        "ts": "1528453499.000151"
    },
    {
        "text": "a purgeprivkey would be quite a useful rpc call",
        "username": "jl777",
        "bot_id": "BAXPT56P9",
        "type": "message",
        "subtype": "bot_message",
        "ts": "1528453530.000006",
        "reactions": [
            {
                "name": "+1",
                "users": [
                    "U93ET4RU4"
                ],
                "count": 1
            }
        ]
    },
    {
        "type": "message",
        "user": "U93ET4RU4",
        "text": "Ok, thank you.",
        "ts": "1528453530.000259"
    },
    {
        "type": "message",
        "user": "U8LRMS7EC",
        "text": "yup. the only way is to delete wallet.dat",
        "ts": "1528453543.000124"
    },
    {
        "type": "message",
        "user": "U8LRMS7EC",
        "text": "and thus remove all pkeys",
        "ts": "1528453550.000023"
    },
    {
        "type": "message",
        "user": "U8LRMS7EC",
        "text": ";\/",
        "ts": "1528453554.000352"
    },
    {
        "type": "message",
        "user": "U9HKUSY7K",
        "text": "or forget the password",
        "ts": "1528453562.000122"
    },
    {
        "type": "message",
        "user": "U8LRMS7EC",
        "text": "also ^^",
        "ts": "1528453577.000051"
    },
    {
        "type": "message",
        "user": "U93ET4RU4",
        "text": "I'll make a new wallet and use -pubkey=.  Unless I forget in the meantime :wink:",
        "edited": {
            "user": "U93ET4RU4",
            "ts": "1528453882.000000"
        },
        "ts": "1528453808.000014"
    },
    {
        "text": "<@U02QSHX81>:<http:\/\/matrix.org|matrix.org>: @cipig:<http:\/\/matrix.org|matrix.org> <@U41M5AAJW>:<http:\/\/matrix.org|matrix.org> \nThis issue is really odd\n\n<https:\/\/github.com\/KomodoPlatform\/BarterDEX\/issues\/247>\n\nI have not added ETOMIC faucet feature in BarterDEX.",
        "username": "grewalsatinder",
        "bot_id": "BAXPT56P9",
        "icons": {
            "image_48": "https:\/\/slack-files2.s3-us-west-2.amazonaws.com\/bot_icons\/2018-06-07\/377470975797_48.png"
        },
        "type": "message",
        "subtype": "bot_message",
        "ts": "1528460379.000071"
    },
    {
        "text": "M on mobile\nCan't test to confirm if this is from our code",
        "username": "grewalsatinder",
        "bot_id": "BAXPT56P9",
        "icons": {
            "image_48": "https:\/\/slack-files2.s3-us-west-2.amazonaws.com\/bot_icons\/2018-06-07\/377470975797_48.png"
        },
        "type": "message",
        "subtype": "bot_message",
        "ts": "1528460437.000405"
    },
    {
        "type": "message",
        "user": "U02QSHX81",
        "text": "checking.",
        "ts": "1528460655.000369"
    },
    {
        "type": "message",
        "user": "U02QSHX81",
        "text": "<@U03SKEFEL> i can add ETH see ETH balance using the release version 1.0.6",
        "ts": "1528460922.000007"
    },
    {
        "text": "",
        "username": "shossain",
        "bot_id": "BAXPT56P9",
        "icons": {
            "image_48": "https:\/\/slack-files2.s3-us-west-2.amazonaws.com\/bot_icons\/2018-05-26\/371000768373_48.png"
        },
        "attachments": [
            {
                "fallback": "Screenshot from 2018-06-08 13-28-03.png",
                "image_url": "https:\/\/matrix.org\/_matrix\/media\/v1\/download\/matrix.org\/yNQeWKHmwVvtrUdIzrgZuUaG",
                "image_width": 2562,
                "image_height": 1660,
                "image_bytes": 176626,
                "id": 1
            }
        ],
        "type": "message",
        "subtype": "bot_message",
        "ts": "1528460983.000108"
    },
    {
        "type": "message",
        "user": "U41M5AAJW",
        "text": "I think he needs a balance in etomic",
        "client_msg_id": "1bf10b12-50ba-4e5b-93f3-72bce1c2fed9",
        "ts": "1528461022.000185"
    },
    {
        "text": "cipig: have you restarted the komodod for the SPV servers?",
        "username": "jl777",
        "bot_id": "BAXPT56P9",
        "type": "message",
        "subtype": "bot_message",
        "ts": "1528462213.000146"
    },
    {
        "type": "message",
        "user": "U7B8VF6TB",
        "text": "Anyone here work on EQL?",
        "ts": "1528463650.000650"
    },
    {
        "type": "message",
        "user": "U41M5AAJW",
        "text": "<@U7QU2BJQ5>",
        "ts": "1528463685.000120"
    },
    {
        "type": "message",
        "user": "U41M5AAJW",
        "text": "<@U9Y746WNB>",
        "ts": "1528463691.000724"
    },
    {
        "user": "U9Y746WNB",
        "inviter": "U41M5AAJW",
        "text": "<@U9Y746WNB> has joined the channel",
        "type": "message",
        "subtype": "channel_join",
        "ts": "1528463696.000364"
    },
    {
        "type": "message",
        "user": "U41M5AAJW",
        "text": "<@UA7JFU8UX>",
        "ts": "1528463719.000045"
    },
    {
        "user": "UA7JFU8UX",
        "inviter": "U41M5AAJW",
        "text": "<@UA7JFU8UX> has joined the channel",
        "type": "message",
        "subtype": "channel_join",
        "ts": "1528463720.000649"
    },
    {
        "type": "message",
        "user": "U41M5AAJW",
        "text": "<@U9WULSJ4A>",
        "ts": "1528463727.000427"
    },
    {
        "user": "U9WULSJ4A",
        "inviter": "U41M5AAJW",
        "text": "<@U9WULSJ4A> has joined the channel",
        "type": "message",
        "subtype": "channel_join",
        "ts": "1528463730.000073"
    },
    {
        "type": "message",
        "user": "U7B8VF6TB",
        "text": "Thanks",
        "ts": "1528463740.000302"
    },
    {
        "type": "message",
        "user": "U7B8VF6TB",
        "text": "can someone send me some EQL",
        "ts": "1528463746.000104"
    },
    {
        "type": "message",
        "user": "U7B8VF6TB",
        "text": "`RQm8BNygniNVqVPRYXEosznRZ7uEiooqSm`",
        "ts": "1528463755.000436"
    },
    {
        "type": "message",
        "user": "U7B8VF6TB",
        "text": "just a tiny amount",
        "ts": "1528463759.000575"
    },
    {
        "type": "message",
        "user": "U7B8VF6TB",
        "text": "for testing HyperDEX integration",
        "ts": "1528463766.000452"
    },
    {
        "type": "message",
        "user": "U2Q1DP6EQ",
        "text": "<@U02LQ1WHQ> yes, restarted komodod on SPV",
        "ts": "1528463809.000435"
    },
    {
        "type": "message",
        "user": "U41M5AAJW",
        "text": "will do",
        "ts": "1528463813.000455"
    },
    {
        "type": "message",
        "user": "U7B8VF6TB",
        "text": "Thanks :ok_hand:",
        "ts": "1528463831.000635"
    },
    {
        "type": "message",
        "user": "U41M5AAJW",
        "text": "3fdd501d640084295d7beddaf49a79621c9e0545e4c56605b0711273e6be2ca0",
        "ts": "1528464160.000019"
    },
    {
        "type": "message",
        "user": "U41M5AAJW",
        "text": "<@U7B8VF6TB>",
        "ts": "1528464188.000157"
    },
    {
        "type": "message",
        "user": "U7B8VF6TB",
        "text": "Thanks :thumbsup:",
        "ts": "1528464214.000674"
    },
    {
        "type": "message",
        "user": "U41M5AAJW",
        "text": "no problem",
        "ts": "1528464229.000549"
    },
    {
        "type": "message",
        "user": "U02LQ1WHQ",
        "text": "I will remove CMM from coins file, it appears it cannot handle forks of any sort, even normal propagation based one block forks. It seems the only way it can work is for there to be a centralized controller that people regularly resync to. this will cause issues doing atomic swaps",
        "ts": "1528467630.000803"
    },
    {
        "type": "message",
        "user": "U02LQ1WHQ",
        "text": "once we can get clarification from CMM devs, we can reconsider, but from the code i see they reject any headers that dont match what is already received. This is removed 99% of the blockchain logic",
        "ts": "1528467737.000039"
    },
    {
        "type": "message",
        "user": "U2Q1DP6EQ",
        "text": "<@U9LUDEM8T> ^ are you in contact with the CMM devs?",
        "ts": "1528468945.000276"
    },
    {
        "text": "alright is, but they are not treating him very nicely",
        "username": "jl777",
        "bot_id": "BAXPT56P9",
        "type": "message",
        "subtype": "bot_message",
        "ts": "1528469024.000109"
    },
    {
        "text": "They're treating me just fine :stuck_out_tongue:",
        "username": "alright",
        "bot_id": "BAXPT56P9",
        "type": "message",
        "subtype": "bot_message",
        "ts": "1528469192.000657"
    },
    {
        "text": "well they dont sound like they are listening to valid feedbacks",
        "username": "jl777",
        "bot_id": "BAXPT56P9",
        "type": "message",
        "subtype": "bot_message",
        "ts": "1528469399.000554"
    },
    {
        "type": "message",
        "user": "U9LUDEM8T",
        "text": "If I was a dev, I would have more input.  As it is, they have just asked me to help with marketing.  \nI think some people got a little immature and needlessly offended when Alright was talking to them in chat.  I'm glad that they are working with him to do this.   Anthony is appreciative and hopeful for the test, but hope doesn't secure blockchains.  \n\nAs to the above matter, I will bring it to their attention in the admin channel.   Thank you guys.",
        "ts": "1528469710.000268"
    },
    {
        "text": "if the only disclosure is \"secret sauce\" and a statement that it cant be 51% attacked, that seems quite dangerous from what little I have seen of what CMM is doing.",
        "username": "jl777",
        "bot_id": "BAXPT56P9",
        "type": "message",
        "subtype": "bot_message",
        "ts": "1528470171.000117"
    },
    {
        "type": "message",
        "user": "U9LUDEM8T",
        "text": "Quite dangerous seems like an understatement.  Bold as hell would be more of my stance.  But I don't know enough about these things or how they to comment any further.   Thank you for your input.",
        "ts": "1528470907.000348"
    },
    {
        "type": "message",
        "user": "U9LUDEM8T",
        "text": "I guess all moves are considered bold in crypto, until they work, or they don't, right?   \nThank you guys for working to integrate that new token in.   I sent them your questions.  I know they're busy this weekend but I am sure someone will chime in or let me know how to answer your questions.  Thanks <@U02LQ1WHQ>",
        "ts": "1528473444.000430"
    },
    {
        "text": "security by obscurity doesnt work so well, even for closed source. If they cant describe logically how they are 51% resistant, then it is just a random claim. And if they dont want to hear objective analysis of their methods, then it doesnt bode well, so I hope they will simply describe what they changed and how it is supposed to work",
        "username": "jl777",
        "bot_id": "BAXPT56P9",
        "type": "message",
        "subtype": "bot_message",
        "thread_ts": "1528473629.000460",
        "reply_count": 1,
        "replies": [
            {
                "user": "U9LUDEM8T",
                "ts": "1528475970.000183"
            }
        ],
        "unread_count": 1,
        "ts": "1528473629.000460"
    },
    {
        "type": "message",
        "user": "U7BMPE0US",
        "text": "BarterDEX team - FYI - BitcoinZ will be initiating a software fork to update it's algorithm to Zhash - the updated node is located here: <https:\/\/github.com\/btcz\/bitcoinz>",
        "ts": "1528474741.000257"
    },
    {
        "type": "message",
        "text": "",
        "files": [
            {
                "id": "FB4AC22F4",
                "created": 1528474794,
                "timestamp": 1528474794,
                "name": "image.png",
                "title": "image.png",
                "mimetype": "image\/png",
                "filetype": "png",
                "pretty_type": "PNG",
                "user": "U7BMPE0US",
                "editable": false,
                "size": 57573,
                "mode": "hosted",
                "is_external": false,
                "external_type": "",
                "is_public": true,
                "public_url_shared": false,
                "display_as_bot": false,
                "username": "",
                "url_private": "https:\/\/files.slack.com\/files-pri\/T02LAJBUW-FB4AC22F4\/image.png?t=xoxe-2690623982-420508393732-420508393844-55126cc98091fbe0399fac3c66f6ed8e",
                "url_private_download": "https:\/\/files.slack.com\/files-pri\/T02LAJBUW-FB4AC22F4\/download\/image.png?t=xoxe-2690623982-420508393732-420508393844-55126cc98091fbe0399fac3c66f6ed8e",
                "thumb_64": "https:\/\/files.slack.com\/files-tmb\/T02LAJBUW-FB4AC22F4-92d6b882cd\/image_64.png?t=xoxe-2690623982-420508393732-420508393844-55126cc98091fbe0399fac3c66f6ed8e",
                "thumb_80": "https:\/\/files.slack.com\/files-tmb\/T02LAJBUW-FB4AC22F4-92d6b882cd\/image_80.png?t=xoxe-2690623982-420508393732-420508393844-55126cc98091fbe0399fac3c66f6ed8e",
                "thumb_360": "https:\/\/files.slack.com\/files-tmb\/T02LAJBUW-FB4AC22F4-92d6b882cd\/image_360.png?t=xoxe-2690623982-420508393732-420508393844-55126cc98091fbe0399fac3c66f6ed8e",
                "thumb_360_w": 360,
                "thumb_360_h": 185,
                "thumb_480": "https:\/\/files.slack.com\/files-tmb\/T02LAJBUW-FB4AC22F4-92d6b882cd\/image_480.png?t=xoxe-2690623982-420508393732-420508393844-55126cc98091fbe0399fac3c66f6ed8e",
                "thumb_480_w": 480,
                "thumb_480_h": 247,
                "thumb_160": "https:\/\/files.slack.com\/files-tmb\/T02LAJBUW-FB4AC22F4-92d6b882cd\/image_160.png?t=xoxe-2690623982-420508393732-420508393844-55126cc98091fbe0399fac3c66f6ed8e",
                "image_exif_rotation": 1,
                "original_w": 662,
                "original_h": 341,
                "permalink": "https:\/\/komodo-platform.slack.com\/files\/U7BMPE0US\/FB4AC22F4\/image.png",
                "permalink_public": "https:\/\/slack-files.com\/T02LAJBUW-FB4AC22F4-6ab0b9b5d2"
            }
        ],
        "upload": true,
        "user": "U7BMPE0US",
        "display_as_bot": false,
        "ts": "1528474796.000232"
    },
    {
        "type": "message",
        "user": "U5VUWSR0D",
        "text": "<@U2Q1DP6EQ> ^ your daemon on electrum might need an update just in case you are not aware of it.",
        "client_msg_id": "5761b2b4-bd20-4053-b11f-051806e05635",
        "edited": {
            "user": "U5VUWSR0D",
            "ts": "1528474964.000000"
        },
        "ts": "1528474941.000714"
    },
    {
        "type": "message",
        "user": "U2Q1DP6EQ",
        "text": "can i update right now?",
        "ts": "1528475046.000121"
    },
    {
        "type": "message",
        "user": "U5VUWSR0D",
        "text": "<@U7BMPE0US> ^ can you answer that? Ann sounds like yes",
        "client_msg_id": "fd607eea-995f-4132-b492-79278928a681",
        "ts": "1528475126.000205"
    },
    {
        "type": "message",
        "user": "U7BMPE0US",
        "text": "yes sorry",
        "ts": "1528475133.000492",
        "reactions": [
            {
                "name": "+1",
                "users": [
                    "U5VUWSR0D"
                ],
                "count": 1
            }
        ]
    },
    {
        "type": "message",
        "user": "U7BMPE0US",
        "text": "you can",
        "ts": "1528475135.000527"
    },
    {
        "type": "message",
        "user": "U2Q1DP6EQ",
        "text": "and what about the electrum-server? Any changes needed to it?\n```class BitcoinZ(EquihashMixin, Coin):\n    NAME = \"BitcoinZ\"\n    SHORTNAME = \"BTCZ\"\n    NET = \"mainnet\"\n    P2PKH_VERBYTE = bytes.fromhex(\"1CB8\")\n    P2SH_VERBYTES = [bytes.fromhex(\"1CBD\")]\n    WIF_BYTE = bytes.fromhex(\"80\")\n    GENESIS_HASH = ('f499ee3d498b4298ac6a64205b8addb7'\n                    'c43197e2a660229be65db8a4534d75c1')\n    DESERIALIZER = lib_tx.DeserializerZcash\n    TX_COUNT = 171976\n    TX_COUNT_HEIGHT = 81323\n    TX_PER_BLOCK = 3\n    RPC_PORT = 1979\nREORG_LIMIT = 800```\nwill this still work?",
        "ts": "1528475216.000006"
    },
    {
        "type": "message",
        "user": "U02QSHX81",
        "text": "BTCP electrum servers having issues",
        "edited": {
            "user": "U02QSHX81",
            "ts": "1528475290.000000"
        },
        "ts": "1528475282.000082"
    },
    {
        "type": "message",
        "user": "U2Q1DP6EQ",
        "text": "yes, i know, but not run by me... and this <https:\/\/github.com\/kyuupichan\/electrumx\/pull\/469> still pending",
        "ts": "1528475329.000143"
    },
    {
        "type": "message",
        "user": "U2Q1DP6EQ",
        "text": "dump all your BTCP and buy BTCH :smile:",
        "ts": "1528475402.000714",
        "reactions": [
            {
                "name": "ok_hand::skin-tone-3",
                "users": [
                    "U02QSHX81"
                ],
                "count": 1
            }
        ]
    },
    {
        "type": "message",
        "user": "U7BMPE0US",
        "text": "let me confirm <@U2Q1DP6EQ> - thanks",
        "ts": "1528475479.000272"
    },
    {
        "type": "message",
        "user": "U7BMPE0US",
        "text": "verified P2PKH and P2SH and GENESIS_HASH - just looking to confirm WIF_BYTE",
        "ts": "1528475533.000774"
    },
    {
        "type": "message",
        "user": "U2Q1DP6EQ",
        "text": "i was more concerned about `DESERIALIZER = lib_tx.DeserializerZcash`, but not sure if it makes any difference",
        "ts": "1528475614.000269"
    },
    {
        "type": "message",
        "user": "U7BMPE0US",
        "text": "ok",
        "ts": "1528475710.000419"
    },
    {
        "type": "message",
        "user": "U7BMPE0US",
        "text": "i dont know either, so I'm trying to get some feedback from team",
        "ts": "1528475728.000262"
    },
    {
        "type": "message",
        "user": "U2Q1DP6EQ",
        "text": "cool, thanks",
        "ts": "1528475744.000228"
    },
    {
        "type": "message",
        "user": "U9LUDEM8T",
        "text": "I agree, and agree again.  As far as I can tell they are open to objective analysis through this test they've reached out to developers about.  If they changed anything and how it works I am sure will either be announced or figured out right?   Again, I don't know much about this stuff.  Hopefully they do have something helpful to bring to the table to the crypto market.   If not, Alright made a nice little bounty right?  :smile:",
        "thread_ts": "1528473629.000460",
        "ts": "1528475970.000183"
    },
    {
        "type": "message",
        "user": "U7BMPE0US",
        "text": "<@U2Q1DP6EQ> can you give some context ? the dev team is asking about that i'm assuming you're referring to if this is going to work or not <https:\/\/github.com\/kyuupichan\/electrumx\/blob\/0646d874bec110a410d8f09a40d6199a046590f8\/lib\/tx.py#L309>",
        "ts": "1528476084.000316"
    },
    {
        "type": "message",
        "user": "U2Q1DP6EQ",
        "text": "not sure what info they need... i think i simply try it out... there are block test data for every coin in electrumx (should be)... i will make a new block test file with the new daemon and look if it looks the same as the old one... i think if it does, it will work... just not sure if this covers all, i hope it does :slightly_smiling_face:",
        "ts": "1528476337.000186"
    },
    {
        "type": "message",
        "user": "U7BMPE0US",
        "text": "yes it does",
        "ts": "1528476463.000352"
    },
    {
        "type": "message",
        "user": "U7BMPE0US",
        "text": "thanks",
        "ts": "1528476464.000491"
    },
    {
        "type": "message",
        "user": "U7BMPE0US",
        "text": "i'll get a response and let you know",
        "ts": "1528476481.000161"
    },
    {
        "type": "message",
        "user": "U2Q1DP6EQ",
        "text": "lol, i just saw that the PR for the integration of BitcoinZ in electrumx was from me... i totally forgot that... guess now i am the one responsible for it to still work :slightly_smiling_face:",
        "ts": "1528476811.000304"
    },
    {
        "type": "message",
        "user": "U7BMPE0US",
        "text": "ooops :confused:",
        "ts": "1528477066.000314"
    },
    {
        "type": "message",
        "user": "U2Q1DP6EQ",
        "text": "yes, sorry... will try it out... it was easy to add BTCZ to electrum, since it was no big difference to the other equihash-coins, lets hope it is still so...",
        "ts": "1528477252.000699"
    },
    {
        "type": "message",
        "user": "U2Q1DP6EQ",
        "text": "ok, tested one more erc20 token in the meantime",
        "ts": "1528477712.000217"
    },
    {
        "type": "message",
        "user": "U2Q1DP6EQ",
        "text": "Santiment Network Token (SAN) swapped on BarterDEX\n```SWAP completed! 263997050-308327659 {\"uuid\":\"6de96b35e2b4023c212cf09760bb1a862eca4888b0401189c5d94a3f5493e5ff\",\"expiration\":1528491151,\"tradeid\":0,\"requestid\":263997050,\"quoteid\":308327659,\"iambob\":1,\"Bgui\":\"nogui\",\"Agui\":\"\",\"gui\":\"nogui\",\"bob\":\"SAN\",\"bobtomic\":\"0x7C5A0CE9267ED19B22F8cae653F198e3E8daf098\",\"etomicsrc\":\"0x4e623b150b847da59f064f7c7fcc9f787dae2229\",\"srcamount\":0.77774861,\"bobtxfee\":0.00001000,\"alice\":\"KMD\",\"etomicdest\":\"0xdf38dd108bab50da564092ad0cd739c4634d963c\",\"destamount\":0.08009000,\"alicetxfee\":0.00001000,\"aliceid\":\"14027358932782481409\",\"sentflags\":[\"alicespend\", \"bobspend\", \"bobpayment\", \"alicepayment\", \"bobdeposit\", \"bobrefund\"],\"values\":[0.77775861, 0.08010000, 0.77776861, 0.08011000, 0.87498718, 0, 0, 0.87497718, 0, 0, 0],\"result\":\"success\",\"status\":\"finished\",\"finishtime\":1528475998,\"bobdeposit\":\"cada5f338bee90c9ff7073d3751d2595668745facebfe3fbdf424f1aa66589c9\",\"alicepayment\":\"e4040ec04ad87727daa9e5306d18fba04a51e04c6be6bfcfd592dfba3cde9307\",\"bobpayment\":\"f3d559abda7b23c74096fb8c3f5478102136b64426c73136013dd905f3df7b04\",\"paymentspent\":\"405331594bce3f7f7252569f48c0101be7bf14d9161363a4b6e813f57120aeb7\",\"Apaymentspent\":\"12582978d76cab25693671d67703db9be75849ca75c8b1b0393aee734ce6fb22\",\"depositspent\":\"ea76d69b63c7e90f385bdf874fb25f0f3adc4883619c916c0aa8da1b1a3e34e4\",\"method\":\"tradestatus\",\"finishtime\":1528475998}```\nbobdeposit <https:\/\/etherscan.io\/tx\/0x2da340a4fc1c81feeaaaef570f64b8452e89a3e87da97fb7135b4e217fe6bf71>\nalicepayment <https:\/\/kmdexplorer.ru\/tx\/e4040ec04ad87727daa9e5306d18fba04a51e04c6be6bfcfd592dfba3cde9307>\nbobpayment <https:\/\/etherscan.io\/tx\/0x46729c1cdd7cfdc73fde73ba26f617564d10b0d7c08d2cec0d79ad1c59684225>",
        "ts": "1528477735.000461"
    },
    {
        "type": "message",
        "user": "U2Q1DP6EQ",
        "text": "bitcoinz has changed the algo and nasty stuff, but their daemon is still called \"zcashd\"... that was too much dev work to change it to bitcoinzd or something so it doesn't collide with zcash :smile:",
        "ts": "1528479328.000529"
    },
    {
        "type": "message",
        "user": "U2Q1DP6EQ",
        "text": "<@U7BMPE0US> do you have some peers for the new BTCZ wallet? Can't get it to sync because `peer=7 using obsolete version 170002; disconnecting`",
        "ts": "1528479786.000328"
    },
    {
        "type": "message",
        "user": "U7BMPE0US",
        "text": "yeah the renaming is in a branch but is awaiting review",
        "ts": "1528480010.000808"
    },
    {
        "type": "message",
        "user": "U7BMPE0US",
        "text": "```addnode=45.77.170.13\naddnode=123.30.249.195\naddnode=207.148.86.109\naddnode=109.201.133.21\naddnode=213.32.65.9\naddnode=149.28.67.3\naddnode=54.174.68.212\naddnode=86.11.170.170```",
        "ts": "1528480014.000031"
    },
    {
        "type": "message",
        "user": "U7BMPE0US",
        "text": "that should work",
        "ts": "1528480018.000707"
    },
    {
        "type": "message",
        "user": "U2Q1DP6EQ",
        "text": "that should be enough peers :slightly_smiling_face: thanks",
        "ts": "1528480291.000162"
    },
    {
        "type": "message",
        "user": "U2Q1DP6EQ",
        "text": "ok, looks good, i think replacing the daemon should work on the electrum-servers... will wait 2-3 days and then replace the daemon",
        "ts": "1528481311.000232"
    },
    {
        "type": "message",
        "user": "U7BMPE0US",
        "text": "awesome - thank you very much <@U2Q1DP6EQ>",
        "edited": {
            "user": "U7BMPE0US",
            "ts": "1528483405.000000"
        },
        "ts": "1528483400.000334"
    },
    {
        "type": "message",
        "user": "U2Q1DP6EQ",
        "text": "U.CASH (UCASH) swapped on BarterDEX\n```SWAP completed! 2229249840-1158118761 {\"uuid\":\"731d6b943d291744f6ca3de945b7dd238053eb66f62ff7d66a0214e1dc4f4b56\",\"expiration\":1528521887,\"tradeid\":0,\"requestid\":2229249840,\"quoteid\":1158118761,\"iambob\":1,\"Bgui\":\"nogui\",\"Agui\":\"\",\"gui\":\"nogui\",\"bob\":\"UCASH\",\"bobtomic\":\"0x92e52a1a235d9a103d970901066ce910aacefd37\",\"etomicsrc\":\"0x4e623b150b847da59f064f7c7fcc9f787dae2229\",\"srcamount\":0.78077556,\"bobtxfee\":0.00001000,\"alice\":\"KMD\",\"etomicdest\":\"0xdf38dd108bab50da564092ad0cd739c4634d963c\",\"destamount\":0.08009000,\"alicetxfee\":0.00001000,\"aliceid\":\"6352336343929651201\",\"sentflags\":[\"alicespend\", \"bobspend\", \"bobpayment\", \"alicepayment\", \"bobdeposit\", \"bobrefund\"],\"values\":[0.78078556, 0.08010000, 0.78079556, 0.08011000, 0.87839250, 0, 0, 0.87838250, 0, 0, 0],\"result\":\"success\",\"status\":\"finished\",\"finishtime\":1528506722,\"bobdeposit\":\"c69c18a171d0b5ee117d87a3348543302d60e6f6da53389f3cdbb5a15860f1f1\",\"alicepayment\":\"db8c5910b5fdadfee1dc644190921525be0fb90e0c808684d8df1bc86ffc9dcf\",\"bobpayment\":\"b794319fc7b0597c2af6785829b439ce26d7b937ad856bc10a7d44ad60b2f1df\",\"paymentspent\":\"01ae937caa9f87af621601111be412d3f7f93e6913bc17fadf30aa919e993fb3\",\"Apaymentspent\":\"03d59b32935777ae1cc970b24fd811ada61f8615c1b4d0c66f9231055af0a427\",\"depositspent\":\"705e99b54e2c78cb9ef87e91c83ce3b9e07436cfddb4f4d628ff03e01d6cb492\",\"method\":\"tradestatus\",\"finishtime\":1528506722}```\nbobdeposit <https:\/\/etherscan.io\/tx\/0x54db41878c0a4030cdeb9dc19e541f00bb86ebf5c839b1af9c918d29ac44306a>\nalicepayment <https:\/\/kmdexplorer.ru\/tx\/db8c5910b5fdadfee1dc644190921525be0fb90e0c808684d8df1bc86ffc9dcf>\nbobpayment <https:\/\/etherscan.io\/tx\/0x32b9fa56bfffe87555c2e81b7a46aeaed75d1e4e181f9966085587cf4fe8b764>",
        "client_msg_id": "0ff391ea-4e61-436e-a07f-efb501eb38a5",
        "ts": "1528506926.000115"
    },
    {
        "type": "message",
        "user": "U2Q1DP6EQ",
        "text": "<@U02LQ1WHQ> please add them to coins file: `{\\\"coin\\\":\\\"UCASH\\\",\\\"name\\\":\\\"ucash\\\",\\\"etomic\\\":\\\"0x92e52a1a235d9a103d970901066ce910aacefd37\\\",\\\"rpcport\\\":80}`",
        "client_msg_id": "6e1496d7-3fbc-4942-87c9-8e131389035e",
        "ts": "1528506958.000137"
    },
    {
        "text": "<https:\/\/twitter.com\/satindergrewal\/status\/1005312970774151168>\n<https:\/\/twitter.com\/satindergrewal\/status\/1005313232062513152>",
        "username": "grewalsatinder",
        "bot_id": "BAXPT56P9",
        "icons": {
            "image_48": "https:\/\/slack-files2.s3-us-west-2.amazonaws.com\/bot_icons\/2018-06-07\/377470975797_48.png"
        },
        "type": "message",
        "subtype": "bot_message",
        "ts": "1528520369.000023"
    },
    {
        "type": "message",
        "user": "U2Q1DP6EQ",
        "text": "Credits (CRDS) swapped on BarterDEX\n```SWAP completed! 1202733749-3351026185 {\"uuid\":\"b57b0725b739f54a34b2dea08829c32534c5ca0a9bc83773284280c6b7e86abf\",\"expiration\":1528542020,\"tradeid\":0,\"requestid\":1202733749,\"quoteid\":3351026185,\"iambob\":1,\"Bgui\":\"nogui\",\"Agui\":\"\",\"gui\":\"nogui\",\"bob\":\"CRDS\",\"srcamount\":0.67360602,\"bobtxfee\":0.00010000,\"alice\":\"KMD\",\"destamount\":0.08009000,\"alicetxfee\":0.00001000,\"aliceid\":\"4411914506462101505\",\"sentflags\":[\"alicespend\", \"bobspend\", \"bobpayment\", \"alicepayment\", \"bobdeposit\", \"bobrefund\"],\"values\":[0.67370602, 0.08010000, 0.67380602, 0.08011000, 0.75800677, 0, 0, 0.75790677, 0, 0, 0],\"result\":\"success\",\"status\":\"finished\",\"finishtime\":1528526633,\"bobdeposit\":\"6f7404c46bd91c253f2d0c85e2912b7694cdab9ba7c47f95ce0fc4838a0057ce\",\"alicepayment\":\"32e1c76db0629cb38893c361120b2dd4177589327e407513bd99db0b7fb43225\",\"bobpayment\":\"952cc716514c4b6544f296800d19c3e8a364dcc30f962173327767bb22a13bf5\",\"paymentspent\":\"be0b9b120f452e00c2b04c24ff84323c52042ad4a2211bba13db177c632b2acf\",\"Apaymentspent\":\"3fb19a134e924564a2e49604c55dd76e60255cb062b97c4004216ed30b6e6d04\",\"depositspent\":\"a881ff007474ce9ed227ce410fa41f3b4ca8fdbbc41517675ff0863b8e262331\",\"method\":\"tradestatus\",\"finishtime\":1528526633}```\nbobdeposit <http:\/\/explorer.crds.co\/tx\/6f7404c46bd91c253f2d0c85e2912b7694cdab9ba7c47f95ce0fc4838a0057ce>\nalicepayment <https:\/\/kmdexplorer.ru\/tx\/32e1c76db0629cb38893c361120b2dd4177589327e407513bd99db0b7fb43225>\nbobpayment <http:\/\/explorer.crds.co\/tx\/952cc716514c4b6544f296800d19c3e8a364dcc30f962173327767bb22a13bf5>",
        "client_msg_id": "9a8ce221-a53a-4c5e-9b94-18282dd21afa",
        "ts": "1528526974.000098"
    },
    {
        "type": "message",
        "user": "U2Q1DP6EQ",
        "text": "<@U02LQ1WHQ> please add them to coins file: `{\\\"coin\\\":\\\"CRDS\\\",\\\"name\\\":\\\"credits\\\",\\\"rpcport\\\":31050,\\\"pubtype\\\":28,\\\"p2shtype\\\":10,\\\"wiftype\\\":140,\\\"txfee\\\":10000}`",
        "client_msg_id": "ccd86484-9be4-4963-803c-0d70f2526614",
        "ts": "1528526996.000041"
    },
    {
        "type": "message",
        "user": "U0394QTC7",
        "text": "<@U2Q1DP6EQ> is on fire :fire:",
        "client_msg_id": "c6406f13-8fbe-40f5-b52f-f08e6f761c48",
        "ts": "1528527205.000036",
        "reactions": [
            {
                "name": "fire",
                "users": [
                    "U6U67BH37",
                    "U030L14Q0",
                    "U8QKXKKBM",
                    "U93ET4RU4",
                    "U02QSHX81",
                    "U0EVBU5GC"
                ],
                "count": 6
            }
        ]
    }
]