[
    {
        "text": "we need to add the same seed login mechanism to barterdex too so users don't have to paste teh seed all the time",
        "username": "[discord] <PTYX>",
        "icons": {
            "image_48": "https:\/\/slack-files2.s3-us-west-2.amazonaws.com\/bot_icons\/2018-06-14\/381273883123_48.png"
        },
        "bot_id": "BB46XBDAM",
        "attachments": [
            {
                "callback_id": "matterbridge_bci4l7bovtqcdgq1sf50",
                "id": 1
            }
        ],
        "type": "message",
        "subtype": "bot_message",
        "ts": "1530533919.000205"
    },
    {
        "text": "@jl777c coding release notes notification feature. pushed some code to github for that.\nstill debugging it.",
        "username": "[discord] <grewalsatinder>",
        "icons": {
            "image_48": "https:\/\/slack-files2.s3-us-west-2.amazonaws.com\/bot_icons\/2018-06-13\/380186066400_48.png"
        },
        "bot_id": "BB46XBDAM",
        "attachments": [
            {
                "callback_id": "matterbridge_bci4l7bovtqcdgq1sf50",
                "id": 1
            }
        ],
        "type": "message",
        "subtype": "bot_message",
        "ts": "1530535459.000205"
    },
    {
        "text": "may i know if there's a volume in sancoj?",
        "username": "[discord] <AngelaTrishia29>",
        "icons": {
            "image_48": "https:\/\/slack-files2.s3-us-west-2.amazonaws.com\/bot_icons\/2018-07-02\/391640062002_48.png"
        },
        "bot_id": "BB46XBDAM",
        "attachments": [
            {
                "callback_id": "matterbridge_bci4l7bovtqcdgq1sf50",
                "id": 1
            }
        ],
        "type": "message",
        "subtype": "bot_message",
        "ts": "1530548944.000417"
    },
    {
        "text": "With current dev branch win build of mm (originally posted in #marketmaker, but deleted and move here because I cannot replicate it directly using mm on nix) :\n\n`broadcast error.({\"result\":null,\"error\":{\"code\":-26,\"message\":\"16: mandatory-script-verify-flag-failed (Script evaluated without error but finished with a false\/empty top stack element)\"},\"id\":\"jl777\"})`\nany idea why I keep getting this and swaps never start?\n\n`myfee rawtxsend.[226] 9e7837d7bab30c8b5ce4bddece5bf78b456acc408fe254d929dc57c3b3622b9c vs 0000000000000000000000000000000000000000000000000000000000000000`\nseems to be related because bobdeposits are being made despite myfee not being paid",
        "username": "[discord] <ComputerGenie>",
        "icons": {
            "image_48": "https:\/\/slack-files2.s3-us-west-2.amazonaws.com\/bot_icons\/2018-06-18\/384502037558_48.png"
        },
        "bot_id": "BB46XBDAM",
        "attachments": [
            {
                "callback_id": "matterbridge_bci4l7bovtqcdgq1sf50",
                "id": 1
            }
        ],
        "type": "message",
        "subtype": "bot_message",
        "ts": "1530553084.000313"
    },
    {
        "text": "@AngelaTrishia29 no, the only bob offering SANC for sale is my own... and i had to use a fixed price, because there is no external price source to do autoprice... SANC is not on CMC... the SANC-guys would have to run their own bob, i assume they have enough SANC and i assume they want to sell some",
        "username": "[discord] <cipi>",
        "bot_id": "BB46XBDAM",
        "attachments": [
            {
                "callback_id": "matterbridge_bci4l7bovtqcdgq1sf50",
                "id": 1
            }
        ],
        "type": "message",
        "subtype": "bot_message",
        "ts": "1530553776.000363"
    },
    {
        "text": "but the txfees on ETH chain are anyway extremely high: <https:\/\/etherscan.io\/gastracker>, so every swap would cost 5$ txfees or so... i don't think that someone would want to trade erc20 tokens when the txfees are so high... maybe if they want to swap tokens worth 10000$ :smiley:",
        "username": "[discord] <cipi>",
        "bot_id": "BB46XBDAM",
        "attachments": [
            {
                "callback_id": "matterbridge_bci4l7bovtqcdgq1sf50",
                "id": 1
            }
        ],
        "type": "message",
        "subtype": "bot_message",
        "ts": "1530553893.000209"
    },
    {
        "text": "myfee rawtxsend.[226] 9e7837d7bab30c8b5ce4bddece5bf78b456acc408fe254d929dc57c3b3622b9c vs 0000000000000000000000000000000000000000000000000000000000000000\nindicates error on sending fee by alice. what coin?",
        "username": "[discord] <jl777c>",
        "bot_id": "BB46XBDAM",
        "attachments": [
            {
                "callback_id": "matterbridge_bci4l7bovtqcdgq1sf50",
                "id": 1
            }
        ],
        "type": "message",
        "subtype": "bot_message",
        "ts": "1530561636.000170"
    },
    {
        "text": "SUPERNET",
        "username": "[discord] <ComputerGenie>",
        "icons": {
            "image_48": "https:\/\/slack-files2.s3-us-west-2.amazonaws.com\/bot_icons\/2018-06-18\/384502037558_48.png"
        },
        "bot_id": "BB46XBDAM",
        "attachments": [
            {
                "callback_id": "matterbridge_bci4l7bovtqcdgq1sf50",
                "id": 1
            }
        ],
        "type": "message",
        "subtype": "bot_message",
        "ts": "1530561799.000334"
    },
    {
        "text": "so a windows specific tx signing bug for SUPERNET... any other coins have the same problem?",
        "username": "[discord] <jl777c>",
        "bot_id": "BB46XBDAM",
        "attachments": [
            {
                "callback_id": "matterbridge_bci4l7bovtqcdgq1sf50",
                "id": 1
            }
        ],
        "type": "message",
        "subtype": "bot_message",
        "ts": "1530561859.000009"
    },
    {
        "text": "I'll have to check later, at the time all I had on the rig was sn and coqui and bobs were ignoring couqi offers altogether",
        "username": "[discord] <ComputerGenie>",
        "icons": {
            "image_48": "https:\/\/slack-files2.s3-us-west-2.amazonaws.com\/bot_icons\/2018-06-18\/384502037558_48.png"
        },
        "bot_id": "BB46XBDAM",
        "attachments": [
            {
                "callback_id": "matterbridge_bci4l7bovtqcdgq1sf50",
                "id": 1
            }
        ],
        "type": "message",
        "subtype": "bot_message",
        "ts": "1530561942.000306"
    },
    {
        "text": "windows and native ?",
        "username": "[discord] <jl777c>",
        "bot_id": "BB46XBDAM",
        "attachments": [
            {
                "callback_id": "matterbridge_bci4l7bovtqcdgq1sf50",
                "id": 1
            }
        ],
        "type": "message",
        "subtype": "bot_message",
        "ts": "1530562221.000298"
    },
    {
        "text": "yes to both (using qt wallet)",
        "username": "[discord] <ComputerGenie>",
        "icons": {
            "image_48": "https:\/\/slack-files2.s3-us-west-2.amazonaws.com\/bot_icons\/2018-06-18\/384502037558_48.png"
        },
        "bot_id": "BB46XBDAM",
        "attachments": [
            {
                "callback_id": "matterbridge_bci4l7bovtqcdgq1sf50",
                "id": 1
            }
        ],
        "type": "message",
        "subtype": "bot_message",
        "ts": "1530562309.000313"
    },
    {
        "text": "I'm doing a rescan on that wallet, atm,, there seems to be a conflicting total balance between that wallet and my normal trading nix wallet; not sure if that could be part\/all of the issue or not",
        "username": "[discord] <ComputerGenie>",
        "icons": {
            "image_48": "https:\/\/slack-files2.s3-us-west-2.amazonaws.com\/bot_icons\/2018-06-18\/384502037558_48.png"
        },
        "bot_id": "BB46XBDAM",
        "attachments": [
            {
                "callback_id": "matterbridge_bci4l7bovtqcdgq1sf50",
                "id": 1
            }
        ],
        "type": "message",
        "subtype": "bot_message",
        "ts": "1530562598.000087"
    },
    {
        "text": "the problem is likely something related to wallet, if the same utxo are used on different nodes, it could get confused, but it should be failing everytime",
        "username": "[discord] <jl777c>",
        "bot_id": "BB46XBDAM",
        "attachments": [
            {
                "callback_id": "matterbridge_bci4l7bovtqcdgq1sf50",
                "id": 1
            }
        ],
        "type": "message",
        "subtype": "bot_message",
        "ts": "1530562661.000186"
    },
    {
        "text": "or it could be as simply annoying as:\nbecause, winduhs :persevere:",
        "username": "[discord] <ComputerGenie>",
        "icons": {
            "image_48": "https:\/\/slack-files2.s3-us-west-2.amazonaws.com\/bot_icons\/2018-06-18\/384502037558_48.png"
        },
        "bot_id": "BB46XBDAM",
        "attachments": [
            {
                "callback_id": "matterbridge_bci4l7bovtqcdgq1sf50",
                "id": 1
            }
        ],
        "type": "message",
        "subtype": "bot_message",
        "ts": "1530562972.000022"
    },
    {
        "text": "not sure what other reason a node with `connect` would have a different balance than the node it's connected too",
        "username": "[discord] <ComputerGenie>",
        "icons": {
            "image_48": "https:\/\/slack-files2.s3-us-west-2.amazonaws.com\/bot_icons\/2018-06-18\/384502037558_48.png"
        },
        "bot_id": "BB46XBDAM",
        "attachments": [
            {
                "callback_id": "matterbridge_bci4l7bovtqcdgq1sf50",
                "id": 1
            }
        ],
        "type": "message",
        "subtype": "bot_message",
        "ts": "1530563066.000188"
    },
    {
        "text": "the change to komodo dev branch allows now again to sync KV thanks!",
        "username": "[discord] <CHMEX>",
        "bot_id": "BB46XBDAM",
        "attachments": [
            {
                "callback_id": "matterbridge_bci4l7bovtqcdgq1sf50",
                "id": 1
            }
        ],
        "type": "message",
        "subtype": "bot_message",
        "ts": "1530597532.000058"
    }
]