[
    {
        "type": "message",
        "subtype": "pinned_item",
        "text": "<@U02LQ1WHQ> pinned a message to this channel.",
        "user": "U02LQ1WHQ",
        "item_type": "C",
        "attachments": [
            {
                "fallback": "[March 24th, 2018 7:20 PM] grewalsatinder: <@U02LQ1WHQ> <@U41M5AAJW> <@U02QSHX81> \netomic branch is having inventory management bug fix. \nv0.8 doesn't.\netomic is no more being worked on. It's been merged to dev, and <@U6MTBP2QK> is working on dev right now, re-organising the codebase.\n\nTo my opinion, etomic, and any other v0.xx branch is obsolete.\nAnd since we have the etomic\/ETH features working in GUI, and only the `marketmaker` is the blockage of making an ETH enabled release, I think first sort the static `marketmaker` which is etomic enabled. Don't rush, stay calm, make notes if feel confused. Get the release done in proper way.\n\ndev branch is getting updates, so just test it's version for quality assurance, and merge it to the master.\n\nUse master branch to compile the final release, and don't directly use the dev branch to make any release.\nFor now, only two places need update for coins database.\ndev branch coins.json and the related files,\nand jl777\/coins repo.\nNothing else.\n\nThe steps are:\n- Let other users\/devs push the coins addition to the `dev` branch.\n- Fix the etomic enabled `marketmaker` to be static. Means, it should no the pointing to dynamic nanomsg, for all platforms (Linux, MacOS, Windows)\n- push this static `marketmaker` to `dev` branch, and test for quality assurance.\n- once QA passes for `dev` branch, merge these changes to `master` branch.\n&gt; To this point I expect we have the static etomic enabled mm, and the updated coins.json and it's related js files which lists this new coins in GUI.\n- To make a release use `master` branch.\n\nAny new coins additions should go to two places until I'm done with auto coinsdb management feature, which I'm currently working on (It's not done already). Once this feature is done, and tested by the QA team, then the only branch coins data will need to push will be jl777\/coins. No more coins data pushes to BarterDEX repo.\nThe BarterDEX users will be always getting up-to-date coinsdb after this feature release.\n\nHope this clears any confusions. Please take the copy of this and save somewhere so it's not lost in logs.\n\n:slightly_smiling_face:",
                "ts": "1521944419.000047",
                "author_id": "U03SKEFEL",
                "author_subname": "Satinder Grewal",
                "channel_id": "C0MN08277",
                "channel_name": "tradebots",
                "is_msg_unfurl": true,
                "text": "<@U02LQ1WHQ> <@U41M5AAJW> <@U02QSHX81> \netomic branch is having inventory management bug fix. \nv0.8 doesn't.\netomic is no more being worked on. It's been merged to dev, and <@U6MTBP2QK> is working on dev right now, re-organising the codebase.\n\nTo my opinion, etomic, and any other v0.xx branch is obsolete.\nAnd since we have the etomic\/ETH features working in GUI, and only the `marketmaker` is the blockage of making an ETH enabled release, I think first sort the static `marketmaker` which is etomic enabled. Don't rush, stay calm, make notes if feel confused. Get the release done in proper way.\n\ndev branch is getting updates, so just test it's version for quality assurance, and merge it to the master.\n\nUse master branch to compile the final release, and don't directly use the dev branch to make any release.\nFor now, only two places need update for coins database.\ndev branch coins.json and the related files,\nand jl777\/coins repo.\nNothing else.\n\nThe steps are:\n- Let other users\/devs push the coins addition to the `dev` branch.\n- Fix the etomic enabled `marketmaker` to be static. Means, it should no the pointing to dynamic nanomsg, for all platforms (Linux, MacOS, Windows)\n- push this static `marketmaker` to `dev` branch, and test for quality assurance.\n- once QA passes for `dev` branch, merge these changes to `master` branch.\n&gt; To this point I expect we have the static etomic enabled mm, and the updated coins.json and it's related js files which lists this new coins in GUI.\n- To make a release use `master` branch.\n\nAny new coins additions should go to two places until I'm done with auto coinsdb management feature, which I'm currently working on (It's not done already). Once this feature is done, and tested by the QA team, then the only branch coins data will need to push will be jl777\/coins. No more coins data pushes to BarterDEX repo.\nThe BarterDEX users will be always getting up-to-date coinsdb after this feature release.\n\nHope this clears any confusions. Please take the copy of this and save somewhere so it's not lost in logs.\n\n:slightly_smiling_face:",
                "author_name": "Satinder Grewal",
                "author_link": "https:\/\/komodo-platform.slack.com\/team\/U03SKEFEL",
                "author_icon": "https:\/\/avatars.slack-edge.com\/2016-10-24\/95251862128_74e52e8bb890de7dfe90_48.jpg",
                "mrkdwn_in": [
                    "text"
                ],
                "from_hidden_wksp": false
            }
        ],
        "ts": "1521980697.000017",
        "reactions": [
            {
                "name": "+1",
                "users": [
                    "U81J3QWRG",
                    "U41M5AAJW"
                ],
                "count": 2
            }
        ]
    },
    {
        "type": "message",
        "user": "U9KF6HXQF",
        "text": "<@U41M5AAJW> my sincere thanks for the new release!",
        "ts": "1521984914.000126",
        "reactions": [
            {
                "name": "+1",
                "users": [
                    "U41M5AAJW",
                    "U0372393L"
                ],
                "count": 2
            }
        ]
    },
    {
        "type": "message",
        "user": "U02QSHX81",
        "text": "10 swaps one after another with bitcoin protocol coins and none of them failed! used GUI from dev branch and etomic marketmaker.",
        "ts": "1521988531.000064",
        "reactions": [
            {
                "name": "shexy",
                "users": [
                    "U6MTBP2QK",
                    "U41M5AAJW"
                ],
                "count": 2
            }
        ]
    },
    {
        "type": "message",
        "user": "U02QSHX81",
        "text": "we have much better BarterDEX with better ordermatching and swap completion",
        "ts": "1521988819.000035"
    },
    {
        "type": "message",
        "user": "U6MTBP2QK",
        "text": "The only issues I know of that I've had with that mm were network related (because my ISP sux) and\/or jl's bob were stuck",
        "edited": {
            "user": "U6MTBP2QK",
            "ts": "1521988856.000000"
        },
        "ts": "1521988833.000079"
    },
    {
        "type": "message",
        "user": "U6MTBP2QK",
        "text": "but the mm itself is rawkin'",
        "ts": "1521988880.000111"
    },
    {
        "type": "message",
        "user": "U90TN0WPL",
        "text": "Who here has LTC on the BarterDEX orderbooks, selling for KMD? I've been trying for over a week for a swap to go through, and I'm tired of trying blindly",
        "ts": "1521990706.000073"
    },
    {
        "type": "message",
        "user": "U90TN0WPL",
        "text": "(ie. I have KMD, want LTC)",
        "ts": "1521990723.000002"
    },
    {
        "type": "message",
        "user": "U02LQ1WHQ",
        "text": "probably nobody has any LTC",
        "ts": "1521990837.000073"
    },
    {
        "type": "message",
        "user": "U90TN0WPL",
        "text": "there are orders on the books, with UTXOs listed",
        "ts": "1521990915.000137"
    },
    {
        "type": "message",
        "user": "U90TN0WPL",
        "text": "I know there are issues with viewing your own order on the books sometimes, but shouldn't all other users see my order normally? I ask, because I check <http:\/\/atomicexplorer.com\/#\/books|atomicexplorer.com\/#\/books>, and I never see my orders show up here",
        "ts": "1521991398.000136"
    },
    {
        "type": "message",
        "user": "U02LQ1WHQ",
        "text": "maybe you are having connectivity issues then, if so, it will create issues whenever doing any barterDEX things",
        "thread_ts": "1521991700.000028",
        "reply_count": 1,
        "replies": [
            {
                "user": "U90TN0WPL",
                "ts": "1521992697.000049"
            }
        ],
        "unread_count": 1,
        "ts": "1521991700.000028"
    },
    {
        "type": "message",
        "user": "U02LQ1WHQ",
        "text": "1879 (3832390988  190963584)      request id.6698774674624413698    LTC\/KMD     0.13000218 -&gt;   6.95098674 (53.88270756) | RT.0 0 n0",
        "ts": "1521991939.000141"
    },
    {
        "type": "message",
        "user": "U02LQ1WHQ",
        "text": "i see LTC order, but nobody is responding. seems the nodes with LTC listed are sleeping",
        "ts": "1521991955.000039"
    },
    {
        "type": "message",
        "user": "U02LQ1WHQ",
        "text": "or comatose",
        "ts": "1521991958.000023"
    },
    {
        "type": "message",
        "user": "U93ET4RU4",
        "text": "<@U90TN0WPL> Hi NasBats, I have some up there.",
        "ts": "1521992452.000020"
    },
    {
        "type": "message",
        "user": "U02QSHX81",
        "text": "i was trying to buy LTC, that is the above printout. maybe the LTC nodes are in comatose.",
        "ts": "1521992632.000052"
    },
    {
        "type": "message",
        "user": "U90TN0WPL",
        "text": "how would I go about checking my connectivity is good? checking open ports, ... ?",
        "thread_ts": "1521991700.000028",
        "parent_user_id": "U02LQ1WHQ",
        "ts": "1521992697.000049"
    },
    {
        "type": "message",
        "user": "U41M5AAJW",
        "text": "Maybe the bobs have not been updated for some time",
        "client_msg_id": "b7053179-47c9-4c16-8982-2c7e52b0a030",
        "ts": "1521993676.000087"
    },
    {
        "type": "message",
        "user": "U2Q1DP6EQ",
        "text": "i saw couple of those `1979 (1289017429  389139085)    connected id.12957501958916407296   KMD\/LTC     5.08255920 -&gt;   0.09390697 ( 0.01847635) | RT.112 10417 n0`\nbut not with my nodes, there are some offering it cheaper... maybe try a higher price. like 56, so that they are considered too :wink:",
        "ts": "1521996994.000097"
    },
    {
        "type": "message",
        "user": "U02QSHX81",
        "text": "i was doing with 55, now trying with 56",
        "ts": "1521997041.000074"
    },
    {
        "type": "message",
        "user": "U02QSHX81",
        "text": ":slightly_smiling_face:",
        "ts": "1521997042.000143"
    },
    {
        "type": "message",
        "user": "U2Q1DP6EQ",
        "text": "```SWAP completed! 2576843500-579484408 {\"expiration\":1522015062,\"tradeid\":0,\"requestid\":2576843500,\"quoteid\":579484408,\"iambob\":1,\"Bgui\":\"nogui\",\"Agui\":\"\",\"gui\":\"nogui\",\"bob\":\"LTC\",\"srcamount\":0.40573386,\"bobtxfee\":0.00100000,\"alice\":\"KMD\",\"destamount\":22.40000000,\"alicetxfee\":0.00001000,\"aliceid\":\"11996759358896603139\",\"sentflags\":[\"alicespend\", \"bobspend\", \"bobpayment\", \"alicepayment\", \"bobdeposit\", \"bobrefund\"],\"values\":[0.40673386, 22.40001000, 0.40773386, 22.40002000, 0.45845059, 0, 0, 0.45745059, 0, 0, 0],\"result\":\"success\",\"status\":\"finished\",\"finishtime\":1521999821,\"bobdeposit\":\"d71908b27dbc85ca1e489e0e1a06d15c9d9ed55352d131eea83b07fae072bf2f\",\"alicepayment\":\"f2eb6bd4142d7df5b79b33ff76c7c87c2a238aa3d0a92891e7ed2a1c69a2adc5\",\"bobpayment\":\"631784a6e86f89f6a8a794d647ee0a325433f2db0064c6063720d007a15ec33f\",\"paymentspent\":\"c09a89111cbfba955d446246b72a4095df1f671261fda96a9b9439a1077e23f3\",\"Apaymentspent\":\"a44d195d3be4a272f0fd74650a7e230228de6be78f5c52819b89e71d0b1f1505\",\"depositspent\":\"a41b8e0f2b6fc9d2b48b0224c9fd97217ed420016cca2a480c05c9cca27f92dd\",\"method\":\"tradestatus\",\"finishtime\":1521999821}```",
        "ts": "1522000122.000097"
    },
    {
        "type": "message",
        "user": "U90TN0WPL",
        "text": "ayy, that was me!",
        "ts": "1522003502.000112",
        "reactions": [
            {
                "name": "rocket",
                "users": [
                    "U8RMBDL9Z",
                    "U6U5LQEAG"
                ],
                "count": 2
            },
            {
                "name": "+1",
                "users": [
                    "U93ET4RU4"
                ],
                "count": 1
            }
        ]
    },
    {
        "type": "message",
        "user": "U06LEAJBZ",
        "text": "Reminder: We have now made 5 interviews with notary node candidates (including myself). If you would like to make on too contact <@U69GMP82W> \n\nThis is an open invitation to all notary node candidates.\n\nTime is running out, so schedule your interview soon if you plan to do one.",
        "ts": "1522008374.000099"
    },
    {
        "type": "message",
        "user": "U8RMBDL9Z",
        "text": "Hello, is `<https:\/\/artifacts.supernet.org\/latest\/windows\/>` generally the latest windows builds?",
        "ts": "1522008808.000040"
    },
    {
        "type": "message",
        "user": "U030L14Q0",
        "text": "are you looking for latest agama or barterdex?",
        "ts": "1522009194.000145"
    },
    {
        "type": "message",
        "user": "U8RMBDL9Z",
        "text": "I just want komodo cli windows binaries for now",
        "ts": "1522009248.000080"
    },
    {
        "type": "message",
        "user": "U8RMBDL9Z",
        "text": "I think the ones on <http:\/\/komodoplatform.com|komodoplatform.com> are outdated",
        "ts": "1522009268.000024"
    },
    {
        "type": "message",
        "user": "U030L14Q0",
        "text": "ok, i think the link you posted is the latest",
        "ts": "1522009390.000041"
    },
    {
        "type": "message",
        "user": "U8RMBDL9Z",
        "text": "Awesome thanks, they seem to match Agama's versions",
        "ts": "1522009447.000073"
    },
    {
        "user": "U9WQVRB55",
        "text": "<@U9WQVRB55> has joined the channel",
        "type": "message",
        "subtype": "channel_join",
        "ts": "1522011313.000073"
    },
    {
        "type": "message",
        "user": "U9WQVRB55",
        "text": "hello guys",
        "ts": "1522011320.000079"
    },
    {
        "type": "message",
        "user": "U9WQVRB55",
        "text": "but i still dont get any  kmd coins",
        "ts": "1522011379.000050"
    },
    {
        "type": "message",
        "user": "U33CGLNNR",
        "text": "btc takes much longer to confirm than KMD",
        "ts": "1522011880.000060"
    },
    {
        "type": "message",
        "user": "U33CGLNNR",
        "text": "how long have you waited?",
        "edited": {
            "user": "U33CGLNNR",
            "ts": "1522011891.000000"
        },
        "ts": "1522011884.000060"
    },
    {
        "type": "message",
        "user": "U9WQVRB55",
        "text": "the btc transaction  for a part of them not all that i had and ..use  to buy kmd",
        "ts": "1522012121.000056"
    },
    {
        "type": "message",
        "user": "U9WQVRB55",
        "text": "have   12 Confirmations",
        "ts": "1522012123.000131"
    },
    {
        "type": "message",
        "user": "U9WQVRB55",
        "text": "2h now",
        "ts": "1522012142.000094"
    },
    {
        "type": "message",
        "user": "U6MTBP2QK",
        "text": "there's not much anyone can help unless you post the tx data from the swap",
        "ts": "1522012206.000131"
    },
    {
        "type": "message",
        "user": "U9WQVRB55",
        "text": "and  if i give you that..how can you fix it?",
        "ts": "1522012269.000033"
    },
    {
        "type": "message",
        "user": "U9WQVRB55",
        "text": "the worst part is that...  i still dont get the kmd",
        "ts": "1522012279.000108"
    },
    {
        "type": "message",
        "user": "U9WQVRB55",
        "text": "the kmd tx  have 119 confirmation",
        "ts": "1522012309.000076"
    },
    {
        "type": "message",
        "user": "U6MTBP2QK",
        "text": "not sure anyone can \"fix it\", but it can be seen what is going on and help you understand where you are",
        "ts": "1522012311.000075"
    },
    {
        "type": "message",
        "user": "U6MTBP2QK",
        "text": "just posting a link to a tx on an explorer isn't going to be enough to help",
        "ts": "1522012421.000115"
    },
    {
        "type": "message",
        "user": "U9WQVRB55",
        "text": "i give u the link",
        "ts": "1522012448.000111"
    },
    {
        "type": "message",
        "user": "U33CGLNNR",
        "text": "we need more information. such as txid from both sides, tradeid, and anything else that is relevant",
        "ts": "1522012474.000019"
    },
    {
        "type": "message",
        "user": "U9WQVRB55",
        "text": "that  the  Seller Info",
        "ts": "1522012477.000002"
    },
    {
        "type": "message",
        "user": "U6MTBP2QK",
        "text": "from that link, it looks like you didn't pay and bob got his deposit back .... or you did pay and bob got his deposit back",
        "ts": "1522012500.000014"
    },
    {
        "type": "message",
        "user": "U6MTBP2QK",
        "text": "as I said, we'd need data to give any answer",
        "edited": {
            "user": "U6MTBP2QK",
            "ts": "1522012522.000000"
        },
        "ts": "1522012516.000047"
    },
    {
        "type": "message",
        "user": "U9WQVRB55",
        "text": "well my bitcoins are out of my account",
        "ts": "1522012526.000097"
    },
    {
        "type": "message",
        "user": "U9WQVRB55",
        "text": "for those 13kmd",
        "ts": "1522012531.000046"
    },
    {
        "type": "message",
        "user": "U6MTBP2QK",
        "text": "when you look at the details for the swap, there is data presented to you",
        "ts": "1522012561.000131"
    },
    {
        "type": "message",
        "user": "U6MTBP2QK",
        "text": "more than just 1 tx",
        "ts": "1522012573.000068"
    },
    {
        "type": "message",
        "user": "U9WQVRB55",
        "text": "or you need something else?",
        "ts": "1522012603.000094"
    },
    {
        "type": "message",
        "user": "U6MTBP2QK",
        "text": "you have multiple tx infos for a trade",
        "ts": "1522012610.000018"
    },
    {
        "type": "message",
        "user": "U02LQ1WHQ",
        "text": "requestid quoteid",
        "ts": "1522012620.000097"
    },
    {
        "type": "message",
        "text": "or post a screenshot like this",
        "files": [
            {
                "id": "F9WR15HDM",
                "created": 1522012648,
                "timestamp": 1522012648,
                "name": "Screenshot from 2018-03-21 14-42-46.png",
                "title": "Screenshot from 2018-03-21 14-42-46.png",
                "mimetype": "image\/png",
                "filetype": "png",
                "pretty_type": "PNG",
                "user": "U02QSHX81",
                "editable": false,
                "size": 486853,
                "mode": "hosted",
                "is_external": false,
                "external_type": "",
                "is_public": true,
                "public_url_shared": false,
                "display_as_bot": false,
                "username": "",
                "url_private": "https:\/\/files.slack.com\/files-pri\/T02LAJBUW-F9WR15HDM\/screenshot_from_2018-03-21_14-42-46.png?t=xoxe-2690623982-420508393732-420508393844-55126cc98091fbe0399fac3c66f6ed8e",
                "url_private_download": "https:\/\/files.slack.com\/files-pri\/T02LAJBUW-F9WR15HDM\/download\/screenshot_from_2018-03-21_14-42-46.png?t=xoxe-2690623982-420508393732-420508393844-55126cc98091fbe0399fac3c66f6ed8e",
                "thumb_64": "https:\/\/files.slack.com\/files-tmb\/T02LAJBUW-F9WR15HDM-c7f6640fd9\/screenshot_from_2018-03-21_14-42-46_64.png?t=xoxe-2690623982-420508393732-420508393844-55126cc98091fbe0399fac3c66f6ed8e",
                "thumb_80": "https:\/\/files.slack.com\/files-tmb\/T02LAJBUW-F9WR15HDM-c7f6640fd9\/screenshot_from_2018-03-21_14-42-46_80.png?t=xoxe-2690623982-420508393732-420508393844-55126cc98091fbe0399fac3c66f6ed8e",
                "thumb_360": "https:\/\/files.slack.com\/files-tmb\/T02LAJBUW-F9WR15HDM-c7f6640fd9\/screenshot_from_2018-03-21_14-42-46_360.png?t=xoxe-2690623982-420508393732-420508393844-55126cc98091fbe0399fac3c66f6ed8e",
                "thumb_360_w": 360,
                "thumb_360_h": 245,
                "thumb_480": "https:\/\/files.slack.com\/files-tmb\/T02LAJBUW-F9WR15HDM-c7f6640fd9\/screenshot_from_2018-03-21_14-42-46_480.png?t=xoxe-2690623982-420508393732-420508393844-55126cc98091fbe0399fac3c66f6ed8e",
                "thumb_480_w": 480,
                "thumb_480_h": 327,
                "thumb_160": "https:\/\/files.slack.com\/files-tmb\/T02LAJBUW-F9WR15HDM-c7f6640fd9\/screenshot_from_2018-03-21_14-42-46_160.png?t=xoxe-2690623982-420508393732-420508393844-55126cc98091fbe0399fac3c66f6ed8e",
                "thumb_720": "https:\/\/files.slack.com\/files-tmb\/T02LAJBUW-F9WR15HDM-c7f6640fd9\/screenshot_from_2018-03-21_14-42-46_720.png?t=xoxe-2690623982-420508393732-420508393844-55126cc98091fbe0399fac3c66f6ed8e",
                "thumb_720_w": 720,
                "thumb_720_h": 490,
                "thumb_800": "https:\/\/files.slack.com\/files-tmb\/T02LAJBUW-F9WR15HDM-c7f6640fd9\/screenshot_from_2018-03-21_14-42-46_800.png?t=xoxe-2690623982-420508393732-420508393844-55126cc98091fbe0399fac3c66f6ed8e",
                "thumb_800_w": 800,
                "thumb_800_h": 545,
                "thumb_960": "https:\/\/files.slack.com\/files-tmb\/T02LAJBUW-F9WR15HDM-c7f6640fd9\/screenshot_from_2018-03-21_14-42-46_960.png?t=xoxe-2690623982-420508393732-420508393844-55126cc98091fbe0399fac3c66f6ed8e",
                "thumb_960_w": 960,
                "thumb_960_h": 654,
                "thumb_1024": "https:\/\/files.slack.com\/files-tmb\/T02LAJBUW-F9WR15HDM-c7f6640fd9\/screenshot_from_2018-03-21_14-42-46_1024.png?t=xoxe-2690623982-420508393732-420508393844-55126cc98091fbe0399fac3c66f6ed8e",
                "thumb_1024_w": 1024,
                "thumb_1024_h": 697,
                "image_exif_rotation": 1,
                "original_w": 3108,
                "original_h": 2116,
                "permalink": "https:\/\/komodo-platform.slack.com\/files\/U02QSHX81\/F9WR15HDM\/screenshot_from_2018-03-21_14-42-46.png",
                "permalink_public": "https:\/\/slack-files.com\/T02LAJBUW-F9WR15HDM-09ba2e6cac"
            }
        ],
        "upload": true,
        "user": "U02QSHX81",
        "display_as_bot": false,
        "ts": "1522012652.000088"
    },
    {
        "type": "message",
        "user": "U9WQVRB55",
        "text": "i give the quote id",
        "ts": "1522012726.000011"
    },
    {
        "type": "message",
        "user": "U6MTBP2QK",
        "text": "i give up",
        "ts": "1522012813.000115"
    },
    {
        "type": "message",
        "user": "U9WQVRB55",
        "text": "yeah",
        "ts": "1522012819.000091"
    },
    {
        "text": "goes back to TV",
        "type": "message",
        "subtype": "me_message",
        "user": "U6MTBP2QK",
        "ts": "1522012823.000126"
    },
    {
        "type": "message",
        "user": "U9WQVRB55",
        "text": "why is still in pending",
        "ts": "1522012826.000010"
    },
    {
        "type": "message",
        "user": "U9WQVRB55",
        "text": "?",
        "ts": "1522012830.000107"
    },
    {
        "type": "message",
        "user": "U02LQ1WHQ",
        "text": "kickstart the swap",
        "ts": "1522012888.000012"
    },
    {
        "type": "message",
        "user": "U02LQ1WHQ",
        "text": "swap is waiting for your node to spend bobpayment",
        "ts": "1522012898.000034"
    },
    {
        "type": "message",
        "user": "U02LQ1WHQ",
        "text": "until you process the swap the swap wont be processed",
        "ts": "1522012935.000045"
    },
    {
        "type": "message",
        "user": "U33CGLNNR",
        "text": "<@U9WQVRB55> post a screenshot of the swap info please",
        "ts": "1522012951.000060"
    },
    {
        "type": "message",
        "user": "U9WQVRB55",
        "text": "i dont want my  btc address ...not safe :stuck_out_tongue:",
        "ts": "1522012988.000017"
    },
    {
        "type": "message",
        "user": "U9WQVRB55",
        "text": "mayeb iw atch to many youtube    about bitcoin",
        "ts": "1522013010.000015"
    },
    {
        "type": "message",
        "user": "U02QSHX81",
        "text": "you already posted all of your addresses above",
        "ts": "1522013062.000038"
    },
    {
        "type": "message",
        "user": "U8QKXKKBM",
        "text": "As long as you dont post private keys you are safe",
        "client_msg_id": "0A3DAD87-0A1E-4132-A533-82D4948A19F0",
        "ts": "1522013083.000014"
    },
    {
        "type": "message",
        "user": "U02LQ1WHQ",
        "text": "I will see if i can speed it up  to complete the unwind",
        "ts": "1522013085.000040"
    },
    {
        "type": "message",
        "user": "U9WQVRB55",
        "text": "yeah but not btc",
        "ts": "1522013085.000042"
    },
    {
        "type": "message",
        "user": "U9WQVRB55",
        "text": "what everr",
        "ts": "1522013087.000055"
    },
    {
        "type": "message",
        "user": "U9WQVRB55",
        "text": "i will do the screen shot",
        "ts": "1522013091.000040"
    },
    {
        "type": "message",
        "user": "U9WQVRB55",
        "text": "is not like i have  hundreds of btc",
        "ts": "1522013102.000111"
    },
    {
        "type": "message",
        "user": "U9WQVRB55",
        "text": ":))",
        "ts": "1522013111.000079"
    },
    {
        "type": "message",
        "user": "U9WQVRB55",
        "text": "ok wait",
        "ts": "1522013113.000093"
    },
    {
        "type": "message",
        "user": "U02QSHX81",
        "text": ":+1:",
        "ts": "1522013198.000031"
    },
    {
        "type": "message",
        "user": "U9WQVRB55",
        "text": "i think the seller bail out with the payment :))",
        "ts": "1522013519.000045"
    },
    {
        "type": "message",
        "user": "U9WQVRB55",
        "text": "<@U33CGLNNR> u see the screenshot ?",
        "ts": "1522013569.000074"
    },
    {
        "type": "message",
        "user": "U9WQVRB55",
        "text": "well guys ?",
        "ts": "1522013686.000083"
    },
    {
        "type": "message",
        "user": "U02QSHX81",
        "text": "i don't see the screenshot",
        "ts": "1522013754.000035"
    },
    {
        "type": "message",
        "user": "U047X3GAM",
        "text": "same!!",
        "ts": "1522013767.000033"
    },
    {
        "type": "message",
        "user": "U9WQVRB55",
        "text": "the link to screenshots.firefox ??",
        "ts": "1522013778.000030"
    },
    {
        "type": "message",
        "user": "U02QSHX81",
        "text": "yes",
        "ts": "1522013789.000041"
    },
    {
        "type": "message",
        "user": "U02QSHX81",
        "text": "click on the `KICKSTART STAGNANT TRADE` button and wait for the swap to complete",
        "ts": "1522013968.000127"
    },
    {
        "type": "message",
        "user": "U9WQVRB55",
        "text": "i did",
        "ts": "1522014012.000053"
    },
    {
        "type": "message",
        "user": "U9WQVRB55",
        "text": "and i get the   message",
        "ts": "1522014038.000044"
    },
    {
        "type": "message",
        "user": "U02LQ1WHQ",
        "text": "bobpayment got stuck, so the swap is stalled. testing a version that will resolve this sooner",
        "ts": "1522014063.000099"
    },
    {
        "type": "message",
        "user": "U02LQ1WHQ",
        "text": "source userpass\ncurl --url \"<http:\/\/127.0.0.1:7783>\" --data \"{\\\"userpass\\\":\\\"$userpass\\\",\\\"method\\\":\\\"swapstatus\\\",\\\"requestid\\\":2869965961,\\\"quoteid\\\":1692959363}\"\nabove swapstatus should get the bobpayment. i was looking in the wrong direction. bobpayment is waiting to be spent by alice, it is stuck until the alice node spends it",
        "ts": "1522014319.000040"
    },
    {
        "type": "message",
        "user": "U9WQVRB55",
        "text": "<@U02LQ1WHQ>   and  how you translate in english ?",
        "ts": "1522014382.000002"
    },
    {
        "type": "message",
        "user": "U9WQVRB55",
        "text": "to i need to copy and paste that   stuff in barterdex?",
        "ts": "1522014433.000036"
    },
    {
        "type": "message",
        "user": "U9WQVRB55",
        "text": "i use the windows version of barterDEX",
        "ts": "1522014502.000028"
    },
    {
        "type": "message",
        "user": "U02QSHX81",
        "text": "<@U9WQVRB55> press `CTRL+SHIFT+i` and find your userpass from there. then click on `debug` menu of the GUI. enter the following into the payload box and press Execute\n`{\"userpass\":\"YOUR_USERPASS_VALUE\",\"method\":\"swapstatus\",\"requestid\":2869965961,\"quoteid\":1692959363}\"`",
        "ts": "1522014565.000071"
    },
    {
        "type": "message",
        "user": "U9WQVRB55",
        "text": "i do now",
        "ts": "1522014623.000111"
    },
    {
        "type": "message",
        "user": "U02QSHX81",
        "text": "nice :+1:",
        "ts": "1522014635.000123"
    },
    {
        "type": "message",
        "user": "U9WQVRB55",
        "text": "where to  i need to be in barterdex  ..in what page ?",
        "ts": "1522014667.000104"
    },
    {
        "type": "message",
        "user": "U02QSHX81",
        "text": "from any page",
        "ts": "1522014678.000023"
    },
    {
        "type": "message",
        "user": "U9WQVRB55",
        "text": "when i press the ctrl+shift+i",
        "ts": "1522014680.000105"
    },
    {
        "type": "message",
        "user": "U9WQVRB55",
        "text": "ok",
        "ts": "1522014681.000118"
    },
    {
        "type": "message",
        "user": "U9WQVRB55",
        "text": "is a html code",
        "ts": "1522014708.000088"
    },
    {
        "type": "message",
        "user": "U02QSHX81",
        "text": "yes, that will open your chrome dev console. you will find your `userpass` value there",
        "ts": "1522014749.000112"
    },
    {
        "type": "message",
        "user": "U9WQVRB55",
        "text": "in elements tab  no results  when i  search for  \"userpass\"",
        "ts": "1522014779.000037"
    },
    {
        "type": "message",
        "user": "U02QSHX81",
        "text": "`console` tab",
        "ts": "1522014799.000071"
    },
    {
        "type": "message",
        "user": "U9WQVRB55",
        "text": "got it",
        "ts": "1522014821.000002"
    },
    {
        "type": "message",
        "user": "U9WQVRB55",
        "text": "YOUR_USERPASS_VALUE  is the same as userpass ?",
        "ts": "1522014862.000064"
    },
    {
        "type": "message",
        "user": "U02QSHX81",
        "text": "yes",
        "ts": "1522014997.000087"
    },
    {
        "type": "message",
        "user": "U9WQVRB55",
        "text": "at the end of that code  need to be a  \" ?",
        "ts": "1522015077.000056"
    },
    {
        "type": "message",
        "user": "U9WQVRB55",
        "text": "or that \" is  after the }",
        "ts": "1522015091.000117"
    },
    {
        "type": "message",
        "user": "U9WQVRB55",
        "text": "?",
        "ts": "1522015093.000080"
    },
    {
        "type": "message",
        "user": "U02QSHX81",
        "text": "the ind will have `\"`",
        "ts": "1522015133.000068"
    },
    {
        "type": "message",
        "user": "U02QSHX81",
        "text": "that's a JSON script",
        "ts": "1522015167.000044"
    },
    {
        "type": "message",
        "user": "U9WQVRB55",
        "text": "i click execute  ..nothing happen",
        "ts": "1522015199.000039"
    },
    {
        "type": "message",
        "user": "U02QSHX81",
        "text": "i may be wrong. use the following format\n`{\"userpass\":\"YOUR_USERPASS_VALUE\",\"method\":\"swapstatus\",\"requestid\":\"2869965961\",\"quoteid\":\"1692959363\"}`",
        "edited": {
            "user": "U02QSHX81",
            "ts": "1522015304.000000"
        },
        "ts": "1522015299.000085"
    },
    {
        "type": "message",
        "user": "U9WQVRB55",
        "text": "dang it     swap never started",
        "ts": "1522015422.000087"
    },
    {
        "type": "message",
        "user": "U02LQ1WHQ",
        "text": "if you dont use the right ids, it will use the wrong ids",
        "ts": "1522015435.000040"
    },
    {
        "type": "message",
        "user": "U9WQVRB55",
        "text": "i use it right and that message come back",
        "ts": "1522015567.000096"
    },
    {
        "type": "message",
        "user": "U02LQ1WHQ",
        "text": "jl777 [1:03 AM]\nif you dont use the right ids, it will use the wrong ids",
        "ts": "1522015587.000101"
    },
    {
        "type": "message",
        "user": "U02LQ1WHQ",
        "text": "you used the wrong requestid",
        "ts": "1522015595.000048"
    },
    {
        "type": "message",
        "user": "U02LQ1WHQ",
        "text": "komodo01 [1:03 AM]\n{ \"error\": \"swap never started\", \"status\": \"finished\", \"bob\": \"\", \"src\": \"\", \"alice\": \"\", \"dest\": \"\", \"requestid\": 2147483647, \"quoteid\": 1692959363 }",
        "ts": "1522015902.000039"
    },
    {
        "type": "message",
        "user": "U02QSHX81",
        "text": "check your requestid",
        "ts": "1522016017.000115"
    },
    {
        "type": "message",
        "user": "U02QSHX81",
        "text": "2147483647",
        "ts": "1522016028.000056"
    },
    {
        "type": "message",
        "user": "U02QSHX81",
        "text": "{ \"error\": \"swap never started\", \"status\": \"finished\", \"bob\": \"\", \"src\": \"\", \"alice\": \"\", \"dest\": \"\", \"requestid\": `2147483647`, \"quoteid\": 1692959363 }",
        "ts": "1522016093.000052"
    },
    {
        "type": "message",
        "user": "U02LQ1WHQ",
        "text": "that;s the problem for some reason you didnt get bobpayment during the swap. it will take a while, but eventually things will unwind",
        "ts": "1522016375.000101"
    },
    {
        "type": "message",
        "user": "U9WQVRB55",
        "text": "and i need to let the barterDEX  app open?",
        "ts": "1522016421.000111"
    },
    {
        "type": "message",
        "user": "U9WQVRB55",
        "text": "or i can close my pc?",
        "ts": "1522016427.000045"
    },
    {
        "type": "message",
        "user": "U02QSHX81",
        "text": "you can close your PC.",
        "ts": "1522016437.000059"
    },
    {
        "type": "message",
        "user": "U9WQVRB55",
        "text": "last question",
        "ts": "1522016459.000082"
    },
    {
        "type": "message",
        "user": "U02QSHX81",
        "text": "next time you start BarterDEX after few hours, it may claim your funds back",
        "ts": "1522016462.000100"
    },
    {
        "type": "message",
        "user": "U9WQVRB55",
        "text": "why ppl dont use  direct   BTC to zec ?",
        "ts": "1522016469.000036"
    },
    {
        "type": "message",
        "user": "U6MTBP2QK",
        "text": "and 65 minutes later, data :confused:",
        "ts": "1522016472.000083"
    },
    {
        "type": "message",
        "user": "U9WQVRB55",
        "text": "from what i see   ppl  buy kmd and then with kmd start to trade for zec",
        "ts": "1522016498.000120"
    },
    {
        "type": "message",
        "user": "U02QSHX81",
        "text": "you just need to create an BTC\/ZEC orderbook. anyone can do that.",
        "ts": "1522016533.000113"
    },
    {
        "type": "message",
        "user": "U9WQVRB55",
        "text": "i see",
        "ts": "1522016544.000029"
    },
    {
        "type": "message",
        "user": "U9WQVRB55",
        "text": "and if i wanna do that i must have at least 0.001 btc",
        "ts": "1522016553.000079"
    },
    {
        "type": "message",
        "user": "U9WQVRB55",
        "text": "but nobody   is there to sell zec",
        "ts": "1522016564.000023"
    },
    {
        "type": "message",
        "user": "U02QSHX81",
        "text": "there has to be an orderbook",
        "ts": "1522016579.000066"
    },
    {
        "type": "message",
        "user": "U9WQVRB55",
        "text": "<https:\/\/dexstats.info\/>   i watch here  nobody buy \/sell  zec directly from btc",
        "attachments": [
            {
                "title": "Dexstats Dashboard - BarterDEX ",
                "title_link": "https:\/\/dexstats.info\/",
                "text": "Key Data for BarterDEX",
                "fallback": "Dexstats Dashboard - BarterDEX ",
                "from_url": "https:\/\/dexstats.info\/",
                "service_name": "dexstats.info",
                "id": 1
            }
        ],
        "ts": "1522016588.000013"
    },
    {
        "type": "message",
        "user": "U02QSHX81",
        "text": "because, no one is trading that market. you can start one. marketmakers don't have to pay dex fee.",
        "ts": "1522016702.000029"
    },
    {
        "type": "message",
        "user": "U9WQVRB55",
        "text": ":slightly_smiling_face:",
        "ts": "1522016956.000063"
    },
    {
        "type": "message",
        "user": "U9WQVRB55",
        "text": "thank you  for your time  have a nice sunday !",
        "ts": "1522016970.000031",
        "reactions": [
            {
                "name": "+1",
                "users": [
                    "U02QSHX81"
                ],
                "count": 1
            }
        ]
    },
    {
        "user": "U7TF0LG5P",
        "text": "<@U7TF0LG5P> has joined the channel",
        "type": "message",
        "subtype": "channel_join",
        "ts": "1522017170.000090"
    },
    {
        "type": "message",
        "user": "U6MTBP2QK",
        "text": "&gt;i watch here  nobody buy \/sell  zec directly from btc\nAlternatively, that may be because many of us lack faith in the utility of BTC as a commodity and got out before it it lost so much value...",
        "ts": "1522017217.000003",
        "reactions": [
            {
                "name": "ok_hand",
                "users": [
                    "U7B8VF6TB"
                ],
                "count": 1
            }
        ]
    },
    {
        "type": "message",
        "user": "U0JUJF8RX",
        "text": "My lack of faith is not in BTC as a commodity, but rather in BTC as a currency.   ",
        "client_msg_id": "8FEB0A49-D77A-4718-944B-F27FE54F203B",
        "ts": "1522026149.000127"
    },
    {
        "type": "message",
        "user": "U6MTBP2QK",
        "text": "I'm too lazy and too likely to digress into a diatribe about how Bitcoin as a currency hasn't changed",
        "ts": "1522027940.000149"
    },
    {
        "type": "message",
        "user": "U69GMP82W",
        "text": "what about bitcoin the longest chain?",
        "ts": "1522029598.000218"
    },
    {
        "type": "message",
        "user": "U69GMP82W",
        "text": "or bitcoin the focal point",
        "ts": "1522029737.000063"
    },
    {
        "type": "message",
        "user": "U8RMBDL9Z",
        "text": "do all asset chains use the same exact api as komodo?",
        "ts": "1522030046.000077"
    },
    {
        "type": "message",
        "user": "U02LQ1WHQ",
        "text": "yes",
        "ts": "1522030126.000169"
    },
    {
        "type": "message",
        "user": "U8RMBDL9Z",
        "text": "thank you :slightly_smiling_face:",
        "ts": "1522030140.000060"
    },
    {
        "type": "message",
        "user": "U8WFL9AMU",
        "text": "Commodities are only as good as their use.",
        "client_msg_id": "c5f978b8-0ec7-473c-9076-d919ac95fd21",
        "ts": "1522035104.000007"
    },
    {
        "type": "message",
        "user": "U8WFL9AMU",
        "text": "Btc's use is as currency.",
        "client_msg_id": "8178e324-e86b-407f-8fa2-24f19a3a9631",
        "ts": "1522035116.000070"
    },
    {
        "type": "message",
        "user": "U8WFL9AMU",
        "text": "Gold has a multitude of uses. But it fails as a currency due to not being easily exchangeable or divisible.",
        "client_msg_id": "ebad2cbc-8120-4172-b868-5142addf37c4",
        "ts": "1522035158.000117"
    },
    {
        "type": "message",
        "user": "U8RMBDL9Z",
        "text": "Is there still some test swaps for beer\/vote happening today?",
        "edited": {
            "user": "U8RMBDL9Z",
            "ts": "1522042648.000000"
        },
        "ts": "1522042603.000139"
    },
    {
        "type": "message",
        "user": "U6MTBP2QK",
        "text": "BTC is horrible as a currency and Core devs like it that way.",
        "attachments": [
            {
                "fallback": "[March 25th, 2018 10:31 PM] maegus: Btc's use is as currency.",
                "ts": "1522035116.000070",
                "author_id": "U8WFL9AMU",
                "author_subname": "maeler",
                "channel_id": "C0MN08277",
                "channel_name": "tradebots",
                "is_msg_unfurl": true,
                "text": "Btc's use is as currency.",
                "author_name": "maeler",
                "author_link": "https:\/\/komodo-platform.slack.com\/team\/U8WFL9AMU",
                "author_icon": "https:\/\/secure.gravatar.com\/avatar\/219f04cdbaebc41306272d9f3ef2aec4.jpg?s=48&d=https%3A%2F%2Fa.slack-edge.com%2F66f9%2Fimg%2Favatars%2Fava_0005-48.png",
                "mrkdwn_in": [
                    "text"
                ],
                "color": "D0D0D0",
                "from_url": "https:\/\/komodo-platform.slack.com\/archives\/C0MN08277\/p1522035116000070",
                "is_share": true,
                "footer": "Posted in #tradebots"
            }
        ],
        "ts": "1522043323.000057"
    },
    {
        "type": "message",
        "user": "U8WFL9AMU",
        "text": "True, there's a reason I'm quite sure bch will reign supreme",
        "client_msg_id": "30e4adbd-77b7-4d7e-ae08-81688e69b541",
        "ts": "1522046061.000043"
    }
]