[
    {
        "text": "The cipi swap machine in full effect!",
        "username": "[discord] <Mylo(KomodoPioneers)>",
        "bot_id": "BB46XBDAM",
        "attachments": [
            {
                "callback_id": "matterbridge_bd6flfjovtqcd5msvbmg",
                "id": 1
            }
        ],
        "type": "message",
        "subtype": "bot_message",
        "ts": "1532360229.000153"
    },
    {
        "text": "All added to marketing board, cheers",
        "username": "[discord] <Mylo(KomodoPioneers)>",
        "bot_id": "BB46XBDAM",
        "attachments": [
            {
                "callback_id": "matterbridge_bd6flfjovtqcd5msvbmg",
                "id": 1
            }
        ],
        "type": "message",
        "subtype": "bot_message",
        "ts": "1532360237.000188"
    }
]