[
    {
        "text": "I'm close to have all KMD addresses exported not the most elegant way but I looks like to do the job.\nNow I want to stop the daemon at a height and start fetching the balances. For this no new blocks shall be processed. I understand the -stopat will be a future feature is there a way I can change the p2p port so that my daemon simply does not connect to a peer?",
        "username": "[discord] <CHMEX>",
        "bot_id": "BB46XBDAM",
        "attachments": [
            {
                "callback_id": "matterbridge_bci4l7bovtqcdgq1sf50",
                "id": 1
            }
        ],
        "type": "message",
        "subtype": "bot_message",
        "ts": "1531383570.000170"
    },
    {
        "text": "Once I have that I can even provide with a accurate transparent supply of KMD",
        "username": "[discord] <CHMEX>",
        "bot_id": "BB46XBDAM",
        "attachments": [
            {
                "callback_id": "matterbridge_bci4l7bovtqcdgq1sf50",
                "id": 1
            }
        ],
        "type": "message",
        "subtype": "bot_message",
        "ts": "1531383630.000261"
    },
    {
        "text": "just do a -connect=sillyaddress",
        "username": "[discord] <jl777c>",
        "bot_id": "BB46XBDAM",
        "attachments": [
            {
                "callback_id": "matterbridge_bci4l7bovtqcdgq1sf50",
                "id": 1
            }
        ],
        "type": "message",
        "subtype": "bot_message",
        "ts": "1531384879.000186"
    },
    {
        "text": "it wont connect, you wont sync",
        "username": "[discord] <jl777c>",
        "bot_id": "BB46XBDAM",
        "attachments": [
            {
                "callback_id": "matterbridge_bci4l7bovtqcdgq1sf50",
                "id": 1
            }
        ],
        "type": "message",
        "subtype": "bot_message",
        "ts": "1531384888.000114"
    },
    {
        "text": "without a peers.dat",
        "username": "[discord] <jl777c>",
        "bot_id": "BB46XBDAM",
        "attachments": [
            {
                "callback_id": "matterbridge_bci4l7bovtqcdgq1sf50",
                "id": 1
            }
        ],
        "type": "message",
        "subtype": "bot_message",
        "ts": "1531384900.000381"
    },
    {
        "text": "oh, but maybe DNS will kick in...",
        "username": "[discord] <jl777c>",
        "bot_id": "BB46XBDAM",
        "attachments": [
            {
                "callback_id": "matterbridge_bci4l7bovtqcdgq1sf50",
                "id": 1
            }
        ],
        "type": "message",
        "subtype": "bot_message",
        "ts": "1531384912.000064"
    },
    {
        "text": "thank you very much James I try that now.",
        "username": "[discord] <CHMEX>",
        "bot_id": "BB46XBDAM",
        "attachments": [
            {
                "callback_id": "matterbridge_bci4l7bovtqcdgq1sf50",
                "id": 1
            }
        ],
        "type": "message",
        "subtype": "bot_message",
        "ts": "1531385068.000107"
    },
    {
        "text": "connect=0",
        "username": "[matrix] <blackjok3r:matrix.org>",
        "bot_id": "BB46XBDAM",
        "attachments": [
            {
                "callback_id": "matterbridge_bci4l7bovtqcdgq1sf50",
                "id": 1
            }
        ],
        "type": "message",
        "subtype": "bot_message",
        "ts": "1531385256.000153"
    },
    {
        "text": "thats all you need",
        "username": "[matrix] <blackjok3r:matrix.org>",
        "bot_id": "BB46XBDAM",
        "attachments": [
            {
                "callback_id": "matterbridge_bci4l7bovtqcdgq1sf50",
                "id": 1
            }
        ],
        "type": "message",
        "subtype": "bot_message",
        "ts": "1531385261.000328"
    },
    {
        "text": "nice it works I check back in a few mins but looks good for now.\n  \"blocks\": 917682,\n  \"longestchain\": 0,",
        "username": "[discord] <CHMEX>",
        "bot_id": "BB46XBDAM",
        "attachments": [
            {
                "callback_id": "matterbridge_bci4l7bovtqcdgq1sf50",
                "id": 1
            }
        ],
        "type": "message",
        "subtype": "bot_message",
        "ts": "1531385358.000225"
    },
    {
        "text": "for AC connect=0 does not work... it always connects to 1 other peer. you need to firewall outgoing connections fo some reason, but for KMD it works fine.",
        "username": "[matrix] <blackjok3r:matrix.org>",
        "bot_id": "BB46XBDAM",
        "attachments": [
            {
                "callback_id": "matterbridge_bci4l7bovtqcdgq1sf50",
                "id": 1
            }
        ],
        "type": "message",
        "subtype": "bot_message",
        "ts": "1531385797.000068"
    },
    {
        "text": "good to know",
        "username": "[discord] <Mylo(KomodoPioneers)>",
        "bot_id": "BB46XBDAM",
        "attachments": [
            {
                "callback_id": "matterbridge_bci4l7bovtqcdgq1sf50",
                "id": 1
            }
        ],
        "type": "message",
        "subtype": "bot_message",
        "ts": "1531386218.000271"
    },
    {
        "text": "Hi <@U5Z26MP60>  I just tried it with PIZZA and that also works. -connect=127.0.0.2 remember to remove the peers.dat",
        "username": "[discord] <CHMEX>",
        "bot_id": "BB46XBDAM",
        "attachments": [
            {
                "callback_id": "matterbridge_bci4l7bovtqcdgq1sf50",
                "id": 1
            }
        ],
        "type": "message",
        "subtype": "bot_message",
        "ts": "1531386706.000099"
    },
    {
        "text": "ahh cool... I tried connect=0 and addnode= the node I wanted... and it still had 2 connections.",
        "username": "[discord] <blackjok3r>",
        "icons": {
            "image_48": "https:\/\/slack-files2.s3-us-west-2.amazonaws.com\/bot_icons\/2018-06-14\/381283072402_48.png"
        },
        "bot_id": "BB46XBDAM",
        "attachments": [
            {
                "callback_id": "matterbridge_bci4l7bovtqcdgq1sf50",
                "id": 1
            }
        ],
        "type": "message",
        "subtype": "bot_message",
        "ts": "1531386772.000323"
    },
    {
        "text": "guess if you want no connections its diffrent.",
        "username": "[discord] <blackjok3r>",
        "icons": {
            "image_48": "https:\/\/slack-files2.s3-us-west-2.amazonaws.com\/bot_icons\/2018-06-14\/381283072402_48.png"
        },
        "bot_id": "BB46XBDAM",
        "attachments": [
            {
                "callback_id": "matterbridge_bci4l7bovtqcdgq1sf50",
                "id": 1
            }
        ],
        "type": "message",
        "subtype": "bot_message",
        "ts": "1531386791.000031"
    },
    {
        "text": "or maye that issue is now \"fixed\"",
        "username": "[discord] <blackjok3r>",
        "icons": {
            "image_48": "https:\/\/slack-files2.s3-us-west-2.amazonaws.com\/bot_icons\/2018-06-14\/381283072402_48.png"
        },
        "bot_id": "BB46XBDAM",
        "attachments": [
            {
                "callback_id": "matterbridge_bci4l7bovtqcdgq1sf50",
                "id": 1
            }
        ],
        "type": "message",
        "subtype": "bot_message",
        "ts": "1531386808.000362"
    },
    {
        "text": "@CHMEX I will add coinsupply &lt;height&gt; rpc call and -stopat=&lt;height&gt; arg today. the coinsupply will take a while to do the first time, basically a rescan and txindex=1 is required, but you can iterate in an incrementing loop to see what the delay will be. that should allow an explorer api to get coinsupply easily. it should work for all komodod coins",
        "username": "[discord] <jl777c>",
        "bot_id": "BB46XBDAM",
        "attachments": [
            {
                "callback_id": "matterbridge_bci4l7bovtqcdgq1sf50",
                "id": 1
            }
        ],
        "type": "message",
        "subtype": "bot_message",
        "ts": "1531390368.000279"
    },
    {
        "text": "very nice thank you!",
        "username": "[discord] <CHMEX>",
        "bot_id": "BB46XBDAM",
        "attachments": [
            {
                "callback_id": "matterbridge_bci4l7bovtqcdgq1sf50",
                "id": 1
            }
        ],
        "type": "message",
        "subtype": "bot_message",
        "ts": "1531390977.000047"
    },
    {
        "text": "@grewalsatinder i think i fixed ctrl-c ctrl-v",
        "username": "[discord] <jorian>",
        "icons": {
            "image_48": "https:\/\/slack-files2.s3-us-west-2.amazonaws.com\/bot_icons\/2018-06-25\/387546872533_48.png"
        },
        "bot_id": "BB46XBDAM",
        "attachments": [
            {
                "callback_id": "matterbridge_bci4l7bovtqcdgq1sf50",
                "id": 1
            }
        ],
        "type": "message",
        "subtype": "bot_message",
        "ts": "1531400159.000037"
    },
    {
        "text": "i'll make a pull request",
        "username": "[discord] <jorian>",
        "icons": {
            "image_48": "https:\/\/slack-files2.s3-us-west-2.amazonaws.com\/bot_icons\/2018-06-25\/387546872533_48.png"
        },
        "bot_id": "BB46XBDAM",
        "attachments": [
            {
                "callback_id": "matterbridge_bci4l7bovtqcdgq1sf50",
                "id": 1
            }
        ],
        "type": "message",
        "subtype": "bot_message",
        "ts": "1531400303.000106"
    },
    {
        "text": "what was the bounty again? :money_mouth_face:",
        "username": "[discord] <jorian>",
        "icons": {
            "image_48": "https:\/\/slack-files2.s3-us-west-2.amazonaws.com\/bot_icons\/2018-06-25\/387546872533_48.png"
        },
        "bot_id": "BB46XBDAM",
        "attachments": [
            {
                "callback_id": "matterbridge_bci4l7bovtqcdgq1sf50",
                "id": 1
            }
        ],
        "type": "message",
        "subtype": "bot_message",
        "ts": "1531400315.000181"
    },
    {
        "text": "It seems it wasn't fixed completely. I don't remember: was pasting an address in the Send tab a problem too?",
        "username": "[discord] <jorian>",
        "icons": {
            "image_48": "https:\/\/slack-files2.s3-us-west-2.amazonaws.com\/bot_icons\/2018-06-25\/387546872533_48.png"
        },
        "bot_id": "BB46XBDAM",
        "attachments": [
            {
                "callback_id": "matterbridge_bci4l7bovtqcdgq1sf50",
                "id": 1
            }
        ],
        "type": "message",
        "subtype": "bot_message",
        "ts": "1531404516.000525"
    },
    {
        "text": "@jl777c when bob fails to send out bobdeposit, it still tries to look after it indefintely",
        "username": "[discord] <cipi>",
        "bot_id": "BB46XBDAM",
        "attachments": [
            {
                "callback_id": "matterbridge_bci4l7bovtqcdgq1sf50",
                "id": 1
            }
        ],
        "type": "message",
        "subtype": "bot_message",
        "ts": "1531409993.000425"
    },
    {
        "text": "```added 4 of 4 from COLX listunspents\nsecond couldnt add address_utxo ed2c041a768a9f8304835384c3b048e1983e2e1d4ddae7e0ec12486d6b9fec07\/v0 after not finding\ndustcombine.0 numpre.0 min0.(nil) min1.(nil) numutxos.4 amount 351.87631126\nchange 0.00000000 = total 222.26719972 - amount 351.87631126, adjust 0.00000000 numvouts.1, txfee 10.00000000\nnot enough inputs  222.26719972 &lt; for amount 351.87631126 txfee 10.00000000\nrawtx withdraw error? ({\"utxotxid\":\"ed2c041a768a9f8304835384c3b048e1983e2e1d4ddae7e0ec12486d6b9fec07\",\"utxovout\":0,\"locktime\":1531424445,\"txfee\":\"1000000000\",\"outputs\":[{\"6Y5zc1qagnMiupSmfNBjyqhKJhX8Yo1Ssq\":341.87631127}]})\nerror bob generating 0x7f906812d454 deposit.23\nETH txid received: 0x0000000000000000000000000000000000000000000000000000000000000000\nswapdata rawtx has null txbytes\nerror from basilisk_swapdata_rawtx.bobdeposit 0x7f906812d454 len.0\nerror sending bobdeposit\n0 wait for bobdeposit 6Y5zc1qagnMiupSmfNBjyqhKJhX8Yo1Ssq numconfs.1 COLX 0000000000000000000000000000000000000000000000000000000000000000\n0 wait for bobdeposit 6Y5zc1qagnMiupSmfNBjyqhKJhX8Yo1Ssq numconfs.1 COLX 0000000000000000000000000000000000000000000000000000000000000000```",
        "username": "[discord] <cipi>",
        "bot_id": "BB46XBDAM",
        "attachments": [
            {
                "callback_id": "matterbridge_bci4l7bovtqcdgq1sf50",
                "id": 1
            }
        ],
        "type": "message",
        "subtype": "bot_message",
        "ts": "1531410001.000337"
    },
    {
        "text": "more than half hour?",
        "username": "[discord] <jl777c>",
        "bot_id": "BB46XBDAM",
        "attachments": [
            {
                "callback_id": "matterbridge_bci4l7bovtqcdgq1sf50",
                "id": 1
            }
        ],
        "type": "message",
        "subtype": "bot_message",
        "ts": "1531410144.000356"
    },
    {
        "text": "haven't waited so long, but i will, the mm is still running, lets see",
        "username": "[discord] <cipi>",
        "bot_id": "BB46XBDAM",
        "attachments": [
            {
                "callback_id": "matterbridge_bci4l7bovtqcdgq1sf50",
                "id": 1
            }
        ],
        "type": "message",
        "subtype": "bot_message",
        "ts": "1531410516.000626"
    },
    {
        "text": "@jl777c it is still there",
        "username": "[discord] <cipi>",
        "bot_id": "BB46XBDAM",
        "attachments": [
            {
                "callback_id": "matterbridge_bci4l7bovtqcdgq1sf50",
                "id": 1
            }
        ],
        "type": "message",
        "subtype": "bot_message",
        "ts": "1531413881.000510"
    },
    {
        "text": "I will add a timeout to that case, but tomorrow",
        "username": "[discord] <jl777c>",
        "bot_id": "BB46XBDAM",
        "attachments": [
            {
                "callback_id": "matterbridge_bci4l7bovtqcdgq1sf50",
                "id": 1
            }
        ],
        "type": "message",
        "subtype": "bot_message",
        "ts": "1531415768.000408"
    },
    {
        "text": ":ok_hand:",
        "username": "[discord] <cipi>",
        "bot_id": "BB46XBDAM",
        "attachments": [
            {
                "callback_id": "matterbridge_bci4l7bovtqcdgq1sf50",
                "id": 1
            }
        ],
        "type": "message",
        "subtype": "bot_message",
        "ts": "1531416072.000019"
    },
    {
        "text": "Hi all, I have just set up my bob node in CLI, and it seems to be working fine on a KMD\/SN pair.",
        "username": "[discord] <jansako>",
        "bot_id": "BB46XBDAM",
        "attachments": [
            {
                "callback_id": "matterbridge_bci4l7bovtqcdgq1sf50",
                "id": 1
            }
        ],
        "type": "message",
        "subtype": "bot_message",
        "ts": "1531418289.000393"
    },
    {
        "text": "I have also set up and synced the BOTS chain, and edited the .\/enable script. trouble is when I run it, it says 'couldnt find coin locally installed \"coin\":\"BOTS\"",
        "username": "[discord] <jansako>",
        "bot_id": "BB46XBDAM",
        "attachments": [
            {
                "callback_id": "matterbridge_bci4l7bovtqcdgq1sf50",
                "id": 1
            }
        ],
        "type": "message",
        "subtype": "bot_message",
        "ts": "1531418370.000337"
    },
    {
        "text": "what am I missing?",
        "username": "[discord] <jansako>",
        "bot_id": "BB46XBDAM",
        "attachments": [
            {
                "callback_id": "matterbridge_bci4l7bovtqcdgq1sf50",
                "id": 1
            }
        ],
        "type": "message",
        "subtype": "bot_message",
        "ts": "1531418392.000064"
    },
    {
        "text": "the BOTS coin daemon must be running",
        "username": "[discord] <cipi>",
        "bot_id": "BB46XBDAM",
        "attachments": [
            {
                "callback_id": "matterbridge_bci4l7bovtqcdgq1sf50",
                "id": 1
            }
        ],
        "type": "message",
        "subtype": "bot_message",
        "ts": "1531419836.000509"
    },
    {
        "text": "it is, I have successfully imported a WIF key, just to test if it behaves",
        "username": "[discord] <jansako>",
        "bot_id": "BB46XBDAM",
        "attachments": [
            {
                "callback_id": "matterbridge_bci4l7bovtqcdgq1sf50",
                "id": 1
            }
        ],
        "type": "message",
        "subtype": "bot_message",
        "ts": "1531420086.000209"
    },
    {
        "text": "how else can I verify?",
        "username": "[discord] <jansako>",
        "bot_id": "BB46XBDAM",
        "attachments": [
            {
                "callback_id": "matterbridge_bci4l7bovtqcdgq1sf50",
                "id": 1
            }
        ],
        "type": "message",
        "subtype": "bot_message",
        "ts": "1531420198.000502"
    },
    {
        "text": "it must also listen to the rpc-port 11964 and have rpcuser and password set in the config file, which has to be in the default location ~\/.komodo\/BOTS\/BOTS.conf",
        "username": "[discord] <cipi>",
        "bot_id": "BB46XBDAM",
        "attachments": [
            {
                "callback_id": "matterbridge_bci4l7bovtqcdgq1sf50",
                "id": 1
            }
        ],
        "type": "message",
        "subtype": "bot_message",
        "ts": "1531420423.000412"
    },
    {
        "text": "normally you would not have to change anything in assetchains-configs to work with BarterDEX, since the daemon creates a suitable config-file on startup",
        "username": "[discord] <cipi>",
        "bot_id": "BB46XBDAM",
        "attachments": [
            {
                "callback_id": "matterbridge_bci4l7bovtqcdgq1sf50",
                "id": 1
            }
        ],
        "type": "message",
        "subtype": "bot_message",
        "ts": "1531420511.000534"
    },
    {
        "text": "yep, that is what I have",
        "username": "[discord] <jansako>",
        "bot_id": "BB46XBDAM",
        "attachments": [
            {
                "callback_id": "matterbridge_bci4l7bovtqcdgq1sf50",
                "id": 1
            }
        ],
        "type": "message",
        "subtype": "bot_message",
        "ts": "1531420527.000214"
    },
    {
        "text": "the default config? and `cat ~\/.komodo\/BOTS\/BOTS.conf` shows you this file? You can check if the daemon is listening to the right port with `netstat -ntlp | grep 11964`... there should be an entry like this ```tcp        0      0 127.0.0.1:11964         0.0.0.0:*               LISTEN      20905\/komodod```",
        "username": "[discord] <cipi>",
        "bot_id": "BB46XBDAM",
        "attachments": [
            {
                "callback_id": "matterbridge_bci4l7bovtqcdgq1sf50",
                "id": 1
            }
        ],
        "type": "message",
        "subtype": "bot_message",
        "ts": "1531420613.000054"
    },
    {
        "text": "rpcuser=user1913715606\nrpcpassword=passf4b5911c8eff2530ebf4336149fee67103936e4f5b455bb7eac1bfc34b2a1a38ba\nrpcport=11964\nserver=1\ntxindex=1\nrpcworkqueue=256\nrpcallowip=127.0.0.1",
        "username": "[discord] <jansako>",
        "bot_id": "BB46XBDAM",
        "attachments": [
            {
                "callback_id": "matterbridge_bci4l7bovtqcdgq1sf50",
                "id": 1
            }
        ],
        "type": "message",
        "subtype": "bot_message",
        "ts": "1531420639.000381"
    },
    {
        "text": "this is my config",
        "username": "[discord] <jansako>",
        "bot_id": "BB46XBDAM",
        "attachments": [
            {
                "callback_id": "matterbridge_bci4l7bovtqcdgq1sf50",
                "id": 1
            }
        ],
        "type": "message",
        "subtype": "bot_message",
        "ts": "1531420642.000561"
    },
    {
        "text": "looks good",
        "username": "[discord] <cipi>",
        "bot_id": "BB46XBDAM",
        "attachments": [
            {
                "callback_id": "matterbridge_bci4l7bovtqcdgq1sf50",
                "id": 1
            }
        ],
        "type": "message",
        "subtype": "bot_message",
        "ts": "1531420652.000486"
    },
    {
        "text": "and what does `netstat -ntlp | grep 11964` say?",
        "username": "[discord] <cipi>",
        "bot_id": "BB46XBDAM",
        "attachments": [
            {
                "callback_id": "matterbridge_bci4l7bovtqcdgq1sf50",
                "id": 1
            }
        ],
        "type": "message",
        "subtype": "bot_message",
        "ts": "1531420672.000502"
    },
    {
        "text": "trying now",
        "username": "[discord] <jansako>",
        "bot_id": "BB46XBDAM",
        "attachments": [
            {
                "callback_id": "matterbridge_bci4l7bovtqcdgq1sf50",
                "id": 1
            }
        ],
        "type": "message",
        "subtype": "bot_message",
        "ts": "1531420681.000002"
    },
    {
        "text": "tcp6       0      0 :::11964                :::*                    LISTEN      7386\/.\/komodod",
        "username": "[discord] <jansako>",
        "bot_id": "BB46XBDAM",
        "attachments": [
            {
                "callback_id": "matterbridge_bci4l7bovtqcdgq1sf50",
                "id": 1
            }
        ],
        "type": "message",
        "subtype": "bot_message",
        "ts": "1531420708.000287"
    },
    {
        "text": "aha... that is the problem... it listens only to the ipv6, not ipv4... could be because the port 11964 was in use when you started the daemon... i would restart the daemon and try agaian",
        "username": "[discord] <cipi>",
        "bot_id": "BB46XBDAM",
        "attachments": [
            {
                "callback_id": "matterbridge_bci4l7bovtqcdgq1sf50",
                "id": 1
            }
        ],
        "type": "message",
        "subtype": "bot_message",
        "ts": "1531420771.000372"
    },
    {
        "text": "tested the same for the SN port 11341 which is working",
        "username": "[discord] <jansako>",
        "bot_id": "BB46XBDAM",
        "attachments": [
            {
                "callback_id": "matterbridge_bci4l7bovtqcdgq1sf50",
                "id": 1
            }
        ],
        "type": "message",
        "subtype": "bot_message",
        "ts": "1531420840.000430"
    },
    {
        "text": "got the same",
        "username": "[discord] <jansako>",
        "bot_id": "BB46XBDAM",
        "attachments": [
            {
                "callback_id": "matterbridge_bci4l7bovtqcdgq1sf50",
                "id": 1
            }
        ],
        "type": "message",
        "subtype": "bot_message",
        "ts": "1531420841.000231"
    },
    {
        "text": "tcp6       0      0 :::11341                :::*                    LISTEN      24752\/.\/komodod",
        "username": "[discord] <jansako>",
        "bot_id": "BB46XBDAM",
        "attachments": [
            {
                "callback_id": "matterbridge_bci4l7bovtqcdgq1sf50",
                "id": 1
            }
        ],
        "type": "message",
        "subtype": "bot_message",
        "ts": "1531420842.000431"
    },
    {
        "text": "weird thing...",
        "username": "[discord] <cipi>",
        "bot_id": "BB46XBDAM",
        "attachments": [
            {
                "callback_id": "matterbridge_bci4l7bovtqcdgq1sf50",
                "id": 1
            }
        ],
        "type": "message",
        "subtype": "bot_message",
        "ts": "1531420884.000566"
    },
    {
        "text": "yep, I did restart the daemon once already, before trying to import a WIF just to test if it responds",
        "username": "[discord] <jansako>",
        "bot_id": "BB46XBDAM",
        "attachments": [
            {
                "callback_id": "matterbridge_bci4l7bovtqcdgq1sf50",
                "id": 1
            }
        ],
        "type": "message",
        "subtype": "bot_message",
        "ts": "1531420929.000284"
    },
    {
        "text": "i assume the komodo-cli command does not care, it works, but looks like mm has problems when the daemon is only listening to ipv6... on my own bob the daemons are listening to both",
        "username": "[discord] <cipi>",
        "bot_id": "BB46XBDAM",
        "attachments": [
            {
                "callback_id": "matterbridge_bci4l7bovtqcdgq1sf50",
                "id": 1
            }
        ],
        "type": "message",
        "subtype": "bot_message",
        "ts": "1531421002.000314"
    },
    {
        "text": "```tcp        0      0 127.0.0.1:11964         0.0.0.0:*               LISTEN      20905\/komodod       \ntcp6       0      0 ::1:11964               :::*                    LISTEN      20905\/komodod```",
        "username": "[discord] <cipi>",
        "bot_id": "BB46XBDAM",
        "attachments": [
            {
                "callback_id": "matterbridge_bci4l7bovtqcdgq1sf50",
                "id": 1
            }
        ],
        "type": "message",
        "subtype": "bot_message",
        "ts": "1531421009.000492"
    },
    {
        "text": "like I said, the SN daemon is showing the same IPv6 response, and it works with MM, responds and I have an offer issued. No swaps yet though...",
        "username": "[discord] <jansako>",
        "bot_id": "BB46XBDAM",
        "attachments": [
            {
                "callback_id": "matterbridge_bci4l7bovtqcdgq1sf50",
                "id": 1
            }
        ],
        "type": "message",
        "subtype": "bot_message",
        "ts": "1531421063.000206"
    },
    {
        "text": "I can do a full reboot if you think that would help?",
        "username": "[discord] <jansako>",
        "bot_id": "BB46XBDAM",
        "attachments": [
            {
                "callback_id": "matterbridge_bci4l7bovtqcdgq1sf50",
                "id": 1
            }
        ],
        "type": "message",
        "subtype": "bot_message",
        "ts": "1531421100.000352"
    },
    {
        "text": "not sure if that would help... but i still think the daemons should listen to both ipv4\/ipv6... if you do the reboot, start the coin daemons first and the mm, because mm uses a lot of ports and the probability that these ports are in use is pretty high",
        "username": "[discord] <cipi>",
        "bot_id": "BB46XBDAM",
        "attachments": [
            {
                "callback_id": "matterbridge_bci4l7bovtqcdgq1sf50",
                "id": 1
            }
        ],
        "type": "message",
        "subtype": "bot_message",
        "ts": "1531421176.000289"
    },
    {
        "text": "OK, coins first, then MM.",
        "username": "[discord] <jansako>",
        "bot_id": "BB46XBDAM",
        "attachments": [
            {
                "callback_id": "matterbridge_bci4l7bovtqcdgq1sf50",
                "id": 1
            }
        ],
        "type": "message",
        "subtype": "bot_message",
        "ts": "1531421206.000351"
    },
    {
        "text": "Thanks!",
        "username": "[discord] <jansako>",
        "bot_id": "BB46XBDAM",
        "attachments": [
            {
                "callback_id": "matterbridge_bci4l7bovtqcdgq1sf50",
                "id": 1
            }
        ],
        "type": "message",
        "subtype": "bot_message",
        "ts": "1531421210.000273"
    },
    {
        "text": "OR maybe just kill MM and BOTS, then restart them both?",
        "username": "[discord] <jansako>",
        "bot_id": "BB46XBDAM",
        "attachments": [
            {
                "callback_id": "matterbridge_bci4l7bovtqcdgq1sf50",
                "id": 1
            }
        ],
        "type": "message",
        "subtype": "bot_message",
        "ts": "1531421239.000550"
    },
    {
        "text": "yes, that would also help :smiley:",
        "username": "[discord] <cipi>",
        "bot_id": "BB46XBDAM",
        "attachments": [
            {
                "callback_id": "matterbridge_bci4l7bovtqcdgq1sf50",
                "id": 1
            }
        ],
        "type": "message",
        "subtype": "bot_message",
        "ts": "1531421252.000245"
    },
    {
        "text": "q: when starting MM, do I issue the .\/setpassphrase from the same terminal as the .\/client, or from a new one?",
        "username": "[discord] <jansako>",
        "bot_id": "BB46XBDAM",
        "attachments": [
            {
                "callback_id": "matterbridge_bci4l7bovtqcdgq1sf50",
                "id": 1
            }
        ],
        "type": "message",
        "subtype": "bot_message",
        "ts": "1531421325.000145"
    },
    {
        "text": "you could also take a look at the debug.log from the daemons, especially when they are started, they say some stuff about ports and so on",
        "username": "[discord] <cipi>",
        "bot_id": "BB46XBDAM",
        "attachments": [
            {
                "callback_id": "matterbridge_bci4l7bovtqcdgq1sf50",
                "id": 1
            }
        ],
        "type": "message",
        "subtype": "bot_message",
        "ts": "1531421326.000292"
    },
    {
        "text": "sounds good, thx!",
        "username": "[discord] <jansako>",
        "bot_id": "BB46XBDAM",
        "attachments": [
            {
                "callback_id": "matterbridge_bci4l7bovtqcdgq1sf50",
                "id": 1
            }
        ],
        "type": "message",
        "subtype": "bot_message",
        "ts": "1531421334.000234"
    },
    {
        "text": "it does not matter from which terminal... i use a second terminal to get rid of the output from client or reroute the output to a log-file",
        "username": "[discord] <cipi>",
        "bot_id": "BB46XBDAM",
        "attachments": [
            {
                "callback_id": "matterbridge_bci4l7bovtqcdgq1sf50",
                "id": 1
            }
        ],
        "type": "message",
        "subtype": "bot_message",
        "ts": "1531421386.000295"
    },
    {
        "text": "nice, thanks!",
        "username": "[discord] <jansako>",
        "bot_id": "BB46XBDAM",
        "attachments": [
            {
                "callback_id": "matterbridge_bci4l7bovtqcdgq1sf50",
                "id": 1
            }
        ],
        "type": "message",
        "subtype": "bot_message",
        "ts": "1531421399.000146"
    },
    {
        "text": "i got the Bdex issues sorted out",
        "username": "[discord] <siu>",
        "icons": {
            "image_48": "https:\/\/slack-files2.s3-us-west-2.amazonaws.com\/bot_icons\/2018-06-21\/385852666597_48.png"
        },
        "bot_id": "BB46XBDAM",
        "attachments": [
            {
                "callback_id": "matterbridge_bci4l7bovtqcdgq1sf50",
                "id": 1
            }
        ],
        "type": "message",
        "subtype": "bot_message",
        "ts": "1531423620.000309"
    },
    {
        "text": "ran a old version i have",
        "username": "[discord] <siu>",
        "icons": {
            "image_48": "https:\/\/slack-files2.s3-us-west-2.amazonaws.com\/bot_icons\/2018-06-21\/385852666597_48.png"
        },
        "bot_id": "BB46XBDAM",
        "attachments": [
            {
                "callback_id": "matterbridge_bci4l7bovtqcdgq1sf50",
                "id": 1
            }
        ],
        "type": "message",
        "subtype": "bot_message",
        "ts": "1531423621.000181"
    },
    {
        "text": "then restarted the new version and it listed the coins again",
        "username": "[discord] <siu>",
        "icons": {
            "image_48": "https:\/\/slack-files2.s3-us-west-2.amazonaws.com\/bot_icons\/2018-06-21\/385852666597_48.png"
        },
        "bot_id": "BB46XBDAM",
        "attachments": [
            {
                "callback_id": "matterbridge_bci4l7bovtqcdgq1sf50",
                "id": 1
            }
        ],
        "type": "message",
        "subtype": "bot_message",
        "ts": "1531423629.000312"
    },
    {
        "text": "but what was the cause of the missing button?",
        "username": "[discord] <jl777c>",
        "bot_id": "BB46XBDAM",
        "attachments": [
            {
                "callback_id": "matterbridge_bci4l7bovtqcdgq1sf50",
                "id": 1
            }
        ],
        "type": "message",
        "subtype": "bot_message",
        "ts": "1531423786.000147"
    },
    {
        "text": "i have no idea. Seems like there might be an issue with how the coins.json file is generated",
        "username": "[discord] <siu>",
        "icons": {
            "image_48": "https:\/\/slack-files2.s3-us-west-2.amazonaws.com\/bot_icons\/2018-06-21\/385852666597_48.png"
        },
        "bot_id": "BB46XBDAM",
        "attachments": [
            {
                "callback_id": "matterbridge_bci4l7bovtqcdgq1sf50",
                "id": 1
            }
        ],
        "type": "message",
        "subtype": "bot_message",
        "ts": "1531424172.000259"
    },
    {
        "text": "once you have a  good coins.json file, the systems can pull the coins",
        "username": "[discord] <siu>",
        "icons": {
            "image_48": "https:\/\/slack-files2.s3-us-west-2.amazonaws.com\/bot_icons\/2018-06-21\/385852666597_48.png"
        },
        "bot_id": "BB46XBDAM",
        "attachments": [
            {
                "callback_id": "matterbridge_bci4l7bovtqcdgq1sf50",
                "id": 1
            }
        ],
        "type": "message",
        "subtype": "bot_message",
        "ts": "1531424201.000365"
    },
    {
        "text": "in my particular case it could have been that i used a fork i have to use non-etomic mm and that messed up the coins.json file",
        "username": "[discord] <siu>",
        "icons": {
            "image_48": "https:\/\/slack-files2.s3-us-west-2.amazonaws.com\/bot_icons\/2018-06-21\/385852666597_48.png"
        },
        "bot_id": "BB46XBDAM",
        "attachments": [
            {
                "callback_id": "matterbridge_bci4l7bovtqcdgq1sf50",
                "id": 1
            }
        ],
        "type": "message",
        "subtype": "bot_message",
        "ts": "1531424243.000215"
    },
    {
        "text": "btw, im seeing a bunch of new coins traded",
        "username": "[discord] <siu>",
        "icons": {
            "image_48": "https:\/\/slack-files2.s3-us-west-2.amazonaws.com\/bot_icons\/2018-06-21\/385852666597_48.png"
        },
        "bot_id": "BB46XBDAM",
        "attachments": [
            {
                "callback_id": "matterbridge_bci4l7bovtqcdgq1sf50",
                "id": 1
            }
        ],
        "type": "message",
        "subtype": "bot_message",
        "ts": "1531424351.000265"
    },
    {
        "text": "AST, AE, i saw another one i dont remember the name for now",
        "username": "[discord] <siu>",
        "icons": {
            "image_48": "https:\/\/slack-files2.s3-us-west-2.amazonaws.com\/bot_icons\/2018-06-21\/385852666597_48.png"
        },
        "bot_id": "BB46XBDAM",
        "attachments": [
            {
                "callback_id": "matterbridge_bci4l7bovtqcdgq1sf50",
                "id": 1
            }
        ],
        "type": "message",
        "subtype": "bot_message",
        "ts": "1531424365.000343"
    },
    {
        "text": "i test the coins that are already in BarterDEX, but that no one tested, like AST... artem and lukechilds also play around with AE, it is also already in BarterDEX",
        "username": "[discord] <cipi>",
        "bot_id": "BB46XBDAM",
        "attachments": [
            {
                "callback_id": "matterbridge_bci4l7bovtqcdgq1sf50",
                "id": 1
            }
        ],
        "type": "message",
        "subtype": "bot_message",
        "ts": "1531425744.000468"
    },
    {
        "text": "btw, next is RCN, SNGLS, CDT ... all are already in the coinsdb",
        "username": "[discord] <cipi>",
        "bot_id": "BB46XBDAM",
        "attachments": [
            {
                "callback_id": "matterbridge_bci4l7bovtqcdgq1sf50",
                "id": 1
            }
        ],
        "type": "message",
        "subtype": "bot_message",
        "ts": "1531425791.000104"
    },
    {
        "text": "I found with scaletest stuff... if you have a lot of deamons and marketmakers... its best to set a firewall like so:\n```sudo ufw default deny incoming\nsudo ufw default deny outgoing\nsudo ufw enable\nstart everything\nsudo ufw disable```",
        "username": "[discord] <blackjok3r>",
        "icons": {
            "image_48": "https:\/\/slack-files2.s3-us-west-2.amazonaws.com\/bot_icons\/2018-06-14\/381283072402_48.png"
        },
        "bot_id": "BB46XBDAM",
        "attachments": [
            {
                "callback_id": "matterbridge_bci4l7bovtqcdgq1sf50",
                "id": 1
            }
        ],
        "type": "message",
        "subtype": "bot_message",
        "ts": "1531452783.000061"
    },
    {
        "text": "this lets everything bind to the ports it wants before opening outgoing\/incoming connections which can and do use up the ports that the deamons want.",
        "username": "[discord] <blackjok3r>",
        "icons": {
            "image_48": "https:\/\/slack-files2.s3-us-west-2.amazonaws.com\/bot_icons\/2018-06-14\/381283072402_48.png"
        },
        "bot_id": "BB46XBDAM",
        "attachments": [
            {
                "callback_id": "matterbridge_bci4l7bovtqcdgq1sf50",
                "id": 1
            }
        ],
        "type": "message",
        "subtype": "bot_message",
        "ts": "1531452828.000003"
    },
    {
        "text": "*provided you use ufw",
        "username": "[discord] <ComputerGenie>",
        "icons": {
            "image_48": "https:\/\/slack-files2.s3-us-west-2.amazonaws.com\/bot_icons\/2018-07-11\/397988664087_48.png"
        },
        "bot_id": "BB46XBDAM",
        "attachments": [
            {
                "callback_id": "matterbridge_bci4l7bovtqcdgq1sf50",
                "id": 1
            }
        ],
        "type": "message",
        "subtype": "bot_message",
        "ts": "1531452861.000053"
    },
    {
        "text": ":stuck_out_tongue:",
        "username": "[discord] <ComputerGenie>",
        "icons": {
            "image_48": "https:\/\/slack-files2.s3-us-west-2.amazonaws.com\/bot_icons\/2018-07-11\/397988664087_48.png"
        },
        "bot_id": "BB46XBDAM",
        "attachments": [
            {
                "callback_id": "matterbridge_bci4l7bovtqcdgq1sf50",
                "id": 1
            }
        ],
        "type": "message",
        "subtype": "bot_message",
        "ts": "1531452866.000055"
    },
    {
        "text": "yes... I guess you can do it with other tools, but that was the fastest and easiest way to do it",
        "username": "[discord] <blackjok3r>",
        "icons": {
            "image_48": "https:\/\/slack-files2.s3-us-west-2.amazonaws.com\/bot_icons\/2018-06-14\/381283072402_48.png"
        },
        "bot_id": "BB46XBDAM",
        "attachments": [
            {
                "callback_id": "matterbridge_bci4l7bovtqcdgq1sf50",
                "id": 1
            }
        ],
        "type": "message",
        "subtype": "bot_message",
        "ts": "1531452879.000107"
    },
    {
        "text": "Theta Token (THETA) swapped on BarterDEX\n```\nSWAP completed! 3599361786-609311980 {\"uuid\":\"42e0adb7b3479b7ef2686daac8fcf74e5980a52596179fb6b1ce521406945b50\",\"expiration\":1531466999,\"tradeid\":0,\"requestid\":3599361786,\"quoteid\":609311980,\"iambob\":1,\"Bgui\":\"nogui\",\"Agui\":\"\",\"gui\":\"nogui\",\"bob\":\"THETA\",\"bobtomic\":\"0x3883f5e181fccaF8410FA61e12b59BAd963fb645\",\"etomicsrc\":\"0x98298409c949135eed89233d04c2cfef984baff5\",\"srcamount\":0.68596629,\"bobtxfee\":0.00001000,\"alice\":\"KMD\",\"etomicdest\":\"0xdf38dd108bab50da564092ad0cd739c4634d963c\",\"destamount\":0.08009000,\"alicetxfee\":0.00001000,\"aliceid\":\"8714585772781535233\",\"sentflags\":[\"alicespend\", \"bobspend\", \"bobpayment\", \"alicepayment\", \"bobdeposit\", \"bobrefund\"],\"values\":[1.00000999, 0.08010000, 1.00002000, 0.08011000, 1.12502000, 0, 0, 1.12500999, 0, 0, 0],\"result\":\"success\",\"status\":\"finished\",\"finishtime\":1531452654,\"bobdeposit\":\"ba3bb3d3959d15aea9d36a0326fce24ec584b48af8ab0879d523758de6cbab2d\",\"alicepayment\":\"f57fd4b14ef47bcd060af7c8f01c5c6acc7c86108506e69e88e87d11a84c1d82\",\"bobpayment\":\"da61558b3e9847135628c0c4f930e677aff5df450543fe64bdb8fa282f5f0f4f\",\"paymentspent\":\"6394419ec11ebc92351a15c9b13dd72452f633085903183c7f7c26ab4281c79e\",\"Apaymentspent\":\"274332f819985a671d706a5f20247457370f926f8adf5588d08e9999690e2a40\",\"depositspent\":\"817767e2e94cb6a02e85a1895083e084fd950c881ef2ce64472640f756cad0e7\",\"alicedexfee\":\"82eb19ea85598b0b13c4d36d020920d5b7143110aeacd3f8f89b82be1e7818af\",\"method\":\"tradestatus\",\"finishtime\":1531452654}\n```\nbobdeposit <https:\/\/etherscan.io\/tx\/0x98d14bf3abb5ad0b34e31727bb5896c8a8022f68e70f62bc19f2fd2fdc70903f>\nalicepayment <https:\/\/kmdexplorer.ru\/tx\/f57fd4b14ef47bcd060af7c8f01c5c6acc7c86108506e69e88e87d11a84c1d82>\nbobpayment <https:\/\/etherscan.io\/tx\/0x0b1059e8ccaf3cc745f678743fb024b81716dccf785039b5522b1727a2b6622a>\n",
        "username": "[matrix] <cipig:matrix.org>",
        "bot_id": "BB46XBDAM",
        "attachments": [
            {
                "callback_id": "matterbridge_bci4l7bovtqcdgq1sf50",
                "id": 1
            }
        ],
        "type": "message",
        "subtype": "bot_message",
        "ts": "1531452995.000128"
    },
    {
        "text": "Gifto (GTO) swapped on BarterDEX\n```\nSWAP completed! 2504615231-3906509382 {\"uuid\":\"71c5cd680f47331314c037df358417ef48fa9f85ead37832ad7a0adbbbd596db\",\"expiration\":1531469305,\"tradeid\":0,\"requestid\":2504615231,\"quoteid\":3906509382,\"iambob\":1,\"Bgui\":\"nogui\",\"Agui\":\"\",\"gui\":\"nogui\",\"bob\":\"GTO\",\"bobtomic\":\"0xc5bbae50781be1669306b9e001eff57a2957b09d\",\"etomicsrc\":\"0x98298409c949135eed89233d04c2cfef984baff5\",\"srcamount\":0.74314456,\"bobtxfee\":0.00001000,\"alice\":\"KMD\",\"etomicdest\":\"0xdf38dd108bab50da564092ad0cd739c4634d963c\",\"destamount\":0.08009000,\"alicetxfee\":0.00001000,\"aliceid\":\"6106901968313581569\",\"sentflags\":[\"alicespend\", \"bobspend\", \"bobpayment\", \"alicepayment\", \"bobdeposit\", \"bobrefund\"],\"values\":[1.00000999, 0.08010000, 1.00002000, 0.08011000, 1.12502000, 0, 0, 1.12500999, 0, 0, 0],\"result\":\"success\",\"status\":\"finished\",\"finishtime\":1531454153,\"bobdeposit\":\"f1bf0a0dca223d4db64d82e1f43e20157e4492b4db901abc3e9d46a16426d29d\",\"alicepayment\":\"aaa372a33fa5b392138e52938c5aa034f26e3f717fa139bd8dec178b913aba27\",\"bobpayment\":\"e5b7eef1b4cbb44586877ccbedbdb5f93712e47f7600d017970ce10e46b1fdbf\",\"paymentspent\":\"6f234c100f520126adadae7e3d43c568fdcfd9c98a7dc1f1945cafd89a81ea3c\",\"Apaymentspent\":\"82bf2b096472c7d02836654b0713ebd274eff7def861831efb7eee416bdc8a3f\",\"depositspent\":\"61a04e1e2b5fb232bc492fb2a9b5ead74e446aa9d4ce36a6bc656e5cd71853ba\",\"alicedexfee\":\"0eeb09496a04a7b082e329f49a66a53e79a9fbdde774a9ba844cb44f61766012\",\"method\":\"tradestatus\",\"finishtime\":1531454153}\n```\nbobdeposit <https:\/\/etherscan.io\/tx\/0x1467211de2986cf45f77d8d41c96fd7c06c8f318b1e04b39720bb00d346ab53b>\nalicepayment <https:\/\/kmdexplorer.ru\/tx\/aaa372a33fa5b392138e52938c5aa034f26e3f717fa139bd8dec178b913aba27>\nbobpayment <https:\/\/etherscan.io\/tx\/0xcd2c159157e5d50da70dd4ebc8452ccd0d7e98e935cefbc12dba03dc57d48513>\n",
        "username": "[matrix] <cipig:matrix.org>",
        "bot_id": "BB46XBDAM",
        "attachments": [
            {
                "callback_id": "matterbridge_bci4l7bovtqcdgq1sf50",
                "id": 1
            }
        ],
        "type": "message",
        "subtype": "bot_message",
        "ts": "1531454357.000153"
    },
    {
        "text": "ChainLink (LINK) swapped on BarterDEX\n```\nSWAP completed! 2151592493-3509256416 {\"uuid\":\"5064215fab2d60db3050b1ad9be3542dcf11a20d525945e82aa4b8006191faaa\",\"expiration\":1531470657,\"tradeid\":0,\"requestid\":2151592493,\"quoteid\":3509256416,\"iambob\":1,\"Bgui\":\"nogui\",\"Agui\":\"\",\"gui\":\"nogui\",\"bob\":\"LINK\",\"bobtomic\":\"0x514910771af9ca656af840dff83e8264ecf986ca\",\"etomicsrc\":\"0x98298409c949135eed89233d04c2cfef984baff5\",\"srcamount\":0.67443483,\"bobtxfee\":0.00001000,\"alice\":\"KMD\",\"etomicdest\":\"0xdf38dd108bab50da564092ad0cd739c4634d963c\",\"destamount\":0.08009000,\"alicetxfee\":0.00001000,\"aliceid\":\"2080885900984320001\",\"sentflags\":[\"alicespend\", \"bobspend\", \"bobpayment\", \"alicepayment\", \"bobdeposit\", \"bobrefund\"],\"values\":[1.00000999, 0.08010000, 1.00002000, 0.08011000, 1.12502000, 0, 0, 1.12500999, 0, 0, 0],\"result\":\"success\",\"status\":\"finished\",\"finishtime\":1531455560,\"bobdeposit\":\"10afd75a6518941c14d4d9e3720e30d5659461f77505ba646aa3af3b14fcd444\",\"alicepayment\":\"2b302ccf5c85f97cf790e2c0921a4492d7cc38d4f94eca9867d20b17927b2217\",\"bobpayment\":\"70da4801ac106ba16fec8320002f3383fd4ff6fca5e38919c3d5129000d0f394\",\"paymentspent\":\"b00f9e4bd1035c15d4d0235c202ddd784a02311b053e5e41ad2cd2ada382a3fe\",\"Apaymentspent\":\"d64e2ab99ee93935716e120457ad466a5796fc5429cfb24bbe6742a4d6a6d032\",\"depositspent\":\"e812c50ff196d3668663fdcfbfebb16c6c11f7f8ae4c5a31571ec3f93260a816\",\"alicedexfee\":\"6162bb51c84c5b4b1f50bfa69dfea5ec782b1fa871d8b09abe629002e038c7bd\",\"method\":\"tradestatus\",\"finishtime\":1531455560}\n```\nbobdeposit <https:\/\/etherscan.io\/tx\/0x0926d083ed940f9b8dcfc6da07679d566137b746b5ac1cc7369e0379c299f99a>\nalicepayment <https:\/\/kmdexplorer.ru\/tx\/2b302ccf5c85f97cf790e2c0921a4492d7cc38d4f94eca9867d20b17927b2217>\nbobpayment <https:\/\/etherscan.io\/tx\/0x039ddcd55a291edd1cb7656775a621c4d204f258fd214c67993fd4fc73eb44e3>\n",
        "username": "[matrix] <cipig:matrix.org>",
        "bot_id": "BB46XBDAM",
        "attachments": [
            {
                "callback_id": "matterbridge_bci4l7bovtqcdgq1sf50",
                "id": 1
            }
        ],
        "type": "message",
        "subtype": "bot_message",
        "ts": "1531455872.000144"
    },
    {
        "text": "On marketing board, thanks cipi",
        "username": "[discord] <Mylo(KomodoPioneers)>",
        "bot_id": "BB46XBDAM",
        "attachments": [
            {
                "callback_id": "matterbridge_bci4l7bovtqcdgq1sf50",
                "id": 1
            }
        ],
        "type": "message",
        "subtype": "bot_message",
        "ts": "1531456244.000086"
    }
]